ISO-10303-21;
HEADER;
FILE_DESCRIPTION (( 'STEP AP214' ),
    '1' );
FILE_NAME ('mill-max-855-22-006-10-001101.STEP',
    '2023-01-30T15:17:01',
    ( '' ),
    ( '' ),
    'SwSTEP 2.0',
    'SolidWorks 2022',
    '' );
FILE_SCHEMA (( 'AUTOMOTIVE_DESIGN' ));
ENDSEC;

DATA;
#1 = ORIENTED_EDGE ( 'NONE', *, *, #119, .T. ) ;
#2 = CARTESIAN_POINT ( 'NONE',  ( 0.007999999999999733019, -4.030095729193377429E-16, 0.000000000000000000 ) ) ;
#3 = EDGE_CURVE ( 'NONE', #1529, #343, #1127, .T. ) ;
#4 = ORIENTED_EDGE ( 'NONE', *, *, #1095, .F. ) ;
#5 = CARTESIAN_POINT ( 'NONE',  ( 0.08249999999999997613, 0.000000000000000000, -0.08400000000000001910 ) ) ;
#6 = SHAPE_REPRESENTATION_RELATIONSHIP ( 'NONE' , 'NONE' ,  #638, #1147 ) ;
#7 = DIRECTION ( 'NONE',  ( -0.000000000000000000, 1.000000000000000000, -0.000000000000000000 ) ) ;
#8 = CARTESIAN_POINT ( 'NONE',  ( 0.1643971143170204208, -0.01850000000000103992, 0.000000000000000000 ) ) ;
#9 = VERTEX_POINT ( 'NONE', #503 ) ;
#10 = CLOSED_SHELL ( 'NONE', ( #1103, #1440, #1669, #519, #1028, #205, #156, #545, #516, #1265, #796, #972, #131, #225, #1048, #1582, #1648, #1565, #1293, #807, #1180, #125, #1537 ) ) ;
#11 = AXIS2_PLACEMENT_3D ( 'NONE', #1374, #213, #182 ) ;
#12 = CARTESIAN_POINT ( 'NONE',  ( 0.000000000000000000, 0.000000000000000000, 0.000000000000000000 ) ) ;
#13 = AXIS2_PLACEMENT_3D ( 'NONE', #5, #171, #1477 ) ;
#14 = VECTOR ( 'NONE', #619, 39.37007874015748143 ) ;
#15 = VERTEX_POINT ( 'NONE', #238 ) ;
#16 = CARTESIAN_POINT ( 'NONE',  ( 0.000000000000000000, -0.1489999999999999936, 0.000000000000000000 ) ) ;
#17 = EDGE_CURVE ( 'NONE', #1050, #566, #904, .T. ) ;
#18 = APPLICATION_PROTOCOL_DEFINITION ( 'draft international standard', 'automotive_design', 1998, #273 ) ;
#19 = EDGE_CURVE ( 'NONE', #452, #1502, #1185, .T. ) ;
#20 = DIRECTION ( 'NONE',  ( 1.000000000000000000, -3.623491718193167398E-18, 0.000000000000000000 ) ) ;
#21 = AXIS2_PLACEMENT_3D ( 'NONE', #183, #47, #700 ) ;
#22 = SURFACE_SIDE_STYLE ('',( #658 ) ) ;
#23 = CIRCLE ( 'NONE', #222, 0.01850000000000063052 ) ;
#24 = ORIENTED_EDGE ( 'NONE', *, *, #1285, .F. ) ;
#25 = DIRECTION ( 'NONE',  ( -3.623491718193167398E-18, -1.000000000000000000, 0.000000000000000000 ) ) ;
#26 = EDGE_LOOP ( 'NONE', ( #319, #291, #1199, #1520 ) ) ;
#27 = DIRECTION ( 'NONE',  ( 0.000000000000000000, 0.000000000000000000, 1.000000000000000000 ) ) ;
#28 = DIRECTION ( 'NONE',  ( 0.000000000000000000, 0.000000000000000000, 1.000000000000000000 ) ) ;
#29 = CARTESIAN_POINT ( 'NONE',  ( 0.08249999999999999001, -0.1489999999999999936, -0.03400000000000000244 ) ) ;
#30 = CARTESIAN_POINT ( 'NONE',  ( 0.1824999999999999678, -4.286263797015734438E-19, -0.08400000000000001910 ) ) ;
#31 = EDGE_LOOP ( 'NONE', ( #1006, #914, #835, #1259 ) ) ;
#32 = CYLINDRICAL_SURFACE ( 'NONE', #741, 0.01850000000000063052 ) ;
#33 = ORIENTED_EDGE ( 'NONE', *, *, #996, .T. ) ;
#34 = DIRECTION ( 'NONE',  ( 2.893906772949431818E-16, 0.000000000000000000, 1.000000000000000000 ) ) ;
#35 = CARTESIAN_POINT ( 'NONE',  ( 0.1324999999999999789, -0.2770000000000002460, -0.03399999999999712974 ) ) ;
#36 = EDGE_CURVE ( 'NONE', #701, #15, #908, .T. ) ;
#37 = FACE_BOUND ( 'NONE', #497, .T. ) ;
#38 = DIRECTION ( 'NONE',  ( -1.000000000000000000, 3.623491718193167398E-18, -0.000000000000000000 ) ) ;
#39 = VERTEX_POINT ( 'NONE', #129 ) ;
#40 = FACE_OUTER_BOUND ( 'NONE', #371, .T. ) ;
#41 = ORIENTED_EDGE ( 'NONE', *, *, #1685, .F. ) ;
#42 = DIRECTION ( 'NONE',  ( -1.000000000000000000, 3.623491718193167398E-18, -0.000000000000000000 ) ) ;
#43 = AXIS2_PLACEMENT_3D ( 'NONE', #1000, #1532, #85 ) ;
#44 = APPLICATION_PROTOCOL_DEFINITION ( 'draft international standard', 'automotive_design', 1998, #543 ) ;
#45 = AXIS2_PLACEMENT_3D ( 'NONE', #722, #1125, #476 ) ;
#46 = CARTESIAN_POINT ( 'NONE',  ( 0.1324999999999999789, -4.286263797015734438E-19, -0.08400000000000001910 ) ) ;
#47 = DIRECTION ( 'NONE',  ( 1.000000000000000000, -3.623491718193167398E-18, 0.000000000000000000 ) ) ;
#48 = VECTOR ( 'NONE', #42, 39.37007874015748143 ) ;
#49 = COLOUR_RGB ( '',1.000000000000000000, 0.8078431372549019773, 0.4980392156862745168 ) ;
#50 = ORIENTED_EDGE ( 'NONE', *, *, #841, .T. ) ;
#51 = EDGE_CURVE ( 'NONE', #1206, #537, #1284, .T. ) ;
#52 = STYLED_ITEM ( 'NONE', ( #144 ), #1147 ) ;
#53 = CARTESIAN_POINT ( 'NONE',  ( 0.007999999999999733019, -0.008000000000000142414, -9.797174393178507371E-19 ) ) ;
#54 = EDGE_LOOP ( 'NONE', ( #428, #756 ) ) ;
#55 = DIRECTION ( 'NONE',  ( 0.000000000000000000, 1.000000000000000000, 0.000000000000000000 ) ) ;
#56 = DIRECTION ( 'NONE',  ( -2.066973814784692131E-17, 1.000000000000000000, -7.051046358971097327E-15 ) ) ;
#57 = DIRECTION ( 'NONE',  ( -1.000000000000000000, 3.623491718193167398E-18, -0.000000000000000000 ) ) ;
#58 = FACE_BOUND ( 'NONE', #1086, .T. ) ;
#59 = ORIENTED_EDGE ( 'NONE', *, *, #36, .F. ) ;
#60 = EDGE_CURVE ( 'NONE', #472, #510, #296, .T. ) ;
#61 = CARTESIAN_POINT ( 'NONE',  ( 0.1324999999999999789, 0.000000000000000000, -0.03400000000000000244 ) ) ;
#62 = VERTEX_POINT ( 'NONE', #1490 ) ;
#63 = CARTESIAN_POINT ( 'NONE',  ( 0.2889999999999999791, -4.093924026385211090E-16, 0.000000000000000000 ) ) ;
#64 = EDGE_CURVE ( 'NONE', #720, #863, #1473, .T. ) ;
#65 = CARTESIAN_POINT ( 'NONE',  ( 0.2324999999999999845, -0.1489999999999999936, -0.08399999999999989420 ) ) ;
#66 = FACE_BOUND ( 'NONE', #724, .T. ) ;
#67 = ORIENTED_EDGE ( 'NONE', *, *, #391, .F. ) ;
#68 = CARTESIAN_POINT ( 'NONE',  ( 0.007999999999999733019, -4.030095729193377429E-16, 0.000000000000000000 ) ) ;
#69 = EDGE_CURVE ( 'NONE', #1668, #1450, #984, .T. ) ;
#70 = ORIENTED_EDGE ( 'NONE', *, *, #51, .T. ) ;
#71 = CARTESIAN_POINT ( 'NONE',  ( 7.790507194115511271E-20, 0.02150000000000014400, 2.632990618166877521E-18 ) ) ;
#72 = CONTEXT_DEPENDENT_SHAPE_REPRESENTATION ( #460, #889 ) ;
#73 = EDGE_CURVE ( 'NONE', #566, #1050, #550, .T. ) ;
#74 = CARTESIAN_POINT ( 'NONE',  ( 0.1559999999999987230, -0.01950000000000029834, 0.000000000000000000 ) ) ;
#75 = LENGTH_MEASURE_WITH_UNIT ( LENGTH_MEASURE( 0.02539999999999999897 ), #635 );
#76 = VECTOR ( 'NONE', #990, 39.37007874015748143 ) ;
#77 = EDGE_CURVE ( 'NONE', #1004, #9, #140, .T. ) ;
#78 = CIRCLE ( 'NONE', #612, 0.008000000000000482420 ) ;
#79 = MECHANICAL_DESIGN_GEOMETRIC_PRESENTATION_REPRESENTATION (  '', ( #1357 ), #363 ) ;
#80 = CYLINDRICAL_SURFACE ( 'NONE', #1243, 0.02050000000000001127 ) ;
#81 = ORIENTED_EDGE ( 'NONE', *, *, #829, .F. ) ;
#82 = LINE ( 'NONE', #1160, #14 ) ;
#83 = EDGE_CURVE ( 'NONE', #1643, #1441, #1438, .T. ) ;
#84 = ORIENTED_EDGE ( 'NONE', *, *, #938, .T. ) ;
#85 = DIRECTION ( 'NONE',  ( 0.000000000000000000, 0.000000000000000000, -1.000000000000000000 ) ) ;
#86 = CYLINDRICAL_SURFACE ( 'NONE', #1077, 0.01949999999999988895 ) ;
#87 = ORIENTED_EDGE ( 'NONE', *, *, #691, .F. ) ;
#88 = CARTESIAN_POINT ( 'NONE',  ( 0.08249999999999997613, -4.286263797015734438E-19, -0.08400000000000001910 ) ) ;
#89 = ORIENTED_EDGE ( 'NONE', *, *, #1112, .T. ) ;
#90 = DIRECTION ( 'NONE',  ( -0.000000000000000000, -1.000000000000000000, -0.000000000000000000 ) ) ;
#91 = DIRECTION ( 'NONE',  ( -0.9659258262890462188, 0.2588190451026033401, 3.169619151432776286E-17 ) ) ;
#92 = DIRECTION ( 'NONE',  ( -0.000000000000000000, 1.000000000000000000, -0.000000000000000000 ) ) ;
#93 = DIRECTION ( 'NONE',  ( 0.000000000000000000, 0.000000000000000000, 1.000000000000000000 ) ) ;
#94 = APPLICATION_CONTEXT ( 'automotive_design' ) ;
#95 = CARTESIAN_POINT ( 'NONE',  ( 0.2324999999999999845, -0.1940000000000000058, -0.08399999999999989420 ) ) ;
#96 = ORIENTED_EDGE ( 'NONE', *, *, #358, .F. ) ;
#97 = CARTESIAN_POINT ( 'NONE',  ( 0.2324999999999999845, -0.1489999999999999936, -0.03399999999999989142 ) ) ;
#98 = PRODUCT_RELATED_PRODUCT_CATEGORY ( 'part', '', ( #1436 ) ) ;
#99 = ORIENTED_EDGE ( 'NONE', *, *, #708, .F. ) ;
#100 = LINE ( 'NONE', #361, #305 ) ;
#101 = VECTOR ( 'NONE', #1500, 39.37007874015748143 ) ;
#102 = ORIENTED_EDGE ( 'NONE', *, *, #391, .T. ) ;
#103 = VECTOR ( 'NONE', #1342, 39.37007874015748143 ) ;
#104 = AXIS2_PLACEMENT_3D ( 'NONE', #1066, #1188, #689 ) ;
#105 = DIRECTION ( 'NONE',  ( 0.000000000000000000, -1.000000000000000000, 0.000000000000000000 ) ) ;
#106 = VECTOR ( 'NONE', #1453, 39.37007874015748143 ) ;
#107 = PRESENTATION_LAYER_ASSIGNMENT (  '', '', ( #277 ) ) ;
#108 = ORIENTED_EDGE ( 'NONE', *, *, #1535, .F. ) ;
#109 = CARTESIAN_POINT ( 'NONE',  ( 0.3404500000000013071, 4.364554021127670509E-16, 0.000000000000000000 ) ) ;
#110 = MECHANICAL_DESIGN_GEOMETRIC_PRESENTATION_REPRESENTATION (  '', ( #52 ), #340 ) ;
#111 = DIRECTION ( 'NONE',  ( 0.000000000000000000, -1.000000000000000000, 0.000000000000000000 ) ) ;
#112 = CARTESIAN_POINT ( 'NONE',  ( 0.03249999999999998029, -0.1940000000000000058, -0.03399999999999998856 ) ) ;
#113 = CARTESIAN_POINT ( 'NONE',  ( 0.2889999999999999791, -4.093924026385211090E-16, 0.000000000000000000 ) ) ;
#114 = DIMENSIONAL_EXPONENTS ( 1.000000000000000000, 0.000000000000000000, 0.000000000000000000, 0.000000000000000000, 0.000000000000000000, 0.000000000000000000, 0.000000000000000000 ) ;
#115 = EDGE_CURVE ( 'NONE', #1486, #366, #1130, .T. ) ;
#116 = ORIENTED_EDGE ( 'NONE', *, *, #1418, .T. ) ;
#117 = DIRECTION ( 'NONE',  ( 0.000000000000000000, 0.000000000000000000, 1.000000000000000000 ) ) ;
#118 = CYLINDRICAL_SURFACE ( 'NONE', #528, 0.02050000000000052128 ) ;
#119 = EDGE_CURVE ( 'NONE', #532, #39, #692, .T. ) ;
#120 = SURFACE_STYLE_USAGE ( .BOTH. , #417 ) ;
#121 = ORIENTED_EDGE ( 'NONE', *, *, #1347, .T. ) ;
#122 = CARTESIAN_POINT ( 'NONE',  ( 3.460434590874784850E-20, 0.009550000000000447020, 1.169537693185827075E-18 ) ) ;
#123 = CARTESIAN_POINT ( 'NONE',  ( 0.03249999999999998029, -0.1489999999999999936, -0.01349999999999998423 ) ) ;
#124 = EDGE_LOOP ( 'NONE', ( #394, #1075 ) ) ;
#125 = ADVANCED_FACE ( 'NONE', ( #37, #1071 ), #1082, .F. ) ;
#126 = DIRECTION ( 'NONE',  ( -1.000000000000000000, 3.623491718193167398E-18, -0.000000000000000000 ) ) ;
#127 = FILL_AREA_STYLE ('',( #1446 ) ) ;
#128 = EDGE_CURVE ( 'NONE', #1553, #1220, #245, .T. ) ;
#129 = CARTESIAN_POINT ( 'NONE',  ( -3.414809992080329023E-17, 0.000000000000000000, -0.1179999999999999938 ) ) ;
#130 = CYLINDRICAL_SURFACE ( 'NONE', #788, 0.01850000000000063052 ) ;
#131 = ADVANCED_FACE ( 'NONE', ( #1090, #1226 ), #569, .F. ) ;
#132 = CIRCLE ( 'NONE', #500, 0.02050000000000052128 ) ;
#133 = CIRCLE ( 'NONE', #584, 0.01850000000000063052 ) ;
#134 = LINE ( 'NONE', #1057, #106 ) ;
#135 = AXIS2_PLACEMENT_3D ( 'NONE', #1630, #473, #1231 ) ;
#136 = ORIENTED_EDGE ( 'NONE', *, *, #910, .F. ) ;
#137 = DIRECTION ( 'NONE',  ( 0.000000000000000000, 0.000000000000000000, -1.000000000000000000 ) ) ;
#138 =( NAMED_UNIT ( * ) PLANE_ANGLE_UNIT ( ) SI_UNIT ( $, .RADIAN. ) );
#139 = DIMENSIONAL_EXPONENTS ( 1.000000000000000000, 0.000000000000000000, 0.000000000000000000, 0.000000000000000000, 0.000000000000000000, 0.000000000000000000, 0.000000000000000000 ) ;
#140 = LINE ( 'NONE', #271, #471 ) ;
#141 = CARTESIAN_POINT ( 'NONE',  ( 0.03249999999999996642, -0.1489999999999999936, -0.08399999999999999134 ) ) ;
#142 = ORIENTED_EDGE ( 'NONE', *, *, #379, .T. ) ;
#143 = DIRECTION ( 'NONE',  ( -0.000000000000000000, 1.000000000000000000, -0.000000000000000000 ) ) ;
#144 = PRESENTATION_STYLE_ASSIGNMENT (( #120 ) ) ;
#145 = DIRECTION ( 'NONE',  ( -3.623491718193167398E-18, -1.000000000000000000, 0.000000000000000000 ) ) ;
#146 = ORIENTED_EDGE ( 'NONE', *, *, #259, .F. ) ;
#147 = ADVANCED_FACE ( 'NONE', ( #419 ), #80, .T. ) ;
#148 = FACE_OUTER_BOUND ( 'NONE', #1649, .T. ) ;
#149 = EDGE_CURVE ( 'NONE', #718, #532, #304, .T. ) ;
#150 = ORIENTED_EDGE ( 'NONE', *, *, #697, .T. ) ;
#151 = CARTESIAN_POINT ( 'NONE',  ( 0.3404500000000013071, 0.009550000000000455694, 1.169537693185724808E-18 ) ) ;
#152 = LENGTH_MEASURE_WITH_UNIT ( LENGTH_MEASURE( 0.02539999999999999897 ), #671 );
#153 = CARTESIAN_POINT ( 'NONE',  ( 0.08249999999999999001, -4.286263797015734438E-19, -0.03400000000000000244 ) ) ;
#154 = CARTESIAN_POINT ( 'NONE',  ( 0.03249999999999996642, -0.1940000000000000058, -0.08399999999999999134 ) ) ;
#155 = ORIENTED_EDGE ( 'NONE', *, *, #1527, .T. ) ;
#156 = ADVANCED_FACE ( 'NONE', ( #540 ), #1098, .T. ) ;
#157 = AXIS2_PLACEMENT_3D ( 'NONE', #113, #1695, #1292 ) ;
#158 = DIRECTION ( 'NONE',  ( 4.437497534422205965E-34, 1.224646799147353207E-16, -1.000000000000000000 ) ) ;
#159 = AXIS2_PLACEMENT_3D ( 'NONE', #292, #678, #1214 ) ;
#160 = CIRCLE ( 'NONE', #1650, 0.02050000000000052128 ) ;
#161 = ORIENTED_EDGE ( 'NONE', *, *, #1156, .F. ) ;
#162 = CARTESIAN_POINT ( 'NONE',  ( 0.2324999999999999845, -0.1489999999999999936, -0.05449999999999988881 ) ) ;
#163 = CARTESIAN_POINT ( 'NONE',  ( 0.08250000000000047573, -0.2770000000000006346, -0.08399999999999717415 ) ) ;
#164 = VECTOR ( 'NONE', #1151, 39.37007874015748143 ) ;
#165 = DIRECTION ( 'NONE',  ( 0.000000000000000000, 0.000000000000000000, 1.000000000000000000 ) ) ;
#166 = AXIS2_PLACEMENT_3D ( 'NONE', #30, #570, #840 ) ;
#167 = CARTESIAN_POINT ( 'NONE',  ( 0.1559999999999987230, 0.01949999999999947956, 2.388061258337324992E-18 ) ) ;
#168 = ORIENTED_EDGE ( 'NONE', *, *, #341, .F. ) ;
#169 = LINE ( 'NONE', #1628, #1046 ) ;
#170 = EDGE_LOOP ( 'NONE', ( #350, #727 ) ) ;
#171 = DIRECTION ( 'NONE',  ( -0.000000000000000000, 1.000000000000000000, -0.000000000000000000 ) ) ;
#172 = CARTESIAN_POINT ( 'NONE',  ( 0.08249999999999999001, -0.2770000000000002460, -0.03399999999999712974 ) ) ;
#173 = PRODUCT_DEFINITION_CONTEXT ( 'detailed design', #276, 'design' ) ;
#174 = DIRECTION ( 'NONE',  ( 0.000000000000000000, -0.000000000000000000, -1.000000000000000000 ) ) ;
#175 = CARTESIAN_POINT ( 'NONE',  ( 0.000000000000000000, -4.083452135319632762E-16, 0.000000000000000000 ) ) ;
#176 = ORIENTED_EDGE ( 'NONE', *, *, #841, .F. ) ;
#177 = DIRECTION ( 'NONE',  ( -0.000000000000000000, 1.000000000000000000, -0.000000000000000000 ) ) ;
#178 = EDGE_LOOP ( 'NONE', ( #1555, #989, #142, #108 ) ) ;
#179 = CYLINDRICAL_SURFACE ( 'NONE', #1547, 0.02050000000000001127 ) ;
#180 = DIRECTION ( 'NONE',  ( -2.066973814784692131E-17, 1.000000000000000000, -7.051046358971097327E-15 ) ) ;
#181 = ADVANCED_FACE ( 'NONE', ( #822 ), #801, .T. ) ;
#182 = DIRECTION ( 'NONE',  ( 0.000000000000000000, 0.000000000000000000, 1.000000000000000000 ) ) ;
#183 = CARTESIAN_POINT ( 'NONE',  ( 0.1559999999999987230, 0.01949999999999947956, 0.000000000000000000 ) ) ;
#184 = CARTESIAN_POINT ( 'NONE',  ( 0.1280000000000000027, -4.088090204718919684E-16, 0.000000000000000000 ) ) ;
#185 = ORIENTED_EDGE ( 'NONE', *, *, #892, .T. ) ;
#186 = DIRECTION ( 'NONE',  ( 0.000000000000000000, 0.000000000000000000, 1.000000000000000000 ) ) ;
#187 = VECTOR ( 'NONE', #448, 39.37007874015748143 ) ;
#188 = CIRCLE ( 'NONE', #845, 0.01850000000000063052 ) ;
#189 = CARTESIAN_POINT ( 'NONE',  ( 0.000000000000000000, -4.024907262659332902E-16, 0.000000000000000000 ) ) ;
#190 = FACE_OUTER_BOUND ( 'NONE', #1377, .T. ) ;
#191 = AXIS2_PLACEMENT_3D ( 'NONE', #97, #1275, #517 ) ;
#192 = VECTOR ( 'NONE', #488, 39.37007874015748143 ) ;
#193 = ORIENTED_EDGE ( 'NONE', *, *, #697, .F. ) ;
#194 =( GEOMETRIC_REPRESENTATION_CONTEXT ( 3 ) GLOBAL_UNCERTAINTY_ASSIGNED_CONTEXT ( ( #1089 ) ) GLOBAL_UNIT_ASSIGNED_CONTEXT ( ( #527, #915, #794 ) ) REPRESENTATION_CONTEXT ( 'NONE', 'WORKASPACE' ) );
#195 = CARTESIAN_POINT ( 'NONE',  ( 0.08249999999999999001, 0.000000000000000000, -0.01349999999999948117 ) ) ;
#196 = EDGE_LOOP ( 'NONE', ( #599, #423 ) ) ;
#197 = CARTESIAN_POINT ( 'NONE',  ( 0.2324999999999999845, -0.1940000000000000058, -0.08399999999999989420 ) ) ;
#198 =( NAMED_UNIT ( * ) SI_UNIT ( $, .STERADIAN. ) SOLID_ANGLE_UNIT ( ) );
#199 = FACE_OUTER_BOUND ( 'NONE', #380, .T. ) ;
#200 = CYLINDRICAL_SURFACE ( 'NONE', #1196, 0.02050000000000052128 ) ;
#201 = EDGE_LOOP ( 'NONE', ( #1659, #402, #1384, #832 ) ) ;
#202 = CARTESIAN_POINT ( 'NONE',  ( 0.08249999999999997613, -0.1489999999999999936, -0.08400000000000001910 ) ) ;
#203 = ORIENTED_EDGE ( 'NONE', *, *, #829, .T. ) ;
#204 = ITEM_DEFINED_TRANSFORMATION ( 'NONE', 'NONE', #875,  #1495 ) ;
#205 = ADVANCED_FACE ( 'NONE', ( #1605 ), #672, .T. ) ;
#206 = DIRECTION ( 'NONE',  ( -0.000000000000000000, -1.000000000000000000, -0.000000000000000000 ) ) ;
#207 = DIRECTION ( 'NONE',  ( -0.000000000000000000, 1.000000000000000000, -0.000000000000000000 ) ) ;
#208 = DIRECTION ( 'NONE',  ( 0.000000000000000000, 0.000000000000000000, -1.000000000000000000 ) ) ;
#209 = ADVANCED_FACE ( 'NONE', ( #1233 ), #578, .T. ) ;
#210 = ORIENTED_EDGE ( 'NONE', *, *, #1606, .F. ) ;
#211 = DIRECTION ( 'NONE',  ( -0.000000000000000000, 1.000000000000000000, -0.000000000000000000 ) ) ;
#212 = PRODUCT_DEFINITION_SHAPE ( 'NONE', 'NONE',  #1714 ) ;
#213 = DIRECTION ( 'NONE',  ( -0.000000000000000000, 1.000000000000000000, -0.000000000000000000 ) ) ;
#214 = ADVANCED_FACE ( 'NONE', ( #458 ), #965, .F. ) ;
#215 = DIRECTION ( 'NONE',  ( 0.000000000000000000, 0.000000000000000000, -1.000000000000000000 ) ) ;
#216 = CIRCLE ( 'NONE', #1186, 0.009550000000000020278 ) ;
#217 = PRODUCT_DEFINITION_FORMATION_WITH_SPECIFIED_SOURCE ( 'ANY', '', #1436, .NOT_KNOWN. ) ;
#218 = ORIENTED_EDGE ( 'NONE', *, *, #725, .T. ) ;
#219 = AXIS2_PLACEMENT_3D ( 'NONE', #1568, #734, #911 ) ;
#220 = AXIS2_PLACEMENT_3D ( 'NONE', #88, #997, #1423 ) ;
#221 = FACE_BOUND ( 'NONE', #795, .T. ) ;
#222 = AXIS2_PLACEMENT_3D ( 'NONE', #966, #1393, #467 ) ;
#223 = AXIS2_PLACEMENT_3D ( 'NONE', #568, #1350, #446 ) ;
#224 = ORIENTED_EDGE ( 'NONE', *, *, #341, .T. ) ;
#225 = ADVANCED_FACE ( 'NONE', ( #1507 ), #981, .T. ) ;
#226 = CARTESIAN_POINT ( 'NONE',  ( 0.1280000000000000027, -4.088090204718919684E-16, 0.000000000000000000 ) ) ;
#227 = DIRECTION ( 'NONE',  ( -1.000000000000000000, 3.623491718193167398E-18, -0.000000000000000000 ) ) ;
#228 = DIRECTION ( 'NONE',  ( -1.000000000000000000, 3.623491718193167398E-18, -0.000000000000000000 ) ) ;
#229 = ORIENTED_EDGE ( 'NONE', *, *, #239, .T. ) ;
#230 = EDGE_CURVE ( 'NONE', #751, #308, #871, .T. ) ;
#231 = PLANE ( 'NONE',  #686 ) ;
#232 = EDGE_CURVE ( 'NONE', #707, #1419, #132, .T. ) ;
#233 = ORIENTED_EDGE ( 'NONE', *, *, #805, .T. ) ;
#234 = DIRECTION ( 'NONE',  ( -0.000000000000000000, 1.000000000000000000, -0.000000000000000000 ) ) ;
#235 = VERTEX_POINT ( 'NONE', #189 ) ;
#236 = DIRECTION ( 'NONE',  ( 0.000000000000000000, 0.000000000000000000, 1.000000000000000000 ) ) ;
#237 = CARTESIAN_POINT ( 'NONE',  ( 0.08249999999999999001, 0.000000000000000000, -0.05450000000000052025 ) ) ;
#238 = CARTESIAN_POINT ( 'NONE',  ( 0.2324999999999999845, -0.1489999999999999936, -0.01349999999999988189 ) ) ;
#239 = EDGE_CURVE ( 'NONE', #366, #1486, #1040, .T. ) ;
#240 = CARTESIAN_POINT ( 'NONE',  ( 0.03249999999999996642, -0.1489999999999999936, -0.08399999999999999134 ) ) ;
#241 = ORIENTED_EDGE ( 'NONE', *, *, #1658, .T. ) ;
#242 = DIRECTION ( 'NONE',  ( 0.000000000000000000, 0.000000000000000000, 1.000000000000000000 ) ) ;
#243 = DIRECTION ( 'NONE',  ( 0.000000000000000000, 1.000000000000000000, 0.000000000000000000 ) ) ;
#244 = CYLINDRICAL_SURFACE ( 'NONE', #1599, 0.02150000000000055686 ) ;
#245 = CIRCLE ( 'NONE', #1383, 0.007999999999999738223 ) ;
#246 = EDGE_LOOP ( 'NONE', ( #1092, #551, #1172, #1600 ) ) ;
#247 = AXIS2_PLACEMENT_3D ( 'NONE', #1165, #771, #1666 ) ;
#248 = VECTOR ( 'NONE', #509, 39.37007874015748143 ) ;
#249 = AXIS2_PLACEMENT_3D ( 'NONE', #1229, #1616, #462 ) ;
#250 = EDGE_CURVE ( 'NONE', #750, #1553, #1399, .T. ) ;
#251 = AXIS2_PLACEMENT_3D ( 'NONE', #1367, #693, #324 ) ;
#252 = ORIENTED_EDGE ( 'NONE', *, *, #1183, .T. ) ;
#253 = CARTESIAN_POINT ( 'NONE',  ( 0.1154999999999992560, -4.087637268254145498E-16, 0.000000000000000000 ) ) ;
#254 = DIMENSIONAL_EXPONENTS ( 1.000000000000000000, 0.000000000000000000, 0.000000000000000000, 0.000000000000000000, 0.000000000000000000, 0.000000000000000000, 0.000000000000000000 ) ;
#255 = AXIS2_PLACEMENT_3D ( 'NONE', #163, #456, #432 ) ;
#256 = CYLINDRICAL_SURFACE ( 'NONE', #1245, 0.02050000000000052128 ) ;
#257 = SURFACE_SIDE_STYLE ('',( #1577 ) ) ;
#258 = CARTESIAN_POINT ( 'NONE',  ( -3.414809992080329023E-17, -0.1489999999999999936, -0.1179999999999999938 ) ) ;
#259 = EDGE_CURVE ( 'NONE', #1094, #629, #927, .T. ) ;
#260 = EDGE_CURVE ( 'NONE', #1211, #1220, #839, .T. ) ;
#261 = DIRECTION ( 'NONE',  ( -0.000000000000000000, 1.000000000000000000, -0.000000000000000000 ) ) ;
#262 = ORIENTED_EDGE ( 'NONE', *, *, #1232, .T. ) ;
#263 = CARTESIAN_POINT ( 'NONE',  ( 0.03249999999999998029, -0.1489999999999999936, -0.03399999999999998856 ) ) ;
#264 = EDGE_CURVE ( 'NONE', #537, #868, #1640, .T. ) ;
#265 = EDGE_LOOP ( 'NONE', ( #99, #41, #747, #1362 ) ) ;
#266 = CARTESIAN_POINT ( 'NONE',  ( 0.2324999999999999845, -0.1940000000000000058, -0.1044999999999998985 ) ) ;
#267 = CARTESIAN_POINT ( 'NONE',  ( 0.3404500000000013071, -0.009550000000000429673, 0.000000000000000000 ) ) ;
#268 = ORIENTED_EDGE ( 'NONE', *, *, #757, .F. ) ;
#269 = CARTESIAN_POINT ( 'NONE',  ( 0.1324999999999999789, 0.000000000000000000, -0.05450000000000052025 ) ) ;
#270 = EDGE_CURVE ( 'NONE', #537, #664, #613, .T. ) ;
#271 = CARTESIAN_POINT ( 'NONE',  ( 0.08249999999999997613, 0.000000000000000000, -0.06349999999999948741 ) ) ;
#272 = CIRCLE ( 'NONE', #247, 0.02050000000000052128 ) ;
#273 = APPLICATION_CONTEXT ( 'automotive_design' ) ;
#274 = CYLINDRICAL_SURFACE ( 'NONE', #555, 0.02050000000000001127 ) ;
#275 = AXIS2_PLACEMENT_3D ( 'NONE', #226, #381, #1308 ) ;
#276 = APPLICATION_CONTEXT ( 'automotive_design' ) ;
#277 = STYLED_ITEM ( 'NONE', ( #1710 ), #1449 ) ;
#278 = ORIENTED_EDGE ( 'NONE', *, *, #777, .F. ) ;
#279 = FACE_OUTER_BOUND ( 'NONE', #1084, .T. ) ;
#280 = CIRCLE ( 'NONE', #1359, 0.02050000000000052128 ) ;
#281 = DIRECTION ( 'NONE',  ( -3.623491718193167398E-18, -1.000000000000000000, 0.000000000000000000 ) ) ;
#282 = ORIENTED_EDGE ( 'NONE', *, *, #260, .F. ) ;
#283 = DIRECTION ( 'NONE',  ( 0.000000000000000000, 0.000000000000000000, 1.000000000000000000 ) ) ;
#284 = ORIENTED_EDGE ( 'NONE', *, *, #1285, .T. ) ;
#285 = CARTESIAN_POINT ( 'NONE',  ( 0.3404500000000013071, 4.364554021127670509E-16, 0.000000000000000000 ) ) ;
#286 =( CONVERSION_BASED_UNIT ( 'INCH', #401 ) LENGTH_UNIT ( ) NAMED_UNIT ( #385 ) );
#287 = CARTESIAN_POINT ( 'NONE',  ( 0.1029999999999999943, 0.008000000000000074760, 0.000000000000000000 ) ) ;
#288 = CARTESIAN_POINT ( 'NONE',  ( 0.1324999999999999789, -4.286263797015734438E-19, -0.08400000000000001910 ) ) ;
#289 = EDGE_LOOP ( 'NONE', ( #902, #469, #1119, #1348 ) ) ;
#290 = CARTESIAN_POINT ( 'NONE',  ( 0.1643971143170204208, -4.089409051141858210E-16, 0.000000000000000000 ) ) ;
#291 = ORIENTED_EDGE ( 'NONE', *, *, #571, .T. ) ;
#292 = CARTESIAN_POINT ( 'NONE',  ( 0.1324999999999999789, -4.286263797015734438E-19, -0.03400000000000000244 ) ) ;
#293 = DIRECTION ( 'NONE',  ( 0.000000000000000000, -1.000000000000000000, 0.000000000000000000 ) ) ;
#294 = CARTESIAN_POINT ( 'NONE',  ( 0.2324999999999999845, -0.1489999999999999936, -0.1044999999999998985 ) ) ;
#295 = ORIENTED_EDGE ( 'NONE', *, *, #495, .F. ) ;
#296 = CIRCLE ( 'NONE', #843, 0.02050000000000052128 ) ;
#297 = CARTESIAN_POINT ( 'NONE',  ( 0.03249999999999996642, -0.1940000000000000058, -0.08399999999999999134 ) ) ;
#298 = VECTOR ( 'NONE', #91, 39.37007874015748854 ) ;
#299 = AXIS2_PLACEMENT_3D ( 'NONE', #141, #662, #1190 ) ;
#300 = EDGE_LOOP ( 'NONE', ( #378, #1396, #978, #769 ) ) ;
#301 = CARTESIAN_POINT ( 'NONE',  ( 0.1643971143170204208, -0.01850000000000104339, 0.000000000000000000 ) ) ;
#302 =( LENGTH_UNIT ( ) NAMED_UNIT ( * ) SI_UNIT ( $, .METRE. ) );
#303 = CIRCLE ( 'NONE', #1569, 0.02050000000000000086 ) ;
#304 = LINE ( 'NONE', #928, #1012 ) ;
#305 = VECTOR ( 'NONE', #207, 39.37007874015748143 ) ;
#306 = CARTESIAN_POINT ( 'NONE',  ( 0.1824999999999999678, -4.286263797015734438E-19, -0.06349999999999948741 ) ) ;
#307 = AXIS2_PLACEMENT_3D ( 'NONE', #331, #28, #837 ) ;
#308 = VERTEX_POINT ( 'NONE', #1407 ) ;
#309 = ADVANCED_FACE ( 'NONE', ( #830 ), #352, .F. ) ;
#310 = LINE ( 'NONE', #195, #1273 ) ;
#311 = EDGE_CURVE ( 'NONE', #745, #733, #1295, .T. ) ;
#312 = ORIENTED_EDGE ( 'NONE', *, *, #938, .F. ) ;
#313 = CARTESIAN_POINT ( 'NONE',  ( 0.2324999999999999845, -0.1940000000000000058, -0.06349999999999987599 ) ) ;
#314 = EDGE_CURVE ( 'NONE', #1065, #745, #1117, .T. ) ;
#315 = SHAPE_DEFINITION_REPRESENTATION ( #749, #1509 ) ;
#316 = PRODUCT_DEFINITION_CONTEXT ( 'detailed design', #543, 'design' ) ;
#317 = CARTESIAN_POINT ( 'NONE',  ( 0.3404500000000013071, -4.095788312874220869E-16, 0.000000000000000000 ) ) ;
#318 = CARTESIAN_POINT ( 'NONE',  ( 0.1824999999999999956, 0.000000000000000000, -0.01349999999999948117 ) ) ;
#319 = ORIENTED_EDGE ( 'NONE', *, *, #1632, .F. ) ;
#320 = ORIENTED_EDGE ( 'NONE', *, *, #1017, .T. ) ;
#321 = LINE ( 'NONE', #1239, #76 ) ;
#322 = SHAPE_REPRESENTATION_RELATIONSHIP ( 'NONE' , 'NONE' ,  #1509, #1336 ) ;
#323 = CARTESIAN_POINT ( 'NONE',  ( 2.898793374554574190E-20, 0.007999999999999703529, 9.797174393178961890E-19 ) ) ;
#324 = DIRECTION ( 'NONE',  ( 0.000000000000000000, 0.000000000000000000, 1.000000000000000000 ) ) ;
#325 = ORIENTED_EDGE ( 'NONE', *, *, #128, .T. ) ;
#326 = PRODUCT_DEFINITION_SHAPE ( 'NONE', 'NONE',  #967 ) ;
#327 = DIRECTION ( 'NONE',  ( -0.000000000000000000, 1.000000000000000000, -0.000000000000000000 ) ) ;
#328 = ORIENTED_EDGE ( 'NONE', *, *, #1277, .F. ) ;
#329 = PLANE ( 'NONE',  #684 ) ;
#330 = VECTOR ( 'NONE', #859, 39.37007874015748143 ) ;
#331 = CARTESIAN_POINT ( 'NONE',  ( 0.000000000000000000, 0.000000000000000000, 0.000000000000000000 ) ) ;
#332 = EDGE_CURVE ( 'NONE', #751, #1052, #1252, .T. ) ;
#333 = AXIS2_PLACEMENT_3D ( 'NONE', #109, #1171, #1184 ) ;
#334 = DIRECTION ( 'NONE',  ( -0.000000000000000000, 1.000000000000000000, -0.000000000000000000 ) ) ;
#335 = DIRECTION ( 'NONE',  ( 0.000000000000000000, 0.000000000000000000, 1.000000000000000000 ) ) ;
#336 = CONICAL_SURFACE ( 'NONE', #1218, 0.01850000000000063399, 0.2617993877992349505 ) ;
#337 = MECHANICAL_DESIGN_GEOMETRIC_PRESENTATION_REPRESENTATION (  '', ( #277 ), #194 ) ;
#338 = EDGE_LOOP ( 'NONE', ( #89, #1528 ) ) ;
#339 = ADVANCED_FACE ( 'NONE', ( #199 ), #588, .T. ) ;
#340 =( GEOMETRIC_REPRESENTATION_CONTEXT ( 3 ) GLOBAL_UNCERTAINTY_ASSIGNED_CONTEXT ( ( #433 ) ) GLOBAL_UNIT_ASSIGNED_CONTEXT ( ( #1320, #1208, #1068 ) ) REPRESENTATION_CONTEXT ( 'NONE', 'WORKASPACE' ) );
#341 = EDGE_CURVE ( 'NONE', #452, #1419, #1525, .T. ) ;
#342 = CARTESIAN_POINT ( 'NONE',  ( -7.790507194115511271E-20, -0.02150000000000096625, 0.000000000000000000 ) ) ;
#343 = VERTEX_POINT ( 'NONE', #74 ) ;
#344 = CARTESIAN_POINT ( 'NONE',  ( 0.1824999999999999678, -4.286263797015734438E-19, -0.08400000000000001910 ) ) ;
#345 = ITEM_DEFINED_TRANSFORMATION ( 'NONE', 'NONE', #223,  #1495 ) ;
#346 = CARTESIAN_POINT ( 'NONE',  ( 0.1324999999999999789, 0.000000000000000000, -0.06349999999999948741 ) ) ;
#347 = CARTESIAN_POINT ( 'NONE',  ( 0.08249999999999999001, -0.1489999999999999936, -0.01349999999999948117 ) ) ;
#348 = ORIENTED_EDGE ( 'NONE', *, *, #838, .F. ) ;
#349 = SURFACE_STYLE_USAGE ( .BOTH. , #1271 ) ;
#350 = ORIENTED_EDGE ( 'NONE', *, *, #1121, .F. ) ;
#351 = CARTESIAN_POINT ( 'NONE',  ( 0.1324999999999999789, -4.286263797015734438E-19, -0.1045000000000005369 ) ) ;
#352 = CYLINDRICAL_SURFACE ( 'NONE', #11, 0.02050000000000052128 ) ;
#353 = DIRECTION ( 'NONE',  ( -0.000000000000000000, 1.000000000000000000, -0.000000000000000000 ) ) ;
#354 = VERTEX_POINT ( 'NONE', #1137 ) ;
#355 = CARTESIAN_POINT ( 'NONE',  ( 0.1324999999999999789, 0.000000000000000000, -0.1045000000000005369 ) ) ;
#356 = VERTEX_POINT ( 'NONE', #1656 ) ;
#357 = CARTESIAN_POINT ( 'NONE',  ( 0.2650000000000000688, -0.1489999999999999936, 0.000000000000000000 ) ) ;
#358 = EDGE_CURVE ( 'NONE', #883, #532, #484, .T. ) ;
#359 = EDGE_LOOP ( 'NONE', ( #67, #920, #1341, #328 ) ) ;
#360 = DIRECTION ( 'NONE',  ( 0.000000000000000000, 0.000000000000000000, -1.000000000000000000 ) ) ;
#361 = CARTESIAN_POINT ( 'NONE',  ( 0.1324999999999999789, 0.000000000000000000, -0.01349999999999948117 ) ) ;
#362 = VECTOR ( 'NONE', #1241, 39.37007874015748143 ) ;
#363 =( GEOMETRIC_REPRESENTATION_CONTEXT ( 3 ) GLOBAL_UNCERTAINTY_ASSIGNED_CONTEXT ( ( #577 ) ) GLOBAL_UNIT_ASSIGNED_CONTEXT ( ( #1202, #1055, #1315 ) ) REPRESENTATION_CONTEXT ( 'NONE', 'WORKASPACE' ) );
#364 = DIRECTION ( 'NONE',  ( -0.000000000000000000, -1.000000000000000000, -0.000000000000000000 ) ) ;
#365 = AXIS2_PLACEMENT_3D ( 'NONE', #377, #1526, #215 ) ;
#366 = VERTEX_POINT ( 'NONE', #524 ) ;
#367 = LINE ( 'NONE', #1664, #413 ) ;
#368 = CONTEXT_DEPENDENT_SHAPE_REPRESENTATION ( #1254, #486 ) ;
#369 = ORIENTED_EDGE ( 'NONE', *, *, #736, .T. ) ;
#370 = DIRECTION ( 'NONE',  ( -1.000000000000000000, 3.623491718193167398E-18, -0.000000000000000000 ) ) ;
#371 = EDGE_LOOP ( 'NONE', ( #4, #1452, #233 ) ) ;
#372 = LINE ( 'NONE', #1545, #715 ) ;
#373 = EDGE_LOOP ( 'NONE', ( #1177, #824, #960, #241 ) ) ;
#374 = DIRECTION ( 'NONE',  ( -0.000000000000000000, 1.000000000000000000, -0.000000000000000000 ) ) ;
#375 = ORIENTED_EDGE ( 'NONE', *, *, #1580, .F. ) ;
#376 = DIRECTION ( 'NONE',  ( 0.000000000000000000, 0.000000000000000000, -1.000000000000000000 ) ) ;
#377 = CARTESIAN_POINT ( 'NONE',  ( 0.2324999999999999845, -0.1940000000000000058, -0.03399999999999989142 ) ) ;
#378 = ORIENTED_EDGE ( 'NONE', *, *, #230, .F. ) ;
#379 = EDGE_CURVE ( 'NONE', #842, #1476, #1311, .T. ) ;
#380 = EDGE_LOOP ( 'NONE', ( #1170, #96, #1337, #444 ) ) ;
#381 = DIRECTION ( 'NONE',  ( -1.000000000000000000, 3.623491718193167398E-18, -0.000000000000000000 ) ) ;
#382 = ORIENTED_EDGE ( 'NONE', *, *, #232, .F. ) ;
#383 = DIRECTION ( 'NONE',  ( 0.000000000000000000, 0.000000000000000000, 1.000000000000000000 ) ) ;
#384 = AXIS2_PLACEMENT_3D ( 'NONE', #287, #20, #949 ) ;
#385 = DIMENSIONAL_EXPONENTS ( 1.000000000000000000, 0.000000000000000000, 0.000000000000000000, 0.000000000000000000, 0.000000000000000000, 0.000000000000000000, 0.000000000000000000 ) ;
#386 = DIRECTION ( 'NONE',  ( 0.000000000000000000, 0.000000000000000000, 1.000000000000000000 ) ) ;
#387 = AXIS2_PLACEMENT_3D ( 'NONE', #1302, #645, #1037 ) ;
#388 = AXIS2_PLACEMENT_3D ( 'NONE', #1282, #1005, #242 ) ;
#389 = EDGE_CURVE ( 'NONE', #1038, #1274, #1460, .T. ) ;
#390 = VECTOR ( 'NONE', #1395, 39.37007874015748143 ) ;
#391 = EDGE_CURVE ( 'NONE', #932, #1287, #683, .T. ) ;
#392 = AXIS2_PLACEMENT_3D ( 'NONE', #1481, #493, #1278 ) ;
#393 = FACE_OUTER_BOUND ( 'NONE', #1470, .T. ) ;
#394 = ORIENTED_EDGE ( 'NONE', *, *, #1685, .T. ) ;
#395 = PLANE ( 'NONE',  #1101 ) ;
#396 = ORIENTED_EDGE ( 'NONE', *, *, #1121, .T. ) ;
#397 = DIRECTION ( 'NONE',  ( -1.000000000000000000, 3.623491718193167398E-18, -0.000000000000000000 ) ) ;
#398 = CARTESIAN_POINT ( 'NONE',  ( 0.1280000000000000027, -4.088090204718919684E-16, 0.000000000000000000 ) ) ;
#399 = ORIENTED_EDGE ( 'NONE', *, *, #1156, .T. ) ;
#400 = FACE_OUTER_BOUND ( 'NONE', #1249, .T. ) ;
#401 = LENGTH_MEASURE_WITH_UNIT ( LENGTH_MEASURE( 0.02539999999999999897 ), #1472 );
#402 = ORIENTED_EDGE ( 'NONE', *, *, #3, .T. ) ;
#403 = DIRECTION ( 'NONE',  ( -0.000000000000000000, 1.000000000000000000, -0.000000000000000000 ) ) ;
#404 = DIRECTION ( 'NONE',  ( -1.000000000000000000, 3.623491718193167398E-18, -0.000000000000000000 ) ) ;
#405 = ORIENTED_EDGE ( 'NONE', *, *, #952, .T. ) ;
#406 = DIRECTION ( 'NONE',  ( -1.000000000000000000, 3.623491718193167398E-18, -0.000000000000000000 ) ) ;
#407 = EDGE_CURVE ( 'NONE', #542, #1107, #272, .T. ) ;
#408 = CARTESIAN_POINT ( 'NONE',  ( 0.000000000000000000, -4.083452135319632762E-16, 0.000000000000000000 ) ) ;
#409 = DIRECTION ( 'NONE',  ( 0.000000000000000000, 0.000000000000000000, 1.000000000000000000 ) ) ;
#410 = ORIENTED_EDGE ( 'NONE', *, *, #643, .T. ) ;
#411 = VECTOR ( 'NONE', #126, 39.37007874015748143 ) ;
#412 = CARTESIAN_POINT ( 'NONE',  ( 0.1154999999999992560, 0.02150000000000014400, 2.632990618166877521E-18 ) ) ;
#413 = VECTOR ( 'NONE', #884, 39.37007874015748143 ) ;
#414 = PRESENTATION_LAYER_ASSIGNMENT (  '', '', ( #1357 ) ) ;
#415 = ORIENTED_EDGE ( 'NONE', *, *, #314, .F. ) ;
#416 = CARTESIAN_POINT ( 'NONE',  ( 0.2324999999999999845, -0.1940000000000000058, -0.03399999999999989142 ) ) ;
#417 = SURFACE_SIDE_STYLE ('',( #926 ) ) ;
#418 = CIRCLE ( 'NONE', #767, 0.02074999999999918229 ) ;
#419 = FACE_OUTER_BOUND ( 'NONE', #1269, .T. ) ;
#420 = SURFACE_STYLE_USAGE ( .BOTH. , #22 ) ;
#421 = ORIENTED_EDGE ( 'NONE', *, *, #601, .T. ) ;
#422 = CARTESIAN_POINT ( 'NONE',  ( 0.000000000000000000, -4.083452135319632762E-16, 0.000000000000000000 ) ) ;
#423 = ORIENTED_EDGE ( 'NONE', *, *, #73, .T. ) ;
#424 = DIRECTION ( 'NONE',  ( 0.000000000000000000, -1.000000000000000000, -1.224646799147353207E-16 ) ) ;
#425 = LENGTH_MEASURE_WITH_UNIT ( LENGTH_MEASURE( 0.02539999999999999897 ), #302 );
#426 = DIRECTION ( 'NONE',  ( -3.623491718193167398E-18, -1.000000000000000000, 0.000000000000000000 ) ) ;
#427 = CYLINDRICAL_SURFACE ( 'NONE', #251, 0.02050000000000052128 ) ;
#428 = ORIENTED_EDGE ( 'NONE', *, *, #19, .T. ) ;
#429 = DIRECTION ( 'NONE',  ( 0.000000000000000000, -0.000000000000000000, -1.000000000000000000 ) ) ;
#430 = ORIENTED_EDGE ( 'NONE', *, *, #919, .F. ) ;
#431 = CARTESIAN_POINT ( 'NONE',  ( 0.000000000000000000, 0.000000000000000000, 0.000000000000000000 ) ) ;
#432 = DIRECTION ( 'NONE',  ( -2.066973814784692131E-17, 1.000000000000000000, -7.051046358971097327E-15 ) ) ;
#433 = UNCERTAINTY_MEASURE_WITH_UNIT (LENGTH_MEASURE( 1.000000000000000082E-05 ), #1320, 'distance_accuracy_value', 'NONE');
#434 = DIRECTION ( 'NONE',  ( -0.000000000000000000, 1.000000000000000000, -0.000000000000000000 ) ) ;
#435 = ADVANCED_FACE ( 'NONE', ( #655 ), #118, .F. ) ;
#436 = CARTESIAN_POINT ( 'NONE',  ( 0.2650000000000000688, -0.1489999999999999936, 0.000000000000000000 ) ) ;
#437 = ORIENTED_EDGE ( 'NONE', *, *, #149, .F. ) ;
#438 = ADVANCED_FACE ( 'NONE', ( #905 ), #256, .F. ) ;
#439 = AXIS2_PLACEMENT_3D ( 'NONE', #1201, #810, #165 ) ;
#440 = DIRECTION ( 'NONE',  ( -0.000000000000000000, 1.000000000000000000, -0.000000000000000000 ) ) ;
#441 = AXIS2_PLACEMENT_3D ( 'NONE', #878, #1684, #1319 ) ;
#442 = ADVANCED_FACE ( 'NONE', ( #1019 ), #1179, .T. ) ;
#443 = CIRCLE ( 'NONE', #1413, 0.007999999999999733019 ) ;
#444 = ORIENTED_EDGE ( 'NONE', *, *, #777, .T. ) ;
#445 = FACE_BOUND ( 'NONE', #557, .T. ) ;
#446 = DIRECTION ( 'NONE',  ( -2.066973814784692131E-17, 1.000000000000000000, -7.051046358971097327E-15 ) ) ;
#447 = AXIS2_PLACEMENT_3D ( 'NONE', #1642, #946, #470 ) ;
#448 = DIRECTION ( 'NONE',  ( 1.000000000000000000, 0.000000000000000000, 0.000000000000000000 ) ) ;
#449 = CIRCLE ( 'NONE', #959, 0.01850000000000063052 ) ;
#450 = DIRECTION ( 'NONE',  ( -0.000000000000000000, -1.000000000000000000, -0.000000000000000000 ) ) ;
#451 = MECHANICAL_DESIGN_GEOMETRIC_PRESENTATION_REPRESENTATION (  '', ( #1708 ), #1421 ) ;
#452 = VERTEX_POINT ( 'NONE', #1154 ) ;
#453 = CYLINDRICAL_SURFACE ( 'NONE', #249, 0.02150000000000055686 ) ;
#454 = ORIENTED_EDGE ( 'NONE', *, *, #1606, .T. ) ;
#455 = CARTESIAN_POINT ( 'NONE',  ( 0.2650000000000000688, 0.000000000000000000, 0.000000000000000000 ) ) ;
#456 = DIRECTION ( 'NONE',  ( -1.110223024625156698E-14, 7.051046358971096538E-15, 1.000000000000000000 ) ) ;
#457 = ADVANCED_FACE ( 'NONE', ( #1570 ), #395, .T. ) ;
#458 = FACE_OUTER_BOUND ( 'NONE', #373, .T. ) ;
#459 = FACE_OUTER_BOUND ( 'NONE', #1610, .T. ) ;
#460 =( REPRESENTATION_RELATIONSHIP ('NONE','NONE', #521, #1509 ) REPRESENTATION_RELATIONSHIP_WITH_TRANSFORMATION ( #204 )SHAPE_REPRESENTATION_RELATIONSHIP( ) );
#461 = ORIENTED_EDGE ( 'NONE', *, *, #1070, .T. ) ;
#462 = DIRECTION ( 'NONE',  ( -3.623491718193167398E-18, -1.000000000000000000, 0.000000000000000000 ) ) ;
#463 = ORIENTED_EDGE ( 'NONE', *, *, #1112, .F. ) ;
#464 = DIRECTION ( 'NONE',  ( 0.000000000000000000, 0.000000000000000000, 1.000000000000000000 ) ) ;
#465 = EDGE_CURVE ( 'NONE', #1502, #452, #1297, .T. ) ;
#466 = CARTESIAN_POINT ( 'NONE',  ( 0.03249999999999996642, -0.1940000000000000058, -0.1045000000000000095 ) ) ;
#467 = DIRECTION ( 'NONE',  ( 0.000000000000000000, -1.000000000000000000, 0.000000000000000000 ) ) ;
#468 = EDGE_CURVE ( 'NONE', #1450, #1668, #1161, .T. ) ;
#469 = ORIENTED_EDGE ( 'NONE', *, *, #958, .F. ) ;
#470 = DIRECTION ( 'NONE',  ( 0.000000000000000000, -1.000000000000000000, 0.000000000000000000 ) ) ;
#471 = VECTOR ( 'NONE', #666, 39.37007874015748143 ) ;
#472 = VERTEX_POINT ( 'NONE', #754 ) ;
#473 = DIRECTION ( 'NONE',  ( -1.000000000000000000, 3.623491718193167398E-18, -0.000000000000000000 ) ) ;
#474 = AXIS2_PLACEMENT_3D ( 'NONE', #1080, #1053, #925 ) ;
#475 = AXIS2_PLACEMENT_3D ( 'NONE', #685, #940, #544 ) ;
#476 = DIRECTION ( 'NONE',  ( -1.000000000000000000, 0.000000000000000000, -5.154430176725023824E-16 ) ) ;
#477 = DIRECTION ( 'NONE',  ( -1.000000000000000000, 3.623491718193167398E-18, -0.000000000000000000 ) ) ;
#478 = CIRCLE ( 'NONE', #220, 0.02050000000000052128 ) ;
#479 = AXIS2_PLACEMENT_3D ( 'NONE', #811, #1614, #1110 ) ;
#480 = ORIENTED_EDGE ( 'NONE', *, *, #3, .F. ) ;
#481 = LINE ( 'NONE', #1141, #164 ) ;
#482 = EDGE_LOOP ( 'NONE', ( #1461, #1607 ) ) ;
#483 = CARTESIAN_POINT ( 'NONE',  ( 0.08249999999999999001, -4.286263797015734438E-19, -0.03400000000000000244 ) ) ;
#484 = LINE ( 'NONE', #866, #1015 ) ;
#485 = CARTESIAN_POINT ( 'NONE',  ( 0.1324999999999999789, -0.1489999999999999936, -0.03400000000000000244 ) ) ;
#486 = PRODUCT_DEFINITION_SHAPE ( 'NONE', 'NONE',  #1713 ) ;
#487 = EDGE_LOOP ( 'NONE', ( #218, #461, #564, #1 ) ) ;
#488 = DIRECTION ( 'NONE',  ( -0.000000000000000000, 1.000000000000000000, -0.000000000000000000 ) ) ;
#489 = ORIENTED_EDGE ( 'NONE', *, *, #512, .T. ) ;
#490 = CARTESIAN_POINT ( 'NONE',  ( 0.1824999999999999678, 0.000000000000000000, -0.06349999999999948741 ) ) ;
#491 = ORIENTED_EDGE ( 'NONE', *, *, #507, .F. ) ;
#492 = CARTESIAN_POINT ( 'NONE',  ( 0.1824999999999999678, 0.000000000000000000, -0.08400000000000001910 ) ) ;
#493 = DIRECTION ( 'NONE',  ( 0.000000000000000000, 1.000000000000000000, 0.000000000000000000 ) ) ;
#494 = ORIENTED_EDGE ( 'NONE', *, *, #83, .F. ) ;
#495 = EDGE_CURVE ( 'NONE', #1476, #1142, #188, .T. ) ;
#496 = DIRECTION ( 'NONE',  ( 0.000000000000000000, -1.000000000000000000, 0.000000000000000000 ) ) ;
#497 = EDGE_LOOP ( 'NONE', ( #1468, #782 ) ) ;
#498 = DIRECTION ( 'NONE',  ( 0.000000000000000000, 0.000000000000000000, 1.000000000000000000 ) ) ;
#499 = CONTEXT_DEPENDENT_SHAPE_REPRESENTATION ( #1064, #1691 ) ;
#500 = AXIS2_PLACEMENT_3D ( 'NONE', #46, #597, #1109 ) ;
#501 = CARTESIAN_POINT ( 'NONE',  ( 0.08249999999999999001, -0.1489999999999999936, -0.03400000000000000244 ) ) ;
#502 = DIRECTION ( 'NONE',  ( 0.000000000000000000, 0.000000000000000000, 1.000000000000000000 ) ) ;
#503 = CARTESIAN_POINT ( 'NONE',  ( 0.08249999999999997613, -4.286263797015734438E-19, -0.06349999999999948741 ) ) ;
#504 = CIRCLE ( 'NONE', #388, 0.02050000000000052128 ) ;
#505 = AXIS2_PLACEMENT_3D ( 'NONE', #1554, #1280, #105 ) ;
#506 = PLANE ( 'NONE',  #1465 ) ;
#507 = EDGE_CURVE ( 'NONE', #1142, #62, #511, .T. ) ;
#508 = EDGE_LOOP ( 'NONE', ( #81, #185, #262, #430 ) ) ;
#509 = DIRECTION ( 'NONE',  ( -0.000000000000000000, 1.000000000000000000, -0.000000000000000000 ) ) ;
#510 = VERTEX_POINT ( 'NONE', #1550 ) ;
#511 = LINE ( 'NONE', #1674, #298 ) ;
#512 = EDGE_CURVE ( 'NONE', #1065, #945, #552, .T. ) ;
#513 = ORIENTED_EDGE ( 'NONE', *, *, #128, .F. ) ;
#514 = DIRECTION ( 'NONE',  ( 0.000000000000000000, -0.000000000000000000, 1.000000000000000000 ) ) ;
#515 = VERTEX_POINT ( 'NONE', #887 ) ;
#516 = ADVANCED_FACE ( 'NONE', ( #1427 ), #1557, .T. ) ;
#517 = DIRECTION ( 'NONE',  ( 0.000000000000000000, 0.000000000000000000, 1.000000000000000000 ) ) ;
#518 = CARTESIAN_POINT ( 'NONE',  ( -6.703459678657589584E-20, -0.01850000000000103992, 0.000000000000000000 ) ) ;
#519 = ADVANCED_FACE ( 'NONE', ( #634 ), #763, .T. ) ;
#520 = DIRECTION ( 'NONE',  ( -1.000000000000000000, 3.623491718193167398E-18, -0.000000000000000000 ) ) ;
#521 = SHAPE_REPRESENTATION ( 'mill-max-855-22-006-10-001101', ( #955, #307, #963, #223, #993, #875, #255, #1546 ), #1197 ) ;
#522 = ADVANCED_FACE ( 'NONE', ( #279 ), #1462, .T. ) ;
#523 = CARTESIAN_POINT ( 'NONE',  ( 0.03249999999999998029, -0.1940000000000000058, -0.03399999999999998856 ) ) ;
#524 = CARTESIAN_POINT ( 'NONE',  ( 0.2324999999999999845, -0.1489999999999999936, -0.06349999999999987599 ) ) ;
#525 = EDGE_CURVE ( 'NONE', #900, #701, #1592, .T. ) ;
#526 = ORIENTED_EDGE ( 'NONE', *, *, #73, .F. ) ;
#527 =( CONVERSION_BASED_UNIT ( 'INCH', #1047 ) LENGTH_UNIT ( ) NAMED_UNIT ( #139 ) );
#528 = AXIS2_PLACEMENT_3D ( 'NONE', #492, #649, #1283 ) ;
#529 = AXIS2_PLACEMENT_3D ( 'NONE', #202, #440, #726 ) ;
#530 =( GEOMETRIC_REPRESENTATION_CONTEXT ( 3 ) GLOBAL_UNCERTAINTY_ASSIGNED_CONTEXT ( ( #1620 ) ) GLOBAL_UNIT_ASSIGNED_CONTEXT ( ( #1166, #1428, #1686 ) ) REPRESENTATION_CONTEXT ( 'NONE', 'WORKASPACE' ) );
#531 = DIRECTION ( 'NONE',  ( -1.000000000000000000, 3.623491718193167398E-18, -0.000000000000000000 ) ) ;
#532 = VERTEX_POINT ( 'NONE', #1087 ) ;
#533 = DIRECTION ( 'NONE',  ( -0.000000000000000000, 1.000000000000000000, -0.000000000000000000 ) ) ;
#534 = DIRECTION ( 'NONE',  ( -0.000000000000000000, 1.000000000000000000, -0.000000000000000000 ) ) ;
#535 = CARTESIAN_POINT ( 'NONE',  ( 0.08249999999999999001, -4.286263797015734438E-19, -0.01349999999999948117 ) ) ;
#536 = CARTESIAN_POINT ( 'NONE',  ( 0.03249999999999996642, -0.1489999999999999936, -0.1045000000000000095 ) ) ;
#537 = VERTEX_POINT ( 'NONE', #921 ) ;
#538 = DIRECTION ( 'NONE',  ( -0.000000000000000000, 1.000000000000000000, -0.000000000000000000 ) ) ;
#539 =( NAMED_UNIT ( * ) SI_UNIT ( $, .STERADIAN. ) SOLID_ANGLE_UNIT ( ) );
#540 = FACE_OUTER_BOUND ( 'NONE', #1213, .T. ) ;
#541 = CARTESIAN_POINT ( 'NONE',  ( 0.1280000000000000027, 0.02150000000000014400, 2.632990618166877521E-18 ) ) ;
#542 = VERTEX_POINT ( 'NONE', #809 ) ;
#543 = APPLICATION_CONTEXT ( 'automotive_design' ) ;
#544 = DIRECTION ( 'NONE',  ( 0.000000000000000000, 0.000000000000000000, -1.000000000000000000 ) ) ;
#545 = ADVANCED_FACE ( 'NONE', ( #791 ), #547, .T. ) ;
#546 = ORIENTED_EDGE ( 'NONE', *, *, #1707, .F. ) ;
#547 = SPHERICAL_SURFACE ( 'NONE', #104, 0.009550000000000020278 ) ;
#548 = CARTESIAN_POINT ( 'NONE',  ( 0.2650000000000000688, 0.000000000000000000, -0.1179999999999998550 ) ) ;
#549 = CYLINDRICAL_SURFACE ( 'NONE', #1388, 0.02050000000000052128 ) ;
#550 = CIRCLE ( 'NONE', #951, 0.009550000000000846007 ) ;
#551 = ORIENTED_EDGE ( 'NONE', *, *, #1707, .T. ) ;
#552 = CIRCLE ( 'NONE', #1567, 0.01850000000000063052 ) ;
#553 = AXIS2_PLACEMENT_3D ( 'NONE', #593, #1404, #1115 ) ;
#554 = CARTESIAN_POINT ( 'NONE',  ( 0.1824999999999999956, -4.286263797015734438E-19, -0.05450000000000052025 ) ) ;
#555 = AXIS2_PLACEMENT_3D ( 'NONE', #923, #1335, #1051 ) ;
#556 = CIRCLE ( 'NONE', #1219, 0.01949999999999988895 ) ;
#557 = EDGE_LOOP ( 'NONE', ( #1024, #861 ) ) ;
#558 = DIRECTION ( 'NONE',  ( 1.000000000000000000, 0.000000000000000000, -0.000000000000000000 ) ) ;
#559 = CARTESIAN_POINT ( 'NONE',  ( 0.1824999999999999678, -0.2770000000000002460, -0.03399999999999712974 ) ) ;
#560 =( GEOMETRIC_REPRESENTATION_CONTEXT ( 3 ) GLOBAL_UNCERTAINTY_ASSIGNED_CONTEXT ( ( #964 ) ) GLOBAL_UNIT_ASSIGNED_CONTEXT ( ( #286, #650, #800 ) ) REPRESENTATION_CONTEXT ( 'NONE', 'WORKASPACE' ) );
#561 = EDGE_CURVE ( 'NONE', #1682, #629, #216, .T. ) ;
#562 = DIRECTION ( 'NONE',  ( 0.000000000000000000, 0.000000000000000000, -1.000000000000000000 ) ) ;
#563 = DIRECTION ( 'NONE',  ( 0.000000000000000000, 0.000000000000000000, -1.000000000000000000 ) ) ;
#564 = ORIENTED_EDGE ( 'NONE', *, *, #149, .T. ) ;
#565 = DIRECTION ( 'NONE',  ( -1.000000000000000000, 3.623491718193167398E-18, -0.000000000000000000 ) ) ;
#566 = VERTEX_POINT ( 'NONE', #1594 ) ;
#567 = DIRECTION ( 'NONE',  ( -4.437497534422205965E-34, -1.224646799147353207E-16, 1.000000000000000000 ) ) ;
#568 = CARTESIAN_POINT ( 'NONE',  ( 0.1825000000000004396, -0.2770000000000006346, -0.08399999999999717415 ) ) ;
#569 = PLANE ( 'NONE',  #656 ) ;
#570 = DIRECTION ( 'NONE',  ( -0.000000000000000000, 1.000000000000000000, -0.000000000000000000 ) ) ;
#571 = EDGE_CURVE ( 'NONE', #1230, #515, #1043, .T. ) ;
#572 = EDGE_LOOP ( 'NONE', ( #1140, #1523 ) ) ;
#573 = EDGE_CURVE ( 'NONE', #932, #354, #1363, .T. ) ;
#574 = CARTESIAN_POINT ( 'NONE',  ( 0.1029999999999999943, -0.008000000000000891814, 0.000000000000000000 ) ) ;
#575 = ORIENTED_EDGE ( 'NONE', *, *, #879, .F. ) ;
#576 = CYLINDRICAL_SURFACE ( 'NONE', #1325, 0.02050000000000052128 ) ;
#577 = UNCERTAINTY_MEASURE_WITH_UNIT (LENGTH_MEASURE( 1.000000000000000082E-05 ), #1202, 'distance_accuracy_value', 'NONE');
#578 = PLANE ( 'NONE',  #1459 ) ;
#579 = CARTESIAN_POINT ( 'NONE',  ( 0.1559999999999987230, -4.089104782400014099E-16, 0.000000000000000000 ) ) ;
#580 = ORIENTED_EDGE ( 'NONE', *, *, #1192, .T. ) ;
#581 = VECTOR ( 'NONE', #772, 39.37007874015748143 ) ;
#582 = EDGE_CURVE ( 'NONE', #1406, #1486, #783, .T. ) ;
#583 = SPHERICAL_SURFACE ( 'NONE', #909, 0.007999999999999733019 ) ;
#584 = AXIS2_PLACEMENT_3D ( 'NONE', #63, #1372, #1513 ) ;
#585 = EDGE_LOOP ( 'NONE', ( #1560, #102 ) ) ;
#586 = DIRECTION ( 'NONE',  ( -0.000000000000000000, 1.000000000000000000, -0.000000000000000000 ) ) ;
#587 = CARTESIAN_POINT ( 'NONE',  ( 0.1325000000000004785, -0.2770000000000006346, -0.08399999999999717415 ) ) ;
#588 = PLANE ( 'NONE',  #45 ) ;
#589 = CARTESIAN_POINT ( 'NONE',  ( 0.08249999999999999001, 0.000000000000000000, -0.03400000000000000244 ) ) ;
#590 = AXIS2_PLACEMENT_3D ( 'NONE', #973, #980, #1612 ) ;
#591 = DIRECTION ( 'NONE',  ( 0.000000000000000000, 0.000000000000000000, -1.000000000000000000 ) ) ;
#592 = ORIENTED_EDGE ( 'NONE', *, *, #991, .T. ) ;
#593 = CARTESIAN_POINT ( 'NONE',  ( 0.1029999999999999943, -4.087184331789371311E-16, 0.000000000000000000 ) ) ;
#594 = PRODUCT ( 'mill-max-855-22-006-10-001101', 'mill-max-855-22-006-10-001101', '', ( #962 ) ) ;
#595 = SHAPE_DEFINITION_REPRESENTATION ( #1514, #521 ) ;
#596 = EDGE_CURVE ( 'NONE', #343, #804, #936, .T. ) ;
#597 = DIRECTION ( 'NONE',  ( -0.000000000000000000, 1.000000000000000000, -0.000000000000000000 ) ) ;
#598 = LINE ( 'NONE', #318, #742 ) ;
#599 = ORIENTED_EDGE ( 'NONE', *, *, #17, .T. ) ;
#600 = CYLINDRICAL_SURFACE ( 'NONE', #766, 0.02050000000000001127 ) ;
#601 = EDGE_CURVE ( 'NONE', #945, #1065, #1439, .T. ) ;
#602 = ORIENTED_EDGE ( 'NONE', *, *, #1312, .F. ) ;
#603 = CARTESIAN_POINT ( 'NONE',  ( 0.1029999999999999943, -0.01850000000000103992, 0.000000000000000000 ) ) ;
#604 = DIRECTION ( 'NONE',  ( 0.000000000000000000, 0.000000000000000000, 1.000000000000000000 ) ) ;
#605 = FACE_BOUND ( 'NONE', #682, .T. ) ;
#606 = EDGE_LOOP ( 'NONE', ( #1318, #855, #1583, #193 ) ) ;
#607 = DIRECTION ( 'NONE',  ( 0.000000000000000000, 1.000000000000000000, 0.000000000000000000 ) ) ;
#608 = ORIENTED_EDGE ( 'NONE', *, *, #64, .T. ) ;
#609 = CARTESIAN_POINT ( 'NONE',  ( 0.03249999999999996642, -0.1940000000000000058, -0.1045000000000000095 ) ) ;
#610 = VECTOR ( 'NONE', #819, 39.37007874015748854 ) ;
#611 = ITEM_DEFINED_TRANSFORMATION ( 'NONE', 'NONE', #1546,  #1495 ) ;
#612 = AXIS2_PLACEMENT_3D ( 'NONE', #647, #895, #1696 ) ;
#613 = LINE ( 'NONE', #992, #101 ) ;
#614 = AXIS2_PLACEMENT_3D ( 'NONE', #1469, #261, #283 ) ;
#615 = CIRCLE ( 'NONE', #817, 0.02050000000000052128 ) ;
#616 = ORIENTED_EDGE ( 'NONE', *, *, #1017, .F. ) ;
#617 = DIRECTION ( 'NONE',  ( -1.000000000000000000, 0.000000000000000000, 2.893906772949431818E-16 ) ) ;
#618 = EDGE_LOOP ( 'NONE', ( #1512, #480 ) ) ;
#619 = DIRECTION ( 'NONE',  ( -0.000000000000000000, 1.000000000000000000, -0.000000000000000000 ) ) ;
#620 = ORIENTED_EDGE ( 'NONE', *, *, #1124, .F. ) ;
#621 = DIRECTION ( 'NONE',  ( -1.000000000000000000, 3.623491718193167398E-18, -0.000000000000000000 ) ) ;
#622 = CARTESIAN_POINT ( 'NONE',  ( 0.08249999999999997613, -4.286263797015734438E-19, -0.08400000000000001910 ) ) ;
#623 = ADVANCED_FACE ( 'NONE', ( #1207 ), #1349, .F. ) ;
#624 = ADVANCED_FACE ( 'NONE', ( #1327 ), #670, .F. ) ;
#625 = FACE_OUTER_BOUND ( 'NONE', #338, .T. ) ;
#626 = ORIENTED_EDGE ( 'NONE', *, *, #899, .T. ) ;
#627 = LINE ( 'NONE', #1014, #1163 ) ;
#628 = DIRECTION ( 'NONE',  ( 0.000000000000000000, 0.000000000000000000, 1.000000000000000000 ) ) ;
#629 = VERTEX_POINT ( 'NONE', #151 ) ;
#630 = CARTESIAN_POINT ( 'NONE',  ( -3.414809992080329023E-17, -0.1489999999999999936, -0.1179999999999999938 ) ) ;
#631 = ORIENTED_EDGE ( 'NONE', *, *, #1573, .T. ) ;
#632 = FACE_OUTER_BOUND ( 'NONE', #1431, .T. ) ;
#633 = ORIENTED_EDGE ( 'NONE', *, *, #260, .T. ) ;
#634 = FACE_OUTER_BOUND ( 'NONE', #798, .T. ) ;
#635 =( LENGTH_UNIT ( ) NAMED_UNIT ( * ) SI_UNIT ( $, .METRE. ) );
#636 = CARTESIAN_POINT ( 'NONE',  ( 0.1324999999999999789, -0.1489999999999999936, -0.08400000000000001910 ) ) ;
#637 = AXIS2_PLACEMENT_3D ( 'NONE', #781, #1601, #1316 ) ;
#638 = SHAPE_REPRESENTATION ( 'mill-max-855-22-006-10-001101_P8XX-28-013-02-090000(P806-28-013-02-090000)', ( #1495 ), #530 ) ;
#639 = CIRCLE ( 'NONE', #529, 0.02050000000000052128 ) ;
#640 = DIRECTION ( 'NONE',  ( 0.000000000000000000, -0.000000000000000000, -1.000000000000000000 ) ) ;
#641 = ORIENTED_EDGE ( 'NONE', *, *, #1572, .F. ) ;
#642 = DIRECTION ( 'NONE',  ( 0.000000000000000000, 0.000000000000000000, -1.000000000000000000 ) ) ;
#643 = EDGE_CURVE ( 'NONE', #1187, #354, #1270, .T. ) ;
#644 = EDGE_LOOP ( 'NONE', ( #84, #320 ) ) ;
#645 = DIRECTION ( 'NONE',  ( -1.000000000000000000, 3.623491718193167398E-18, -0.000000000000000000 ) ) ;
#646 = ORIENTED_EDGE ( 'NONE', *, *, #1371, .T. ) ;
#647 = CARTESIAN_POINT ( 'NONE',  ( 0.1029999999999999943, -4.087184331789371311E-16, 0.000000000000000000 ) ) ;
#648 = DIMENSIONAL_EXPONENTS ( 1.000000000000000000, 0.000000000000000000, 0.000000000000000000, 0.000000000000000000, 0.000000000000000000, 0.000000000000000000, 0.000000000000000000 ) ;
#649 = DIRECTION ( 'NONE',  ( -0.000000000000000000, 1.000000000000000000, -0.000000000000000000 ) ) ;
#650 =( NAMED_UNIT ( * ) PLANE_ANGLE_UNIT ( ) SI_UNIT ( $, .RADIAN. ) );
#651 = ORIENTED_EDGE ( 'NONE', *, *, #1418, .F. ) ;
#652 = CARTESIAN_POINT ( 'NONE',  ( 0.000000000000000000, -4.083452135319632762E-16, 0.000000000000000000 ) ) ;
#653 = DIRECTION ( 'NONE',  ( 1.000000000000000000, 0.000000000000000000, 0.000000000000000000 ) ) ;
#654 = ORIENTED_EDGE ( 'NONE', *, *, #1572, .T. ) ;
#655 = FACE_OUTER_BOUND ( 'NONE', #1129, .T. ) ;
#656 = AXIS2_PLACEMENT_3D ( 'NONE', #1597, #1613, #281 ) ;
#657 = ORIENTED_EDGE ( 'NONE', *, *, #1317, .T. ) ;
#658 = SURFACE_STYLE_FILL_AREA ( #1210 ) ;
#659 = CIRCLE ( 'NONE', #1463, 0.02050000000000000086 ) ;
#660 = AXIS2_PLACEMENT_3D ( 'NONE', #1402, #1536, #208 ) ;
#661 = VECTOR ( 'NONE', #1291, 39.37007874015748143 ) ;
#662 = DIRECTION ( 'NONE',  ( -0.000000000000000000, -1.000000000000000000, -0.000000000000000000 ) ) ;
#663 =( CONVERSION_BASED_UNIT ( 'INCH', #1313 ) LENGTH_UNIT ( ) NAMED_UNIT ( #1671 ) );
#664 = VERTEX_POINT ( 'NONE', #431 ) ;
#665 = DIRECTION ( 'NONE',  ( 0.000000000000000000, 0.000000000000000000, 1.000000000000000000 ) ) ;
#666 = DIRECTION ( 'NONE',  ( -0.000000000000000000, 1.000000000000000000, -0.000000000000000000 ) ) ;
#667 = ORIENTED_EDGE ( 'NONE', *, *, #389, .F. ) ;
#668 = CARTESIAN_POINT ( 'NONE',  ( 0.03249999999999998029, -0.1940000000000000058, -0.05449999999999999289 ) ) ;
#669 = ORIENTED_EDGE ( 'NONE', *, *, #60, .F. ) ;
#670 = CYLINDRICAL_SURFACE ( 'NONE', #13, 0.02050000000000052128 ) ;
#671 =( LENGTH_UNIT ( ) NAMED_UNIT ( * ) SI_UNIT ( $, .METRE. ) );
#672 = CYLINDRICAL_SURFACE ( 'NONE', #1543, 0.01850000000000063399 ) ;
#673 = CARTESIAN_POINT ( 'NONE',  ( 0.08249999999999999001, -0.1489999999999999936, -0.05450000000000052025 ) ) ;
#674 = ADVANCED_FACE ( 'NONE', ( #400 ), #1059, .T. ) ;
#675 = ORIENTED_EDGE ( 'NONE', *, *, #802, .T. ) ;
#676 = DIRECTION ( 'NONE',  ( 0.000000000000000000, 1.000000000000000000, 1.224646799147353207E-16 ) ) ;
#677 = ORIENTED_EDGE ( 'NONE', *, *, #1559, .T. ) ;
#678 = DIRECTION ( 'NONE',  ( -0.000000000000000000, 1.000000000000000000, -0.000000000000000000 ) ) ;
#679 = DIRECTION ( 'NONE',  ( -1.000000000000000000, 0.000000000000000000, -5.154430176725023824E-16 ) ) ;
#680 = DIRECTION ( 'NONE',  ( 0.000000000000000000, -1.000000000000000000, 0.000000000000000000 ) ) ;
#681 = VECTOR ( 'NONE', #434, 39.37007874015748143 ) ;
#682 = EDGE_LOOP ( 'NONE', ( #176, #494 ) ) ;
#683 = CIRCLE ( 'NONE', #954, 0.02050000000000052128 ) ;
#684 = AXIS2_PLACEMENT_3D ( 'NONE', #1498, #698, #848 ) ;
#685 = CARTESIAN_POINT ( 'NONE',  ( 0.2324999999999999845, -0.1940000000000000058, -0.08399999999999989420 ) ) ;
#686 = AXIS2_PLACEMENT_3D ( 'NONE', #630, #617, #1430 ) ;
#687 = CIRCLE ( 'NONE', #1389, 0.02050000000000052128 ) ;
#688 = VERTEX_POINT ( 'NONE', #162 ) ;
#689 = DIRECTION ( 'NONE',  ( 0.000000000000000000, -1.000000000000000000, 0.000000000000000000 ) ) ;
#690 = DIRECTION ( 'NONE',  ( -2.066973814784692131E-17, 1.000000000000000000, -7.051046358971097327E-15 ) ) ;
#691 = EDGE_CURVE ( 'NONE', #983, #1038, #1576, .T. ) ;
#692 = LINE ( 'NONE', #548, #1410 ) ;
#693 = DIRECTION ( 'NONE',  ( -0.000000000000000000, 1.000000000000000000, -0.000000000000000000 ) ) ;
#694 = VERTEX_POINT ( 'NONE', #948 ) ;
#695 = CARTESIAN_POINT ( 'NONE',  ( 0.1324999999999999789, -0.1489999999999999936, -0.01349999999999948117 ) ) ;
#696 = ORIENTED_EDGE ( 'NONE', *, *, #865, .T. ) ;
#697 = EDGE_CURVE ( 'NONE', #1476, #1575, #1487, .T. ) ;
#698 = DIRECTION ( 'NONE',  ( 1.000000000000000000, -3.623491718193167398E-18, 0.000000000000000000 ) ) ;
#699 = DIRECTION ( 'NONE',  ( -1.000000000000000000, 3.623491718193167398E-18, -0.000000000000000000 ) ) ;
#700 = DIRECTION ( 'NONE',  ( 3.623491718193167398E-18, 1.000000000000000000, 0.000000000000000000 ) ) ;
#701 = VERTEX_POINT ( 'NONE', #1380 ) ;
#702 = CYLINDRICAL_SURFACE ( 'NONE', #1651, 0.02050000000000052128 ) ;
#703 = ORIENTED_EDGE ( 'NONE', *, *, #1535, .T. ) ;
#704 = CARTESIAN_POINT ( 'NONE',  ( 0.1280000000000000027, -0.01950000000000029834, 0.000000000000000000 ) ) ;
#705 = DIRECTION ( 'NONE',  ( -1.000000000000000000, 3.623491718193167398E-18, -0.000000000000000000 ) ) ;
#706 = CARTESIAN_POINT ( 'NONE',  ( 0.007999999999999733019, 0.007999999999999330563, 0.000000000000000000 ) ) ;
#707 = VERTEX_POINT ( 'NONE', #351 ) ;
#708 = EDGE_CURVE ( 'NONE', #900, #688, #321, .T. ) ;
#709 = AXIS2_PLACEMENT_3D ( 'NONE', #65, #206, #604 ) ;
#710 = DIRECTION ( 'NONE',  ( -0.000000000000000000, 1.000000000000000000, -0.000000000000000000 ) ) ;
#711 = AXIS2_PLACEMENT_3D ( 'NONE', #253, #752, #1178 ) ;
#712 = ORIENTED_EDGE ( 'NONE', *, *, #1332, .F. ) ;
#713 = CARTESIAN_POINT ( 'NONE',  ( -3.414809992080329023E-17, -0.1489999999999999936, -0.1179999999999999938 ) ) ;
#714 = APPLICATION_PROTOCOL_DEFINITION ( 'draft international standard', 'automotive_design', 1998, #276 ) ;
#715 = VECTOR ( 'NONE', #870, 39.37007874015748143 ) ;
#716 = DIRECTION ( 'NONE',  ( 0.000000000000000000, -1.000000000000000000, 0.000000000000000000 ) ) ;
#717 = FACE_OUTER_BOUND ( 'NONE', #246, .T. ) ;
#718 = VERTEX_POINT ( 'NONE', #455 ) ;
#719 = FACE_OUTER_BOUND ( 'NONE', #289, .T. ) ;
#720 = VERTEX_POINT ( 'NONE', #971 ) ;
#721 = LINE ( 'NONE', #71, #48 ) ;
#722 = CARTESIAN_POINT ( 'NONE',  ( 0.2650000000000000688, -0.1489999999999999936, -0.1179999999999998550 ) ) ;
#723 = CARTESIAN_POINT ( 'NONE',  ( 0.2889999999999999791, -4.093924026385211090E-16, 0.000000000000000000 ) ) ;
#724 = EDGE_LOOP ( 'NONE', ( #998, #1429 ) ) ;
#725 = EDGE_CURVE ( 'NONE', #39, #664, #856, .T. ) ;
#726 = DIRECTION ( 'NONE',  ( 0.000000000000000000, 0.000000000000000000, 1.000000000000000000 ) ) ;
#727 = ORIENTED_EDGE ( 'NONE', *, *, #1386, .F. ) ;
#728 = CARTESIAN_POINT ( 'NONE',  ( 0.1029999999999999943, 0.01850000000000022113, 2.265596578422680076E-18 ) ) ;
#729 = DIRECTION ( 'NONE',  ( 0.000000000000000000, -0.000000000000000000, -1.000000000000000000 ) ) ;
#730 = DIRECTION ( 'NONE',  ( 0.000000000000000000, 0.000000000000000000, 1.000000000000000000 ) ) ;
#731 = LINE ( 'NONE', #355, #192 ) ;
#732 = ADVANCED_FACE ( 'NONE', ( #1108 ), #576, .F. ) ;
#733 = VERTEX_POINT ( 'NONE', #603 ) ;
#734 = DIRECTION ( 'NONE',  ( -1.000000000000000000, 3.623491718193167398E-18, -0.000000000000000000 ) ) ;
#735 = VECTOR ( 'NONE', #143, 39.37007874015748143 ) ;
#736 = EDGE_CURVE ( 'NONE', #863, #1571, #1700, .T. ) ;
#737 = ITEM_DEFINED_TRANSFORMATION ( 'NONE', 'NONE', #963,  #1495 ) ;
#738 = CIRCLE ( 'NONE', #333, 0.009550000000000039360 ) ;
#739 = CARTESIAN_POINT ( 'NONE',  ( 6.703459678657588381E-20, 0.01850000000000022460, 2.265596578422680461E-18 ) ) ;
#740 = LINE ( 'NONE', #237, #661 ) ;
#741 = AXIS2_PLACEMENT_3D ( 'NONE', #1378, #1503, #1104 ) ;
#742 = VECTOR ( 'NONE', #1641, 39.37007874015748143 ) ;
#743 = ORIENTED_EDGE ( 'NONE', *, *, #230, .T. ) ;
#744 = DIRECTION ( 'NONE',  ( -1.000000000000000000, 3.623491718193167398E-18, -0.000000000000000000 ) ) ;
#745 = VERTEX_POINT ( 'NONE', #728 ) ;
#746 = CARTESIAN_POINT ( 'NONE',  ( 0.2650000000000000688, -0.1489999999999999936, -0.1179999999999998550 ) ) ;
#747 = ORIENTED_EDGE ( 'NONE', *, *, #36, .T. ) ;
#748 = DIRECTION ( 'NONE',  ( 0.000000000000000000, 1.000000000000000000, 0.000000000000000000 ) ) ;
#749 = PRODUCT_DEFINITION_SHAPE ( 'NONE', 'NONE',  #858 ) ;
#750 = VERTEX_POINT ( 'NONE', #1397 ) ;
#751 = VERTEX_POINT ( 'NONE', #609 ) ;
#752 = DIRECTION ( 'NONE',  ( -1.000000000000000000, 3.623491718193167398E-18, -0.000000000000000000 ) ) ;
#753 = ORIENTED_EDGE ( 'NONE', *, *, #1480, .F. ) ;
#754 = CARTESIAN_POINT ( 'NONE',  ( 0.1824999999999999956, -0.1489999999999999936, -0.05450000000000052025 ) ) ;
#755 = DIRECTION ( 'NONE',  ( 0.000000000000000000, 0.000000000000000000, 1.000000000000000000 ) ) ;
#756 = ORIENTED_EDGE ( 'NONE', *, *, #465, .T. ) ;
#757 = EDGE_CURVE ( 'NONE', #694, #842, #133, .T. ) ;
#758 = DIRECTION ( 'NONE',  ( 0.000000000000000000, 0.000000000000000000, 1.000000000000000000 ) ) ;
#759 = ORIENTED_EDGE ( 'NONE', *, *, #379, .F. ) ;
#760 = CARTESIAN_POINT ( 'NONE',  ( 0.1154999999999992560, -0.01850000000000103992, 0.000000000000000000 ) ) ;
#761 = AXIS2_PLACEMENT_3D ( 'NONE', #1145, #1381, #1276 ) ;
#762 = AXIS2_PLACEMENT_3D ( 'NONE', #1392, #705, #716 ) ;
#763 = CYLINDRICAL_SURFACE ( 'NONE', #387, 0.01949999999999988895 ) ;
#764 = AXIS2_PLACEMENT_3D ( 'NONE', #422, #531, #25 ) ;
#765 = ORIENTED_EDGE ( 'NONE', *, *, #1232, .F. ) ;
#766 = AXIS2_PLACEMENT_3D ( 'NONE', #297, #1511, #1264 ) ;
#767 = AXIS2_PLACEMENT_3D ( 'NONE', #950, #852, #823 ) ;
#768 = CIRCLE ( 'NONE', #1653, 0.02050000000000001127 ) ;
#769 = ORIENTED_EDGE ( 'NONE', *, *, #916, .F. ) ;
#770 = DIRECTION ( 'NONE',  ( -0.000000000000000000, 1.000000000000000000, -0.000000000000000000 ) ) ;
#771 = DIRECTION ( 'NONE',  ( -0.000000000000000000, 1.000000000000000000, -0.000000000000000000 ) ) ;
#772 = DIRECTION ( 'NONE',  ( 2.893906772949431818E-16, 0.000000000000000000, 1.000000000000000000 ) ) ;
#773 = DIRECTION ( 'NONE',  ( -1.000000000000000000, 3.623491718193167398E-18, -0.000000000000000000 ) ) ;
#774 = DIRECTION ( 'NONE',  ( -1.000000000000000000, 3.623491718193167398E-18, -0.000000000000000000 ) ) ;
#775 = ORIENTED_EDGE ( 'NONE', *, *, #389, .T. ) ;
#776 = CARTESIAN_POINT ( 'NONE',  ( 0.2650000000000000688, -0.1489999999999999936, 0.000000000000000000 ) ) ;
#777 = EDGE_CURVE ( 'NONE', #1206, #39, #1250, .T. ) ;
#778 = ORIENTED_EDGE ( 'NONE', *, *, #1150, .F. ) ;
#779 = CARTESIAN_POINT ( 'NONE',  ( -6.703459678657588381E-20, -0.01850000000000103992, 0.000000000000000000 ) ) ;
#780 = PRODUCT_DEFINITION ( 'UNKNOWN', '', #1138, #821 ) ;
#781 = CARTESIAN_POINT ( 'NONE',  ( 0.1324999999999999789, -4.286263797015734438E-19, -0.03400000000000000244 ) ) ;
#782 = ORIENTED_EDGE ( 'NONE', *, *, #952, .F. ) ;
#783 = LINE ( 'NONE', #1225, #1073 ) ;
#784 = AXIS2_PLACEMENT_3D ( 'NONE', #29, #793, #1209 ) ;
#785 = CARTESIAN_POINT ( 'NONE',  ( 0.2889999999999999791, -4.093924026385211090E-16, 0.000000000000000000 ) ) ;
#786 = AXIS2_PLACEMENT_3D ( 'NONE', #1655, #1096, #1638 ) ;
#787 = CIRCLE ( 'NONE', #275, 0.02150000000000055686 ) ;
#788 = AXIS2_PLACEMENT_3D ( 'NONE', #652, #1699, #1195 ) ;
#789 = DIRECTION ( 'NONE',  ( -0.000000000000000000, 1.000000000000000000, -0.000000000000000000 ) ) ;
#790 = EDGE_LOOP ( 'NONE', ( #935, #278, #70, #853 ) ) ;
#791 = FACE_OUTER_BOUND ( 'NONE', #1629, .T. ) ;
#792 =( REPRESENTATION_RELATIONSHIP ('NONE','NONE', #521, #638 ) REPRESENTATION_RELATIONSHIP_WITH_TRANSFORMATION ( #849 )SHAPE_REPRESENTATION_RELATIONSHIP( ) );
#793 = DIRECTION ( 'NONE',  ( -0.000000000000000000, 1.000000000000000000, -0.000000000000000000 ) ) ;
#794 =( NAMED_UNIT ( * ) SI_UNIT ( $, .STERADIAN. ) SOLID_ANGLE_UNIT ( ) );
#795 = EDGE_LOOP ( 'NONE', ( #912, #1310 ) ) ;
#796 = ADVANCED_FACE ( 'NONE', ( #1618 ), #1530, .T. ) ;
#797 = FACE_OUTER_BOUND ( 'NONE', #300, .T. ) ;
#798 = EDGE_LOOP ( 'NONE', ( #1062, #1588, #1009, #947 ) ) ;
#799 = CARTESIAN_POINT ( 'NONE',  ( -7.065808850476634807E-20, -0.01950000000000029834, 0.000000000000000000 ) ) ;
#800 =( NAMED_UNIT ( * ) SI_UNIT ( $, .STERADIAN. ) SOLID_ANGLE_UNIT ( ) );
#801 = PLANE ( 'NONE',  #1215 ) ;
#802 = EDGE_CURVE ( 'NONE', #1211, #750, #1191, .T. ) ;
#803 = CARTESIAN_POINT ( 'NONE',  ( 0.1824999999999999956, 0.000000000000000000, -0.03400000000000000244 ) ) ;
#804 = VERTEX_POINT ( 'NONE', #704 ) ;
#805 = EDGE_CURVE ( 'NONE', #1553, #235, #443, .T. ) ;
#806 = DIRECTION ( 'NONE',  ( 0.000000000000000000, -1.000000000000000000, 0.000000000000000000 ) ) ;
#807 = ADVANCED_FACE ( 'NONE', ( #445, #961 ), #329, .F. ) ;
#808 = EDGE_LOOP ( 'NONE', ( #667, #641 ) ) ;
#809 = CARTESIAN_POINT ( 'NONE',  ( 0.1824999999999999956, -4.286263797015734438E-19, -0.01349999999999948117 ) ) ;
#810 = DIRECTION ( 'NONE',  ( -0.000000000000000000, -1.000000000000000000, -0.000000000000000000 ) ) ;
#811 = CARTESIAN_POINT ( 'NONE',  ( 0.1280000000000000027, 0.02150000000000014400, 0.000000000000000000 ) ) ;
#812 = ORIENTED_EDGE ( 'NONE', *, *, #1332, .T. ) ;
#813 = AXIS2_PLACEMENT_3D ( 'NONE', #16, #665, #558 ) ;
#814 = AXIS2_PLACEMENT_3D ( 'NONE', #1340, #774, #1198 ) ;
#815 = CARTESIAN_POINT ( 'NONE',  ( 0.1324999999999999789, -4.286263797015734438E-19, -0.01349999999999948117 ) ) ;
#816 = AXIS2_PLACEMENT_3D ( 'NONE', #95, #1662, #640 ) ;
#817 = AXIS2_PLACEMENT_3D ( 'NONE', #485, #92, #755 ) ;
#818 = VERTEX_POINT ( 'NONE', #313 ) ;
#819 = DIRECTION ( 'NONE',  ( -0.9659258262890462188, -0.2588190451026033401, 0.000000000000000000 ) ) ;
#820 =( CONVERSION_BASED_UNIT ( 'INCH', #425 ) LENGTH_UNIT ( ) NAMED_UNIT ( #648 ) );
#821 = PRODUCT_DEFINITION_CONTEXT ( 'detailed design', #94, 'design' ) ;
#822 = FACE_OUTER_BOUND ( 'NONE', #124, .T. ) ;
#823 = DIRECTION ( 'NONE',  ( 0.000000000000000000, -1.000000000000000000, 0.000000000000000000 ) ) ;
#824 = ORIENTED_EDGE ( 'NONE', *, *, #1235, .F. ) ;
#825 = FACE_BOUND ( 'NONE', #54, .T. ) ;
#826 = ADVANCED_FACE ( 'NONE', ( #1391 ), #179, .T. ) ;
#827 = ORIENTED_EDGE ( 'NONE', *, *, #1580, .T. ) ;
#828 = DIRECTION ( 'NONE',  ( 0.000000000000000000, 0.000000000000000000, 1.000000000000000000 ) ) ;
#829 = EDGE_CURVE ( 'NONE', #1474, #1168, #721, .T. ) ;
#830 = FACE_OUTER_BOUND ( 'NONE', #1497, .T. ) ;
#831 = DIRECTION ( 'NONE',  ( 0.000000000000000000, -1.000000000000000000, 0.000000000000000000 ) ) ;
#832 = ORIENTED_EDGE ( 'NONE', *, *, #1192, .F. ) ;
#833 = PRODUCT_RELATED_PRODUCT_CATEGORY ( 'part', '', ( #594 ) ) ;
#834 = FACE_BOUND ( 'NONE', #585, .T. ) ;
#835 = ORIENTED_EDGE ( 'NONE', *, *, #115, .T. ) ;
#836 = DIRECTION ( 'NONE',  ( -0.000000000000000000, 1.000000000000000000, -0.000000000000000000 ) ) ;
#837 = DIRECTION ( 'NONE',  ( 1.000000000000000000, 0.000000000000000000, 0.000000000000000000 ) ) ;
#838 = EDGE_CURVE ( 'NONE', #733, #745, #907, .T. ) ;
#839 = LINE ( 'NONE', #1268, #1591 ) ;
#840 = DIRECTION ( 'NONE',  ( 0.000000000000000000, 0.000000000000000000, 1.000000000000000000 ) ) ;
#841 = EDGE_CURVE ( 'NONE', #1441, #1643, #1018, .T. ) ;
#842 = VERTEX_POINT ( 'NONE', #999 ) ;
#843 = AXIS2_PLACEMENT_3D ( 'NONE', #1193, #534, #93 ) ;
#844 = FACE_BOUND ( 'NONE', #482, .T. ) ;
#845 = AXIS2_PLACEMENT_3D ( 'NONE', #1420, #227, #1290 ) ;
#846 = AXIS2_PLACEMENT_3D ( 'NONE', #1442, #234, #903 ) ;
#847 = ORIENTED_EDGE ( 'NONE', *, *, #407, .F. ) ;
#848 = DIRECTION ( 'NONE',  ( 3.623491718193167398E-18, 1.000000000000000000, 0.000000000000000000 ) ) ;
#849 = ITEM_DEFINED_TRANSFORMATION ( 'NONE', 'NONE', #307,  #1495 ) ;
#850 = CARTESIAN_POINT ( 'NONE',  ( 0.000000000000000000, -0.1489999999999999936, 0.000000000000000000 ) ) ;
#851 = CIRCLE ( 'NONE', #365, 0.02050000000000000086 ) ;
#852 = DIRECTION ( 'NONE',  ( -1.000000000000000000, 3.623491718193167398E-18, -0.000000000000000000 ) ) ;
#853 = ORIENTED_EDGE ( 'NONE', *, *, #270, .T. ) ;
#854 = DIRECTION ( 'NONE',  ( 0.000000000000000000, 0.000000000000000000, -1.000000000000000000 ) ) ;
#855 = ORIENTED_EDGE ( 'NONE', *, *, #507, .T. ) ;
#856 = LINE ( 'NONE', #1260, #1041 ) ;
#857 = ITEM_DEFINED_TRANSFORMATION ( 'NONE', 'NONE', #993,  #1495 ) ;
#858 = PRODUCT_DEFINITION ( 'UNKNOWN', '', #217, #173 ) ;
#859 = DIRECTION ( 'NONE',  ( -0.000000000000000000, 1.000000000000000000, -0.000000000000000000 ) ) ;
#860 = LINE ( 'NONE', #1139, #1248 ) ;
#861 = ORIENTED_EDGE ( 'NONE', *, *, #512, .F. ) ;
#862 = FACE_OUTER_BOUND ( 'NONE', #790, .T. ) ;
#863 = VERTEX_POINT ( 'NONE', #864 ) ;
#864 = CARTESIAN_POINT ( 'NONE',  ( 0.1824999999999999678, -4.286263797015734438E-19, -0.1045000000000005369 ) ) ;
#865 = EDGE_CURVE ( 'NONE', #688, #15, #987, .T. ) ;
#866 = CARTESIAN_POINT ( 'NONE',  ( 0.2650000000000000688, -0.1489999999999999936, -0.1179999999999998550 ) ) ;
#867 = CARTESIAN_POINT ( 'NONE',  ( 0.000000000000000000, -4.083452135319632762E-16, 0.000000000000000000 ) ) ;
#868 = VERTEX_POINT ( 'NONE', #357 ) ;
#869 = CLOSED_SHELL ( 'NONE', ( #522, #826, #442, #1174, #435, #309, #624, #1437, #1204, #1596, #1309, #1365, #339, #457, #674, #1608, #623, #1483, #732, #214, #917, #438, #1128, #1157, #1661, #209, #1334, #147, #181, #1169 ) ) ;
#870 = DIRECTION ( 'NONE',  ( 0.000000000000000000, 1.000000000000000000, 0.000000000000000000 ) ) ;
#871 = CIRCLE ( 'NONE', #43, 0.02050000000000001127 ) ;
#872 = VERTEX_POINT ( 'NONE', #1299 ) ;
#873 = CYLINDRICAL_SURFACE ( 'NONE', #1328, 0.02050000000000052128 ) ;
#874 = AXIS2_PLACEMENT_3D ( 'NONE', #344, #836, #186 ) ;
#875 = AXIS2_PLACEMENT_3D ( 'NONE', #587, #1088, #690 ) ;
#876 = CIRCLE ( 'NONE', #1102, 0.007999999999999733019 ) ;
#877 = ORIENTED_EDGE ( 'NONE', *, *, #270, .F. ) ;
#878 = CARTESIAN_POINT ( 'NONE',  ( 0.1324999999999999789, -0.1489999999999999936, -0.08400000000000001910 ) ) ;
#879 = EDGE_CURVE ( 'NONE', #15, #688, #1443, .T. ) ;
#880 = AXIS2_PLACEMENT_3D ( 'NONE', #175, #38, #1491 ) ;
#881 = VERTEX_POINT ( 'NONE', #1562 ) ;
#882 = FACE_BOUND ( 'NONE', #808, .T. ) ;
#883 = VERTEX_POINT ( 'NONE', #746 ) ;
#884 = DIRECTION ( 'NONE',  ( -1.000000000000000000, 0.000000000000000000, -5.154430176725023824E-16 ) ) ;
#885 = CONTEXT_DEPENDENT_SHAPE_REPRESENTATION ( #891, #1675 ) ;
#886 = ORIENTED_EDGE ( 'NONE', *, *, #1277, .T. ) ;
#887 = CARTESIAN_POINT ( 'NONE',  ( 0.08249999999999997613, -4.286263797015734438E-19, -0.1045000000000005369 ) ) ;
#888 = CARTESIAN_POINT ( 'NONE',  ( 0.3500000000000013101, 4.358360289202653941E-16, 0.000000000000000000 ) ) ;
#889 = PRODUCT_DEFINITION_SHAPE ( 'NONE', 'NONE',  #1716 ) ;
#890 = DIRECTION ( 'NONE',  ( 0.000000000000000000, -1.000000000000000000, 0.000000000000000000 ) ) ;
#891 =( REPRESENTATION_RELATIONSHIP ('NONE','NONE', #521, #1509 ) REPRESENTATION_RELATIONSHIP_WITH_TRANSFORMATION ( #857 )SHAPE_REPRESENTATION_RELATIONSHIP( ) );
#892 = EDGE_CURVE ( 'NONE', #1474, #356, #787, .T. ) ;
#893 = CARTESIAN_POINT ( 'NONE',  ( 0.1280000000000000027, -4.088090204718919684E-16, 0.000000000000000000 ) ) ;
#894 = EDGE_LOOP ( 'NONE', ( #847, #1424 ) ) ;
#895 = DIRECTION ( 'NONE',  ( -1.000000000000000000, 3.623491718193167398E-18, -0.000000000000000000 ) ) ;
#896 = ORIENTED_EDGE ( 'NONE', *, *, #1347, .F. ) ;
#897 = DIRECTION ( 'NONE',  ( -0.000000000000000000, 1.000000000000000000, -0.000000000000000000 ) ) ;
#898 = CARTESIAN_POINT ( 'NONE',  ( 0.2889999999999999791, -0.009550000000001257136, 0.000000000000000000 ) ) ;
#899 = EDGE_CURVE ( 'NONE', #1107, #542, #504, .T. ) ;
#900 = VERTEX_POINT ( 'NONE', #1539 ) ;
#901 = EDGE_CURVE ( 'NONE', #872, #983, #659, .T. ) ;
#902 = ORIENTED_EDGE ( 'NONE', *, *, #51, .F. ) ;
#903 = DIRECTION ( 'NONE',  ( 0.000000000000000000, 0.000000000000000000, 1.000000000000000000 ) ) ;
#904 = CIRCLE ( 'NONE', #157, 0.009550000000000846007 ) ;
#905 = FACE_OUTER_BOUND ( 'NONE', #1339, .T. ) ;
#906 = CARTESIAN_POINT ( 'NONE',  ( 0.000000000000000000, 0.000000000000000000, 0.000000000000000000 ) ) ;
#907 = CIRCLE ( 'NONE', #135, 0.01850000000000063052 ) ;
#908 = LINE ( 'NONE', #1709, #1324 ) ;
#909 = AXIS2_PLACEMENT_3D ( 'NONE', #68, #591, #607 ) ;
#910 = EDGE_CURVE ( 'NONE', #510, #472, #1355, .T. ) ;
#911 = DIRECTION ( 'NONE',  ( -3.623491718193167398E-18, -1.000000000000000000, 0.000000000000000000 ) ) ;
#912 = ORIENTED_EDGE ( 'NONE', *, *, #239, .F. ) ;
#913 = DIRECTION ( 'NONE',  ( 1.000000000000000000, -0.000000000000000000, 0.000000000000000000 ) ) ;
#914 = ORIENTED_EDGE ( 'NONE', *, *, #582, .T. ) ;
#915 =( NAMED_UNIT ( * ) PLANE_ANGLE_UNIT ( ) SI_UNIT ( $, .RADIAN. ) );
#916 = EDGE_CURVE ( 'NONE', #308, #1403, #627, .T. ) ;
#917 = ADVANCED_FACE ( 'NONE', ( #632 ), #873, .F. ) ;
#918 = CYLINDRICAL_SURFACE ( 'NONE', #614, 0.02050000000000000433 ) ;
#919 = EDGE_CURVE ( 'NONE', #1168, #881, #1074, .T. ) ;
#920 = ORIENTED_EDGE ( 'NONE', *, *, #573, .T. ) ;
#921 = CARTESIAN_POINT ( 'NONE',  ( 0.000000000000000000, -0.1489999999999999936, 0.000000000000000000 ) ) ;
#922 = DIRECTION ( 'NONE',  ( -1.000000000000000000, 3.623491718193167398E-18, -0.000000000000000000 ) ) ;
#923 = CARTESIAN_POINT ( 'NONE',  ( 0.03249999999999996642, -0.1940000000000000058, -0.08399999999999999134 ) ) ;
#924 = ORIENTED_EDGE ( 'NONE', *, *, #805, .F. ) ;
#925 = DIRECTION ( 'NONE',  ( 0.000000000000000000, 0.000000000000000000, 1.000000000000000000 ) ) ;
#926 = SURFACE_STYLE_FILL_AREA ( #1705 ) ;
#927 = CIRCLE ( 'NONE', #1158, 0.009550000000000865089 ) ;
#928 = CARTESIAN_POINT ( 'NONE',  ( 0.2650000000000000688, 0.000000000000000000, 0.000000000000000000 ) ) ;
#929 = LINE ( 'NONE', #122, #1330 ) ;
#930 = AXIS2_PLACEMENT_3D ( 'NONE', #501, #897, #236 ) ;
#931 = AXIS2_PLACEMENT_3D ( 'NONE', #1549, #770, #117 ) ;
#932 = VERTEX_POINT ( 'NONE', #1673 ) ;
#933 = CIRCLE ( 'NONE', #1167, 0.02050000000000052128 ) ;
#934 = FACE_OUTER_BOUND ( 'NONE', #265, .T. ) ;
#935 = ORIENTED_EDGE ( 'NONE', *, *, #725, .F. ) ;
#936 = LINE ( 'NONE', #799, #103 ) ;
#937 = DIRECTION ( 'NONE',  ( 0.000000000000000000, -1.000000000000000000, 0.000000000000000000 ) ) ;
#938 = EDGE_CURVE ( 'NONE', #953, #720, #1680, .T. ) ;
#939 = ORIENTED_EDGE ( 'NONE', *, *, #865, .F. ) ;
#940 = DIRECTION ( 'NONE',  ( 0.000000000000000000, -1.000000000000000000, 0.000000000000000000 ) ) ;
#941 = ORIENTED_EDGE ( 'NONE', *, *, #1124, .T. ) ;
#942 = DIRECTION ( 'NONE',  ( -0.000000000000000000, 1.000000000000000000, -0.000000000000000000 ) ) ;
#943 = CARTESIAN_POINT ( 'NONE',  ( 0.03249999999999998029, -0.1940000000000000058, -0.03399999999999998856 ) ) ;
#944 = LINE ( 'NONE', #779, #1076 ) ;
#945 = VERTEX_POINT ( 'NONE', #760 ) ;
#946 = DIRECTION ( 'NONE',  ( -1.000000000000000000, 3.623491718193167398E-18, -0.000000000000000000 ) ) ;
#947 = ORIENTED_EDGE ( 'NONE', *, *, #596, .F. ) ;
#948 = CARTESIAN_POINT ( 'NONE',  ( 0.2889999999999999791, 0.01850000000000022113, 2.265596578422681232E-18 ) ) ;
#949 = DIRECTION ( 'NONE',  ( 3.623491718193167398E-18, 1.000000000000000000, 0.000000000000000000 ) ) ;
#950 = CARTESIAN_POINT ( 'NONE',  ( 0.1559999999999987230, -4.089104782400014099E-16, 0.000000000000000000 ) ) ;
#951 = AXIS2_PLACEMENT_3D ( 'NONE', #785, #1479, #1329 ) ;
#952 = EDGE_CURVE ( 'NONE', #750, #1211, #78, .T. ) ;
#953 = VERTEX_POINT ( 'NONE', #1039 ) ;
#954 = AXIS2_PLACEMENT_3D ( 'NONE', #1007, #1564, #383 ) ;
#955 = AXIS2_PLACEMENT_3D ( 'NONE', #906, #1189, #1515 ) ;
#956 = CIRCLE ( 'NONE', #1022, 0.007999999999999738223 ) ;
#957 = DIRECTION ( 'NONE',  ( 0.000000000000000000, -1.000000000000000000, 0.000000000000000000 ) ) ;
#958 = EDGE_CURVE ( 'NONE', #883, #1206, #367, .T. ) ;
#959 = AXIS2_PLACEMENT_3D ( 'NONE', #723, #1382, #1234 ) ;
#960 = ORIENTED_EDGE ( 'NONE', *, *, #77, .T. ) ;
#961 = FACE_OUTER_BOUND ( 'NONE', #1534, .T. ) ;
#962 = PRODUCT_CONTEXT ( 'NONE', #1010, 'mechanical' ) ;
#963 = AXIS2_PLACEMENT_3D ( 'NONE', #35, #1081, #180 ) ;
#964 = UNCERTAINTY_MEASURE_WITH_UNIT (LENGTH_MEASURE( 1.000000000000000082E-05 ), #286, 'distance_accuracy_value', 'NONE');
#965 = CYLINDRICAL_SURFACE ( 'NONE', #761, 0.02050000000000052128 ) ;
#966 = CARTESIAN_POINT ( 'NONE',  ( 0.1643971143170204208, -4.089409051141858210E-16, 0.000000000000000000 ) ) ;
#967 = PRODUCT_DEFINITION ( 'UNKNOWN', '', #1551, #316 ) ;
#968 = ORIENTED_EDGE ( 'NONE', *, *, #561, .F. ) ;
#969 = FACE_BOUND ( 'NONE', #644, .T. ) ;
#970 = EDGE_LOOP ( 'NONE', ( #210, #268 ) ) ;
#971 = CARTESIAN_POINT ( 'NONE',  ( 0.1824999999999999678, -0.1489999999999999936, -0.1045000000000005369 ) ) ;
#972 = ADVANCED_FACE ( 'NONE', ( #393 ), #1425, .T. ) ;
#973 = CARTESIAN_POINT ( 'NONE',  ( 0.000000000000000000, 0.000000000000000000, 0.000000000000000000 ) ) ;
#974 = DIRECTION ( 'NONE',  ( -1.000000000000000000, 3.623491718193167398E-18, -0.000000000000000000 ) ) ;
#975 = DIRECTION ( 'NONE',  ( 0.000000000000000000, 0.000000000000000000, 1.000000000000000000 ) ) ;
#976 = ORIENTED_EDGE ( 'NONE', *, *, #691, .T. ) ;
#977 = FACE_BOUND ( 'NONE', #1687, .T. ) ;
#978 = ORIENTED_EDGE ( 'NONE', *, *, #1386, .T. ) ;
#979 = CARTESIAN_POINT ( 'NONE',  ( 0.007999999999999733019, -4.030095729193377429E-16, 0.000000000000000000 ) ) ;
#980 = DIRECTION ( 'NONE',  ( 0.000000000000000000, 0.000000000000000000, 1.000000000000000000 ) ) ;
#981 = CYLINDRICAL_SURFACE ( 'NONE', #1589, 0.01850000000000063399 ) ;
#982 = CYLINDRICAL_SURFACE ( 'NONE', #880, 0.008000000000000111189 ) ;
#983 = VERTEX_POINT ( 'NONE', #1288 ) ;
#984 = CIRCLE ( 'NONE', #784, 0.02050000000000052128 ) ;
#985 = VECTOR ( 'NONE', #334, 39.37007874015748143 ) ;
#986 = LINE ( 'NONE', #342, #390 ) ;
#987 = CIRCLE ( 'NONE', #191, 0.02050000000000000433 ) ;
#988 = CIRCLE ( 'NONE', #1493, 0.02150000000000055686 ) ;
#989 = ORIENTED_EDGE ( 'NONE', *, *, #757, .T. ) ;
#990 = DIRECTION ( 'NONE',  ( -0.000000000000000000, 1.000000000000000000, -0.000000000000000000 ) ) ;
#991 = EDGE_CURVE ( 'NONE', #818, #366, #82, .T. ) ;
#992 = CARTESIAN_POINT ( 'NONE',  ( 0.000000000000000000, -0.1489999999999999936, 0.000000000000000000 ) ) ;
#993 = AXIS2_PLACEMENT_3D ( 'NONE', #172, #1619, #1478 ) ;
#994 = FACE_OUTER_BOUND ( 'NONE', #1637, .T. ) ;
#995 = ORIENTED_EDGE ( 'NONE', *, *, #1405, .F. ) ;
#996 = EDGE_CURVE ( 'NONE', #953, #1571, #1683, .T. ) ;
#997 = DIRECTION ( 'NONE',  ( -0.000000000000000000, 1.000000000000000000, -0.000000000000000000 ) ) ;
#998 = ORIENTED_EDGE ( 'NONE', *, *, #643, .F. ) ;
#999 = CARTESIAN_POINT ( 'NONE',  ( 0.2889999999999999791, -0.01850000000000103992, 0.000000000000000000 ) ) ;
#1000 = CARTESIAN_POINT ( 'NONE',  ( 0.03249999999999996642, -0.1940000000000000058, -0.08399999999999999134 ) ) ;
#1001 = CYLINDRICAL_SURFACE ( 'NONE', #1049, 0.02050000000000000433 ) ;
#1002 = EDGE_LOOP ( 'NONE', ( #437, #712, #1561, #1394 ) ) ;
#1003 = CARTESIAN_POINT ( 'NONE',  ( 0.1280000000000000027, 0.01949999999999947956, 2.388061258337324992E-18 ) ) ;
#1004 = VERTEX_POINT ( 'NONE', #1027 ) ;
#1005 = DIRECTION ( 'NONE',  ( -0.000000000000000000, 1.000000000000000000, -0.000000000000000000 ) ) ;
#1006 = ORIENTED_EDGE ( 'NONE', *, *, #1364, .F. ) ;
#1007 = CARTESIAN_POINT ( 'NONE',  ( 0.1324999999999999789, -0.1489999999999999936, -0.03400000000000000244 ) ) ;
#1008 = FACE_OUTER_BOUND ( 'NONE', #201, .T. ) ;
#1009 = ORIENTED_EDGE ( 'NONE', *, *, #1356, .F. ) ;
#1010 = APPLICATION_CONTEXT ( 'automotive_design' ) ;
#1011 = CARTESIAN_POINT ( 'NONE',  ( 7.582401355855258111E-33, -0.1489999999999999936, 0.000000000000000000 ) ) ;
#1012 = VECTOR ( 'NONE', #562, 39.37007874015748143 ) ;
#1013 = ORIENTED_EDGE ( 'NONE', *, *, #1692, .T. ) ;
#1014 = CARTESIAN_POINT ( 'NONE',  ( 0.03249999999999996642, -0.1940000000000000058, -0.06349999999999998701 ) ) ;
#1015 = VECTOR ( 'NONE', #748, 39.37007874015748143 ) ;
#1016 = CONTEXT_DEPENDENT_SHAPE_REPRESENTATION ( #1595, #1294 ) ;
#1017 = EDGE_CURVE ( 'NONE', #720, #953, #160, .T. ) ;
#1018 = CIRCLE ( 'NONE', #1133, 0.02050000000000052128 ) ;
#1019 = FACE_OUTER_BOUND ( 'NONE', #1676, .T. ) ;
#1020 = EDGE_CURVE ( 'NONE', #1682, #1094, #738, .T. ) ;
#1021 = DIRECTION ( 'NONE',  ( -0.000000000000000000, 1.000000000000000000, -0.000000000000000000 ) ) ;
#1022 = AXIS2_PLACEMENT_3D ( 'NONE', #1222, #565, #1458 ) ;
#1023 = CIRCLE ( 'NONE', #1333, 0.02050000000000000433 ) ;
#1024 = ORIENTED_EDGE ( 'NONE', *, *, #601, .F. ) ;
#1025 = DIRECTION ( 'NONE',  ( 0.000000000000000000, 1.000000000000000000, 0.000000000000000000 ) ) ;
#1026 = ORIENTED_EDGE ( 'NONE', *, *, #1070, .F. ) ;
#1027 = CARTESIAN_POINT ( 'NONE',  ( 0.08249999999999997613, -0.1489999999999999936, -0.06349999999999948741 ) ) ;
#1028 = ADVANCED_FACE ( 'NONE', ( #1346 ), #1385, .T. ) ;
#1029 = CARTESIAN_POINT ( 'NONE',  ( 0.1154999999999992560, -4.087637268254145498E-16, 0.000000000000000000 ) ) ;
#1030 = CARTESIAN_POINT ( 'NONE',  ( 0.000000000000000000, 0.000000000000000000, 0.000000000000000000 ) ) ;
#1031 = EDGE_LOOP ( 'NONE', ( #575, #939 ) ) ;
#1032 = FILL_AREA_STYLE ('',( #1296 ) ) ;
#1033 = EDGE_LOOP ( 'NONE', ( #1578, #1255 ) ) ;
#1034 = CARTESIAN_POINT ( 'NONE',  ( 0.2324999999999999845, -0.1489999999999999936, -0.03399999999999989142 ) ) ;
#1035 = EDGE_CURVE ( 'NONE', #354, #1187, #1624, .T. ) ;
#1036 = EDGE_LOOP ( 'NONE', ( #325, #1305, #924 ) ) ;
#1037 = DIRECTION ( 'NONE',  ( -3.623491718193166628E-18, -1.000000000000000000, 0.000000000000000000 ) ) ;
#1038 = VERTEX_POINT ( 'NONE', #123 ) ;
#1039 = CARTESIAN_POINT ( 'NONE',  ( 0.1824999999999999678, -0.1489999999999999936, -0.06349999999999948741 ) ) ;
#1040 = CIRCLE ( 'NONE', #709, 0.02050000000000001127 ) ;
#1041 = VECTOR ( 'NONE', #34, 39.37007874015748143 ) ;
#1042 = DIRECTION ( 'NONE',  ( 0.000000000000000000, 0.000000000000000000, 1.000000000000000000 ) ) ;
#1043 = LINE ( 'NONE', #1611, #1519 ) ;
#1044 = CIRCLE ( 'NONE', #299, 0.02050000000000001127 ) ;
#1045 = ORIENTED_EDGE ( 'NONE', *, *, #1020, .T. ) ;
#1046 = VECTOR ( 'NONE', #327, 39.37007874015748143 ) ;
#1047 = LENGTH_MEASURE_WITH_UNIT ( LENGTH_MEASURE( 0.02539999999999999897 ), #1331 );
#1048 = ADVANCED_FACE ( 'NONE', ( #148 ), #336, .T. ) ;
#1049 = AXIS2_PLACEMENT_3D ( 'NONE', #112, #1021, #730 ) ;
#1050 = VERTEX_POINT ( 'NONE', #898 ) ;
#1051 = DIRECTION ( 'NONE',  ( 0.000000000000000000, 0.000000000000000000, 1.000000000000000000 ) ) ;
#1052 = VERTEX_POINT ( 'NONE', #536 ) ;
#1053 = DIRECTION ( 'NONE',  ( -0.000000000000000000, 1.000000000000000000, -0.000000000000000000 ) ) ;
#1054 = ORIENTED_EDGE ( 'NONE', *, *, #1632, .T. ) ;
#1055 =( NAMED_UNIT ( * ) PLANE_ANGLE_UNIT ( ) SI_UNIT ( $, .RADIAN. ) );
#1056 = EDGE_CURVE ( 'NONE', #1529, #1379, #134, .T. ) ;
#1057 = CARTESIAN_POINT ( 'NONE',  ( 7.065808850476634807E-20, 0.01949999999999947956, 2.388061258337324992E-18 ) ) ;
#1058 = ORIENTED_EDGE ( 'NONE', *, *, #1183, .F. ) ;
#1059 = PLANE ( 'NONE',  #813 ) ;
#1060 = PRESENTATION_STYLE_ASSIGNMENT (( #1343 ) ) ;
#1061 = CARTESIAN_POINT ( 'NONE',  ( 0.2324999999999999845, -0.1940000000000000058, -0.08399999999999989420 ) ) ;
#1062 = ORIENTED_EDGE ( 'NONE', *, *, #1223, .T. ) ;
#1063 = LINE ( 'NONE', #668, #1134 ) ;
#1064 =( REPRESENTATION_RELATIONSHIP ('NONE','NONE', #521, #1509 ) REPRESENTATION_RELATIONSHIP_WITH_TRANSFORMATION ( #1162 )SHAPE_REPRESENTATION_RELATIONSHIP( ) );
#1065 = VERTEX_POINT ( 'NONE', #1475 ) ;
#1066 = CARTESIAN_POINT ( 'NONE',  ( 0.3404500000000013071, 4.364554021127670509E-16, 0.000000000000000000 ) ) ;
#1067 = AXIS2_PLACEMENT_3D ( 'NONE', #1321, #520, #890 ) ;
#1068 =( NAMED_UNIT ( * ) SI_UNIT ( $, .STERADIAN. ) SOLID_ANGLE_UNIT ( ) );
#1069 = AXIS2_PLACEMENT_3D ( 'NONE', #1704, #1455, #137 ) ;
#1070 = EDGE_CURVE ( 'NONE', #664, #718, #1574, .T. ) ;
#1071 = FACE_OUTER_BOUND ( 'NONE', #1033, .T. ) ;
#1072 = FACE_OUTER_BOUND ( 'NONE', #1298, .T. ) ;
#1073 = VECTOR ( 'NONE', #538, 39.37007874015748143 ) ;
#1074 = CIRCLE ( 'NONE', #711, 0.02150000000000055686 ) ;
#1075 = ORIENTED_EDGE ( 'NONE', *, *, #525, .T. ) ;
#1076 = VECTOR ( 'NONE', #773, 39.37007874015748143 ) ;
#1077 = AXIS2_PLACEMENT_3D ( 'NONE', #1175, #1558, #1667 ) ;
#1078 = CARTESIAN_POINT ( 'NONE',  ( 0.1643971143170204208, 0.01850000000000022113, 2.265596578422681232E-18 ) ) ;
#1079 = ORIENTED_EDGE ( 'NONE', *, *, #1306, .T. ) ;
#1080 = CARTESIAN_POINT ( 'NONE',  ( 0.08249999999999999001, 0.000000000000000000, -0.03400000000000000244 ) ) ;
#1081 = DIRECTION ( 'NONE',  ( -1.110223024625156698E-14, 7.051046358971096538E-15, 1.000000000000000000 ) ) ;
#1082 = PLANE ( 'NONE',  #384 ) ;
#1083 = FACE_OUTER_BOUND ( 'NONE', #1155, .T. ) ;
#1084 = EDGE_LOOP ( 'NONE', ( #1482, #1289, #696, #59 ) ) ;
#1085 = FACE_OUTER_BOUND ( 'NONE', #1181, .T. ) ;
#1086 = EDGE_LOOP ( 'NONE', ( #1368, #602 ) ) ;
#1087 = CARTESIAN_POINT ( 'NONE',  ( 0.2650000000000000688, 0.000000000000000000, -0.1179999999999998550 ) ) ;
#1088 = DIRECTION ( 'NONE',  ( -1.110223024625156698E-14, 7.051046358971096538E-15, 1.000000000000000000 ) ) ;
#1089 = UNCERTAINTY_MEASURE_WITH_UNIT (LENGTH_MEASURE( 1.000000000000000082E-05 ), #527, 'distance_accuracy_value', 'NONE');
#1090 = FACE_OUTER_BOUND ( 'NONE', #970, .T. ) ;
#1091 = FACE_BOUND ( 'NONE', #1314, .T. ) ;
#1092 = ORIENTED_EDGE ( 'NONE', *, *, #468, .F. ) ;
#1093 = DIRECTION ( 'NONE',  ( -1.000000000000000000, 3.623491718193167398E-18, -0.000000000000000000 ) ) ;
#1094 = VERTEX_POINT ( 'NONE', #267 ) ;
#1095 = EDGE_CURVE ( 'NONE', #1220, #235, #876, .T. ) ;
#1096 = DIRECTION ( 'NONE',  ( 0.000000000000000000, 0.000000000000000000, 1.000000000000000000 ) ) ;
#1097 = APPLICATION_PROTOCOL_DEFINITION ( 'draft international standard', 'automotive_design', 1998, #1010 ) ;
#1098 = CYLINDRICAL_SURFACE ( 'NONE', #1516, 0.009550000000000856415 ) ;
#1099 = FACE_OUTER_BOUND ( 'NONE', #1563, .T. ) ;
#1100 = ORIENTED_EDGE ( 'NONE', *, *, #916, .T. ) ;
#1101 = AXIS2_PLACEMENT_3D ( 'NONE', #776, #913, #360 ) ;
#1102 = AXIS2_PLACEMENT_3D ( 'NONE', #2, #158, #676 ) ;
#1103 = ADVANCED_FACE ( 'NONE', ( #1701 ), #1323, .T. ) ;
#1104 = DIRECTION ( 'NONE',  ( -3.623491718193167398E-18, -1.000000000000000000, 0.000000000000000000 ) ) ;
#1105 = COLOUR_RGB ( '',0.2980392156862745057, 0.2980392156862745057, 0.2980392156862745057 ) ;
#1106 = PRESENTATION_LAYER_ASSIGNMENT (  '', '', ( #52 ) ) ;
#1107 = VERTEX_POINT ( 'NONE', #554 ) ;
#1108 = FACE_OUTER_BOUND ( 'NONE', #1152, .T. ) ;
#1109 = DIRECTION ( 'NONE',  ( 0.000000000000000000, 0.000000000000000000, 1.000000000000000000 ) ) ;
#1110 = DIRECTION ( 'NONE',  ( -3.623491718193167398E-18, -1.000000000000000000, 0.000000000000000000 ) ) ;
#1111 = ORIENTED_EDGE ( 'NONE', *, *, #314, .T. ) ;
#1112 = EDGE_CURVE ( 'NONE', #818, #1406, #1300, .T. ) ;
#1113 = DIRECTION ( 'NONE',  ( 0.000000000000000000, -1.000000000000000000, 0.000000000000000000 ) ) ;
#1114 = EDGE_LOOP ( 'NONE', ( #651, #382 ) ) ;
#1115 = DIRECTION ( 'NONE',  ( 0.000000000000000000, -1.000000000000000000, 0.000000000000000000 ) ) ;
#1116 = SHAPE_DEFINITION_REPRESENTATION ( #326, #638 ) ;
#1117 = LINE ( 'NONE', #739, #362 ) ;
#1118 = DIRECTION ( 'NONE',  ( 0.000000000000000000, 0.000000000000000000, -1.000000000000000000 ) ) ;
#1119 = ORIENTED_EDGE ( 'NONE', *, *, #1485, .F. ) ;
#1120 = DIRECTION ( 'NONE',  ( 0.000000000000000000, 0.000000000000000000, 1.000000000000000000 ) ) ;
#1121 = EDGE_CURVE ( 'NONE', #1403, #1052, #1044, .T. ) ;
#1122 = ORIENTED_EDGE ( 'NONE', *, *, #232, .T. ) ;
#1123 = DIRECTION ( 'NONE',  ( -0.000000000000000000, 1.000000000000000000, -0.000000000000000000 ) ) ;
#1124 = EDGE_CURVE ( 'NONE', #356, #1474, #1272, .T. ) ;
#1125 = DIRECTION ( 'NONE',  ( 5.154430176725023824E-16, 0.000000000000000000, -1.000000000000000000 ) ) ;
#1126 = FACE_OUTER_BOUND ( 'NONE', #487, .T. ) ;
#1127 = CIRCLE ( 'NONE', #1067, 0.01949999999999988895 ) ;
#1128 = ADVANCED_FACE ( 'NONE', ( #1581 ), #274, .T. ) ;
#1129 = EDGE_LOOP ( 'NONE', ( #616, #608, #369, #1409 ) ) ;
#1130 = CIRCLE ( 'NONE', #439, 0.02050000000000001127 ) ;
#1131 = AXIS2_PLACEMENT_3D ( 'NONE', #1584, #406, #1200 ) ;
#1132 = CARTESIAN_POINT ( 'NONE',  ( 0.03249999999999998029, -0.1489999999999999936, -0.05449999999999999289 ) ) ;
#1133 = AXIS2_PLACEMENT_3D ( 'NONE', #483, #586, #1136 ) ;
#1134 = VECTOR ( 'NONE', #789, 39.37007874015748143 ) ;
#1135 = ORIENTED_EDGE ( 'NONE', *, *, #1426, .T. ) ;
#1136 = DIRECTION ( 'NONE',  ( 0.000000000000000000, 0.000000000000000000, 1.000000000000000000 ) ) ;
#1137 = CARTESIAN_POINT ( 'NONE',  ( 0.1324999999999999789, -4.286263797015734438E-19, -0.05450000000000052025 ) ) ;
#1138 = PRODUCT_DEFINITION_FORMATION_WITH_SPECIFIED_SOURCE ( 'ANY', '', #594, .NOT_KNOWN. ) ;
#1139 = CARTESIAN_POINT ( 'NONE',  ( 6.703459678657589584E-20, 0.01850000000000022460, 2.265596578422681232E-18 ) ) ;
#1140 = ORIENTED_EDGE ( 'NONE', *, *, #1559, .F. ) ;
#1141 = CARTESIAN_POINT ( 'NONE',  ( -3.460434590874784850E-20, -0.009550000000001265810, 0.000000000000000000 ) ) ;
#1142 = VERTEX_POINT ( 'NONE', #1078 ) ;
#1143 = DIRECTION ( 'NONE',  ( 0.000000000000000000, -1.000000000000000000, 0.000000000000000000 ) ) ;
#1144 = CONTEXT_DEPENDENT_SHAPE_REPRESENTATION ( #1376, #212 ) ;
#1145 = CARTESIAN_POINT ( 'NONE',  ( 0.08249999999999997613, 0.000000000000000000, -0.08400000000000001910 ) ) ;
#1146 = FACE_OUTER_BOUND ( 'NONE', #1540, .T. ) ;
#1147 = ADVANCED_BREP_SHAPE_REPRESENTATION ( '', ( #1398, #1495 ), #530 ) ;
#1148 = DIMENSIONAL_EXPONENTS ( 1.000000000000000000, 0.000000000000000000, 0.000000000000000000, 0.000000000000000000, 0.000000000000000000, 0.000000000000000000, 0.000000000000000000 ) ;
#1149 = ORIENTED_EDGE ( 'NONE', *, *, #919, .T. ) ;
#1150 = EDGE_CURVE ( 'NONE', #1220, #1553, #956, .T. ) ;
#1151 = DIRECTION ( 'NONE',  ( -1.000000000000000000, 3.623491718193167398E-18, -0.000000000000000000 ) ) ;
#1152 = EDGE_LOOP ( 'NONE', ( #1370, #136, #155, #1279 ) ) ;
#1153 = DIRECTION ( 'NONE',  ( -0.000000000000000000, 1.000000000000000000, -0.000000000000000000 ) ) ;
#1154 = CARTESIAN_POINT ( 'NONE',  ( 0.1324999999999999789, -0.1489999999999999936, -0.06349999999999948741 ) ) ;
#1155 = EDGE_LOOP ( 'NONE', ( #1307, #1390, #886, #410 ) ) ;
#1156 = EDGE_CURVE ( 'NONE', #872, #1274, #1063, .T. ) ;
#1157 = ADVANCED_FACE ( 'NONE', ( #1085 ), #1205, .T. ) ;
#1158 = AXIS2_PLACEMENT_3D ( 'NONE', #317, #1633, #1517 ) ;
#1159 = ORIENTED_EDGE ( 'NONE', *, *, #1480, .T. ) ;
#1160 = CARTESIAN_POINT ( 'NONE',  ( 0.2324999999999999845, -0.1940000000000000058, -0.06349999999999987599 ) ) ;
#1161 = CIRCLE ( 'NONE', #930, 0.02050000000000052128 ) ;
#1162 = ITEM_DEFINED_TRANSFORMATION ( 'NONE', 'NONE', #255,  #1495 ) ;
#1163 = VECTOR ( 'NONE', #1153, 39.37007874015748143 ) ;
#1164 = EDGE_LOOP ( 'NONE', ( #421, #1111, #348, #995 ) ) ;
#1165 = CARTESIAN_POINT ( 'NONE',  ( 0.1824999999999999956, -4.286263797015734438E-19, -0.03400000000000000244 ) ) ;
#1166 =( CONVERSION_BASED_UNIT ( 'INCH', #75 ) LENGTH_UNIT ( ) NAMED_UNIT ( #254 ) );
#1167 = AXIS2_PLACEMENT_3D ( 'NONE', #288, #1579, #409 ) ;
#1168 = VERTEX_POINT ( 'NONE', #412 ) ;
#1169 = ADVANCED_FACE ( 'NONE', ( #934 ), #918, .T. ) ;
#1170 = ORIENTED_EDGE ( 'NONE', *, *, #119, .F. ) ;
#1171 = DIRECTION ( 'NONE',  ( 0.000000000000000000, -0.000000000000000000, -1.000000000000000000 ) ) ;
#1172 = ORIENTED_EDGE ( 'NONE', *, *, #83, .T. ) ;
#1173 = CARTESIAN_POINT ( 'NONE',  ( 0.1824999999999999678, 0.000000000000000000, -0.08400000000000001910 ) ) ;
#1174 = ADVANCED_FACE ( 'NONE', ( #797 ), #600, .T. ) ;
#1175 = CARTESIAN_POINT ( 'NONE',  ( 0.000000000000000000, -4.083452135319632762E-16, 0.000000000000000000 ) ) ;
#1176 = PRODUCT ( 'mill-max-855-22-006-10-001101_P8XX-28-013-02-090000(P806-28-013-02-090000)', 'mill-max-855-22-006-10-001101_P8XX-28-013-02-090000(P806-28-013-02-090000)', '', ( #1240 ) ) ;
#1177 = ORIENTED_EDGE ( 'NONE', *, *, #571, .F. ) ;
#1178 = DIRECTION ( 'NONE',  ( 0.000000000000000000, -1.000000000000000000, 0.000000000000000000 ) ) ;
#1179 = CYLINDRICAL_SURFACE ( 'NONE', #1678, 0.02050000000000000433 ) ;
#1180 = ADVANCED_FACE ( 'NONE', ( #1237 ), #32, .T. ) ;
#1181 = EDGE_LOOP ( 'NONE', ( #1159, #743 ) ) ;
#1182 = LENGTH_MEASURE_WITH_UNIT ( LENGTH_MEASURE( 0.02539999999999999897 ), #1688 );
#1183 = EDGE_CURVE ( 'NONE', #983, #872, #303, .T. ) ;
#1184 = DIRECTION ( 'NONE',  ( -1.000000000000000000, 0.000000000000000000, 0.000000000000000000 ) ) ;
#1185 = CIRCLE ( 'NONE', #1488, 0.02050000000000052128 ) ;
#1186 = AXIS2_PLACEMENT_3D ( 'NONE', #285, #567, #424 ) ;
#1187 = VERTEX_POINT ( 'NONE', #815 ) ;
#1188 = DIRECTION ( 'NONE',  ( 0.000000000000000000, 0.000000000000000000, 1.000000000000000000 ) ) ;
#1189 = DIRECTION ( 'NONE',  ( 0.000000000000000000, 0.000000000000000000, 1.000000000000000000 ) ) ;
#1190 = DIRECTION ( 'NONE',  ( 0.000000000000000000, 0.000000000000000000, 1.000000000000000000 ) ) ;
#1191 = CIRCLE ( 'NONE', #553, 0.008000000000000482420 ) ;
#1192 = EDGE_CURVE ( 'NONE', #1379, #804, #556, .T. ) ;
#1193 = CARTESIAN_POINT ( 'NONE',  ( 0.1824999999999999956, -0.1489999999999999936, -0.03400000000000000244 ) ) ;
#1194 = CIRCLE ( 'NONE', #1681, 0.01949999999999988895 ) ;
#1195 = DIRECTION ( 'NONE',  ( -3.623491718193167398E-18, -1.000000000000000000, 0.000000000000000000 ) ) ;
#1196 = AXIS2_PLACEMENT_3D ( 'NONE', #589, #1634, #975 ) ;
#1197 =( GEOMETRIC_REPRESENTATION_CONTEXT ( 3 ) GLOBAL_UNCERTAINTY_ASSIGNED_CONTEXT ( ( #1351 ) ) GLOBAL_UNIT_ASSIGNED_CONTEXT ( ( #820, #1639, #198 ) ) REPRESENTATION_CONTEXT ( 'NONE', 'WORKASPACE' ) );
#1198 = DIRECTION ( 'NONE',  ( 0.000000000000000000, -1.000000000000000000, 0.000000000000000000 ) ) ;
#1199 = ORIENTED_EDGE ( 'NONE', *, *, #1312, .T. ) ;
#1200 = DIRECTION ( 'NONE',  ( 0.000000000000000000, -1.000000000000000000, 0.000000000000000000 ) ) ;
#1201 = CARTESIAN_POINT ( 'NONE',  ( 0.2324999999999999845, -0.1489999999999999936, -0.08399999999999989420 ) ) ;
#1202 =( CONVERSION_BASED_UNIT ( 'INCH', #1182 ) LENGTH_UNIT ( ) NAMED_UNIT ( #114 ) );
#1203 = EDGE_LOOP ( 'NONE', ( #1698, #1054 ) ) ;
#1204 = ADVANCED_FACE ( 'NONE', ( #1387 ), #702, .F. ) ;
#1205 = PLANE ( 'NONE',  #1414 ) ;
#1206 = VERTEX_POINT ( 'NONE', #1496 ) ;
#1207 = FACE_OUTER_BOUND ( 'NONE', #1422, .T. ) ;
#1208 =( NAMED_UNIT ( * ) PLANE_ANGLE_UNIT ( ) SI_UNIT ( $, .RADIAN. ) );
#1209 = DIRECTION ( 'NONE',  ( 0.000000000000000000, 0.000000000000000000, 1.000000000000000000 ) ) ;
#1210 = FILL_AREA_STYLE ('',( #1587 ) ) ;
#1211 = VERTEX_POINT ( 'NONE', #574 ) ;
#1212 = DIRECTION ( 'NONE',  ( -1.000000000000000000, 3.623491718193167398E-18, -0.000000000000000000 ) ) ;
#1213 = EDGE_LOOP ( 'NONE', ( #1224, #1135, #1326, #896 ) ) ;
#1214 = DIRECTION ( 'NONE',  ( 0.000000000000000000, 0.000000000000000000, 1.000000000000000000 ) ) ;
#1215 = AXIS2_PLACEMENT_3D ( 'NONE', #1344, #1366, #174 ) ;
#1216 = AXIS2_PLACEMENT_3D ( 'NONE', #263, #1451, #628 ) ;
#1217 = CARTESIAN_POINT ( 'NONE',  ( 0.000000000000000000, -4.083452135319632762E-16, 0.000000000000000000 ) ) ;
#1218 = AXIS2_PLACEMENT_3D ( 'NONE', #290, #404, #806 ) ;
#1219 = AXIS2_PLACEMENT_3D ( 'NONE', #184, #1361, #957 ) ;
#1220 = VERTEX_POINT ( 'NONE', #53 ) ;
#1221 = AXIS2_PLACEMENT_3D ( 'NONE', #579, #477, #831 ) ;
#1222 = CARTESIAN_POINT ( 'NONE',  ( 0.007999999999999733019, -4.083742014657088380E-16, 0.000000000000000000 ) ) ;
#1223 = EDGE_CURVE ( 'NONE', #343, #1529, #1702, .T. ) ;
#1224 = ORIENTED_EDGE ( 'NONE', *, *, #259, .T. ) ;
#1225 = CARTESIAN_POINT ( 'NONE',  ( 0.2324999999999999845, -0.1940000000000000058, -0.1044999999999998985 ) ) ;
#1226 = FACE_BOUND ( 'NONE', #196, .T. ) ;
#1227 = CARTESIAN_POINT ( 'NONE',  ( 0.1324999999999999789, -0.1489999999999999936, -0.1045000000000005369 ) ) ;
#1228 = EDGE_LOOP ( 'NONE', ( #415, #489, #1617, #1689 ) ) ;
#1229 = CARTESIAN_POINT ( 'NONE',  ( 0.000000000000000000, -4.083452135319632762E-16, 0.000000000000000000 ) ) ;
#1230 = VERTEX_POINT ( 'NONE', #1247 ) ;
#1231 = DIRECTION ( 'NONE',  ( 0.000000000000000000, -1.000000000000000000, 0.000000000000000000 ) ) ;
#1232 = EDGE_CURVE ( 'NONE', #356, #881, #986, .T. ) ;
#1233 = FACE_OUTER_BOUND ( 'NONE', #1504, .T. ) ;
#1234 = DIRECTION ( 'NONE',  ( 0.000000000000000000, -1.000000000000000000, 0.000000000000000000 ) ) ;
#1235 = EDGE_CURVE ( 'NONE', #1004, #1230, #639, .T. ) ;
#1236 = EDGE_LOOP ( 'NONE', ( #675, #1663, #778, #282 ) ) ;
#1237 = FACE_OUTER_BOUND ( 'NONE', #1228, .T. ) ;
#1238 = ORIENTED_EDGE ( 'NONE', *, *, #60, .T. ) ;
#1239 = CARTESIAN_POINT ( 'NONE',  ( 0.2324999999999999845, -0.1940000000000000058, -0.05449999999999988881 ) ) ;
#1240 = PRODUCT_CONTEXT ( 'NONE', #1631, 'mechanical' ) ;
#1241 = DIRECTION ( 'NONE',  ( -1.000000000000000000, 3.623491718193167398E-18, -0.000000000000000000 ) ) ;
#1242 = FACE_BOUND ( 'NONE', #618, .T. ) ;
#1243 = AXIS2_PLACEMENT_3D ( 'NONE', #1061, #1338, #1456 ) ;
#1244 = EDGE_LOOP ( 'NONE', ( #454, #1013, #295, #759 ) ) ;
#1245 = AXIS2_PLACEMENT_3D ( 'NONE', #1173, #1693, #1042 ) ;
#1246 = AXIS2_PLACEMENT_3D ( 'NONE', #1034, #90, #498 ) ;
#1247 = CARTESIAN_POINT ( 'NONE',  ( 0.08249999999999997613, -0.1489999999999999936, -0.1045000000000005369 ) ) ;
#1248 = VECTOR ( 'NONE', #1400, 39.37007874015748143 ) ;
#1249 = EDGE_LOOP ( 'NONE', ( #1026, #877, #1435, #812 ) ) ;
#1250 = LINE ( 'NONE', #713, #1544 ) ;
#1251 = APPLICATION_PROTOCOL_DEFINITION ( 'draft international standard', 'automotive_design', 1998, #1631 ) ;
#1252 = LINE ( 'NONE', #466, #985 ) ;
#1253 = FACE_BOUND ( 'NONE', #1114, .T. ) ;
#1254 =( REPRESENTATION_RELATIONSHIP ('NONE','NONE', #521, #1509 ) REPRESENTATION_RELATIONSHIP_WITH_TRANSFORMATION ( #737 )SHAPE_REPRESENTATION_RELATIONSHIP( ) );
#1255 = ORIENTED_EDGE ( 'NONE', *, *, #311, .T. ) ;
#1256 = PRODUCT_DEFINITION_SHAPE ( 'NONE', 'NONE',  #1712 ) ;
#1257 = FACE_BOUND ( 'NONE', #170, .T. ) ;
#1258 = EDGE_CURVE ( 'NONE', #472, #1107, #169, .T. ) ;
#1259 = ORIENTED_EDGE ( 'NONE', *, *, #991, .F. ) ;
#1260 = CARTESIAN_POINT ( 'NONE',  ( -3.414809992080329023E-17, 0.000000000000000000, -0.1179999999999999938 ) ) ;
#1261 = DIRECTION ( 'NONE',  ( -3.623491718193167398E-18, -1.000000000000000000, 0.000000000000000000 ) ) ;
#1262 = FACE_BOUND ( 'NONE', #894, .T. ) ;
#1263 = ORIENTED_EDGE ( 'NONE', *, *, #1020, .F. ) ;
#1264 = DIRECTION ( 'NONE',  ( 0.000000000000000000, 0.000000000000000000, 1.000000000000000000 ) ) ;
#1265 = ADVANCED_FACE ( 'NONE', ( #40 ), #583, .T. ) ;
#1266 = ORIENTED_EDGE ( 'NONE', *, *, #892, .F. ) ;
#1267 = DIRECTION ( 'NONE',  ( 0.000000000000000000, 0.000000000000000000, 1.000000000000000000 ) ) ;
#1268 = CARTESIAN_POINT ( 'NONE',  ( -2.898793374554574190E-20, -0.008000000000000520584, 0.000000000000000000 ) ) ;
#1269 = EDGE_LOOP ( 'NONE', ( #1602, #463, #592, #229 ) ) ;
#1270 = CIRCLE ( 'NONE', #159, 0.02050000000000052128 ) ;
#1271 = SURFACE_SIDE_STYLE ('',( #1286 ) ) ;
#1272 = CIRCLE ( 'NONE', #1492, 0.02150000000000055686 ) ;
#1273 = VECTOR ( 'NONE', #177, 39.37007874015748143 ) ;
#1274 = VERTEX_POINT ( 'NONE', #1132 ) ;
#1275 = DIRECTION ( 'NONE',  ( -0.000000000000000000, -1.000000000000000000, -0.000000000000000000 ) ) ;
#1276 = DIRECTION ( 'NONE',  ( 0.000000000000000000, 0.000000000000000000, 1.000000000000000000 ) ) ;
#1277 = EDGE_CURVE ( 'NONE', #1287, #1187, #100, .T. ) ;
#1278 = DIRECTION ( 'NONE',  ( 0.000000000000000000, -0.000000000000000000, 1.000000000000000000 ) ) ;
#1279 = ORIENTED_EDGE ( 'NONE', *, *, #407, .T. ) ;
#1280 = DIRECTION ( 'NONE',  ( -1.000000000000000000, 3.623491718193167398E-18, -0.000000000000000000 ) ) ;
#1281 = ORIENTED_EDGE ( 'NONE', *, *, #910, .T. ) ;
#1282 = CARTESIAN_POINT ( 'NONE',  ( 0.1824999999999999956, -4.286263797015734438E-19, -0.03400000000000000244 ) ) ;
#1283 = DIRECTION ( 'NONE',  ( 0.000000000000000000, 0.000000000000000000, 1.000000000000000000 ) ) ;
#1284 = LINE ( 'NONE', #258, #581 ) ;
#1285 = EDGE_CURVE ( 'NONE', #881, #1168, #988, .T. ) ;
#1286 = SURFACE_STYLE_FILL_AREA ( #1032 ) ;
#1287 = VERTEX_POINT ( 'NONE', #695 ) ;
#1288 = CARTESIAN_POINT ( 'NONE',  ( 0.03249999999999998029, -0.1940000000000000058, -0.01349999999999998423 ) ) ;
#1289 = ORIENTED_EDGE ( 'NONE', *, *, #708, .T. ) ;
#1290 = DIRECTION ( 'NONE',  ( 0.000000000000000000, -1.000000000000000000, 0.000000000000000000 ) ) ;
#1291 = DIRECTION ( 'NONE',  ( -0.000000000000000000, 1.000000000000000000, -0.000000000000000000 ) ) ;
#1292 = DIRECTION ( 'NONE',  ( 0.000000000000000000, -1.000000000000000000, 0.000000000000000000 ) ) ;
#1293 = ADVANCED_FACE ( 'NONE', ( #1484 ), #453, .T. ) ;
#1294 = PRODUCT_DEFINITION_SHAPE ( 'NONE', 'NONE',  #1718 ) ;
#1295 = CIRCLE ( 'NONE', #762, 0.01850000000000063052 ) ;
#1296 = FILL_AREA_STYLE_COLOUR ( '', #1105 ) ;
#1297 = CIRCLE ( 'NONE', #441, 0.02050000000000052128 ) ;
#1298 = EDGE_LOOP ( 'NONE', ( #669, #1548, #626, #1510 ) ) ;
#1299 = CARTESIAN_POINT ( 'NONE',  ( 0.03249999999999998029, -0.1940000000000000058, -0.05449999999999999289 ) ) ;
#1300 = CIRCLE ( 'NONE', #475, 0.02050000000000001127 ) ;
#1301 = VECTOR ( 'NONE', #653, 39.37007874015748143 ) ;
#1302 = CARTESIAN_POINT ( 'NONE',  ( 0.000000000000000000, -4.083452135319632762E-16, 0.000000000000000000 ) ) ;
#1303 = FILL_AREA_STYLE_COLOUR ( '', #1706 ) ;
#1304 = CIRCLE ( 'NONE', #505, 0.009550000000000865089 ) ;
#1305 = ORIENTED_EDGE ( 'NONE', *, *, #1095, .T. ) ;
#1306 = EDGE_CURVE ( 'NONE', #1668, #1441, #310, .T. ) ;
#1307 = ORIENTED_EDGE ( 'NONE', *, *, #573, .F. ) ;
#1308 = DIRECTION ( 'NONE',  ( 0.000000000000000000, -1.000000000000000000, 0.000000000000000000 ) ) ;
#1309 = ADVANCED_FACE ( 'NONE', ( #969, #825, #1369, #977, #834, #844, #719, #1257, #882, #221, #1670 ), #506, .F. ) ;
#1310 = ORIENTED_EDGE ( 'NONE', *, *, #115, .F. ) ;
#1311 = LINE ( 'NONE', #518, #411 ) ;
#1312 = EDGE_CURVE ( 'NONE', #515, #9, #478, .T. ) ;
#1313 = LENGTH_MEASURE_WITH_UNIT ( LENGTH_MEASURE( 0.02539999999999999897 ), #1585 );
#1314 = EDGE_LOOP ( 'NONE', ( #1615, #580 ) ) ;
#1315 =( NAMED_UNIT ( * ) SI_UNIT ( $, .STERADIAN. ) SOLID_ANGLE_UNIT ( ) );
#1316 = DIRECTION ( 'NONE',  ( 0.000000000000000000, 0.000000000000000000, 1.000000000000000000 ) ) ;
#1317 = EDGE_CURVE ( 'NONE', #629, #1094, #1304, .T. ) ;
#1318 = ORIENTED_EDGE ( 'NONE', *, *, #495, .T. ) ;
#1319 = DIRECTION ( 'NONE',  ( 0.000000000000000000, 0.000000000000000000, 1.000000000000000000 ) ) ;
#1320 =( CONVERSION_BASED_UNIT ( 'INCH', #152 ) LENGTH_UNIT ( ) NAMED_UNIT ( #1148 ) );
#1321 = CARTESIAN_POINT ( 'NONE',  ( 0.1559999999999987230, -4.089104782400014099E-16, 0.000000000000000000 ) ) ;
#1322 = FACE_OUTER_BOUND ( 'NONE', #1164, .T. ) ;
#1323 = CYLINDRICAL_SURFACE ( 'NONE', #764, 0.008000000000000111189 ) ;
#1324 = VECTOR ( 'NONE', #1447, 39.37007874015748143 ) ;
#1325 = AXIS2_PLACEMENT_3D ( 'NONE', #1505, #1524, #464 ) ;
#1326 = ORIENTED_EDGE ( 'NONE', *, *, #17, .F. ) ;
#1327 = FACE_OUTER_BOUND ( 'NONE', #26, .T. ) ;
#1328 = AXIS2_PLACEMENT_3D ( 'NONE', #1690, #211, #1416 ) ;
#1329 = DIRECTION ( 'NONE',  ( 0.000000000000000000, -1.000000000000000000, 0.000000000000000000 ) ) ;
#1330 = VECTOR ( 'NONE', #397, 39.37007874015748143 ) ;
#1331 =( LENGTH_UNIT ( ) NAMED_UNIT ( * ) SI_UNIT ( $, .METRE. ) );
#1332 = EDGE_CURVE ( 'NONE', #868, #718, #372, .T. ) ;
#1333 = AXIS2_PLACEMENT_3D ( 'NONE', #1518, #450, #335 ) ;
#1334 = ADVANCED_FACE ( 'NONE', ( #625 ), #1412, .T. ) ;
#1335 = DIRECTION ( 'NONE',  ( -0.000000000000000000, 1.000000000000000000, -0.000000000000000000 ) ) ;
#1336 = ADVANCED_BREP_SHAPE_REPRESENTATION ( '', ( #1449, #1495 ), #560 ) ;
#1337 = ORIENTED_EDGE ( 'NONE', *, *, #958, .T. ) ;
#1338 = DIRECTION ( 'NONE',  ( -0.000000000000000000, 1.000000000000000000, -0.000000000000000000 ) ) ;
#1339 = EDGE_LOOP ( 'NONE', ( #1415, #312, #33, #677 ) ) ;
#1340 = CARTESIAN_POINT ( 'NONE',  ( 0.1643971143170204208, -4.089409051141858210E-16, 0.000000000000000000 ) ) ;
#1341 = ORIENTED_EDGE ( 'NONE', *, *, #1035, .T. ) ;
#1342 = DIRECTION ( 'NONE',  ( -1.000000000000000000, 3.623491718193167398E-18, -0.000000000000000000 ) ) ;
#1343 = SURFACE_STYLE_USAGE ( .BOTH. , #257 ) ;
#1344 = CARTESIAN_POINT ( 'NONE',  ( 0.2324999999999999845, -0.1940000000000000058, -0.03399999999999989142 ) ) ;
#1345 = ORIENTED_EDGE ( 'NONE', *, *, #901, .T. ) ;
#1346 = FACE_OUTER_BOUND ( 'NONE', #606, .T. ) ;
#1347 = EDGE_CURVE ( 'NONE', #1094, #1050, #481, .T. ) ;
#1348 = ORIENTED_EDGE ( 'NONE', *, *, #264, .F. ) ;
#1349 = CYLINDRICAL_SURFACE ( 'NONE', #474, 0.02050000000000052128 ) ;
#1350 = DIRECTION ( 'NONE',  ( -1.110223024625156698E-14, 7.051046358971096538E-15, 1.000000000000000000 ) ) ;
#1351 = UNCERTAINTY_MEASURE_WITH_UNIT (LENGTH_MEASURE( 1.000000000000000082E-05 ), #820, 'distance_accuracy_value', 'NONE');
#1352 = VECTOR ( 'NONE', #942, 39.37007874015748143 ) ;
#1353 = CARTESIAN_POINT ( 'NONE',  ( 0.1824999999999999678, 0.000000000000000000, -0.1045000000000005369 ) ) ;
#1354 = LINE ( 'NONE', #436, #1467 ) ;
#1355 = CIRCLE ( 'NONE', #846, 0.02050000000000052128 ) ;
#1356 = EDGE_CURVE ( 'NONE', #804, #1379, #1194, .T. ) ;
#1357 = STYLED_ITEM ( 'NONE', ( #1679 ), #1398 ) ;
#1358 = ORIENTED_EDGE ( 'NONE', *, *, #465, .F. ) ;
#1359 = AXIS2_PLACEMENT_3D ( 'NONE', #622, #1434, #1533 ) ;
#1360 = PRESENTATION_LAYER_ASSIGNMENT (  '', '', ( #1708 ) ) ;
#1361 = DIRECTION ( 'NONE',  ( -1.000000000000000000, 3.623491718193167398E-18, -0.000000000000000000 ) ) ;
#1362 = ORIENTED_EDGE ( 'NONE', *, *, #879, .T. ) ;
#1363 = LINE ( 'NONE', #269, #735 ) ;
#1364 = EDGE_CURVE ( 'NONE', #1406, #818, #1444, .T. ) ;
#1365 = ADVANCED_FACE ( 'NONE', ( #862 ), #231, .T. ) ;
#1366 = DIRECTION ( 'NONE',  ( 0.000000000000000000, -1.000000000000000000, 0.000000000000000000 ) ) ;
#1367 = CARTESIAN_POINT ( 'NONE',  ( 0.1324999999999999789, 0.000000000000000000, -0.03400000000000000244 ) ) ;
#1368 = ORIENTED_EDGE ( 'NONE', *, *, #1658, .F. ) ;
#1369 = FACE_BOUND ( 'NONE', #1203, .T. ) ;
#1370 = ORIENTED_EDGE ( 'NONE', *, *, #1258, .F. ) ;
#1371 = EDGE_CURVE ( 'NONE', #1502, #707, #731, .T. ) ;
#1372 = DIRECTION ( 'NONE',  ( -1.000000000000000000, 3.623491718193167398E-18, -0.000000000000000000 ) ) ;
#1373 = APPLICATION_PROTOCOL_DEFINITION ( 'draft international standard', 'automotive_design', 1998, #94 ) ;
#1374 = CARTESIAN_POINT ( 'NONE',  ( 0.1324999999999999789, 0.000000000000000000, -0.08400000000000001910 ) ) ;
#1375 = PLANE ( 'NONE',  #21 ) ;
#1376 =( REPRESENTATION_RELATIONSHIP ('NONE','NONE', #521, #1509 ) REPRESENTATION_RELATIONSHIP_WITH_TRANSFORMATION ( #345 )SHAPE_REPRESENTATION_RELATIONSHIP( ) );
#1377 = EDGE_LOOP ( 'NONE', ( #1665, #405, #633, #513 ) ) ;
#1378 = CARTESIAN_POINT ( 'NONE',  ( 0.000000000000000000, -4.083452135319632762E-16, 0.000000000000000000 ) ) ;
#1379 = VERTEX_POINT ( 'NONE', #1003 ) ;
#1380 = CARTESIAN_POINT ( 'NONE',  ( 0.2324999999999999845, -0.1940000000000000058, -0.01349999999999988189 ) ) ;
#1381 = DIRECTION ( 'NONE',  ( -0.000000000000000000, 1.000000000000000000, -0.000000000000000000 ) ) ;
#1382 = DIRECTION ( 'NONE',  ( -1.000000000000000000, 3.623491718193167398E-18, -0.000000000000000000 ) ) ;
#1383 = AXIS2_PLACEMENT_3D ( 'NONE', #1464, #922, #937 ) ;
#1384 = ORIENTED_EDGE ( 'NONE', *, *, #596, .T. ) ;
#1385 = CONICAL_SURFACE ( 'NONE', #814, 0.01850000000000063399, 0.2617993877992349505 ) ;
#1386 = EDGE_CURVE ( 'NONE', #1052, #1403, #1598, .T. ) ;
#1387 = FACE_OUTER_BOUND ( 'NONE', #359, .T. ) ;
#1388 = AXIS2_PLACEMENT_3D ( 'NONE', #803, #403, #1466 ) ;
#1389 = AXIS2_PLACEMENT_3D ( 'NONE', #1657, #353, #1408 ) ;
#1390 = ORIENTED_EDGE ( 'NONE', *, *, #1660, .F. ) ;
#1391 = FACE_OUTER_BOUND ( 'NONE', #31, .T. ) ;
#1392 = CARTESIAN_POINT ( 'NONE',  ( 0.1029999999999999943, -4.087184331789371311E-16, 0.000000000000000000 ) ) ;
#1393 = DIRECTION ( 'NONE',  ( -1.000000000000000000, 3.623491718193167398E-18, -0.000000000000000000 ) ) ;
#1394 = ORIENTED_EDGE ( 'NONE', *, *, #358, .T. ) ;
#1395 = DIRECTION ( 'NONE',  ( -1.000000000000000000, 3.623491718193167398E-18, -0.000000000000000000 ) ) ;
#1396 = ORIENTED_EDGE ( 'NONE', *, *, #332, .T. ) ;
#1397 = CARTESIAN_POINT ( 'NONE',  ( 0.1029999999999999943, 0.008000000000000074760, 9.797174393179416409E-19 ) ) ;
#1398 = MANIFOLD_SOLID_BREP ( 'Imported1', #869 ) ;
#1399 = LINE ( 'NONE', #323, #1677 ) ;
#1400 = DIRECTION ( 'NONE',  ( -1.000000000000000000, 3.623491718193167398E-18, -0.000000000000000000 ) ) ;
#1401 = ORIENTED_EDGE ( 'NONE', *, *, #561, .T. ) ;
#1402 = CARTESIAN_POINT ( 'NONE',  ( 0.2324999999999999845, -0.1940000000000000058, -0.08399999999999989420 ) ) ;
#1403 = VERTEX_POINT ( 'NONE', #1457 ) ;
#1404 = DIRECTION ( 'NONE',  ( -1.000000000000000000, 3.623491718193167398E-18, -0.000000000000000000 ) ) ;
#1405 = EDGE_CURVE ( 'NONE', #945, #733, #944, .T. ) ;
#1406 = VERTEX_POINT ( 'NONE', #266 ) ;
#1407 = CARTESIAN_POINT ( 'NONE',  ( 0.03249999999999996642, -0.1940000000000000058, -0.06349999999999998701 ) ) ;
#1408 = DIRECTION ( 'NONE',  ( 0.000000000000000000, 0.000000000000000000, 1.000000000000000000 ) ) ;
#1409 = ORIENTED_EDGE ( 'NONE', *, *, #996, .F. ) ;
#1410 = VECTOR ( 'NONE', #679, 39.37007874015748143 ) ;
#1411 = AXIS2_PLACEMENT_3D ( 'NONE', #1445, #376, #243 ) ;
#1412 = PLANE ( 'NONE',  #816 ) ;
#1413 = AXIS2_PLACEMENT_3D ( 'NONE', #979, #1267, #1644 ) ;
#1414 = AXIS2_PLACEMENT_3D ( 'NONE', #1590, #1609, #429 ) ;
#1415 = ORIENTED_EDGE ( 'NONE', *, *, #64, .F. ) ;
#1416 = DIRECTION ( 'NONE',  ( 0.000000000000000000, 0.000000000000000000, 1.000000000000000000 ) ) ;
#1417 = CIRCLE ( 'NONE', #166, 0.02050000000000052128 ) ;
#1418 = EDGE_CURVE ( 'NONE', #1419, #707, #933, .T. ) ;
#1419 = VERTEX_POINT ( 'NONE', #1711 ) ;
#1420 = CARTESIAN_POINT ( 'NONE',  ( 0.1643971143170204208, -4.089409051141858210E-16, 0.000000000000000000 ) ) ;
#1421 =( GEOMETRIC_REPRESENTATION_CONTEXT ( 3 ) GLOBAL_UNCERTAINTY_ASSIGNED_CONTEXT ( ( #1489 ) ) GLOBAL_UNIT_ASSIGNED_CONTEXT ( ( #663, #138, #539 ) ) REPRESENTATION_CONTEXT ( 'NONE', 'WORKASPACE' ) );
#1422 = EDGE_LOOP ( 'NONE', ( #546, #1454, #1079, #50 ) ) ;
#1423 = DIRECTION ( 'NONE',  ( 0.000000000000000000, 0.000000000000000000, 1.000000000000000000 ) ) ;
#1424 = ORIENTED_EDGE ( 'NONE', *, *, #899, .F. ) ;
#1425 = CYLINDRICAL_SURFACE ( 'NONE', #219, 0.009550000000000856415 ) ;
#1426 = EDGE_CURVE ( 'NONE', #629, #566, #929, .T. ) ;
#1427 = FACE_OUTER_BOUND ( 'NONE', #1036, .T. ) ;
#1428 =( NAMED_UNIT ( * ) PLANE_ANGLE_UNIT ( ) SI_UNIT ( $, .RADIAN. ) );
#1429 = ORIENTED_EDGE ( 'NONE', *, *, #1035, .F. ) ;
#1430 = DIRECTION ( 'NONE',  ( 2.893906772949431818E-16, 0.000000000000000000, 1.000000000000000000 ) ) ;
#1431 = EDGE_LOOP ( 'NONE', ( #1593, #1538, #224, #116 ) ) ;
#1432 = DIRECTION ( 'NONE',  ( 0.000000000000000000, 0.000000000000000000, 1.000000000000000000 ) ) ;
#1433 = CARTESIAN_POINT ( 'NONE',  ( 0.03249999999999998029, -0.1940000000000000058, -0.03399999999999998856 ) ) ;
#1434 = DIRECTION ( 'NONE',  ( -0.000000000000000000, 1.000000000000000000, -0.000000000000000000 ) ) ;
#1435 = ORIENTED_EDGE ( 'NONE', *, *, #264, .T. ) ;
#1436 = PRODUCT ( 'mill-max-855-22-006-10-001101_0985', 'mill-max-855-22-006-10-001101_0985', '', ( #1499 ) ) ;
#1437 = ADVANCED_FACE ( 'NONE', ( #1072 ), #549, .F. ) ;
#1438 = CIRCLE ( 'NONE', #1645, 0.02050000000000052128 ) ;
#1439 = CIRCLE ( 'NONE', #1131, 0.01850000000000063052 ) ;
#1440 = ADVANCED_FACE ( 'NONE', ( #1322 ), #130, .T. ) ;
#1441 = VERTEX_POINT ( 'NONE', #535 ) ;
#1442 = CARTESIAN_POINT ( 'NONE',  ( 0.1824999999999999956, -0.1489999999999999936, -0.03400000000000000244 ) ) ;
#1443 = CIRCLE ( 'NONE', #1246, 0.02050000000000000433 ) ;
#1444 = CIRCLE ( 'NONE', #660, 0.02050000000000001127 ) ;
#1445 = CARTESIAN_POINT ( 'NONE',  ( 0.007999999999999733019, -4.030095729193377429E-16, 0.000000000000000000 ) ) ;
#1446 = FILL_AREA_STYLE_COLOUR ( '', #1522 ) ;
#1447 = DIRECTION ( 'NONE',  ( -0.000000000000000000, 1.000000000000000000, -0.000000000000000000 ) ) ;
#1448 = DIRECTION ( 'NONE',  ( 0.000000000000000000, -1.000000000000000000, 0.000000000000000000 ) ) ;
#1449 = MANIFOLD_SOLID_BREP ( 'Imported1', #10 ) ;
#1450 = VERTEX_POINT ( 'NONE', #673 ) ;
#1451 = DIRECTION ( 'NONE',  ( -0.000000000000000000, -1.000000000000000000, -0.000000000000000000 ) ) ;
#1452 = ORIENTED_EDGE ( 'NONE', *, *, #1150, .T. ) ;
#1453 = DIRECTION ( 'NONE',  ( -1.000000000000000000, 3.623491718193167398E-18, -0.000000000000000000 ) ) ;
#1454 = ORIENTED_EDGE ( 'NONE', *, *, #69, .F. ) ;
#1455 = DIRECTION ( 'NONE',  ( 0.000000000000000000, -1.000000000000000000, 0.000000000000000000 ) ) ;
#1456 = DIRECTION ( 'NONE',  ( 0.000000000000000000, 0.000000000000000000, 1.000000000000000000 ) ) ;
#1457 = CARTESIAN_POINT ( 'NONE',  ( 0.03249999999999996642, -0.1489999999999999936, -0.06349999999999998701 ) ) ;
#1458 = DIRECTION ( 'NONE',  ( 0.000000000000000000, -1.000000000000000000, 0.000000000000000000 ) ) ;
#1459 = AXIS2_PLACEMENT_3D ( 'NONE', #943, #293, #729 ) ;
#1460 = CIRCLE ( 'NONE', #1216, 0.02050000000000000433 ) ;
#1461 = ORIENTED_EDGE ( 'NONE', *, *, #69, .T. ) ;
#1462 = CYLINDRICAL_SURFACE ( 'NONE', #1621, 0.02050000000000000433 ) ;
#1463 = AXIS2_PLACEMENT_3D ( 'NONE', #523, #1143, #642 ) ;
#1464 = CARTESIAN_POINT ( 'NONE',  ( 0.007999999999999733019, -4.083742014657088380E-16, 0.000000000000000000 ) ) ;
#1465 = AXIS2_PLACEMENT_3D ( 'NONE', #1011, #1025, #514 ) ;
#1466 = DIRECTION ( 'NONE',  ( 0.000000000000000000, 0.000000000000000000, 1.000000000000000000 ) ) ;
#1467 = VECTOR ( 'NONE', #1118, 39.37007874015748143 ) ;
#1468 = ORIENTED_EDGE ( 'NONE', *, *, #802, .F. ) ;
#1469 = CARTESIAN_POINT ( 'NONE',  ( 0.2324999999999999845, -0.1940000000000000058, -0.03399999999999989142 ) ) ;
#1470 = EDGE_LOOP ( 'NONE', ( #1626, #657, #121, #526 ) ) ;
#1471 = DIRECTION ( 'NONE',  ( -0.000000000000000000, 1.000000000000000000, -0.000000000000000000 ) ) ;
#1472 =( LENGTH_UNIT ( ) NAMED_UNIT ( * ) SI_UNIT ( $, .METRE. ) );
#1473 = LINE ( 'NONE', #1353, #681 ) ;
#1474 = VERTEX_POINT ( 'NONE', #541 ) ;
#1475 = CARTESIAN_POINT ( 'NONE',  ( 0.1154999999999992560, 0.01850000000000022113, 2.265596578422680076E-18 ) ) ;
#1476 = VERTEX_POINT ( 'NONE', #8 ) ;
#1477 = DIRECTION ( 'NONE',  ( 0.000000000000000000, 0.000000000000000000, 1.000000000000000000 ) ) ;
#1478 = DIRECTION ( 'NONE',  ( -2.066973814784692131E-17, 1.000000000000000000, -7.051046358971097327E-15 ) ) ;
#1479 = DIRECTION ( 'NONE',  ( -1.000000000000000000, 3.623491718193167398E-18, -0.000000000000000000 ) ) ;
#1480 = EDGE_CURVE ( 'NONE', #308, #751, #768, .T. ) ;
#1481 = CARTESIAN_POINT ( 'NONE',  ( 7.582401355855258111E-33, 0.000000000000000000, 0.000000000000000000 ) ) ;
#1482 = ORIENTED_EDGE ( 'NONE', *, *, #525, .F. ) ;
#1483 = ADVANCED_FACE ( 'NONE', ( #1083 ), #427, .F. ) ;
#1484 = FACE_OUTER_BOUND ( 'NONE', #508, .T. ) ;
#1485 = EDGE_CURVE ( 'NONE', #868, #883, #1354, .T. ) ;
#1486 = VERTEX_POINT ( 'NONE', #294 ) ;
#1487 = LINE ( 'NONE', #301, #610 ) ;
#1488 = AXIS2_PLACEMENT_3D ( 'NONE', #636, #1566, #386 ) ;
#1489 = UNCERTAINTY_MEASURE_WITH_UNIT (LENGTH_MEASURE( 1.000000000000000082E-05 ), #663, 'distance_accuracy_value', 'NONE');
#1490 = CARTESIAN_POINT ( 'NONE',  ( 0.1559999999999987230, 0.02074999999999877290, 2.541142108230657908E-18 ) ) ;
#1491 = DIRECTION ( 'NONE',  ( -3.623491718193167398E-18, -1.000000000000000000, 0.000000000000000000 ) ) ;
#1492 = AXIS2_PLACEMENT_3D ( 'NONE', #398, #1212, #1448 ) ;
#1493 = AXIS2_PLACEMENT_3D ( 'NONE', #1652, #1093, #1113 ) ;
#1494 = ORIENTED_EDGE ( 'NONE', *, *, #332, .F. ) ;
#1495 = AXIS2_PLACEMENT_3D ( 'NONE', #1030, #502, #1552 ) ;
#1496 = CARTESIAN_POINT ( 'NONE',  ( -3.414809992080329023E-17, -0.1489999999999999936, -0.1179999999999999938 ) ) ;
#1497 = EDGE_LOOP ( 'NONE', ( #1358, #646, #1122, #168 ) ) ;
#1498 = CARTESIAN_POINT ( 'NONE',  ( 0.1154999999999992560, 0.01850000000000022113, 0.000000000000000000 ) ) ;
#1499 = PRODUCT_CONTEXT ( 'NONE', #273, 'mechanical' ) ;
#1500 = DIRECTION ( 'NONE',  ( 0.000000000000000000, 1.000000000000000000, 0.000000000000000000 ) ) ;
#1501 = CARTESIAN_POINT ( 'NONE',  ( 0.1559999999999987230, -0.02074999999999959169, 0.000000000000000000 ) ) ;
#1502 = VERTEX_POINT ( 'NONE', #1227 ) ;
#1503 = DIRECTION ( 'NONE',  ( -1.000000000000000000, 3.623491718193167398E-18, -0.000000000000000000 ) ) ;
#1504 = EDGE_LOOP ( 'NONE', ( #252, #1345 ) ) ;
#1505 = CARTESIAN_POINT ( 'NONE',  ( 0.1824999999999999956, 0.000000000000000000, -0.03400000000000000244 ) ) ;
#1506 = DIRECTION ( 'NONE',  ( -1.110223024625156698E-14, 7.051046358971096538E-15, 1.000000000000000000 ) ) ;
#1507 = FACE_OUTER_BOUND ( 'NONE', #178, .T. ) ;
#1508 = FACE_BOUND ( 'NONE', #572, .T. ) ;
#1509 = SHAPE_REPRESENTATION ( 'mill-max-855-22-006-10-001101_0985', ( #1495 ), #560 ) ;
#1510 = ORIENTED_EDGE ( 'NONE', *, *, #1527, .F. ) ;
#1511 = DIRECTION ( 'NONE',  ( -0.000000000000000000, 1.000000000000000000, -0.000000000000000000 ) ) ;
#1512 = ORIENTED_EDGE ( 'NONE', *, *, #1223, .F. ) ;
#1513 = DIRECTION ( 'NONE',  ( 0.000000000000000000, -1.000000000000000000, 0.000000000000000000 ) ) ;
#1514 = PRODUCT_DEFINITION_SHAPE ( 'NONE', 'NONE',  #780 ) ;
#1515 = DIRECTION ( 'NONE',  ( 1.000000000000000000, 0.000000000000000000, 0.000000000000000000 ) ) ;
#1516 = AXIS2_PLACEMENT_3D ( 'NONE', #1217, #1586, #145 ) ;
#1517 = DIRECTION ( 'NONE',  ( 0.000000000000000000, -1.000000000000000000, 0.000000000000000000 ) ) ;
#1518 = CARTESIAN_POINT ( 'NONE',  ( 0.03249999999999998029, -0.1489999999999999936, -0.03399999999999998856 ) ) ;
#1519 = VECTOR ( 'NONE', #533, 39.37007874015748143 ) ;
#1520 = ORIENTED_EDGE ( 'NONE', *, *, #77, .F. ) ;
#1521 = CARTESIAN_POINT ( 'NONE',  ( 0.03249999999999998029, -0.1940000000000000058, -0.03399999999999998856 ) ) ;
#1522 = COLOUR_RGB ( '',1.000000000000000000, 0.8078431372549019773, 0.4980392156862745168 ) ;
#1523 = ORIENTED_EDGE ( 'NONE', *, *, #736, .F. ) ;
#1524 = DIRECTION ( 'NONE',  ( -0.000000000000000000, 1.000000000000000000, -0.000000000000000000 ) ) ;
#1525 = LINE ( 'NONE', #346, #330 ) ;
#1526 = DIRECTION ( 'NONE',  ( 0.000000000000000000, -1.000000000000000000, 0.000000000000000000 ) ) ;
#1527 = EDGE_CURVE ( 'NONE', #510, #542, #598, .T. ) ;
#1528 = ORIENTED_EDGE ( 'NONE', *, *, #1364, .T. ) ;
#1529 = VERTEX_POINT ( 'NONE', #167 ) ;
#1530 = SPHERICAL_SURFACE ( 'NONE', #786, 0.009550000000000020278 ) ;
#1531 = PRODUCT_RELATED_PRODUCT_CATEGORY ( 'part', '', ( #1176 ) ) ;
#1532 = DIRECTION ( 'NONE',  ( 0.000000000000000000, -1.000000000000000000, 0.000000000000000000 ) ) ;
#1533 = DIRECTION ( 'NONE',  ( 0.000000000000000000, 0.000000000000000000, 1.000000000000000000 ) ) ;
#1534 = EDGE_LOOP ( 'NONE', ( #284, #1149 ) ) ;
#1535 = EDGE_CURVE ( 'NONE', #1142, #1476, #23, .T. ) ;
#1536 = DIRECTION ( 'NONE',  ( 0.000000000000000000, -1.000000000000000000, 0.000000000000000000 ) ) ;
#1537 = ADVANCED_FACE ( 'NONE', ( #190 ), #982, .T. ) ;
#1538 = ORIENTED_EDGE ( 'NONE', *, *, #19, .F. ) ;
#1539 = CARTESIAN_POINT ( 'NONE',  ( 0.2324999999999999845, -0.1940000000000000058, -0.05449999999999988881 ) ) ;
#1540 = EDGE_LOOP ( 'NONE', ( #161, #1058, #976, #775 ) ) ;
#1541 = DIRECTION ( 'NONE',  ( 0.000000000000000000, 0.000000000000000000, 1.000000000000000000 ) ) ;
#1542 = DIRECTION ( 'NONE',  ( -3.623491718193167398E-18, -1.000000000000000000, 0.000000000000000000 ) ) ;
#1543 = AXIS2_PLACEMENT_3D ( 'NONE', #408, #699, #426 ) ;
#1544 = VECTOR ( 'NONE', #55, 39.37007874015748143 ) ;
#1545 = CARTESIAN_POINT ( 'NONE',  ( 0.2650000000000000688, -0.1489999999999999936, 0.000000000000000000 ) ) ;
#1546 = AXIS2_PLACEMENT_3D ( 'NONE', #559, #1506, #56 ) ;
#1547 = AXIS2_PLACEMENT_3D ( 'NONE', #197, #1123, #828 ) ;
#1548 = ORIENTED_EDGE ( 'NONE', *, *, #1258, .T. ) ;
#1549 = CARTESIAN_POINT ( 'NONE',  ( 0.1824999999999999678, -0.1489999999999999936, -0.08400000000000001910 ) ) ;
#1550 = CARTESIAN_POINT ( 'NONE',  ( 0.1824999999999999956, -0.1489999999999999936, -0.01349999999999948117 ) ) ;
#1551 = PRODUCT_DEFINITION_FORMATION_WITH_SPECIFIED_SOURCE ( 'ANY', '', #1176, .NOT_KNOWN. ) ;
#1552 = DIRECTION ( 'NONE',  ( 1.000000000000000000, 0.000000000000000000, 0.000000000000000000 ) ) ;
#1553 = VERTEX_POINT ( 'NONE', #706 ) ;
#1554 = CARTESIAN_POINT ( 'NONE',  ( 0.3404500000000013071, -4.095788312874220869E-16, 0.000000000000000000 ) ) ;
#1555 = ORIENTED_EDGE ( 'NONE', *, *, #1692, .F. ) ;
#1556 = CARTESIAN_POINT ( 'NONE',  ( 0.1824999999999999678, -0.1489999999999999936, -0.08400000000000001910 ) ) ;
#1557 = SPHERICAL_SURFACE ( 'NONE', #1411, 0.007999999999999733019 ) ;
#1558 = DIRECTION ( 'NONE',  ( -1.000000000000000000, 3.623491718193167398E-18, -0.000000000000000000 ) ) ;
#1559 = EDGE_CURVE ( 'NONE', #1571, #863, #1417, .T. ) ;
#1560 = ORIENTED_EDGE ( 'NONE', *, *, #1660, .T. ) ;
#1561 = ORIENTED_EDGE ( 'NONE', *, *, #1485, .T. ) ;
#1562 = CARTESIAN_POINT ( 'NONE',  ( 0.1154999999999992560, -0.02150000000000096625, 0.000000000000000000 ) ) ;
#1563 = EDGE_LOOP ( 'NONE', ( #631, #827 ) ) ;
#1564 = DIRECTION ( 'NONE',  ( -0.000000000000000000, 1.000000000000000000, -0.000000000000000000 ) ) ;
#1565 = ADVANCED_FACE ( 'NONE', ( #459, #1091 ), #1623, .F. ) ;
#1566 = DIRECTION ( 'NONE',  ( -0.000000000000000000, 1.000000000000000000, -0.000000000000000000 ) ) ;
#1567 = AXIS2_PLACEMENT_3D ( 'NONE', #1029, #370, #111 ) ;
#1568 = CARTESIAN_POINT ( 'NONE',  ( 0.000000000000000000, -4.083452135319632762E-16, 0.000000000000000000 ) ) ;
#1569 = AXIS2_PLACEMENT_3D ( 'NONE', #1521, #1636, #854 ) ;
#1570 = FACE_OUTER_BOUND ( 'NONE', #1002, .T. ) ;
#1571 = VERTEX_POINT ( 'NONE', #306 ) ;
#1572 = EDGE_CURVE ( 'NONE', #1274, #1038, #1023, .T. ) ;
#1573 = EDGE_CURVE ( 'NONE', #1575, #62, #418, .T. ) ;
#1574 = LINE ( 'NONE', #12, #1301 ) ;
#1575 = VERTEX_POINT ( 'NONE', #1501 ) ;
#1576 = LINE ( 'NONE', #1603, #1352 ) ;
#1577 = SURFACE_STYLE_FILL_AREA ( #127 ) ;
#1578 = ORIENTED_EDGE ( 'NONE', *, *, #838, .T. ) ;
#1579 = DIRECTION ( 'NONE',  ( -0.000000000000000000, 1.000000000000000000, -0.000000000000000000 ) ) ;
#1580 = EDGE_CURVE ( 'NONE', #62, #1575, #1627, .T. ) ;
#1581 = FACE_OUTER_BOUND ( 'NONE', #1703, .T. ) ;
#1582 = ADVANCED_FACE ( 'NONE', ( #1242, #1099 ), #1375, .F. ) ;
#1583 = ORIENTED_EDGE ( 'NONE', *, *, #1573, .F. ) ;
#1584 = CARTESIAN_POINT ( 'NONE',  ( 0.1154999999999992560, -4.087637268254145498E-16, 0.000000000000000000 ) ) ;
#1585 =( LENGTH_UNIT ( ) NAMED_UNIT ( * ) SI_UNIT ( $, .METRE. ) );
#1586 = DIRECTION ( 'NONE',  ( -1.000000000000000000, 3.623491718193167398E-18, -0.000000000000000000 ) ) ;
#1587 = FILL_AREA_STYLE_COLOUR ( '', #49 ) ;
#1588 = ORIENTED_EDGE ( 'NONE', *, *, #1056, .T. ) ;
#1589 = AXIS2_PLACEMENT_3D ( 'NONE', #1646, #57, #1261 ) ;
#1590 = CARTESIAN_POINT ( 'NONE',  ( 0.03249999999999996642, -0.1940000000000000058, -0.08399999999999999134 ) ) ;
#1591 = VECTOR ( 'NONE', #974, 39.37007874015748143 ) ;
#1592 = CIRCLE ( 'NONE', #1069, 0.02050000000000000086 ) ;
#1593 = ORIENTED_EDGE ( 'NONE', *, *, #1371, .F. ) ;
#1594 = CARTESIAN_POINT ( 'NONE',  ( 0.2889999999999999791, 0.009550000000000436612, 1.169537693185826497E-18 ) ) ;
#1595 =( REPRESENTATION_RELATIONSHIP ('NONE','NONE', #521, #1509 ) REPRESENTATION_RELATIONSHIP_WITH_TRANSFORMATION ( #611 )SHAPE_REPRESENTATION_RELATIONSHIP( ) );
#1596 = ADVANCED_FACE ( 'NONE', ( #717 ), #200, .F. ) ;
#1597 = CARTESIAN_POINT ( 'NONE',  ( 0.2889999999999999791, 0.01850000000000022460, 0.000000000000000000 ) ) ;
#1598 = CIRCLE ( 'NONE', #1625, 0.02050000000000001127 ) ;
#1599 = AXIS2_PLACEMENT_3D ( 'NONE', #867, #228, #1542 ) ;
#1600 = ORIENTED_EDGE ( 'NONE', *, *, #1306, .F. ) ;
#1601 = DIRECTION ( 'NONE',  ( -0.000000000000000000, 1.000000000000000000, -0.000000000000000000 ) ) ;
#1602 = ORIENTED_EDGE ( 'NONE', *, *, #582, .F. ) ;
#1603 = CARTESIAN_POINT ( 'NONE',  ( 0.03249999999999998029, -0.1940000000000000058, -0.01349999999999998423 ) ) ;
#1604 = CONTEXT_DEPENDENT_SHAPE_REPRESENTATION ( #792, #1256 ) ;
#1605 = FACE_OUTER_BOUND ( 'NONE', #1244, .T. ) ;
#1606 = EDGE_CURVE ( 'NONE', #842, #694, #449, .T. ) ;
#1607 = ORIENTED_EDGE ( 'NONE', *, *, #468, .T. ) ;
#1608 = ADVANCED_FACE ( 'NONE', ( #1508, #1253, #58, #1262, #66, #605, #1126 ), #1647, .T. ) ;
#1609 = DIRECTION ( 'NONE',  ( 0.000000000000000000, -1.000000000000000000, 0.000000000000000000 ) ) ;
#1610 = EDGE_LOOP ( 'NONE', ( #620, #1266 ) ) ;
#1611 = CARTESIAN_POINT ( 'NONE',  ( 0.08249999999999997613, 0.000000000000000000, -0.1045000000000005369 ) ) ;
#1612 = DIRECTION ( 'NONE',  ( 1.000000000000000000, 0.000000000000000000, 0.000000000000000000 ) ) ;
#1613 = DIRECTION ( 'NONE',  ( -1.000000000000000000, 3.623491718193167398E-18, 0.000000000000000000 ) ) ;
#1614 = DIRECTION ( 'NONE',  ( -1.000000000000000000, 3.623491718193167398E-18, 0.000000000000000000 ) ) ;
#1615 = ORIENTED_EDGE ( 'NONE', *, *, #1356, .T. ) ;
#1616 = DIRECTION ( 'NONE',  ( -1.000000000000000000, 3.623491718193167398E-18, -0.000000000000000000 ) ) ;
#1617 = ORIENTED_EDGE ( 'NONE', *, *, #1405, .T. ) ;
#1618 = FACE_OUTER_BOUND ( 'NONE', #1654, .T. ) ;
#1619 = DIRECTION ( 'NONE',  ( -1.110223024625156698E-14, 7.051046358971096538E-15, 1.000000000000000000 ) ) ;
#1620 = UNCERTAINTY_MEASURE_WITH_UNIT (LENGTH_MEASURE( 1.000000000000000082E-05 ), #1166, 'distance_accuracy_value', 'NONE');
#1621 = AXIS2_PLACEMENT_3D ( 'NONE', #416, #1471, #27 ) ;
#1622 = DIRECTION ( 'NONE',  ( 0.000000000000000000, 0.000000000000000000, 1.000000000000000000 ) ) ;
#1623 = PLANE ( 'NONE',  #479 ) ;
#1624 = CIRCLE ( 'NONE', #637, 0.02050000000000052128 ) ;
#1625 = AXIS2_PLACEMENT_3D ( 'NONE', #240, #364, #758 ) ;
#1626 = ORIENTED_EDGE ( 'NONE', *, *, #1426, .F. ) ;
#1627 = CIRCLE ( 'NONE', #1221, 0.02074999999999918229 ) ;
#1628 = CARTESIAN_POINT ( 'NONE',  ( 0.1824999999999999956, 0.000000000000000000, -0.05450000000000052025 ) ) ;
#1629 = EDGE_LOOP ( 'NONE', ( #1263, #1401, #146 ) ) ;
#1630 = CARTESIAN_POINT ( 'NONE',  ( 0.1029999999999999943, -4.087184331789371311E-16, 0.000000000000000000 ) ) ;
#1631 = APPLICATION_CONTEXT ( 'automotive_design' ) ;
#1632 = EDGE_CURVE ( 'NONE', #1230, #1004, #687, .T. ) ;
#1633 = DIRECTION ( 'NONE',  ( -1.000000000000000000, 3.623491718193167398E-18, -0.000000000000000000 ) ) ;
#1634 = DIRECTION ( 'NONE',  ( -0.000000000000000000, 1.000000000000000000, -0.000000000000000000 ) ) ;
#1635 = ORIENTED_EDGE ( 'NONE', *, *, #901, .F. ) ;
#1636 = DIRECTION ( 'NONE',  ( 0.000000000000000000, -1.000000000000000000, 0.000000000000000000 ) ) ;
#1637 = EDGE_LOOP ( 'NONE', ( #941, #203, #24, #765 ) ) ;
#1638 = DIRECTION ( 'NONE',  ( 0.000000000000000000, -1.000000000000000000, 0.000000000000000000 ) ) ;
#1639 =( NAMED_UNIT ( * ) PLANE_ANGLE_UNIT ( ) SI_UNIT ( $, .RADIAN. ) );
#1640 = LINE ( 'NONE', #850, #187 ) ;
#1641 = DIRECTION ( 'NONE',  ( -0.000000000000000000, 1.000000000000000000, -0.000000000000000000 ) ) ;
#1642 = CARTESIAN_POINT ( 'NONE',  ( 0.1559999999999987230, -4.089104782400014099E-16, 0.000000000000000000 ) ) ;
#1643 = VERTEX_POINT ( 'NONE', #1694 ) ;
#1644 = DIRECTION ( 'NONE',  ( 1.000000000000000000, 0.000000000000000000, 0.000000000000000000 ) ) ;
#1645 = AXIS2_PLACEMENT_3D ( 'NONE', #153, #7, #1622 ) ;
#1646 = CARTESIAN_POINT ( 'NONE',  ( 0.000000000000000000, -4.083452135319632762E-16, 0.000000000000000000 ) ) ;
#1647 = PLANE ( 'NONE',  #392 ) ;
#1648 = ADVANCED_FACE ( 'NONE', ( #1008 ), #86, .T. ) ;
#1649 = EDGE_LOOP ( 'NONE', ( #491, #703, #150, #375 ) ) ;
#1650 = AXIS2_PLACEMENT_3D ( 'NONE', #1556, #374, #1432 ) ;
#1651 = AXIS2_PLACEMENT_3D ( 'NONE', #61, #710, #1120 ) ;
#1652 = CARTESIAN_POINT ( 'NONE',  ( 0.1154999999999992560, -4.087637268254145498E-16, 0.000000000000000000 ) ) ;
#1653 = AXIS2_PLACEMENT_3D ( 'NONE', #154, #680, #563 ) ;
#1654 = EDGE_LOOP ( 'NONE', ( #968, #1045, #1672 ) ) ;
#1655 = CARTESIAN_POINT ( 'NONE',  ( 0.3404500000000013071, 4.364554021127670509E-16, 0.000000000000000000 ) ) ;
#1656 = CARTESIAN_POINT ( 'NONE',  ( 0.1280000000000000027, -0.02150000000000096625, 0.000000000000000000 ) ) ;
#1657 = CARTESIAN_POINT ( 'NONE',  ( 0.08249999999999997613, -0.1489999999999999936, -0.08400000000000001910 ) ) ;
#1658 = EDGE_CURVE ( 'NONE', #9, #515, #280, .T. ) ;
#1659 = ORIENTED_EDGE ( 'NONE', *, *, #1056, .F. ) ;
#1660 = EDGE_CURVE ( 'NONE', #1287, #932, #615, .T. ) ;
#1661 = ADVANCED_FACE ( 'NONE', ( #1146 ), #1001, .T. ) ;
#1662 = DIRECTION ( 'NONE',  ( 0.000000000000000000, -1.000000000000000000, 0.000000000000000000 ) ) ;
#1663 = ORIENTED_EDGE ( 'NONE', *, *, #250, .T. ) ;
#1664 = CARTESIAN_POINT ( 'NONE',  ( 0.2650000000000000688, -0.1489999999999999936, -0.1179999999999998550 ) ) ;
#1665 = ORIENTED_EDGE ( 'NONE', *, *, #250, .F. ) ;
#1666 = DIRECTION ( 'NONE',  ( 0.000000000000000000, 0.000000000000000000, 1.000000000000000000 ) ) ;
#1667 = DIRECTION ( 'NONE',  ( -3.623491718193166628E-18, -1.000000000000000000, 0.000000000000000000 ) ) ;
#1668 = VERTEX_POINT ( 'NONE', #347 ) ;
#1669 = ADVANCED_FACE ( 'NONE', ( #994 ), #244, .T. ) ;
#1670 = FACE_BOUND ( 'NONE', #1031, .T. ) ;
#1671 = DIMENSIONAL_EXPONENTS ( 1.000000000000000000, 0.000000000000000000, 0.000000000000000000, 0.000000000000000000, 0.000000000000000000, 0.000000000000000000, 0.000000000000000000 ) ;
#1672 = ORIENTED_EDGE ( 'NONE', *, *, #1317, .F. ) ;
#1673 = CARTESIAN_POINT ( 'NONE',  ( 0.1324999999999999789, -0.1489999999999999936, -0.05450000000000052025 ) ) ;
#1674 = CARTESIAN_POINT ( 'NONE',  ( 0.1643971143170204208, 0.01850000000000022460, 2.265596578422681232E-18 ) ) ;
#1675 = PRODUCT_DEFINITION_SHAPE ( 'NONE', 'NONE',  #1715 ) ;
#1676 = EDGE_LOOP ( 'NONE', ( #1635, #399, #654, #87 ) ) ;
#1677 = VECTOR ( 'NONE', #621, 39.37007874015748143 ) ;
#1678 = AXIS2_PLACEMENT_3D ( 'NONE', #1433, #1697, #1541 ) ;
#1679 = PRESENTATION_STYLE_ASSIGNMENT (( #349 ) ) ;
#1680 = CIRCLE ( 'NONE', #931, 0.02050000000000052128 ) ;
#1681 = AXIS2_PLACEMENT_3D ( 'NONE', #893, #744, #496 ) ;
#1682 = VERTEX_POINT ( 'NONE', #888 ) ;
#1683 = LINE ( 'NONE', #490, #248 ) ;
#1684 = DIRECTION ( 'NONE',  ( -0.000000000000000000, 1.000000000000000000, -0.000000000000000000 ) ) ;
#1685 = EDGE_CURVE ( 'NONE', #701, #900, #851, .T. ) ;
#1686 =( NAMED_UNIT ( * ) SI_UNIT ( $, .STERADIAN. ) SOLID_ANGLE_UNIT ( ) );
#1687 = EDGE_LOOP ( 'NONE', ( #1281, #1238 ) ) ;
#1688 =( LENGTH_UNIT ( ) NAMED_UNIT ( * ) SI_UNIT ( $, .METRE. ) );
#1689 = ORIENTED_EDGE ( 'NONE', *, *, #311, .F. ) ;
#1690 = CARTESIAN_POINT ( 'NONE',  ( 0.1324999999999999789, 0.000000000000000000, -0.08400000000000001910 ) ) ;
#1691 = PRODUCT_DEFINITION_SHAPE ( 'NONE', 'NONE',  #1717 ) ;
#1692 = EDGE_CURVE ( 'NONE', #694, #1142, #860, .T. ) ;
#1693 = DIRECTION ( 'NONE',  ( -0.000000000000000000, 1.000000000000000000, -0.000000000000000000 ) ) ;
#1694 = CARTESIAN_POINT ( 'NONE',  ( 0.08249999999999999001, -4.286263797015734438E-19, -0.05450000000000052025 ) ) ;
#1695 = DIRECTION ( 'NONE',  ( -1.000000000000000000, 3.623491718193167398E-18, -0.000000000000000000 ) ) ;
#1696 = DIRECTION ( 'NONE',  ( 0.000000000000000000, -1.000000000000000000, 0.000000000000000000 ) ) ;
#1697 = DIRECTION ( 'NONE',  ( -0.000000000000000000, 1.000000000000000000, -0.000000000000000000 ) ) ;
#1698 = ORIENTED_EDGE ( 'NONE', *, *, #1235, .T. ) ;
#1699 = DIRECTION ( 'NONE',  ( -1.000000000000000000, 3.623491718193167398E-18, -0.000000000000000000 ) ) ;
#1700 = CIRCLE ( 'NONE', #874, 0.02050000000000052128 ) ;
#1701 = FACE_OUTER_BOUND ( 'NONE', #1236, .T. ) ;
#1702 = CIRCLE ( 'NONE', #447, 0.01949999999999988895 ) ;
#1703 = EDGE_LOOP ( 'NONE', ( #1494, #753, #1100, #396 ) ) ;
#1704 = CARTESIAN_POINT ( 'NONE',  ( 0.2324999999999999845, -0.1940000000000000058, -0.03399999999999989142 ) ) ;
#1705 = FILL_AREA_STYLE ('',( #1303 ) ) ;
#1706 = COLOUR_RGB ( '',0.2980392156862745057, 0.2980392156862745057, 0.2980392156862745057 ) ;
#1707 = EDGE_CURVE ( 'NONE', #1450, #1643, #740, .T. ) ;
#1708 = STYLED_ITEM ( 'NONE', ( #1060 ), #1336 ) ;
#1709 = CARTESIAN_POINT ( 'NONE',  ( 0.2324999999999999845, -0.1940000000000000058, -0.01349999999999988189 ) ) ;
#1710 = PRESENTATION_STYLE_ASSIGNMENT (( #420 ) ) ;
#1711 = CARTESIAN_POINT ( 'NONE',  ( 0.1324999999999999789, -4.286263797015734438E-19, -0.06349999999999948741 ) ) ;
#1712 = NEXT_ASSEMBLY_USAGE_OCCURRENCE ( 'NAUO1', ' ', ' ', #780, #967, $ ) ;
#1713 = NEXT_ASSEMBLY_USAGE_OCCURRENCE ( 'NAUO2', ' ', ' ', #780, #858, $ ) ;
#1714 = NEXT_ASSEMBLY_USAGE_OCCURRENCE ( 'NAUO3', ' ', ' ', #780, #858, $ ) ;
#1715 = NEXT_ASSEMBLY_USAGE_OCCURRENCE ( 'NAUO4', ' ', ' ', #780, #858, $ ) ;
#1716 = NEXT_ASSEMBLY_USAGE_OCCURRENCE ( 'NAUO5', ' ', ' ', #780, #858, $ ) ;
#1717 = NEXT_ASSEMBLY_USAGE_OCCURRENCE ( 'NAUO6', ' ', ' ', #780, #858, $ ) ;
#1718 = NEXT_ASSEMBLY_USAGE_OCCURRENCE ( 'NAUO7', ' ', ' ', #780, #858, $ ) ;
ENDSEC;
END-ISO-10303-21;
