ISO-10303-21;
HEADER;
FILE_DESCRIPTION (( 'STEP AP214' ),
    '1' );
FILE_NAME ('BC-2017.STEP',
    '2019-09-28T08:34:15',
    ( '' ),
    ( '' ),
    'SwSTEP 2.0',
    'SolidWorks 2017',
    '' );
FILE_SCHEMA (( 'AUTOMOTIVE_DESIGN' ));
ENDSEC;

DATA;
#1 = ORIENTED_EDGE ( 'NONE', *, *, #1390, .T. ) ;
#2 = DIRECTION ( 'NONE',  ( 0.7071067811865487900, -7.301397222301803300E-017, 0.7071067811865463500 ) ) ;
#3 = LINE ( 'NONE', #824, #313 ) ;
#4 = PLANE ( 'NONE',  #160 ) ;
#5 = FILL_AREA_STYLE_COLOUR ( '', #480 ) ;
#6 = CARTESIAN_POINT ( 'NONE',  ( 8.699999999999999300, 0.2500000000000000000, -2.024999999999997700 ) ) ;
#7 = EDGE_CURVE ( 'NONE', #1605, #1695, #1011, .T. ) ;
#8 = CIRCLE ( 'NONE', #253, 0.1000000000000002600 ) ;
#9 = AXIS2_PLACEMENT_3D ( 'NONE', #1483, #392, #1206 ) ;
#10 = DIRECTION ( 'NONE',  ( 0.0000000000000000000, 0.0000000000000000000, -1.000000000000000000 ) ) ;
#11 = CARTESIAN_POINT ( 'NONE',  ( 6.600000000000001400, 0.3499999999999998100, 3.240000000000000200 ) ) ;
#12 = DIRECTION ( 'NONE',  ( -4.663235150475287800E-016, 1.000000000000000000, 0.0000000000000000000 ) ) ;
#13 = VECTOR ( 'NONE', #484, 1000.000000000000000 ) ;
#14 = VECTOR ( 'NONE', #61, 1000.000000000000000 ) ;
#15 = EDGE_LOOP ( 'NONE', ( #1645, #857, #746, #1093 ) ) ;
#16 = PLANE ( 'NONE',  #735 ) ;
#17 = CARTESIAN_POINT ( 'NONE',  ( 4.795228748525479600, 1.388806962434384400, -1.100000000000000100 ) ) ;
#18 = EDGE_CURVE ( 'NONE', #466, #1451, #1687, .T. ) ;
#19 = ORIENTED_EDGE ( 'NONE', *, *, #1268, .F. ) ;
#20 = ORIENTED_EDGE ( 'NONE', *, *, #296, .F. ) ;
#21 = CARTESIAN_POINT ( 'NONE',  ( -6.600000000000001400, 0.0000000000000000000, 2.524999999999999900 ) ) ;
#22 = ORIENTED_EDGE ( 'NONE', *, *, #756, .T. ) ;
#23 = AXIS2_PLACEMENT_3D ( 'NONE', #305, #1674, #1115 ) ;
#24 = CLOSED_SHELL ( 'NONE', ( #1593, #1722, #1731, #341, #1165, #1557, #66, #1581, #1574, #457, #758, #591, #1152, #374, #224, #386, #896, #607, #886, #352, #1435, #875, #54, #739, #1213, #1302, #1766, #1567, #908, #391, #1426, #362, #211, #1443, #615, #928, #264, #626, #108, #603, #1713, #1689, #474, #1747, #1417, #1051, #1040, #1279, #82, #73, #482, #195, #1703, #1325, #1288, #1184, #203, #509, #1133, #799, #1018, #1482, #1144, #402, #494, #234 ) ) ;
#25 = ORIENTED_EDGE ( 'NONE', *, *, #1719, .T. ) ;
#26 = CARTESIAN_POINT ( 'NONE',  ( 1.270704437251436400, 1.388806962434384400, -1.100000000000000300 ) ) ;
#27 = CARTESIAN_POINT ( 'NONE',  ( -6.600000000000000500, 2.038409170476028500, 3.381179118361957900 ) ) ;
#28 = EDGE_CURVE ( 'NONE', #104, #575, #445, .T. ) ;
#29 = DIRECTION ( 'NONE',  ( 1.000000000000000000, -1.032573497605243600E-016, 0.0000000000000000000 ) ) ;
#30 = VECTOR ( 'NONE', #1760, 999.9999999999998900 ) ;
#31 = CARTESIAN_POINT ( 'NONE',  ( 6.600000000000000500, 1.760000000000000000, 3.240000000000000200 ) ) ;
#32 = EDGE_CURVE ( 'NONE', #1542, #1692, #462, .T. ) ;
#33 = VECTOR ( 'NONE', #1259, 999.9999999999998900 ) ;
#34 = CIRCLE ( 'NONE', #35, 0.3499999999999996400 ) ;
#35 = AXIS2_PLACEMENT_3D ( 'NONE', #1649, #826, #283 ) ;
#36 = VECTOR ( 'NONE', #1551, 1000.000000000000000 ) ;
#37 = DIRECTION ( 'NONE',  ( 1.032573497605243600E-016, 1.000000000000000000, 0.0000000000000000000 ) ) ;
#38 = VECTOR ( 'NONE', #146, 1000.000000000000000 ) ;
#39 = CARTESIAN_POINT ( 'NONE',  ( 4.795228748525479600, 1.138806962434384600, -1.100000000000000100 ) ) ;
#40 = ORIENTED_EDGE ( 'NONE', *, *, #861, .T. ) ;
#41 = EDGE_CURVE ( 'NONE', #854, #879, #761, .T. ) ;
#42 = ORIENTED_EDGE ( 'NONE', *, *, #221, .F. ) ;
#43 = ORIENTED_EDGE ( 'NONE', *, *, #612, .T. ) ;
#44 = VERTEX_POINT ( 'NONE', #1283 ) ;
#45 = CARTESIAN_POINT ( 'NONE',  ( -8.199999999999999300, 0.2499999999999999400, -2.524999999999999900 ) ) ;
#46 = CARTESIAN_POINT ( 'NONE',  ( 3.689274013360945400, 2.033333109150403200, 1.100000000000000500 ) ) ;
#47 = ORIENTED_EDGE ( 'NONE', *, *, #233, .F. ) ;
#48 = CARTESIAN_POINT ( 'NONE',  ( 6.700000000000002000, 0.3499999999999998700, -2.524999999999999500 ) ) ;
#49 = CARTESIAN_POINT ( 'NONE',  ( 6.250000000000000900, 1.759999999999999800, -3.240000000000000200 ) ) ;
#50 =( NAMED_UNIT ( * ) PLANE_ANGLE_UNIT ( ) SI_UNIT ( $, .RADIAN. ) );
#51 = LINE ( 'NONE', #31, #654 ) ;
#52 = CARTESIAN_POINT ( 'NONE',  ( -8.199999999999999300, -5.162867488026219700E-017, -2.524999999999999900 ) ) ;
#53 = AXIS2_PLACEMENT_3D ( 'NONE', #1503, #138, #10 ) ;
#54 = ADVANCED_FACE ( 'NONE', ( #829 ), #56, .F. ) ;
#55 = VECTOR ( 'NONE', #335, 1000.000000000000000 ) ;
#56 = PLANE ( 'NONE',  #1303 ) ;
#57 = VECTOR ( 'NONE', #1453, 1000.000000000000000 ) ;
#58 = CARTESIAN_POINT ( 'NONE',  ( 6.350000000000002300, 0.3499999999999998700, 3.240000000000000200 ) ) ;
#59 = DIRECTION ( 'NONE',  ( 0.0000000000000000000, -1.000000000000000000, 0.0000000000000000000 ) ) ;
#60 = LINE ( 'NONE', #764, #964 ) ;
#61 = DIRECTION ( 'NONE',  ( -0.2588190451025213500, 0.9659258262890680900, -1.020407894475554200E-016 ) ) ;
#62 = ORIENTED_EDGE ( 'NONE', *, *, #1245, .F. ) ;
#63 = VERTEX_POINT ( 'NONE', #1028 ) ;
#64 = VERTEX_POINT ( 'NONE', #608 ) ;
#65 = DIRECTION ( 'NONE',  ( -1.708945752101347300E-017, 1.298073172494794200E-016, 1.000000000000000000 ) ) ;
#66 = ADVANCED_FACE ( 'NONE', ( #1514 ), #1031, .F. ) ;
#67 = ORIENTED_EDGE ( 'NONE', *, *, #1293, .F. ) ;
#68 = EDGE_CURVE ( 'NONE', #1431, #1260, #1406, .T. ) ;
#69 = EDGE_LOOP ( 'NONE', ( #1185, #573, #932, #1, #727, #1126 ) ) ;
#70 = AXIS2_PLACEMENT_3D ( 'NONE', #304, #1370, #1363 ) ;
#71 = VECTOR ( 'NONE', #672, 1000.000000000000000 ) ;
#72 = VECTOR ( 'NONE', #1376, 1000.000000000000000 ) ;
#73 = ADVANCED_FACE ( 'NONE', ( #784 ), #1171, .F. ) ;
#74 = DIRECTION ( 'NONE',  ( -3.942553354492743000E-016, -0.0000000000000000000, 1.000000000000000000 ) ) ;
#75 = EDGE_CURVE ( 'NONE', #1412, #385, #421, .T. ) ;
#76 = CARTESIAN_POINT ( 'NONE',  ( -6.700000000000002000, 0.3499999999999998700, -2.524999999999999500 ) ) ;
#77 = LINE ( 'NONE', #1243, #1637 ) ;
#78 = VECTOR ( 'NONE', #546, 1000.000000000000000 ) ;
#79 = AXIS2_PLACEMENT_3D ( 'NONE', #1023, #744, #65 ) ;
#80 = VECTOR ( 'NONE', #606, 1000.000000000000000 ) ;
#81 = DIRECTION ( 'NONE',  ( 0.0000000000000000000, 0.0000000000000000000, 1.000000000000000000 ) ) ;
#82 = ADVANCED_FACE ( 'NONE', ( #1469 ), #274, .F. ) ;
#83 = ORIENTED_EDGE ( 'NONE', *, *, #136, .T. ) ;
#84 = PLANE ( 'NONE',  #1548 ) ;
#85 = ORIENTED_EDGE ( 'NONE', *, *, #1450, .F. ) ;
#86 = DIRECTION ( 'NONE',  ( -1.000000000000000000, -1.548860246407865300E-016, 0.0000000000000000000 ) ) ;
#87 = EDGE_LOOP ( 'NONE', ( #485, #814, #493, #1016 ) ) ;
#88 = EDGE_CURVE ( 'NONE', #1298, #1605, #60, .T. ) ;
#89 = EDGE_LOOP ( 'NONE', ( #616, #681, #217, #1275, #1255, #43 ) ) ;
#90 = ORIENTED_EDGE ( 'NONE', *, *, #935, .T. ) ;
#91 = CARTESIAN_POINT ( 'NONE',  ( 3.395103978684920600E-016, 2.109999999999999900, 3.240000000000000200 ) ) ;
#92 = CARTESIAN_POINT ( 'NONE',  ( 4.271616864841620400, 1.859999999999999900, -1.100000000000000300 ) ) ;
#93 = AXIS2_PLACEMENT_3D ( 'NONE', #276, #819, #1222 ) ;
#94 = DIRECTION ( 'NONE',  ( 1.000000000000000000, -1.858632295689438000E-015, 0.0000000000000000000 ) ) ;
#95 = LINE ( 'NONE', #1000, #1554 ) ;
#96 = CARTESIAN_POINT ( 'NONE',  ( 6.350000000000000500, 1.760000000000000000, 3.240000000000000200 ) ) ;
#97 = VECTOR ( 'NONE', #1392, 1000.000000000000000 ) ;
#98 = FACE_BOUND ( 'NONE', #147, .T. ) ;
#99 = EDGE_CURVE ( 'NONE', #1240, #953, #636, .T. ) ;
#100 = DIRECTION ( 'NONE',  ( 0.0000000000000000000, 0.0000000000000000000, -1.000000000000000000 ) ) ;
#101 = AXIS2_PLACEMENT_3D ( 'NONE', #1679, #37, #1262 ) ;
#102 = CARTESIAN_POINT ( 'NONE',  ( 4.730000000000000400, 1.859999999999999900, 1.500000000000000000 ) ) ;
#103 = CARTESIAN_POINT ( 'NONE',  ( 4.730000000000000400, 1.859999999999999900, 1.500000000000000200 ) ) ;
#104 = VERTEX_POINT ( 'NONE', #919 ) ;
#105 = VERTEX_POINT ( 'NONE', #1727 ) ;
#106 = CARTESIAN_POINT ( 'NONE',  ( 3.395103978684920600E-016, 1.859999999999999900, 3.240000000000000200 ) ) ;
#107 = ORIENTED_EDGE ( 'NONE', *, *, #1293, .T. ) ;
#108 = ADVANCED_FACE ( 'NONE', ( #1777 ), #1537, .F. ) ;
#109 = CARTESIAN_POINT ( 'NONE',  ( 4.730000000000000400, 1.859999999999999900, -1.500000000000000200 ) ) ;
#110 = EDGE_CURVE ( 'NONE', #1620, #346, #1331, .T. ) ;
#111 = DIRECTION ( 'NONE',  ( -0.7071067811865463500, -7.301397222301778600E-017, -0.7071067811865487900 ) ) ;
#112 = DIRECTION ( 'NONE',  ( -4.159058814854246300E-016, 0.8918827124620438700, 0.4522667655392636500 ) ) ;
#113 = AXIS2_PLACEMENT_3D ( 'NONE', #997, #970, #842 ) ;
#114 = LINE ( 'NONE', #1224, #940 ) ;
#115 = LINE ( 'NONE', #1772, #1527 ) ;
#116 = CARTESIAN_POINT ( 'NONE',  ( 6.350000000000002300, 0.3499999999999998700, -2.524999999999998100 ) ) ;
#117 = DIRECTION ( 'NONE',  ( -9.019216771999358100E-017, -1.298073172494794200E-016, -1.000000000000000000 ) ) ;
#118 = SURFACE_STYLE_USAGE ( .BOTH. , #129 ) ;
#119 = FACE_OUTER_BOUND ( 'NONE', #325, .T. ) ;
#120 = DIRECTION ( 'NONE',  ( 1.000000000000000000, -0.0000000000000000000, -0.0000000000000000000 ) ) ;
#121 = LINE ( 'NONE', #1470, #1404 ) ;
#122 = EDGE_CURVE ( 'NONE', #1496, #466, #1052, .T. ) ;
#123 = ORIENTED_EDGE ( 'NONE', *, *, #273, .T. ) ;
#124 = ORIENTED_EDGE ( 'NONE', *, *, #216, .F. ) ;
#125 = DIRECTION ( 'NONE',  ( -0.0000000000000000000, 0.0000000000000000000, -1.000000000000000000 ) ) ;
#126 = EDGE_LOOP ( 'NONE', ( #328, #1146, #1644, #1564 ) ) ;
#127 = DIRECTION ( 'NONE',  ( -0.0000000000000000000, -0.0000000000000000000, -1.000000000000000000 ) ) ;
#128 = EDGE_LOOP ( 'NONE', ( #1497, #22, #20, #281 ) ) ;
#129 = SURFACE_SIDE_STYLE ('',( #589 ) ) ;
#130 = DIRECTION ( 'NONE',  ( 0.7071067811865487900, 7.301397222301803300E-017, -0.7071067811865463500 ) ) ;
#131 = ORIENTED_EDGE ( 'NONE', *, *, #1378, .T. ) ;
#132 = ORIENTED_EDGE ( 'NONE', *, *, #169, .T. ) ;
#133 = DIRECTION ( 'NONE',  ( 0.0000000000000000000, 0.0000000000000000000, 1.000000000000000000 ) ) ;
#134 = CARTESIAN_POINT ( 'NONE',  ( -6.600000000000001400, -2.168404344971008900E-016, -2.524999999999999900 ) ) ;
#135 = ORIENTED_EDGE ( 'NONE', *, *, #1501, .T. ) ;
#136 = EDGE_CURVE ( 'NONE', #1601, #513, #121, .T. ) ;
#137 = VECTOR ( 'NONE', #856, 1000.000000000000000 ) ;
#138 = DIRECTION ( 'NONE',  ( 0.0000000000000000000, 1.000000000000000000, -0.0000000000000000000 ) ) ;
#139 = CARTESIAN_POINT ( 'NONE',  ( -6.250000000000000900, 2.109999999999999900, -3.240000000000000200 ) ) ;
#140 = VECTOR ( 'NONE', #492, 1000.000000000000000 ) ;
#141 = CARTESIAN_POINT ( 'NONE',  ( 1.361291103037318500, 1.150732923233210600, -1.100000000000000300 ) ) ;
#142 = CARTESIAN_POINT ( 'NONE',  ( 1.361291103037319800, 1.150732923233211100, -1.100000000000000300 ) ) ;
#143 = LINE ( 'NONE', #271, #809 ) ;
#144 = EDGE_CURVE ( 'NONE', #1500, #1692, #569, .T. ) ;
#145 = CARTESIAN_POINT ( 'NONE',  ( 6.600000000000000500, 2.038409170476028500, 3.381179118361957900 ) ) ;
#146 = DIRECTION ( 'NONE',  ( 0.0000000000000000000, 1.000000000000000000, 0.0000000000000000000 ) ) ;
#147 = EDGE_LOOP ( 'NONE', ( #488, #706, #258, #708, #1209, #1187, #1720, #1667 ) ) ;
#148 = AXIS2_PLACEMENT_3D ( 'NONE', #1721, #1578, #356 ) ;
#149 = ORIENTED_EDGE ( 'NONE', *, *, #520, .T. ) ;
#150 = EDGE_LOOP ( 'NONE', ( #83, #123, #956, #768 ) ) ;
#151 = CARTESIAN_POINT ( 'NONE',  ( -6.600000000000001400, 0.2500000000000002200, 2.524999999999999900 ) ) ;
#152 = ORIENTED_EDGE ( 'NONE', *, *, #1285, .T. ) ;
#153 = CARTESIAN_POINT ( 'NONE',  ( 6.600000000000001400, -2.168404344971008900E-016, -2.524999999999999900 ) ) ;
#154 = VERTEX_POINT ( 'NONE', #805 ) ;
#155 = EDGE_LOOP ( 'NONE', ( #1589, #618, #42, #279 ) ) ;
#156 = DIRECTION ( 'NONE',  ( -3.942553354492743000E-016, -0.0000000000000000000, 1.000000000000000000 ) ) ;
#157 = EDGE_CURVE ( 'NONE', #620, #244, #443, .T. ) ;
#158 = LINE ( 'NONE', #1775, #1595 ) ;
#159 = VECTOR ( 'NONE', #1076, 1000.000000000000000 ) ;
#160 = AXIS2_PLACEMENT_3D ( 'NONE', #839, #1391, #682 ) ;
#161 = DIRECTION ( 'NONE',  ( 0.0000000000000000000, -0.0000000000000000000, -1.000000000000000000 ) ) ;
#162 = LINE ( 'NONE', #943, #477 ) ;
#163 = DIRECTION ( 'NONE',  ( 0.0000000000000000000, 0.0000000000000000000, 1.000000000000000000 ) ) ;
#164 = CARTESIAN_POINT ( 'NONE',  ( -6.599999999999999600, 1.760000000000000000, -3.240000000000000200 ) ) ;
#165 = CARTESIAN_POINT ( 'NONE',  ( 6.600000000000001400, 0.2500000000000002200, 2.524999999999999900 ) ) ;
#166 = LINE ( 'NONE', #1265, #807 ) ;
#167 = CIRCLE ( 'NONE', #753, 0.3499999999999996400 ) ;
#168 = CARTESIAN_POINT ( 'NONE',  ( -8.199999999999997500, 0.2500000000000002200, 2.524999999999999900 ) ) ;
#169 = EDGE_CURVE ( 'NONE', #104, #704, #143, .T. ) ;
#170 = DIRECTION ( 'NONE',  ( 0.0000000000000000000, -1.000000000000000000, 0.0000000000000000000 ) ) ;
#171 = ORIENTED_EDGE ( 'NONE', *, *, #733, .T. ) ;
#172 = ORIENTED_EDGE ( 'NONE', *, *, #718, .F. ) ;
#173 = ORIENTED_EDGE ( 'NONE', *, *, #1525, .F. ) ;
#174 = ORIENTED_EDGE ( 'NONE', *, *, #287, .F. ) ;
#175 = EDGE_LOOP ( 'NONE', ( #1385, #533, #1673, #25 ) ) ;
#176 = CARTESIAN_POINT ( 'NONE',  ( -6.700000000000002000, -2.065146995210484200E-016, 3.240000000000000200 ) ) ;
#177 = ORIENTED_EDGE ( 'NONE', *, *, #590, .F. ) ;
#178 = LINE ( 'NONE', #883, #333 ) ;
#179 = EDGE_CURVE ( 'NONE', #1168, #1744, #1617, .T. ) ;
#180 = DIRECTION ( 'NONE',  ( 0.0000000000000000000, 1.000000000000000000, 0.0000000000000000000 ) ) ;
#181 = PLANE ( 'NONE',  #101 ) ;
#182 = LINE ( 'NONE', #240, #1264 ) ;
#183 = VECTOR ( 'NONE', #858, 1000.000000000000000 ) ;
#184 = CARTESIAN_POINT ( 'NONE',  ( 1.270704437251436700, 1.388806962434384600, 1.100000000000000300 ) ) ;
#185 = SURFACE_SIDE_STYLE ('',( #1345 ) ) ;
#186 = CARTESIAN_POINT ( 'NONE',  ( -6.350000000000000500, 2.109999999999999900, 3.240000000000000200 ) ) ;
#187 = DIRECTION ( 'NONE',  ( -0.0000000000000000000, -0.0000000000000000000, -1.000000000000000000 ) ) ;
#188 = DIRECTION ( 'NONE',  ( 0.0000000000000000000, 0.0000000000000000000, -1.000000000000000000 ) ) ;
#189 = FACE_OUTER_BOUND ( 'NONE', #1434, .T. ) ;
#190 = VECTOR ( 'NONE', #1590, 999.9999999999998900 ) ;
#191 = CARTESIAN_POINT ( 'NONE',  ( 6.700000000000002000, 0.3499999999999998700, -2.524999999999999500 ) ) ;
#192 = DIRECTION ( 'NONE',  ( -0.0000000000000000000, -0.0000000000000000000, -1.000000000000000000 ) ) ;
#193 = FILL_AREA_STYLE_COLOUR ( '', #1131 ) ;
#194 = VERTEX_POINT ( 'NONE', #660 ) ;
#195 = ADVANCED_FACE ( 'NONE', ( #1249 ), #655, .F. ) ;
#196 = EDGE_CURVE ( 'NONE', #879, #917, #298, .T. ) ;
#197 = VERTEX_POINT ( 'NONE', #531 ) ;
#198 = AXIS2_PLACEMENT_3D ( 'NONE', #1014, #1025, #59 ) ;
#199 = DIRECTION ( 'NONE',  ( -1.032573497605243600E-016, 1.000000000000000000, 0.0000000000000000000 ) ) ;
#200 = EDGE_LOOP ( 'NONE', ( #974, #470, #384, #539 ) ) ;
#201 = PLANE ( 'NONE',  #444 ) ;
#202 = DIRECTION ( 'NONE',  ( -0.0000000000000000000, 1.000000000000000000, -0.0000000000000000000 ) ) ;
#203 = ADVANCED_FACE ( 'NONE', ( #212 ), #1493, .T. ) ;
#204 = LINE ( 'NONE', #92, #1323 ) ;
#205 = EDGE_CURVE ( 'NONE', #1037, #1072, #1684, .T. ) ;
#206 = PLANE ( 'NONE',  #1178 ) ;
#207 = FACE_OUTER_BOUND ( 'NONE', #69, .T. ) ;
#208 = FACE_OUTER_BOUND ( 'NONE', #1565, .T. ) ;
#209 = PLANE ( 'NONE',  #1672 ) ;
#210 = LINE ( 'NONE', #1204, #1247 ) ;
#211 = ADVANCED_FACE ( 'NONE', ( #1754 ), #516, .T. ) ;
#212 = FACE_OUTER_BOUND ( 'NONE', #331, .T. ) ;
#213 = DIRECTION ( 'NONE',  ( 0.7071067811865463500, -7.301397222301778600E-017, -0.7071067811865487900 ) ) ;
#214 = ORIENTED_EDGE ( 'NONE', *, *, #728, .F. ) ;
#215 = ORIENTED_EDGE ( 'NONE', *, *, #1696, .T. ) ;
#216 = EDGE_CURVE ( 'NONE', #888, #306, #901, .T. ) ;
#217 = ORIENTED_EDGE ( 'NONE', *, *, #1026, .F. ) ;
#218 = EDGE_LOOP ( 'NONE', ( #135, #131, #1622, #551 ) ) ;
#219 = CARTESIAN_POINT ( 'NONE',  ( 3.753978774636575800, 1.791851652578136700, 3.240000000000001500 ) ) ;
#220 = ORIENTED_EDGE ( 'NONE', *, *, #1285, .F. ) ;
#221 = EDGE_CURVE ( 'NONE', #1496, #403, #679, .T. ) ;
#222 = EDGE_LOOP ( 'NONE', ( #882, #1359, #1560, #62 ) ) ;
#223 = CARTESIAN_POINT ( 'NONE',  ( 8.699999999999999300, 0.2500000000000000000, 3.240000000000000200 ) ) ;
#224 = ADVANCED_FACE ( 'NONE', ( #525 ), #561, .T. ) ;
#225 = CARTESIAN_POINT ( 'NONE',  ( -6.250000000000000900, 2.109999999999999900, 3.240000000000000200 ) ) ;
#226 = ORIENTED_EDGE ( 'NONE', *, *, #1473, .T. ) ;
#227 = DIRECTION ( 'NONE',  ( 0.0000000000000000000, -0.0000000000000000000, 1.000000000000000000 ) ) ;
#228 = DIRECTION ( 'NONE',  ( -0.0000000000000000000, 0.0000000000000000000, 1.000000000000000000 ) ) ;
#229 = CARTESIAN_POINT ( 'NONE',  ( -8.699999999999999300, 0.0000000000000000000, 2.024999999999999500 ) ) ;
#230 = LINE ( 'NONE', #1636, #71 ) ;
#231 = DIRECTION ( 'NONE',  ( -0.0000000000000000000, -0.0000000000000000000, -1.000000000000000000 ) ) ;
#232 = LINE ( 'NONE', #711, #33 ) ;
#233 = EDGE_CURVE ( 'NONE', #1409, #508, #633, .T. ) ;
#234 = ADVANCED_FACE ( 'NONE', ( #1662 ), #1416, .F. ) ;
#235 = CARTESIAN_POINT ( 'NONE',  ( -6.700000000000002000, 0.3499999999999998100, 3.240000000000000200 ) ) ;
#236 = AXIS2_PLACEMENT_3D ( 'NONE', #653, #937, #1736 ) ;
#237 = CARTESIAN_POINT ( 'NONE',  ( -6.600000000000001400, -0.5754213637682190600, -2.055726046032428000 ) ) ;
#238 = ORIENTED_EDGE ( 'NONE', *, *, #742, .F. ) ;
#239 = ORIENTED_EDGE ( 'NONE', *, *, #733, .F. ) ;
#240 = CARTESIAN_POINT ( 'NONE',  ( -6.350000000000002300, 0.3499999999999998700, 2.524999999999999900 ) ) ;
#241 = ORIENTED_EDGE ( 'NONE', *, *, #397, .F. ) ;
#242 = UNCERTAINTY_MEASURE_WITH_UNIT (LENGTH_MEASURE( 1.000000000000000100E-005 ), #811, 'distance_accuracy_value', 'NONE');
#243 = EDGE_CURVE ( 'NONE', #197, #105, #1494, .T. ) ;
#244 = VERTEX_POINT ( 'NONE', #52 ) ;
#245 = DIRECTION ( 'NONE',  ( 0.0000000000000000000, 0.0000000000000000000, -1.000000000000000000 ) ) ;
#246 = CIRCLE ( 'NONE', #1159, 0.3500000000000000300 ) ;
#247 = CARTESIAN_POINT ( 'NONE',  ( 8.699999999999999300, 0.2500000000000000000, 2.024999999999999500 ) ) ;
#248 = DIRECTION ( 'NONE',  ( -1.000000000000000000, 0.0000000000000000000, 0.0000000000000000000 ) ) ;
#249 = CIRCLE ( 'NONE', #1512, 0.09999999999999982500 ) ;
#250 = EDGE_CURVE ( 'NONE', #683, #63, #925, .T. ) ;
#251 = CARTESIAN_POINT ( 'NONE',  ( -6.350000000000002300, 0.3499999999999998700, 2.524999999999999900 ) ) ;
#252 = DIRECTION ( 'NONE',  ( 0.0000000000000000000, 1.000000000000000000, 0.0000000000000000000 ) ) ;
#253 = AXIS2_PLACEMENT_3D ( 'NONE', #1651, #1661, #549 ) ;
#254 = VECTOR ( 'NONE', #1157, 1000.000000000000000 ) ;
#255 = DIRECTION ( 'NONE',  ( 0.0000000000000000000, 0.0000000000000000000, -1.000000000000000000 ) ) ;
#256 = ORIENTED_EDGE ( 'NONE', *, *, #783, .F. ) ;
#257 = VERTEX_POINT ( 'NONE', #460 ) ;
#258 = ORIENTED_EDGE ( 'NONE', *, *, #463, .F. ) ;
#259 = CARTESIAN_POINT ( 'NONE',  ( 4.271616864841618600, -0.1400000000000003700, 1.100000000000000800 ) ) ;
#260 = ORIENTED_EDGE ( 'NONE', *, *, #1315, .F. ) ;
#261 = DIRECTION ( 'NONE',  ( -1.000000000000000000, -1.858632295689438000E-015, 0.0000000000000000000 ) ) ;
#262 = ORIENTED_EDGE ( 'NONE', *, *, #993, .T. ) ;
#263 = EDGE_CURVE ( 'NONE', #257, #1260, #1308, .T. ) ;
#264 = ADVANCED_FACE ( 'NONE', ( #189 ), #1730, .T. ) ;
#265 = DIRECTION ( 'NONE',  ( 1.000000000000000000, 1.032573497605243600E-016, 0.0000000000000000000 ) ) ;
#266 = FACE_OUTER_BOUND ( 'NONE', #1647, .T. ) ;
#267 = CARTESIAN_POINT ( 'NONE',  ( 6.600000000000001400, 0.2499999999999997800, 3.240000000000000200 ) ) ;
#268 = EDGE_CURVE ( 'NONE', #620, #975, #167, .T. ) ;
#269 = CARTESIAN_POINT ( 'NONE',  ( 8.199999999999997500, 0.2500000000000003900, 2.524999999999999900 ) ) ;
#270 = LINE ( 'NONE', #39, #55 ) ;
#271 = CARTESIAN_POINT ( 'NONE',  ( 4.730000000000000400, 1.859999999999999900, -1.100000000000000300 ) ) ;
#272 = CIRCLE ( 'NONE', #1117, 0.3499999999999996400 ) ;
#273 = EDGE_CURVE ( 'NONE', #513, #1783, #1090, .T. ) ;
#274 = CYLINDRICAL_SURFACE ( 'NONE', #697, 0.2000000000000000900 ) ;
#275 = EDGE_LOOP ( 'NONE', ( #903, #1650, #132, #556, #365, #1194, #1762, #712 ) ) ;
#276 = CARTESIAN_POINT ( 'NONE',  ( -6.600000000000001400, -0.5754213637682190600, -2.055726046032428000 ) ) ;
#277 = ORIENTED_EDGE ( 'NONE', *, *, #179, .T. ) ;
#278 = CARTESIAN_POINT ( 'NONE',  ( -6.700000000000002000, 0.3499999999999998700, 2.524999999999999900 ) ) ;
#279 = ORIENTED_EDGE ( 'NONE', *, *, #122, .T. ) ;
#280 = ORIENTED_EDGE ( 'NONE', *, *, #1338, .F. ) ;
#281 = ORIENTED_EDGE ( 'NONE', *, *, #1676, .T. ) ;
#282 = CARTESIAN_POINT ( 'NONE',  ( -6.700000000000002000, 0.3499999999999998700, 2.524999999999999900 ) ) ;
#283 = DIRECTION ( 'NONE',  ( 1.000000000000000000, 0.0000000000000000000, 0.0000000000000000000 ) ) ;
#284 = ORIENTED_EDGE ( 'NONE', *, *, #250, .T. ) ;
#285 = CARTESIAN_POINT ( 'NONE',  ( -6.700000000000002000, 0.2499999999999997800, 3.240000000000000200 ) ) ;
#286 = DIRECTION ( 'NONE',  ( 0.0000000000000000000, 0.0000000000000000000, 1.000000000000000000 ) ) ;
#287 = EDGE_CURVE ( 'NONE', #1500, #510, #318, .T. ) ;
#288 = AXIS2_PLACEMENT_3D ( 'NONE', #796, #1618, #248 ) ;
#289 = FACE_OUTER_BOUND ( 'NONE', #1582, .T. ) ;
#290 = PLANE ( 'NONE',  #113 ) ;
#291 = CARTESIAN_POINT ( 'NONE',  ( 4.730000000000000400, 2.109999999999999900, -1.500000000000000000 ) ) ;
#292 = LINE ( 'NONE', #1498, #159 ) ;
#293 =( NAMED_UNIT ( * ) SI_UNIT ( $, .STERADIAN. ) SOLID_ANGLE_UNIT ( ) );
#294 = FACE_OUTER_BOUND ( 'NONE', #1274, .T. ) ;
#295 = LINE ( 'NONE', #1305, #1203 ) ;
#296 = EDGE_CURVE ( 'NONE', #1522, #410, #1205, .T. ) ;
#297 = DIRECTION ( 'NONE',  ( 0.0000000000000000000, -0.0000000000000000000, -1.000000000000000000 ) ) ;
#298 = LINE ( 'NONE', #944, #987 ) ;
#299 = AXIS2_PLACEMENT_3D ( 'NONE', #165, #701, #1655 ) ;
#300 = ORIENTED_EDGE ( 'NONE', *, *, #88, .T. ) ;
#301 = ORIENTED_EDGE ( 'NONE', *, *, #1201, .F. ) ;
#302 = ORIENTED_EDGE ( 'NONE', *, *, #649, .F. ) ;
#303 = PRODUCT_RELATED_PRODUCT_CATEGORY ( 'part', '', ( #767 ) ) ;
#304 = CARTESIAN_POINT ( 'NONE',  ( 1.270704437251436200, 1.488806962434384700, 1.100000000000000300 ) ) ;
#305 = CARTESIAN_POINT ( 'NONE',  ( 4.730000000000000400, 1.859999999999999900, 1.300000000000000000 ) ) ;
#306 = VERTEX_POINT ( 'NONE', #1149 ) ;
#307 = EDGE_LOOP ( 'NONE', ( #1407, #747, #1253, #1029 ) ) ;
#308 = DIRECTION ( 'NONE',  ( 0.9659258262890680900, 0.2588190451025213500, -1.343392478656030500E-017 ) ) ;
#309 = PLANE ( 'NONE',  #900 ) ;
#310 = ORIENTED_EDGE ( 'NONE', *, *, #500, .F. ) ;
#311 = CARTESIAN_POINT ( 'NONE',  ( -6.600000000000001400, 0.3500000000000000300, -2.524999999999999900 ) ) ;
#312 = EDGE_CURVE ( 'NONE', #1459, #517, #658, .T. ) ;
#313 = VECTOR ( 'NONE', #2, 1000.000000000000000 ) ;
#314 = AXIS2_PLACEMENT_3D ( 'NONE', #1765, #1641, #1519 ) ;
#315 = VECTOR ( 'NONE', #648, 1000.000000000000000 ) ;
#316 = VECTOR ( 'NONE', #992, 999.9999999999998900 ) ;
#317 = FACE_OUTER_BOUND ( 'NONE', #15, .T. ) ;
#318 = LINE ( 'NONE', #471, #1579 ) ;
#319 = DIRECTION ( 'NONE',  ( 0.0000000000000000000, 1.000000000000000000, 0.0000000000000000000 ) ) ;
#320 = CARTESIAN_POINT ( 'NONE',  ( 6.250000000000000900, 1.859999999999999900, -3.240000000000000200 ) ) ;
#321 = VECTOR ( 'NONE', #1561, 1000.000000000000000 ) ;
#322 = EDGE_CURVE ( 'NONE', #1522, #64, #272, .T. ) ;
#323 = DIRECTION ( 'NONE',  ( -1.000000000000000000, -1.858632295689438000E-015, 0.0000000000000000000 ) ) ;
#324 = ORIENTED_EDGE ( 'NONE', *, *, #945, .T. ) ;
#325 = EDGE_LOOP ( 'NONE', ( #1763, #578, #1545, #1233 ) ) ;
#326 = ORIENTED_EDGE ( 'NONE', *, *, #1723, .T. ) ;
#327 = PLANE ( 'NONE',  #79 ) ;
#328 = ORIENTED_EDGE ( 'NONE', *, *, #312, .T. ) ;
#329 = PLANE ( 'NONE',  #969 ) ;
#330 = DIRECTION ( 'NONE',  ( 1.000000000000000000, 0.0000000000000000000, 0.0000000000000000000 ) ) ;
#331 = EDGE_LOOP ( 'NONE', ( #550, #818, #507, #173 ) ) ;
#332 = ORIENTED_EDGE ( 'NONE', *, *, #110, .T. ) ;
#333 = VECTOR ( 'NONE', #594, 1000.000000000000000 ) ;
#334 = EDGE_CURVE ( 'NONE', #1541, #1172, #1448, .T. ) ;
#335 = DIRECTION ( 'NONE',  ( 1.000000000000000000, -3.730134460749826600E-034, 1.708945752101344200E-017 ) ) ;
#336 = SURFACE_STYLE_USAGE ( .BOTH. , #185 ) ;
#337 = VECTOR ( 'NONE', #390, 1000.000000000000000 ) ;
#338 = AXIS2_PLACEMENT_3D ( 'NONE', #634, #1183, #94 ) ;
#339 = VECTOR ( 'NONE', #1096, 1000.000000000000000 ) ;
#340 = VECTOR ( 'NONE', #597, 1000.000000000000000 ) ;
#341 = ADVANCED_FACE ( 'NONE', ( #611 ), #84, .F. ) ;
#342 = VECTOR ( 'NONE', #1269, 1000.000000000000000 ) ;
#343 = FACE_OUTER_BOUND ( 'NONE', #1630, .T. ) ;
#344 = DIRECTION ( 'NONE',  ( -1.000000000000000000, 0.0000000000000000000, 0.0000000000000000000 ) ) ;
#345 = DIRECTION ( 'NONE',  ( 0.0000000000000000000, 0.0000000000000000000, 1.000000000000000000 ) ) ;
#346 = VERTEX_POINT ( 'NONE', #604 ) ;
#347 = DIRECTION ( 'NONE',  ( -0.7071067811865463500, 0.0000000000000000000, 0.7071067811865487900 ) ) ;
#348 = ORIENTED_EDGE ( 'NONE', *, *, #1734, .T. ) ;
#349 = EDGE_CURVE ( 'NONE', #575, #1759, #1330, .T. ) ;
#350 = ORIENTED_EDGE ( 'NONE', *, *, #576, .F. ) ;
#351 = CARTESIAN_POINT ( 'NONE',  ( 6.250000000000000900, 2.109999999999999900, -3.240000000000000200 ) ) ;
#352 = ADVANCED_FACE ( 'NONE', ( #1050 ), #209, .F. ) ;
#353 = EDGE_LOOP ( 'NONE', ( #1314, #1019, #302, #792, #214, #277 ) ) ;
#354 = AXIS2_PLACEMENT_3D ( 'NONE', #496, #187, #1136 ) ;
#355 = DIRECTION ( 'NONE',  ( -1.000000000000000000, -1.032573497605243600E-016, 0.0000000000000000000 ) ) ;
#356 = DIRECTION ( 'NONE',  ( 0.0000000000000000000, 1.971276677246371000E-016, 1.000000000000000000 ) ) ;
#357 = FACE_OUTER_BOUND ( 'NONE', #426, .T. ) ;
#358 = EDGE_CURVE ( 'NONE', #105, #1412, #295, .T. ) ;
#359 = FACE_OUTER_BOUND ( 'NONE', #1320, .T. ) ;
#360 = CARTESIAN_POINT ( 'NONE',  ( 6.700000000000002000, 0.3499999999999998700, 2.524999999999999900 ) ) ;
#361 = DIRECTION ( 'NONE',  ( 1.000000000000000000, 0.0000000000000000000, 0.0000000000000000000 ) ) ;
#362 = ADVANCED_FACE ( 'NONE', ( #1402 ), #1182, .F. ) ;
#363 = CARTESIAN_POINT ( 'NONE',  ( 1.270704437251436200, 1.488806962434384300, -1.100000000000000300 ) ) ;
#364 = CARTESIAN_POINT ( 'NONE',  ( 6.350000000000001400, -0.5754213637682191700, -2.055726046032428000 ) ) ;
#365 = ORIENTED_EDGE ( 'NONE', *, *, #1405, .T. ) ;
#366 = ORIENTED_EDGE ( 'NONE', *, *, #1261, .F. ) ;
#367 = ORIENTED_EDGE ( 'NONE', *, *, #545, .T. ) ;
#368 = AXIS2_PLACEMENT_3D ( 'NONE', #749, #199, #355 ) ;
#369 = DIRECTION ( 'NONE',  ( 0.0000000000000000000, 1.000000000000000000, 0.0000000000000000000 ) ) ;
#370 = DIRECTION ( 'NONE',  ( 0.0000000000000000000, -0.0000000000000000000, 1.000000000000000000 ) ) ;
#371 = ORIENTED_EDGE ( 'NONE', *, *, #1012, .F. ) ;
#372 = CARTESIAN_POINT ( 'NONE',  ( 0.6952287485254801100, 1.138806962434384400, 1.100000000000000300 ) ) ;
#373 = ORIENTED_EDGE ( 'NONE', *, *, #1473, .F. ) ;
#374 = ADVANCED_FACE ( 'NONE', ( #317 ), #922, .T. ) ;
#375 = FACE_OUTER_BOUND ( 'NONE', #1664, .T. ) ;
#376 = VECTOR ( 'NONE', #990, 1000.000000000000000 ) ;
#377 = EDGE_CURVE ( 'NONE', #1620, #513, #700, .T. ) ;
#378 = CARTESIAN_POINT ( 'NONE',  ( 6.350000000000000500, 1.760000000000000000, -3.240000000000000200 ) ) ;
#379 = CARTESIAN_POINT ( 'NONE',  ( 6.700000000000002000, -2.065146995210484200E-016, -2.524999999999999900 ) ) ;
#380 = EDGE_LOOP ( 'NONE', ( #367, #878, #789, #1499 ) ) ;
#381 = DIRECTION ( 'NONE',  ( -1.708945752101344200E-017, 1.298073172494794200E-016, 1.000000000000000000 ) ) ;
#382 = ORIENTED_EDGE ( 'NONE', *, *, #1656, .F. ) ;
#383 = DIRECTION ( 'NONE',  ( 0.0000000000000000000, 1.000000000000000000, 0.0000000000000000000 ) ) ;
#384 = ORIENTED_EDGE ( 'NONE', *, *, #144, .T. ) ;
#385 = VERTEX_POINT ( 'NONE', #502 ) ;
#386 = ADVANCED_FACE ( 'NONE', ( #1292 ), #787, .T. ) ;
#387 = PLANE ( 'NONE',  #1535 ) ;
#388 = DIRECTION ( 'NONE',  ( -0.0000000000000000000, 1.000000000000000000, -0.0000000000000000000 ) ) ;
#389 = CIRCLE ( 'NONE', #70, 0.1000000000000000500 ) ;
#390 = DIRECTION ( 'NONE',  ( 1.000000000000000000, 0.0000000000000000000, 0.0000000000000000000 ) ) ;
#391 = ADVANCED_FACE ( 'NONE', ( #1733 ), #1186, .T. ) ;
#392 = DIRECTION ( 'NONE',  ( 0.0000000000000000000, 0.0000000000000000000, 1.000000000000000000 ) ) ;
#393 = LINE ( 'NONE', #762, #1084 ) ;
#394 = CARTESIAN_POINT ( 'NONE',  ( -6.250000000000000900, 1.759999999999999800, 3.240000000000000200 ) ) ;
#395 = DIRECTION ( 'NONE',  ( -0.0000000000000000000, 0.0000000000000000000, -1.000000000000000000 ) ) ;
#396 = LINE ( 'NONE', #21, #1555 ) ;
#397 = EDGE_CURVE ( 'NONE', #1298, #1718, #1558, .T. ) ;
#398 = PLANE ( 'NONE',  #1659 ) ;
#399 = LINE ( 'NONE', #1419, #36 ) ;
#400 = CARTESIAN_POINT ( 'NONE',  ( 8.699999999999999300, 0.0000000000000000000, 2.024999999999999500 ) ) ;
#401 = VERTEX_POINT ( 'NONE', #251 ) ;
#402 = ADVANCED_FACE ( 'NONE', ( #343 ), #775, .F. ) ;
#403 = VERTEX_POINT ( 'NONE', #652 ) ;
#404 = VERTEX_POINT ( 'NONE', #1327 ) ;
#405 = ORIENTED_EDGE ( 'NONE', *, *, #1577, .T. ) ;
#406 = ORIENTED_EDGE ( 'NONE', *, *, #136, .F. ) ;
#407 = EDGE_CURVE ( 'NONE', #194, #994, #782, .T. ) ;
#408 = VERTEX_POINT ( 'NONE', #630 ) ;
#409 = AXIS2_PLACEMENT_3D ( 'NONE', #186, #458, #1414 ) ;
#410 = VERTEX_POINT ( 'NONE', #96 ) ;
#411 = CARTESIAN_POINT ( 'NONE',  ( 1.270704437251436200, 1.138806962434384400, -1.100000000000000300 ) ) ;
#412 = CARTESIAN_POINT ( 'NONE',  ( -6.350000000000000500, 2.038409170476028500, 3.381179118361957900 ) ) ;
#413 = PRESENTATION_STYLE_ASSIGNMENT (( #336 ) ) ;
#414 = LINE ( 'NONE', #1328, #841 ) ;
#415 = CYLINDRICAL_SURFACE ( 'NONE', #996, 0.2000000000000000900 ) ;
#416 = DIRECTION ( 'NONE',  ( 1.000000000000000000, 0.0000000000000000000, 0.0000000000000000000 ) ) ;
#417 = CARTESIAN_POINT ( 'NONE',  ( 4.730000000000000400, 1.859999999999999900, -1.500000000000000200 ) ) ;
#418 = CARTESIAN_POINT ( 'NONE',  ( 4.730000000000000400, 1.859999999999999900, -1.100000000000000300 ) ) ;
#419 = VECTOR ( 'NONE', #319, 1000.000000000000000 ) ;
#420 = AXIS2_PLACEMENT_3D ( 'NONE', #537, #133, #261 ) ;
#421 = LINE ( 'NONE', #237, #190 ) ;
#422 = ORIENTED_EDGE ( 'NONE', *, *, #638, .T. ) ;
#423 =( NAMED_UNIT ( * ) PLANE_ANGLE_UNIT ( ) SI_UNIT ( $, .RADIAN. ) );
#424 = CARTESIAN_POINT ( 'NONE',  ( -6.600000000000000500, 2.109999999999999900, 3.240000000000000200 ) ) ;
#425 = ORIENTED_EDGE ( 'NONE', *, *, #377, .T. ) ;
#426 = EDGE_LOOP ( 'NONE', ( #215, #1216, #766, #177 ) ) ;
#427 = EDGE_LOOP ( 'NONE', ( #406, #598, #430, #425 ) ) ;
#428 = PLANE ( 'NONE',  #1758 ) ;
#429 = EDGE_CURVE ( 'NONE', #526, #1670, #1379, .T. ) ;
#430 = ORIENTED_EDGE ( 'NONE', *, *, #454, .T. ) ;
#431 = AXIS2_PLACEMENT_3D ( 'NONE', #363, #923, #627 ) ;
#432 = FACE_BOUND ( 'NONE', #275, .T. ) ;
#433 = DIRECTION ( 'NONE',  ( 0.0000000000000000000, -1.000000000000000000, 0.0000000000000000000 ) ) ;
#434 = CARTESIAN_POINT ( 'NONE',  ( 4.721466372433781100, 2.051089173095025100, -1.100000000000000300 ) ) ;
#435 = CARTESIAN_POINT ( 'NONE',  ( 4.271616864841620400, -0.1400000000000003700, -2.279825187391691700 ) ) ;
#436 = LINE ( 'NONE', #285, #72 ) ;
#437 = CARTESIAN_POINT ( 'NONE',  ( 6.600000000000000500, 2.109999999999999900, 3.240000000000000200 ) ) ;
#438 = LINE ( 'NONE', #1356, #715 ) ;
#439 = CARTESIAN_POINT ( 'NONE',  ( 4.271616864841619500, -0.1400000000000003700, 1.100000000000000300 ) ) ;
#440 = EDGE_CURVE ( 'NONE', #1294, #1620, #1615, .T. ) ;
#441 = CARTESIAN_POINT ( 'NONE',  ( 6.350000000000000500, 1.760000000000000000, -3.240000000000000200 ) ) ;
#442 = DIRECTION ( 'NONE',  ( 1.000000000000000000, -1.032573497605243600E-016, 0.0000000000000000000 ) ) ;
#443 = LINE ( 'NONE', #134, #873 ) ;
#444 = AXIS2_PLACEMENT_3D ( 'NONE', #76, #345, #1299 ) ;
#445 = CIRCLE ( 'NONE', #1533, 2.000000000000000000 ) ;
#446 =( NAMED_UNIT ( * ) SI_UNIT ( $, .STERADIAN. ) SOLID_ANGLE_UNIT ( ) );
#447 = ORIENTED_EDGE ( 'NONE', *, *, #99, .T. ) ;
#448 = ORIENTED_EDGE ( 'NONE', *, *, #216, .T. ) ;
#449 = ORIENTED_EDGE ( 'NONE', *, *, #635, .T. ) ;
#450 = EDGE_CURVE ( 'NONE', #306, #1541, #481, .T. ) ;
#451 = DIRECTION ( 'NONE',  ( 0.2588190451025213500, -0.9659258262890680900, 1.020407894475554200E-016 ) ) ;
#452 = ORIENTED_EDGE ( 'NONE', *, *, #454, .F. ) ;
#453 = DIRECTION ( 'NONE',  ( -0.0000000000000000000, -0.0000000000000000000, -1.000000000000000000 ) ) ;
#454 = EDGE_CURVE ( 'NONE', #1127, #1620, #1105, .T. ) ;
#455 = DIRECTION ( 'NONE',  ( -0.0000000000000000000, -1.000000000000000000, -0.0000000000000000000 ) ) ;
#456 = CYLINDRICAL_SURFACE ( 'NONE', #871, 0.3499999999999996400 ) ;
#457 = ADVANCED_FACE ( 'NONE', ( #119 ), #609, .F. ) ;
#458 = DIRECTION ( 'NONE',  ( -1.000000000000000000, 4.663235150475287800E-016, 0.0000000000000000000 ) ) ;
#459 = LINE ( 'NONE', #1256, #629 ) ;
#460 = CARTESIAN_POINT ( 'NONE',  ( -6.700000000000002000, -2.065146995210484200E-016, 2.524999999999999900 ) ) ;
#461 = CARTESIAN_POINT ( 'NONE',  ( 0.6300000000000004500, 1.859999999999999900, 1.500000000000000200 ) ) ;
#462 = CIRCLE ( 'NONE', #957, 0.3499999999999996400 ) ;
#463 = EDGE_CURVE ( 'NONE', #1313, #1605, #568, .T. ) ;
#464 = DIRECTION ( 'NONE',  ( -1.000000000000000000, -1.032573497605243600E-016, 0.0000000000000000000 ) ) ;
#465 = CARTESIAN_POINT ( 'NONE',  ( 4.730000000000000400, 1.859999999999999900, 1.100000000000000300 ) ) ;
#466 = VERTEX_POINT ( 'NONE', #1347 ) ;
#467 = ORIENTED_EDGE ( 'NONE', *, *, #1145, .T. ) ;
#468 = AXIS2_PLACEMENT_3D ( 'NONE', #1342, #1220, #810 ) ;
#469 = ORIENTED_EDGE ( 'NONE', *, *, #429, .T. ) ;
#470 = ORIENTED_EDGE ( 'NONE', *, *, #1124, .T. ) ;
#471 = CARTESIAN_POINT ( 'NONE',  ( 6.350000000000000500, 1.760000000000000000, -3.240000000000000200 ) ) ;
#472 = EDGE_CURVE ( 'NONE', #1601, #197, #210, .T. ) ;
#473 = DIRECTION ( 'NONE',  ( 0.0000000000000000000, -0.0000000000000000000, -1.000000000000000000 ) ) ;
#474 = ADVANCED_FACE ( 'NONE', ( #1087 ), #1227, .F. ) ;
#475 = VECTOR ( 'NONE', #252, 1000.000000000000000 ) ;
#476 = DIRECTION ( 'NONE',  ( -3.114630027274371000E-033, -1.000000000000000000, 1.298073172494793900E-016 ) ) ;
#477 = VECTOR ( 'NONE', #659, 1000.000000000000000 ) ;
#478 = AXIS2_PLACEMENT_3D ( 'NONE', #665, #1476, #1616 ) ;
#479 = DIRECTION ( 'NONE',  ( -4.663235150475287800E-016, 1.000000000000000000, 0.0000000000000000000 ) ) ;
#480 = COLOUR_RGB ( '',0.7921568627450980000, 0.8196078431372548800, 0.9333333333333333500 ) ;
#481 = LINE ( 'NONE', #927, #986 ) ;
#482 = ADVANCED_FACE ( 'NONE', ( #1660 ), #1534, .F. ) ;
#483 = EDGE_LOOP ( 'NONE', ( #837, #933, #238, #1229 ) ) ;
#484 = DIRECTION ( 'NONE',  ( 3.942553354492742500E-016, -1.232595164407830900E-032, -1.000000000000000000 ) ) ;
#485 = ORIENTED_EDGE ( 'NONE', *, *, #1078, .T. ) ;
#486 = ORIENTED_EDGE ( 'NONE', *, *, #1600, .F. ) ;
#487 = EDGE_CURVE ( 'NONE', #1072, #817, #166, .T. ) ;
#488 = ORIENTED_EDGE ( 'NONE', *, *, #798, .F. ) ;
#489 = ORIENTED_EDGE ( 'NONE', *, *, #1682, .T. ) ;
#490 = CARTESIAN_POINT ( 'NONE',  ( -6.600000000000000500, 1.760000000000000000, 3.240000000000000200 ) ) ;
#491 = VERTEX_POINT ( 'NONE', #1141 ) ;
#492 = DIRECTION ( 'NONE',  ( 0.0000000000000000000, -0.0000000000000000000, -1.000000000000000000 ) ) ;
#493 = ORIENTED_EDGE ( 'NONE', *, *, #1390, .F. ) ;
#494 = ADVANCED_FACE ( 'NONE', ( #1492 ), #327, .F. ) ;
#495 = CARTESIAN_POINT ( 'NONE',  ( 4.795228748525479600, 1.138806962434384600, -1.100000000000000100 ) ) ;
#496 = CARTESIAN_POINT ( 'NONE',  ( 6.250000000000000900, 1.759999999999999800, 3.240000000000000200 ) ) ;
#497 = EDGE_LOOP ( 'NONE', ( #40, #771, #968, #171 ) ) ;
#498 = DIRECTION ( 'NONE',  ( -1.708945752101347300E-017, 1.298073172494794200E-016, 1.000000000000000000 ) ) ;
#499 = DIRECTION ( 'NONE',  ( 0.0000000000000000000, 1.000000000000000000, 0.0000000000000000000 ) ) ;
#500 = EDGE_CURVE ( 'NONE', #1521, #1168, #399, .T. ) ;
#501 = LINE ( 'NONE', #959, #982 ) ;
#502 = CARTESIAN_POINT ( 'NONE',  ( -6.600000000000001400, 0.3499999999999998100, -2.524999999999998100 ) ) ;
#503 = AXIS2_PLACEMENT_3D ( 'NONE', #247, #1193, #383 ) ;
#504 = DIRECTION ( 'NONE',  ( -0.0000000000000000000, 1.000000000000000000, -0.0000000000000000000 ) ) ;
#505 = DIRECTION ( 'NONE',  ( -0.0000000000000000000, -0.0000000000000000000, -1.000000000000000000 ) ) ;
#506 = EDGE_CURVE ( 'NONE', #1522, #1692, #1123, .T. ) ;
#507 = ORIENTED_EDGE ( 'NONE', *, *, #1768, .T. ) ;
#508 = VERTEX_POINT ( 'NONE', #602 ) ;
#509 = ADVANCED_FACE ( 'NONE', ( #721 ), #1693, .F. ) ;
#510 = VERTEX_POINT ( 'NONE', #1277 ) ;
#511 = PRESENTATION_LAYER_ASSIGNMENT (  '', '', ( #1273 ) ) ;
#512 = DIRECTION ( 'NONE',  ( -1.000000000000000000, 0.0000000000000000000, -0.0000000000000000000 ) ) ;
#513 = VERTEX_POINT ( 'NONE', #874 ) ;
#514 = AXIS2_PLACEMENT_3D ( 'NONE', #988, #976, #710 ) ;
#515 = ORIENTED_EDGE ( 'NONE', *, *, #1778, .T. ) ;
#516 = PLANE ( 'NONE',  #785 ) ;
#517 = VERTEX_POINT ( 'NONE', #45 ) ;
#518 = FACE_OUTER_BOUND ( 'NONE', #353, .T. ) ;
#519 = PLANE ( 'NONE',  #9 ) ;
#520 = EDGE_CURVE ( 'NONE', #64, #508, #1598, .T. ) ;
#521 = VECTOR ( 'NONE', #265, 1000.000000000000000 ) ;
#522 = AXIS2_PLACEMENT_3D ( 'NONE', #1009, #1267, #579 ) ;
#523 = CARTESIAN_POINT ( 'NONE',  ( -8.699999999999999300, 0.0000000000000000000, -2.024999999999997700 ) ) ;
#524 = DIRECTION ( 'NONE',  ( 0.0000000000000000000, -0.0000000000000000000, -1.000000000000000000 ) ) ;
#525 = FACE_OUTER_BOUND ( 'NONE', #909, .T. ) ;
#526 = VERTEX_POINT ( 'NONE', #184 ) ;
#527 = CARTESIAN_POINT ( 'NONE',  ( 8.699999999999999300, 0.2500000000000000000, 3.240000000000000200 ) ) ;
#528 = ORIENTED_EDGE ( 'NONE', *, *, #407, .T. ) ;
#529 = CARTESIAN_POINT ( 'NONE',  ( 1.270704437251436000, 1.488806962434384500, -1.100000000000000300 ) ) ;
#530 = DIRECTION ( 'NONE',  ( 1.000000000000000000, -1.858632295689438000E-015, 0.0000000000000000000 ) ) ;
#531 = CARTESIAN_POINT ( 'NONE',  ( -6.250000000000000900, 1.859999999999999900, -3.240000000000000200 ) ) ;
#532 = EDGE_CURVE ( 'NONE', #517, #244, #1225, .T. ) ;
#533 = ORIENTED_EDGE ( 'NONE', *, *, #861, .F. ) ;
#534 = EDGE_LOOP ( 'NONE', ( #1147, #107, #639, #834 ) ) ;
#535 = CARTESIAN_POINT ( 'NONE',  ( -6.350000000000002300, 0.3499999999999998700, 3.240000000000000200 ) ) ;
#536 = DIRECTION ( 'NONE',  ( -3.717264591378872200E-014, -1.000000000000000000, 0.0000000000000000000 ) ) ;
#537 = CARTESIAN_POINT ( 'NONE',  ( -6.250000000000000900, 1.759999999999999800, -3.240000000000000200 ) ) ;
#538 = CARTESIAN_POINT ( 'NONE',  ( 4.656761611158152000, 2.292570629667292100, 1.100000000000000300 ) ) ;
#539 = ORIENTED_EDGE ( 'NONE', *, *, #506, .F. ) ;
#540 = LINE ( 'NONE', #1112, #774 ) ;
#541 = PLANE ( 'NONE',  #478 ) ;
#542 = LINE ( 'NONE', #1627, #1244 ) ;
#543 = CARTESIAN_POINT ( 'NONE',  ( 8.699999999999999300, 0.0000000000000000000, 2.024999999999999500 ) ) ;
#544 = VECTOR ( 'NONE', #560, 1000.000000000000000 ) ;
#545 = EDGE_CURVE ( 'NONE', #1451, #1313, #567, .T. ) ;
#546 = DIRECTION ( 'NONE',  ( 1.000000000000000000, 0.0000000000000000000, 0.0000000000000000000 ) ) ;
#547 = CARTESIAN_POINT ( 'NONE',  ( -6.250000000000000900, 2.109999999999999900, 3.240000000000000200 ) ) ;
#548 = VECTOR ( 'NONE', #1167, 1000.000000000000000 ) ;
#549 = DIRECTION ( 'NONE',  ( 1.000000000000000000, 0.0000000000000000000, 0.0000000000000000000 ) ) ;
#550 = ORIENTED_EDGE ( 'NONE', *, *, #1145, .F. ) ;
#551 = ORIENTED_EDGE ( 'NONE', *, *, #898, .F. ) ;
#552 = ORIENTED_EDGE ( 'NONE', *, *, #635, .F. ) ;
#553 = ORIENTED_EDGE ( 'NONE', *, *, #1017, .F. ) ;
#554 = ORIENTED_EDGE ( 'NONE', *, *, #1026, .T. ) ;
#555 = EDGE_CURVE ( 'NONE', #63, #1588, #270, .T. ) ;
#556 = ORIENTED_EDGE ( 'NONE', *, *, #576, .T. ) ;
#557 = AXIS2_PLACEMENT_3D ( 'NONE', #437, #1652, #12 ) ;
#558 = PRODUCT_DEFINITION_SHAPE ( 'NONE', 'NONE',  #1369 ) ;
#559 = CIRCLE ( 'NONE', #1715, 0.1000000000000002600 ) ;
#560 = DIRECTION ( 'NONE',  ( 1.000000000000000000, 2.168404344971003300E-015, 0.0000000000000000000 ) ) ;
#561 = PLANE ( 'NONE',  #946 ) ;
#562 = DIRECTION ( 'NONE',  ( 0.0000000000000000000, 0.0000000000000000000, -1.000000000000000000 ) ) ;
#563 = DIRECTION ( 'NONE',  ( 1.000000000000000000, 0.0000000000000000000, -0.0000000000000000000 ) ) ;
#564 = VECTOR ( 'NONE', #929, 1000.000000000000000 ) ;
#565 = CARTESIAN_POINT ( 'NONE',  ( -6.350000000000002300, 0.3499999999999998700, -2.524999999999998100 ) ) ;
#566 = EDGE_CURVE ( 'NONE', #917, #1459, #1027, .T. ) ;
#567 = LINE ( 'NONE', #889, #1377 ) ;
#568 = CIRCLE ( 'NONE', #53, 0.2000000000000000900 ) ;
#569 = LINE ( 'NONE', #364, #1536 ) ;
#570 = DIRECTION ( 'NONE',  ( 0.0000000000000000000, -1.000000000000000000, 0.0000000000000000000 ) ) ;
#571 = CARTESIAN_POINT ( 'NONE',  ( -6.350000000000000500, 1.760000000000000000, 3.240000000000000200 ) ) ;
#572 = ORIENTED_EDGE ( 'NONE', *, *, #773, .F. ) ;
#573 = ORIENTED_EDGE ( 'NONE', *, *, #673, .F. ) ;
#574 = ORIENTED_EDGE ( 'NONE', *, *, #707, .F. ) ;
#575 = VERTEX_POINT ( 'NONE', #1132 ) ;
#576 = EDGE_CURVE ( 'NONE', #704, #1240, #1202, .T. ) ;
#577 = CARTESIAN_POINT ( 'NONE',  ( 3.689274013360945400, 2.033333109150403700, 3.240000000000001500 ) ) ;
#578 = ORIENTED_EDGE ( 'NONE', *, *, #233, .T. ) ;
#579 = DIRECTION ( 'NONE',  ( 4.159058814854246300E-016, 0.8918827124620437600, 0.4522667655392635900 ) ) ;
#580 = DIRECTION ( 'NONE',  ( -1.000000000000000000, -6.505213034913010000E-015, 0.0000000000000000000 ) ) ;
#581 = EDGE_CURVE ( 'NONE', #1670, #1458, #1683, .T. ) ;
#582 = DIRECTION ( 'NONE',  ( 1.000000000000000000, -0.0000000000000000000, -0.0000000000000000000 ) ) ;
#583 = DIRECTION ( 'NONE',  ( -1.000000000000000000, 0.0000000000000000000, -7.131640956793539000E-015 ) ) ;
#584 = CARTESIAN_POINT ( 'NONE',  ( 0.6952287485254803300, 1.388806962434384400, -1.100000000000000300 ) ) ;
#585 = LINE ( 'NONE', #1490, #692 ) ;
#586 = LINE ( 'NONE', #843, #941 ) ;
#587 = FACE_OUTER_BOUND ( 'NONE', #860, .T. ) ;
#588 = DIRECTION ( 'NONE',  ( 0.0000000000000000000, 0.0000000000000000000, 1.000000000000000000 ) ) ;
#589 = SURFACE_STYLE_FILL_AREA ( #1077 ) ;
#590 = EDGE_CURVE ( 'NONE', #491, #575, #962, .T. ) ;
#591 = ADVANCED_FACE ( 'NONE', ( #698 ), #206, .F. ) ;
#592 = VECTOR ( 'NONE', #1440, 1000.000000000000000 ) ;
#593 = EDGE_LOOP ( 'NONE', ( #1015, #947, #788, #884 ) ) ;
#594 = DIRECTION ( 'NONE',  ( 1.000000000000000000, 0.0000000000000000000, 0.0000000000000000000 ) ) ;
#595 = ORIENTED_EDGE ( 'NONE', *, *, #1676, .F. ) ;
#596 = ORIENTED_EDGE ( 'NONE', *, *, #707, .T. ) ;
#597 = DIRECTION ( 'NONE',  ( 3.942553354492743000E-016, 0.0000000000000000000, -1.000000000000000000 ) ) ;
#598 = ORIENTED_EDGE ( 'NONE', *, *, #1719, .F. ) ;
#599 = CARTESIAN_POINT ( 'NONE',  ( 4.795228748525479600, 1.138806962434384600, 1.100000000000000500 ) ) ;
#600 = ORIENTED_EDGE ( 'NONE', *, *, #532, .F. ) ;
#601 = DIRECTION ( 'NONE',  ( -0.0000000000000000000, -0.0000000000000000000, -1.000000000000000000 ) ) ;
#602 = CARTESIAN_POINT ( 'NONE',  ( 6.700000000000002000, 0.2500000000000002200, 2.524999999999999900 ) ) ;
#603 = ADVANCED_FACE ( 'NONE', ( #849 ), #201, .F. ) ;
#604 = CARTESIAN_POINT ( 'NONE',  ( 6.600000000000000500, 1.760000000000000000, 3.240000000000000200 ) ) ;
#605 = CIRCLE ( 'NONE', #709, 0.3500000000000000300 ) ;
#606 = DIRECTION ( 'NONE',  ( 0.0000000000000000000, -1.000000000000000000, 0.0000000000000000000 ) ) ;
#607 = ADVANCED_FACE ( 'NONE', ( #98, #985 ), #1729, .T. ) ;
#608 = CARTESIAN_POINT ( 'NONE',  ( 6.700000000000002000, -2.065146995210484200E-016, 2.524999999999999900 ) ) ;
#609 = CYLINDRICAL_SURFACE ( 'NONE', #1150, 0.1000000000000002600 ) ;
#610 = DIRECTION ( 'NONE',  ( 1.000000000000000000, 0.0000000000000000000, 0.0000000000000000000 ) ) ;
#611 = FACE_OUTER_BOUND ( 'NONE', #1058, .T. ) ;
#612 = EDGE_CURVE ( 'NONE', #64, #1542, #1423, .T. ) ;
#613 = ORIENTED_EDGE ( 'NONE', *, *, #179, .F. ) ;
#614 = EDGE_LOOP ( 'NONE', ( #786, #1207, #1472, #447 ) ) ;
#615 = ADVANCED_FACE ( 'NONE', ( #1068 ), #1752, .T. ) ;
#616 = ORIENTED_EDGE ( 'NONE', *, *, #1351, .T. ) ;
#617 = DIRECTION ( 'NONE',  ( -1.000000000000000000, -6.505213034913010000E-015, 0.0000000000000000000 ) ) ;
#618 = ORIENTED_EDGE ( 'NONE', *, *, #1033, .F. ) ;
#619 = DIRECTION ( 'NONE',  ( -0.0000000000000000000, 1.000000000000000000, -0.0000000000000000000 ) ) ;
#620 = VERTEX_POINT ( 'NONE', #1357 ) ;
#621 = EDGE_CURVE ( 'NONE', #1601, #1412, #656, .T. ) ;
#622 = FACE_OUTER_BOUND ( 'NONE', #1671, .T. ) ;
#623 = DIRECTION ( 'NONE',  ( 0.0000000000000000000, 0.0000000000000000000, 1.000000000000000000 ) ) ;
#624 = AXIS2_PLACEMENT_3D ( 'NONE', #495, #381, #794 ) ;
#625 = CARTESIAN_POINT ( 'NONE',  ( -8.699999999999999300, 0.2500000000000000000, 2.024999999999999500 ) ) ;
#626 = ADVANCED_FACE ( 'NONE', ( #1531 ), #1329, .T. ) ;
#627 = DIRECTION ( 'NONE',  ( 1.000000000000000000, 0.0000000000000000000, -0.0000000000000000000 ) ) ;
#628 = VECTOR ( 'NONE', #662, 1000.000000000000000 ) ;
#629 = VECTOR ( 'NONE', #1001, 1000.000000000000000 ) ;
#630 = CARTESIAN_POINT ( 'NONE',  ( 1.296586341761688500, 1.392214379805477800, -1.100000000000000300 ) ) ;
#631 = VECTOR ( 'NONE', #1343, 1000.000000000000000 ) ;
#632 = DIRECTION ( 'NONE',  ( -1.000000000000000000, 0.0000000000000000000, 0.0000000000000000000 ) ) ;
#633 = CIRCLE ( 'NONE', #915, 0.1000000000000002600 ) ;
#634 = CARTESIAN_POINT ( 'NONE',  ( 6.250000000000000900, 1.759999999999999800, 3.240000000000000200 ) ) ;
#635 = EDGE_CURVE ( 'NONE', #513, #510, #942, .T. ) ;
#636 = LINE ( 'NONE', #1462, #592 ) ;
#637 = ORIENTED_EDGE ( 'NONE', *, *, #1334, .T. ) ;
#638 = EDGE_CURVE ( 'NONE', #704, #994, #897, .T. ) ;
#639 = ORIENTED_EDGE ( 'NONE', *, *, #144, .F. ) ;
#640 = CARTESIAN_POINT ( 'NONE',  ( -8.699999999999999300, 0.2500000000000000000, 3.240000000000000200 ) ) ;
#641 = ORIENTED_EDGE ( 'NONE', *, *, #612, .F. ) ;
#642 = PLANE ( 'NONE',  #503 ) ;
#643 = ORIENTED_EDGE ( 'NONE', *, *, #1621, .F. ) ;
#644 = PLANE ( 'NONE',  #431 ) ;
#645 = ORIENTED_EDGE ( 'NONE', *, *, #68, .F. ) ;
#646 = ORIENTED_EDGE ( 'NONE', *, *, #759, .T. ) ;
#647 = DIRECTION ( 'NONE',  ( -1.000000000000000000, 0.0000000000000000000, 0.0000000000000000000 ) ) ;
#648 = DIRECTION ( 'NONE',  ( 3.114630027274371000E-033, 1.000000000000000000, -1.298073172494793900E-016 ) ) ;
#649 = EDGE_CURVE ( 'NONE', #44, #1541, #1614, .T. ) ;
#650 = LINE ( 'NONE', #1188, #1062 ) ;
#651 = VECTOR ( 'NONE', #827, 1000.000000000000000 ) ;
#652 = CARTESIAN_POINT ( 'NONE',  ( 0.6300000000000004500, 1.859999999999999900, 1.500000000000000200 ) ) ;
#653 = CARTESIAN_POINT ( 'NONE',  ( 4.271616864841619500, -0.1400000000000003700, 1.100000000000000300 ) ) ;
#654 = VECTOR ( 'NONE', #978, 1000.000000000000000 ) ;
#655 = PLANE ( 'NONE',  #1367 ) ;
#656 = CIRCLE ( 'NONE', #420, 0.3499999999999996400 ) ;
#657 = DIRECTION ( 'NONE',  ( 0.0000000000000000000, -0.0000000000000000000, -1.000000000000000000 ) ) ;
#658 = LINE ( 'NONE', #752, #1714 ) ;
#659 = DIRECTION ( 'NONE',  ( 0.0000000000000000000, -0.0000000000000000000, -1.000000000000000000 ) ) ;
#660 = CARTESIAN_POINT ( 'NONE',  ( 4.271616864841619500, 2.109999999999999900, -1.100000000000000300 ) ) ;
#661 = ORIENTED_EDGE ( 'NONE', *, *, #322, .T. ) ;
#662 = DIRECTION ( 'NONE',  ( 0.0000000000000000000, -1.000000000000000000, 0.0000000000000000000 ) ) ;
#663 = EDGE_LOOP ( 'NONE', ( #1055, #1480, #528, #906 ) ) ;
#664 = AXIS2_PLACEMENT_3D ( 'NONE', #913, #895, #227 ) ;
#665 = CARTESIAN_POINT ( 'NONE',  ( 4.721466372433781100, 2.051089173095025100, 1.100000000000000300 ) ) ;
#666 = ORIENTED_EDGE ( 'NONE', *, *, #243, .T. ) ;
#667 = CARTESIAN_POINT ( 'NONE',  ( -6.350000000000001400, -0.5754213637682191700, -2.055726046032428000 ) ) ;
#668 = AXIS2_PLACEMENT_3D ( 'NONE', #434, #1526, #308 ) ;
#669 = DIRECTION ( 'NONE',  ( -0.7071067811865487900, 7.301397222301803300E-017, -0.7071067811865463500 ) ) ;
#670 = ORIENTED_EDGE ( 'NONE', *, *, #1089, .T. ) ;
#671 = ORIENTED_EDGE ( 'NONE', *, *, #1351, .F. ) ;
#672 = DIRECTION ( 'NONE',  ( 1.000000000000000000, -1.548860246407865300E-016, -0.0000000000000000000 ) ) ;
#673 = EDGE_CURVE ( 'NONE', #1431, #854, #1291, .T. ) ;
#674 = DIRECTION ( 'NONE',  ( -1.343392478656030500E-017, 1.020407894475554200E-016, 1.000000000000000000 ) ) ;
#675 = LINE ( 'NONE', #417, #376 ) ;
#676 = EDGE_CURVE ( 'NONE', #1619, #1521, #1353, .T. ) ;
#677 = VECTOR ( 'NONE', #505, 1000.000000000000000 ) ;
#678 = DIRECTION ( 'NONE',  ( -0.9659258262890680900, -0.2588190451025213500, 1.343392478656030500E-017 ) ) ;
#679 = CIRCLE ( 'NONE', #848, 1.500000000000000200 ) ;
#680 = ORIENTED_EDGE ( 'NONE', *, *, #898, .T. ) ;
#681 = ORIENTED_EDGE ( 'NONE', *, *, #1571, .T. ) ;
#682 = DIRECTION ( 'NONE',  ( -1.000000000000000000, 0.0000000000000000000, -7.136064685652742300E-015 ) ) ;
#683 = VERTEX_POINT ( 'NONE', #804 ) ;
#684 = ORIENTED_EDGE ( 'NONE', *, *, #1012, .T. ) ;
#685 = MANIFOLD_SOLID_BREP ( 'Sketched Bend2', #24 ) ;
#686 = ORIENTED_EDGE ( 'NONE', *, *, #1089, .F. ) ;
#687 = AXIS2_PLACEMENT_3D ( 'NONE', #1415, #1161, #323 ) ;
#688 = PLANE ( 'NONE',  #668 ) ;
#689 = CARTESIAN_POINT ( 'NONE',  ( 6.600000000000001400, 0.3500000000000000300, -2.524999999999999900 ) ) ;
#690 = CARTESIAN_POINT ( 'NONE',  ( 4.730000000000000400, 1.859999999999999900, -1.100000000000000300 ) ) ;
#691 = DIRECTION ( 'NONE',  ( -1.000000000000000000, 4.663235150475287800E-016, 0.0000000000000000000 ) ) ;
#692 = VECTOR ( 'NONE', #1631, 1000.000000000000000 ) ;
#693 = EDGE_CURVE ( 'NONE', #1741, #575, #459, .T. ) ;
#694 = FACE_OUTER_BOUND ( 'NONE', #128, .T. ) ;
#695 = CARTESIAN_POINT ( 'NONE',  ( 6.600000000000001400, 0.3499999999999998100, -2.524999999999998100 ) ) ;
#696 = LINE ( 'NONE', #1539, #340 ) ;
#697 = AXIS2_PLACEMENT_3D ( 'NONE', #1312, #619, #1162 ) ;
#698 = FACE_OUTER_BOUND ( 'NONE', #200, .T. ) ;
#699 = DIRECTION ( 'NONE',  ( 0.0000000000000000000, 0.0000000000000000000, 1.000000000000000000 ) ) ;
#700 = LINE ( 'NONE', #1611, #1069 ) ;
#701 = DIRECTION ( 'NONE',  ( -0.0000000000000000000, 0.0000000000000000000, -1.000000000000000000 ) ) ;
#702 = DIRECTION ( 'NONE',  ( -1.000000000000000000, 0.0000000000000000000, 0.0000000000000000000 ) ) ;
#703 = VERTEX_POINT ( 'NONE', #695 ) ;
#704 = VERTEX_POINT ( 'NONE', #418 ) ;
#705 = DIRECTION ( 'NONE',  ( -1.000000000000000000, 0.0000000000000000000, 0.0000000000000000000 ) ) ;
#706 = ORIENTED_EDGE ( 'NONE', *, *, #7, .F. ) ;
#707 = EDGE_CURVE ( 'NONE', #1741, #408, #1639, .T. ) ;
#708 = ORIENTED_EDGE ( 'NONE', *, *, #545, .F. ) ;
#709 = AXIS2_PLACEMENT_3D ( 'NONE', #998, #989, #570 ) ;
#710 = DIRECTION ( 'NONE',  ( -1.000000000000000000, 1.032573497605243600E-016, 0.0000000000000000000 ) ) ;
#711 = CARTESIAN_POINT ( 'NONE',  ( 6.600000000000001400, -0.5754213637682190600, -2.055726046032428000 ) ) ;
#712 = ORIENTED_EDGE ( 'NONE', *, *, #742, .T. ) ;
#713 = CARTESIAN_POINT ( 'NONE',  ( 0.6952287485254803300, 1.138806962434384400, 2.776331931840190500E-017 ) ) ;
#714 = LINE ( 'NONE', #547, #1701 ) ;
#715 = VECTOR ( 'NONE', #127, 1000.000000000000000 ) ;
#716 =( LENGTH_UNIT ( ) NAMED_UNIT ( * ) SI_UNIT ( .MILLI., .METRE. ) );
#717 = LINE ( 'NONE', #168, #1487 ) ;
#718 = EDGE_CURVE ( 'NONE', #385, #975, #740, .T. ) ;
#719 = CYLINDRICAL_SURFACE ( 'NONE', #1139, 0.1000000000000002600 ) ;
#720 = DIRECTION ( 'NONE',  ( 0.0000000000000000000, 0.0000000000000000000, 1.000000000000000000 ) ) ;
#721 = FACE_OUTER_BOUND ( 'NONE', #1166, .T. ) ;
#722 = AXIS2_PLACEMENT_3D ( 'NONE', #924, #911, #361 ) ;
#723 = DIRECTION ( 'NONE',  ( 1.000000000000000000, 0.0000000000000000000, 0.0000000000000000000 ) ) ;
#724 = ORIENTED_EDGE ( 'NONE', *, *, #821, .F. ) ;
#725 = CARTESIAN_POINT ( 'NONE',  ( 1.270704437251436400, 1.388806962434384800, 3.240000000000000700 ) ) ;
#726 = ORIENTED_EDGE ( 'NONE', *, *, #1656, .T. ) ;
#727 = ORIENTED_EDGE ( 'NONE', *, *, #1600, .T. ) ;
#728 = EDGE_CURVE ( 'NONE', #1168, #508, #77, .T. ) ;
#729 = ORIENTED_EDGE ( 'NONE', *, *, #28, .F. ) ;
#730 = PLANE ( 'NONE',  #409 ) ;
#731 = CARTESIAN_POINT ( 'NONE',  ( 8.699999999999999300, 0.0000000000000000000, -2.024999999999997700 ) ) ;
#732 = EDGE_LOOP ( 'NONE', ( #1337, #1389, #671, #382 ) ) ;
#733 = EDGE_CURVE ( 'NONE', #902, #838, #1774, .T. ) ;
#734 = ORIENTED_EDGE ( 'NONE', *, *, #621, .F. ) ;
#735 = AXIS2_PLACEMENT_3D ( 'NONE', #1686, #1006, #1401 ) ;
#736 = CARTESIAN_POINT ( 'NONE',  ( 0.6300000000000004500, 2.109999999999999900, 1.500000000000000200 ) ) ;
#737 = VECTOR ( 'NONE', #801, 1000.000000000000000 ) ;
#738 = CYLINDRICAL_SURFACE ( 'NONE', #1625, 2.250000000000000400 ) ;
#739 = ADVANCED_FACE ( 'NONE', ( #1066 ), #846, .F. ) ;
#740 = LINE ( 'NONE', #311, #544 ) ;
#741 = PRODUCT_CONTEXT ( 'NONE', #1544, 'mechanical' ) ;
#742 = EDGE_CURVE ( 'NONE', #1109, #1298, #1681, .T. ) ;
#743 = CARTESIAN_POINT ( 'NONE',  ( 0.6952287485254803300, 1.138806962434384400, 2.776331931840190500E-017 ) ) ;
#744 = DIRECTION ( 'NONE',  ( 3.114630027274371000E-033, 1.000000000000000000, -1.298073172494794200E-016 ) ) ;
#745 = ORIENTED_EDGE ( 'NONE', *, *, #487, .F. ) ;
#746 = ORIENTED_EDGE ( 'NONE', *, *, #440, .F. ) ;
#747 = ORIENTED_EDGE ( 'NONE', *, *, #41, .F. ) ;
#748 = ORIENTED_EDGE ( 'NONE', *, *, #75, .F. ) ;
#749 = CARTESIAN_POINT ( 'NONE',  ( 6.600000000000001400, -2.168404344971008900E-016, 3.240000000000000200 ) ) ;
#750 = EDGE_CURVE ( 'NONE', #1037, #491, #870, .T. ) ;
#751 = ORIENTED_EDGE ( 'NONE', *, *, #32, .T. ) ;
#752 = CARTESIAN_POINT ( 'NONE',  ( -10.28250000000000400, 0.2500000000000001700, -0.4424999999999884600 ) ) ;
#753 = AXIS2_PLACEMENT_3D ( 'NONE', #1438, #228, #1282 ) ;
#754 = LINE ( 'NONE', #461, #803 ) ;
#755 = DIRECTION ( 'NONE',  ( 0.0000000000000000000, 1.971276677246371000E-016, 1.000000000000000000 ) ) ;
#756 = EDGE_CURVE ( 'NONE', #346, #410, #51, .T. ) ;
#757 = CARTESIAN_POINT ( 'NONE',  ( 6.350000000000000500, 2.109999999999999900, 3.240000000000000200 ) ) ;
#758 = ADVANCED_FACE ( 'NONE', ( #1466 ), #1248, .T. ) ;
#759 = EDGE_CURVE ( 'NONE', #154, #1740, #1177, .T. ) ;
#760 = DIRECTION ( 'NONE',  ( 1.000000000000000000, 1.032573497605243600E-016, 0.0000000000000000000 ) ) ;
#761 = LINE ( 'NONE', #887, #321 ) ;
#762 = CARTESIAN_POINT ( 'NONE',  ( 4.730000000000000400, 2.109999999999999900, -1.500000000000000200 ) ) ;
#763 = AXIS2_PLACEMENT_3D ( 'NONE', #867, #588, #723 ) ;
#764 = CARTESIAN_POINT ( 'NONE',  ( 4.730000000000000400, 1.859999999999999900, 1.100000000000000300 ) ) ;
#765 = ORIENTED_EDGE ( 'NONE', *, *, #1696, .F. ) ;
#766 = ORIENTED_EDGE ( 'NONE', *, *, #693, .T. ) ;
#767 = PRODUCT ( 'BC-2017', 'BC-2017', '', ( #741 ) ) ;
#768 = ORIENTED_EDGE ( 'NONE', *, *, #472, .F. ) ;
#769 = CARTESIAN_POINT ( 'NONE',  ( 6.250000000000000900, 1.859999999999999900, 3.240000000000000200 ) ) ;
#770 = CARTESIAN_POINT ( 'NONE',  ( 8.199999999999999300, 0.2499999999999999400, -2.524999999999999900 ) ) ;
#771 = ORIENTED_EDGE ( 'NONE', *, *, #75, .T. ) ;
#772 = VERTEX_POINT ( 'NONE', #1530 ) ;
#773 = EDGE_CURVE ( 'NONE', #404, #257, #396, .T. ) ;
#774 = VECTOR ( 'NONE', #1517, 1000.000000000000000 ) ;
#775 = PLANE ( 'NONE',  #624 ) ;
#776 = CYLINDRICAL_SURFACE ( 'NONE', #802, 1.100000000000000300 ) ;
#777 = DIRECTION ( 'NONE',  ( 1.000000000000000000, 0.0000000000000000000, -0.0000000000000000000 ) ) ;
#778 = VECTOR ( 'NONE', #297, 1000.000000000000000 ) ;
#779 = CARTESIAN_POINT ( 'NONE',  ( -8.199999999999999300, 0.2499999999999997800, -2.524999999999999900 ) ) ;
#780 = CIRCLE ( 'NONE', #687, 0.3499999999999996400 ) ;
#781 = CARTESIAN_POINT ( 'NONE',  ( -6.600000000000001400, 0.3499999999999998100, 3.240000000000000200 ) ) ;
#782 = LINE ( 'NONE', #1192, #57 ) ;
#783 = EDGE_CURVE ( 'NONE', #526, #1781, #1596, .T. ) ;
#784 = FACE_OUTER_BOUND ( 'NONE', #380, .T. ) ;
#785 = AXIS2_PLACEMENT_3D ( 'NONE', #424, #691, #1372 ) ;
#786 = ORIENTED_EDGE ( 'NONE', *, *, #1114, .T. ) ;
#787 = PLANE ( 'NONE',  #1070 ) ;
#788 = ORIENTED_EDGE ( 'NONE', *, *, #250, .F. ) ;
#789 = ORIENTED_EDGE ( 'NONE', *, *, #1755, .F. ) ;
#790 = CARTESIAN_POINT ( 'NONE',  ( 1.296586341761688500, 1.392214379805478000, 3.240000000000000700 ) ) ;
#791 = CARTESIAN_POINT ( 'NONE',  ( 4.730000000000000400, 1.859999999999999900, -1.500000000000000200 ) ) ;
#792 = ORIENTED_EDGE ( 'NONE', *, *, #1212, .F. ) ;
#793 = ORIENTED_EDGE ( 'NONE', *, *, #822, .T. ) ;
#794 = DIRECTION ( 'NONE',  ( 1.000000000000000000, -3.730134460749826600E-034, 1.708945752101344200E-017 ) ) ;
#795 = CARTESIAN_POINT ( 'NONE',  ( 0.6952287485254803300, 1.388806962434384400, 1.100000000000000300 ) ) ;
#796 = CARTESIAN_POINT ( 'NONE',  ( 6.700000000000002000, 0.3499999999999998700, 2.524999999999999900 ) ) ;
#797 = DIRECTION ( 'NONE',  ( -1.000000000000000000, 0.0000000000000000000, 0.0000000000000000000 ) ) ;
#798 = EDGE_CURVE ( 'NONE', #1695, #194, #696, .T. ) ;
#799 = ADVANCED_FACE ( 'NONE', ( #806 ), #1444, .F. ) ;
#800 = LINE ( 'NONE', #176, #1508 ) ;
#801 = DIRECTION ( 'NONE',  ( 0.0000000000000000000, -0.0000000000000000000, -1.000000000000000000 ) ) ;
#802 = AXIS2_PLACEMENT_3D ( 'NONE', #713, #1394, #1538 ) ;
#803 = VECTOR ( 'NONE', #202, 1000.000000000000000 ) ;
#804 = CARTESIAN_POINT ( 'NONE',  ( 0.6952287485254801100, 1.138806962434384400, 1.100000000000000300 ) ) ;
#805 = CARTESIAN_POINT ( 'NONE',  ( -6.250000000000000900, 1.859999999999999900, 3.240000000000000200 ) ) ;
#806 = FACE_OUTER_BOUND ( 'NONE', #1365, .T. ) ;
#807 = VECTOR ( 'NONE', #451, 1000.000000000000000 ) ;
#808 = CARTESIAN_POINT ( 'NONE',  ( -6.250000000000000900, 1.859999999999999900, 3.240000000000000200 ) ) ;
#809 = VECTOR ( 'NONE', #120, 1000.000000000000000 ) ;
#810 = DIRECTION ( 'NONE',  ( 1.000000000000000000, 0.0000000000000000000, 4.336808689942017700E-016 ) ) ;
#811 =( LENGTH_UNIT ( ) NAMED_UNIT ( * ) SI_UNIT ( .MILLI., .METRE. ) );
#812 = AXIS2_PLACEMENT_3D ( 'NONE', #103, #81, #777 ) ;
#813 = PLANE ( 'NONE',  #938 ) ;
#814 = ORIENTED_EDGE ( 'NONE', *, *, #1334, .F. ) ;
#815 = CARTESIAN_POINT ( 'NONE',  ( 4.730000000000000400, 1.859999999999999900, -1.300000000000000000 ) ) ;
#816 = CARTESIAN_POINT ( 'NONE',  ( -7.042499999999996900, 0.2499999999999998300, 3.682499999999996600 ) ) ;
#817 = VERTEX_POINT ( 'NONE', #907 ) ;
#818 = ORIENTED_EDGE ( 'NONE', *, *, #205, .F. ) ;
#819 = DIRECTION ( 'NONE',  ( 2.109026278454460200E-016, 0.4522667655392636500, 0.8918827124620438700 ) ) ;
#820 = FACE_OUTER_BOUND ( 'NONE', #1724, .T. ) ;
#821 = EDGE_CURVE ( 'NONE', #1744, #306, #1751, .T. ) ;
#822 = EDGE_CURVE ( 'NONE', #526, #1383, #1422, .T. ) ;
#823 = LINE ( 'NONE', #412, #1176 ) ;
#824 = CARTESIAN_POINT ( 'NONE',  ( -8.699999999999999300, 0.0000000000000000000, 2.024999999999999500 ) ) ;
#825 = AXIS2_PLACEMENT_3D ( 'NONE', #439, #830, #563 ) ;
#826 = DIRECTION ( 'NONE',  ( 0.0000000000000000000, -0.0000000000000000000, -1.000000000000000000 ) ) ;
#827 = DIRECTION ( 'NONE',  ( -1.000000000000000000, 2.168404344971003300E-015, 0.0000000000000000000 ) ) ;
#828 = CARTESIAN_POINT ( 'NONE',  ( 0.6300000000000007800, 1.859999999999999900, 0.0000000000000000000 ) ) ;
#829 = FACE_OUTER_BOUND ( 'NONE', #534, .T. ) ;
#830 = DIRECTION ( 'NONE',  ( 0.0000000000000000000, -0.0000000000000000000, 1.000000000000000000 ) ) ;
#831 = DIRECTION ( 'NONE',  ( 4.159058814854246300E-016, 0.8918827124620438700, 0.4522667655392636500 ) ) ;
#832 = EDGE_LOOP ( 'NONE', ( #1757, #85, #637, #1257 ) ) ;
#833 = CARTESIAN_POINT ( 'NONE',  ( 4.730000000000000400, 1.859999999999999900, 1.500000000000000000 ) ) ;
#834 = ORIENTED_EDGE ( 'NONE', *, *, #287, .T. ) ;
#835 = DIRECTION ( 'NONE',  ( -1.000000000000000000, -1.032573497605243600E-016, 0.0000000000000000000 ) ) ;
#836 = EDGE_CURVE ( 'NONE', #1127, #838, #780, .T. ) ;
#837 = ORIENTED_EDGE ( 'NONE', *, *, #463, .T. ) ;
#838 = VERTEX_POINT ( 'NONE', #490 ) ;
#839 = CARTESIAN_POINT ( 'NONE',  ( 4.271616864841620400, -0.1400000000000003700, -1.100000000000000500 ) ) ;
#840 = CARTESIAN_POINT ( 'NONE',  ( 3.753978774636576700, 1.791851652578136300, 1.100000000000000300 ) ) ;
#841 = VECTOR ( 'NONE', #1322, 1000.000000000000000 ) ;
#842 = DIRECTION ( 'NONE',  ( -1.343392478656030500E-017, 1.020407894475554200E-016, 1.000000000000000000 ) ) ;
#843 = CARTESIAN_POINT ( 'NONE',  ( 4.271616864841619500, 1.859999999999999900, 1.100000000000000300 ) ) ;
#844 = CARTESIAN_POINT ( 'NONE',  ( 6.250000000000000900, 1.859999999999999900, 3.240000000000000200 ) ) ;
#845 = LINE ( 'NONE', #689, #651 ) ;
#846 = PLANE ( 'NONE',  #299 ) ;
#847 = FACE_OUTER_BOUND ( 'NONE', #1039, .T. ) ;
#848 = AXIS2_PLACEMENT_3D ( 'NONE', #828, #1532, #720 ) ;
#849 = FACE_OUTER_BOUND ( 'NONE', #832, .T. ) ;
#850 = DIRECTION ( 'NONE',  ( -0.0000000000000000000, 1.000000000000000000, -0.0000000000000000000 ) ) ;
#851 = DIRECTION ( 'NONE',  ( -0.0000000000000000000, -0.0000000000000000000, -1.000000000000000000 ) ) ;
#852 = AXIS2_PLACEMENT_3D ( 'NONE', #1278, #1020, #583 ) ;
#853 = DIRECTION ( 'NONE',  ( 1.708945752101344200E-017, -1.298073172494794200E-016, -1.000000000000000000 ) ) ;
#854 = VERTEX_POINT ( 'NONE', #625 ) ;
#855 = ORIENTED_EDGE ( 'NONE', *, *, #759, .F. ) ;
#856 = DIRECTION ( 'NONE',  ( 1.000000000000000000, -0.0000000000000000000, -0.0000000000000000000 ) ) ;
#857 = ORIENTED_EDGE ( 'NONE', *, *, #110, .F. ) ;
#858 = DIRECTION ( 'NONE',  ( -0.0000000000000000000, -0.0000000000000000000, -1.000000000000000000 ) ) ;
#859 = ORIENTED_EDGE ( 'NONE', *, *, #1124, .F. ) ;
#860 = EDGE_LOOP ( 'NONE', ( #948, #855, #489, #1642 ) ) ;
#861 = EDGE_CURVE ( 'NONE', #838, #1412, #1491, .T. ) ;
#862 = ORIENTED_EDGE ( 'NONE', *, *, #472, .T. ) ;
#863 = DIRECTION ( 'NONE',  ( 0.0000000000000000000, 0.0000000000000000000, -1.000000000000000000 ) ) ;
#864 = ORIENTED_EDGE ( 'NONE', *, *, #263, .T. ) ;
#865 = LINE ( 'NONE', #955, #337 ) ;
#866 = DIRECTION ( 'NONE',  ( -1.000000000000000000, 0.0000000000000000000, -0.0000000000000000000 ) ) ;
#867 = CARTESIAN_POINT ( 'NONE',  ( 0.0000000000000000000, 0.0000000000000000000, 0.0000000000000000000 ) ) ;
#868 = VECTOR ( 'NONE', #1633, 1000.000000000000000 ) ;
#869 = DIRECTION ( 'NONE',  ( -0.0000000000000000000, 1.000000000000000000, -0.0000000000000000000 ) ) ;
#870 = LINE ( 'NONE', #840, #1140 ) ;
#871 = AXIS2_PLACEMENT_3D ( 'NONE', #1447, #1599, #1349 ) ;
#872 = DIRECTION ( 'NONE',  ( -2.109026278454460200E-016, 0.4522667655392636500, 0.8918827124620438700 ) ) ;
#873 = VECTOR ( 'NONE', #1071, 1000.000000000000000 ) ;
#874 = CARTESIAN_POINT ( 'NONE',  ( 6.250000000000000900, 2.109999999999999900, -3.240000000000000200 ) ) ;
#875 = ADVANCED_FACE ( 'NONE', ( #1352 ), #1300, .F. ) ;
#876 = DIRECTION ( 'NONE',  ( -0.0000000000000000000, -0.0000000000000000000, -1.000000000000000000 ) ) ;
#877 = PLANE ( 'NONE',  #522 ) ;
#878 = ORIENTED_EDGE ( 'NONE', *, *, #1362, .F. ) ;
#879 = VERTEX_POINT ( 'NONE', #229 ) ;
#880 = DIRECTION ( 'NONE',  ( 0.0000000000000000000, 0.0000000000000000000, 1.000000000000000000 ) ) ;
#881 = PRODUCT_DEFINITION_CONTEXT ( 'detailed design', #1702, 'design' ) ;
#882 = ORIENTED_EDGE ( 'NONE', *, *, #1164, .F. ) ;
#883 = CARTESIAN_POINT ( 'NONE',  ( 3.395103978684920600E-016, 1.859999999999999900, 3.240000000000000200 ) ) ;
#884 = ORIENTED_EDGE ( 'NONE', *, *, #1106, .T. ) ;
#885 = DIRECTION ( 'NONE',  ( 1.000000000000000000, 0.0000000000000000000, 0.0000000000000000000 ) ) ;
#886 = ADVANCED_FACE ( 'NONE', ( #1121 ), #719, .F. ) ;
#887 = CARTESIAN_POINT ( 'NONE',  ( -8.699999999999999300, 0.2500000000000000000, 2.024999999999999500 ) ) ;
#888 = VERTEX_POINT ( 'NONE', #731 ) ;
#889 = CARTESIAN_POINT ( 'NONE',  ( 4.730000000000000400, 2.109999999999999900, 1.500000000000000200 ) ) ;
#890 = LINE ( 'NONE', #1080, #920 ) ;
#891 = DIRECTION ( 'NONE',  ( -0.0000000000000000000, 0.0000000000000000000, -1.000000000000000000 ) ) ;
#892 = FACE_OUTER_BOUND ( 'NONE', #1665, .T. ) ;
#893 = DIRECTION ( 'NONE',  ( 0.0000000000000000000, 1.000000000000000000, 0.0000000000000000000 ) ) ;
#894 = LINE ( 'NONE', #1725, #921 ) ;
#895 = DIRECTION ( 'NONE',  ( 0.0000000000000000000, 1.000000000000000000, 0.0000000000000000000 ) ) ;
#896 = ADVANCED_FACE ( 'NONE', ( #1399 ), #961, .T. ) ;
#897 = LINE ( 'NONE', #690, #631 ) ;
#898 = EDGE_CURVE ( 'NONE', #401, #257, #34, .T. ) ;
#899 = DIRECTION ( 'NONE',  ( 1.000000000000000000, 0.0000000000000000000, 0.0000000000000000000 ) ) ;
#900 = AXIS2_PLACEMENT_3D ( 'NONE', #1003, #163, #1113 ) ;
#901 = LINE ( 'NONE', #6, #38 ) ;
#902 = VERTEX_POINT ( 'NONE', #1223 ) ;
#903 = ORIENTED_EDGE ( 'NONE', *, *, #397, .T. ) ;
#904 = ORIENTED_EDGE ( 'NONE', *, *, #1780, .F. ) ;
#905 = DIRECTION ( 'NONE',  ( 0.0000000000000000000, 0.0000000000000000000, -1.000000000000000000 ) ) ;
#906 = ORIENTED_EDGE ( 'NONE', *, *, #638, .F. ) ;
#907 = CARTESIAN_POINT ( 'NONE',  ( 1.361291103037319200, 1.150732923233210600, 1.100000000000000300 ) ) ;
#908 = ADVANCED_FACE ( 'NONE', ( #294 ), #1626, .F. ) ;
#909 = EDGE_LOOP ( 'NONE', ( #1316, #449, #174, #967 ) ) ;
#910 = CARTESIAN_POINT ( 'NONE',  ( 6.600000000000000500, 1.760000000000000000, 3.240000000000000200 ) ) ;
#911 = DIRECTION ( 'NONE',  ( 0.0000000000000000000, -0.0000000000000000000, -1.000000000000000000 ) ) ;
#912 = EDGE_LOOP ( 'NONE', ( #1663, #1739, #1251, #1128 ) ) ;
#913 = CARTESIAN_POINT ( 'NONE',  ( 3.395103978684920600E-016, 2.109999999999999900, 3.240000000000000200 ) ) ;
#914 = CARTESIAN_POINT ( 'NONE',  ( 3.753978774636577100, 1.791851652578136300, -1.100000000000000300 ) ) ;
#915 = AXIS2_PLACEMENT_3D ( 'NONE', #1137, #1697, #330 ) ;
#916 = CARTESIAN_POINT ( 'NONE',  ( 6.250000000000000900, 1.759999999999999800, 3.240000000000000200 ) ) ;
#917 = VERTEX_POINT ( 'NONE', #523 ) ;
#918 = CARTESIAN_POINT ( 'NONE',  ( 0.06522874852547973200, 1.388806962434384600, 3.240000000000000700 ) ) ;
#919 = CARTESIAN_POINT ( 'NONE',  ( 4.271616864841619500, 1.859999999999999700, -1.100000000000000300 ) ) ;
#920 = VECTOR ( 'NONE', #1360, 1000.000000000000000 ) ;
#921 = VECTOR ( 'NONE', #231, 1000.000000000000000 ) ;
#922 = PLANE ( 'NONE',  #1393 ) ;
#923 = DIRECTION ( 'NONE',  ( 0.0000000000000000000, 0.0000000000000000000, 1.000000000000000000 ) ) ;
#924 = CARTESIAN_POINT ( 'NONE',  ( -6.250000000000000900, 1.759999999999999800, 3.240000000000000200 ) ) ;
#925 = CIRCLE ( 'NONE', #1036, 1.100000000000000300 ) ;
#926 = EDGE_CURVE ( 'NONE', #401, #1740, #823, .T. ) ;
#927 = CARTESIAN_POINT ( 'NONE',  ( 10.28250000000000400, 0.2500000000000001700, -0.4424999999999884600 ) ) ;
#928 = ADVANCED_FACE ( 'NONE', ( #587 ), #309, .T. ) ;
#929 = DIRECTION ( 'NONE',  ( 3.114630027274371000E-033, 1.000000000000000000, -1.298073172494793900E-016 ) ) ;
#930 = PRESENTATION_LAYER_ASSIGNMENT (  '', '', ( #1562 ) ) ;
#931 = EDGE_LOOP ( 'NONE', ( #366, #326, #284, #1386 ) ) ;
#932 = ORIENTED_EDGE ( 'NONE', *, *, #68, .T. ) ;
#933 = ORIENTED_EDGE ( 'NONE', *, *, #88, .F. ) ;
#934 = ORIENTED_EDGE ( 'NONE', *, *, #28, .T. ) ;
#935 = EDGE_CURVE ( 'NONE', #1458, #1383, #1046, .T. ) ;
#936 = LINE ( 'NONE', #1085, #1653 ) ;
#937 = DIRECTION ( 'NONE',  ( -0.0000000000000000000, 0.0000000000000000000, -1.000000000000000000 ) ) ;
#938 = AXIS2_PLACEMENT_3D ( 'NONE', #267, #1348, #963 ) ;
#939 = DIRECTION ( 'NONE',  ( 0.0000000000000000000, 0.0000000000000000000, 1.000000000000000000 ) ) ;
#940 = VECTOR ( 'NONE', #977, 1000.000000000000000 ) ;
#941 = VECTOR ( 'NONE', #1235, 1000.000000000000000 ) ;
#942 = CIRCLE ( 'NONE', #1263, 0.3499999999999996400 ) ;
#943 = CARTESIAN_POINT ( 'NONE',  ( -6.250000000000000900, 1.859999999999999900, 3.240000000000000200 ) ) ;
#944 = CARTESIAN_POINT ( 'NONE',  ( -8.699999999999999300, 0.0000000000000000000, 3.240000000000000200 ) ) ;
#945 = EDGE_CURVE ( 'NONE', #1409, #703, #1119, .T. ) ;
#946 = AXIS2_PLACEMENT_3D ( 'NONE', #1507, #188, #1272 ) ;
#947 = ORIENTED_EDGE ( 'NONE', *, *, #1134, .F. ) ;
#948 = ORIENTED_EDGE ( 'NONE', *, *, #1413, .T. ) ;
#949 = EDGE_LOOP ( 'NONE', ( #686, #301, #324, #553 ) ) ;
#950 = DIRECTION ( 'NONE',  ( -1.000000000000000000, 0.0000000000000000000, 0.0000000000000000000 ) ) ;
#951 = CARTESIAN_POINT ( 'NONE',  ( 6.250000000000000900, 1.759999999999999800, -3.240000000000000200 ) ) ;
#952 = CARTESIAN_POINT ( 'NONE',  ( 0.08793245281085899900, 1.068356546332366300, 3.240000000000000700 ) ) ;
#953 = VERTEX_POINT ( 'NONE', #291 ) ;
#954 = ORIENTED_EDGE ( 'NONE', *, *, #429, .F. ) ;
#955 = CARTESIAN_POINT ( 'NONE',  ( 3.395103978684920600E-016, 1.859999999999999900, -3.240000000000000200 ) ) ;
#956 = ORIENTED_EDGE ( 'NONE', *, *, #1577, .F. ) ;
#957 = AXIS2_PLACEMENT_3D ( 'NONE', #191, #601, #344 ) ;
#958 = FACE_OUTER_BOUND ( 'NONE', #995, .T. ) ;
#959 = CARTESIAN_POINT ( 'NONE',  ( 1.361291103037318900, 1.150732923233210600, 3.240000000000000700 ) ) ;
#960 = CIRCLE ( 'NONE', #1699, 0.1000000000000002600 ) ;
#961 = CYLINDRICAL_SURFACE ( 'NONE', #354, 0.3499999999999996400 ) ;
#962 = LINE ( 'NONE', #219, #13 ) ;
#963 = DIRECTION ( 'NONE',  ( -1.000000000000000000, -1.032573497605243600E-016, 0.0000000000000000000 ) ) ;
#964 = VECTOR ( 'NONE', #504, 1000.000000000000000 ) ;
#965 = EDGE_CURVE ( 'NONE', #1781, #817, #605, .T. ) ;
#966 = ORIENTED_EDGE ( 'NONE', *, *, #1217, .T. ) ;
#967 = ORIENTED_EDGE ( 'NONE', *, *, #1067, .F. ) ;
#968 = ORIENTED_EDGE ( 'NONE', *, *, #1078, .F. ) ;
#969 = AXIS2_PLACEMENT_3D ( 'NONE', #48, #1553, #1271 ) ;
#970 = DIRECTION ( 'NONE',  ( -0.2588190451025213500, 0.9659258262890680900, -1.020407894475554200E-016 ) ) ;
#971 = EDGE_LOOP ( 'NONE', ( #751, #67, #19, #726 ) ) ;
#972 = DIRECTION ( 'NONE',  ( -0.0000000000000000000, 1.000000000000000000, -0.0000000000000000000 ) ) ;
#973 = CARTESIAN_POINT ( 'NONE',  ( 1.270704437251436000, 1.488806962434384300, -2.217217338833618300 ) ) ;
#974 = ORIENTED_EDGE ( 'NONE', *, *, #296, .T. ) ;
#975 = VERTEX_POINT ( 'NONE', #565 ) ;
#976 = DIRECTION ( 'NONE',  ( 0.0000000000000000000, 0.0000000000000000000, 1.000000000000000000 ) ) ;
#977 = DIRECTION ( 'NONE',  ( 1.000000000000000000, 0.0000000000000000000, 0.0000000000000000000 ) ) ;
#978 = DIRECTION ( 'NONE',  ( -1.000000000000000000, 0.0000000000000000000, 0.0000000000000000000 ) ) ;
#979 = CIRCLE ( 'NONE', #1061, 2.000000000000000000 ) ;
#980 = FACE_OUTER_BOUND ( 'NONE', #971, .T. ) ;
#981 = PLANE ( 'NONE',  #825 ) ;
#982 = VECTOR ( 'NONE', #1195, 1000.000000000000000 ) ;
#983 = DIRECTION ( 'NONE',  ( -0.0000000000000000000, -0.0000000000000000000, -1.000000000000000000 ) ) ;
#984 = DIRECTION ( 'NONE',  ( 3.942553354492743000E-016, 0.0000000000000000000, -1.000000000000000000 ) ) ;
#985 = FACE_OUTER_BOUND ( 'NONE', #427, .T. ) ;
#986 = VECTOR ( 'NONE', #111, 1000.000000000000000 ) ;
#987 = VECTOR ( 'NONE', #1629, 1000.000000000000000 ) ;
#988 = CARTESIAN_POINT ( 'NONE',  ( -6.600000000000001400, 0.2499999999999997800, -2.524999999999999900 ) ) ;
#989 = DIRECTION ( 'NONE',  ( 9.019216771999358100E-017, 1.298073172494794200E-016, 1.000000000000000000 ) ) ;
#990 = DIRECTION ( 'NONE',  ( -1.000000000000000000, 0.0000000000000000000, 0.0000000000000000000 ) ) ;
#991 = ORIENTED_EDGE ( 'NONE', *, *, #1191, .T. ) ;
#992 = DIRECTION ( 'NONE',  ( 4.159058814854246300E-016, 0.8918827124620438700, 0.4522667655392636500 ) ) ;
#993 = EDGE_CURVE ( 'NONE', #408, #1383, #249, .T. ) ;
#994 = VERTEX_POINT ( 'NONE', #1528 ) ;
#995 = EDGE_LOOP ( 'NONE', ( #1583, #1502, #350, #422 ) ) ;
#996 = AXIS2_PLACEMENT_3D ( 'NONE', #815, #388, #939 ) ;
#997 = CARTESIAN_POINT ( 'NONE',  ( 0.1526372140864892800, 0.8268750897600992700, 3.240000000000000700 ) ) ;
#998 = CARTESIAN_POINT ( 'NONE',  ( 1.270704437251436200, 1.488806962434384700, 1.100000000000000300 ) ) ;
#999 = ORIENTED_EDGE ( 'NONE', *, *, #520, .F. ) ;
#1000 = CARTESIAN_POINT ( 'NONE',  ( -6.700000000000000200, 0.2499999999999985000, -2.524999999999999900 ) ) ;
#1001 = DIRECTION ( 'NONE',  ( 0.9659258262890680900, 0.2588190451025213500, -1.343392478656030500E-017 ) ) ;
#1002 = DIRECTION ( 'NONE',  ( -1.000000000000000000, 3.730134460749826600E-034, -1.708945752101344200E-017 ) ) ;
#1003 = CARTESIAN_POINT ( 'NONE',  ( -6.600000000000000500, 1.760000000000000000, 3.240000000000000200 ) ) ;
#1004 = EDGE_CURVE ( 'NONE', #1695, #1718, #586, .T. ) ;
#1005 = DIRECTION ( 'NONE',  ( 0.0000000000000000000, -0.0000000000000000000, -1.000000000000000000 ) ) ;
#1006 = DIRECTION ( 'NONE',  ( 0.7071067811865487900, 0.0000000000000000000, -0.7071067811865463500 ) ) ;
#1007 = CARTESIAN_POINT ( 'NONE',  ( -8.699999999999999300, 0.2500000000000000000, 2.024999999999999500 ) ) ;
#1008 = VECTOR ( 'NONE', #1506, 1000.000000000000000 ) ;
#1009 = CARTESIAN_POINT ( 'NONE',  ( -6.600000000000000500, 2.038409170476028500, 3.381179118361957900 ) ) ;
#1010 = VECTOR ( 'NONE', #1433, 999.9999999999998900 ) ;
#1011 = LINE ( 'NONE', #1398, #1495 ) ;
#1012 = EDGE_CURVE ( 'NONE', #404, #1431, #717, .T. ) ;
#1013 = ORIENTED_EDGE ( 'NONE', *, *, #358, .F. ) ;
#1014 = CARTESIAN_POINT ( 'NONE',  ( 1.270704437251436000, 1.488806962434384300, -2.217217338833618300 ) ) ;
#1015 = ORIENTED_EDGE ( 'NONE', *, *, #581, .T. ) ;
#1016 = ORIENTED_EDGE ( 'NONE', *, *, #1378, .F. ) ;
#1017 = EDGE_CURVE ( 'NONE', #510, #703, #232, .T. ) ;
#1018 = ADVANCED_FACE ( 'NONE', ( #1678 ), #1138, .T. ) ;
#1019 = ORIENTED_EDGE ( 'NONE', *, *, #450, .T. ) ;
#1020 = DIRECTION ( 'NONE',  ( -7.136064685652742300E-015, -1.812329553308191600E-015, 1.000000000000000000 ) ) ;
#1021 = CARTESIAN_POINT ( 'NONE',  ( -8.199999999999997500, 0.2500000000000003900, 2.524999999999999900 ) ) ;
#1022 = CARTESIAN_POINT ( 'NONE',  ( -6.600000000000001400, 0.2500000000000002200, 2.524999999999999900 ) ) ;
#1023 = CARTESIAN_POINT ( 'NONE',  ( 0.06522874852547963500, 1.138806962434384800, 3.240000000000000700 ) ) ;
#1024 = APPLICATION_PROTOCOL_DEFINITION ( 'draft international standard', 'automotive_design', 1998, #1702 ) ;
#1025 = DIRECTION ( 'NONE',  ( 9.019216771999358100E-017, 1.298073172494794200E-016, 1.000000000000000000 ) ) ;
#1026 = EDGE_CURVE ( 'NONE', #1619, #888, #1397, .T. ) ;
#1027 = LINE ( 'NONE', #1129, #342 ) ;
#1028 = CARTESIAN_POINT ( 'NONE',  ( 0.6952287485254803300, 1.138806962434384400, -1.100000000000000300 ) ) ;
#1029 = ORIENTED_EDGE ( 'NONE', *, *, #566, .F. ) ;
#1030 = ORIENTED_EDGE ( 'NONE', *, *, #450, .F. ) ;
#1031 = PLANE ( 'NONE',  #368 ) ;
#1032 = EDGE_LOOP ( 'NONE', ( #1095, #1782, #1311, #641 ) ) ;
#1033 = EDGE_CURVE ( 'NONE', #403, #1451, #754, .T. ) ;
#1034 = ORIENTED_EDGE ( 'NONE', *, *, #1004, .T. ) ;
#1035 = EDGE_LOOP ( 'NONE', ( #1779, #1716, #1073, #1429 ) ) ;
#1036 = AXIS2_PLACEMENT_3D ( 'NONE', #743, #476, #755 ) ;
#1037 = VERTEX_POINT ( 'NONE', #46 ) ;
#1038 = DIRECTION ( 'NONE',  ( 4.159058814854246300E-016, -0.8918827124620437600, 0.4522667655392635900 ) ) ;
#1039 = EDGE_LOOP ( 'NONE', ( #280, #1236, #1688, #729 ) ) ;
#1040 = ADVANCED_FACE ( 'NONE', ( #208 ), #1290, .T. ) ;
#1041 = CARTESIAN_POINT ( 'NONE',  ( 6.350000000000000500, 2.038409170476028500, 3.381179118361957900 ) ) ;
#1042 = UNCERTAINTY_MEASURE_WITH_UNIT (LENGTH_MEASURE( 1.000000000000000100E-005 ), #1420, 'distance_accuracy_value', 'NONE');
#1043 = DIRECTION ( 'NONE',  ( -9.019216771999356900E-017, -1.298073172494794200E-016, -1.000000000000000000 ) ) ;
#1044 = LINE ( 'NONE', #1785, #1771 ) ;
#1045 = CARTESIAN_POINT ( 'NONE',  ( 0.6300000000000010000, 1.859999999999999900, -1.500000000000000200 ) ) ;
#1046 = LINE ( 'NONE', #17, #1304 ) ;
#1047 = DIRECTION ( 'NONE',  ( 1.000000000000000000, 4.663235150475287800E-016, -0.0000000000000000000 ) ) ;
#1048 = EDGE_CURVE ( 'NONE', #1744, #1619, #1441, .T. ) ;
#1049 = DIRECTION ( 'NONE',  ( 0.9659258262890680900, 0.2588190451025213500, -1.343392478656030500E-017 ) ) ;
#1050 = FACE_OUTER_BOUND ( 'NONE', #1609, .T. ) ;
#1051 = ADVANCED_FACE ( 'NONE', ( #1657 ), #398, .T. ) ;
#1052 = LINE ( 'NONE', #1045, #1160 ) ;
#1053 = ORIENTED_EDGE ( 'NONE', *, *, #1485, .F. ) ;
#1054 = EDGE_LOOP ( 'NONE', ( #1586, #1623, #646, #152 ) ) ;
#1055 = ORIENTED_EDGE ( 'NONE', *, *, #169, .F. ) ;
#1056 = PLANE ( 'NONE',  #1341 ) ;
#1057 = ORIENTED_EDGE ( 'NONE', *, *, #500, .T. ) ;
#1058 = EDGE_LOOP ( 'NONE', ( #1339, #1034, #241, #300 ) ) ;
#1059 = CARTESIAN_POINT ( 'NONE',  ( 8.699999999999999300, 0.2500000000000000000, 2.024999999999999500 ) ) ;
#1060 = CARTESIAN_POINT ( 'NONE',  ( 0.6300000000000010000, 1.859999999999999900, -1.500000000000000000 ) ) ;
#1061 = AXIS2_PLACEMENT_3D ( 'NONE', #259, #1355, #1218 ) ;
#1062 = VECTOR ( 'NONE', #1049, 1000.000000000000000 ) ;
#1063 = LINE ( 'NONE', #153, #339 ) ;
#1064 = DIRECTION ( 'NONE',  ( -1.000000000000000000, 0.0000000000000000000, -0.0000000000000000000 ) ) ;
#1065 = CARTESIAN_POINT ( 'NONE',  ( 0.6952287485254803300, 1.138806962434384400, -1.100000000000000300 ) ) ;
#1066 = FACE_OUTER_BOUND ( 'NONE', #1107, .T. ) ;
#1067 = EDGE_CURVE ( 'NONE', #1783, #1500, #960, .T. ) ;
#1068 = FACE_OUTER_BOUND ( 'NONE', #1280, .T. ) ;
#1069 = VECTOR ( 'NONE', #1461, 1000.000000000000000 ) ;
#1070 = AXIS2_PLACEMENT_3D ( 'NONE', #378, #245, #512 ) ;
#1071 = DIRECTION ( 'NONE',  ( -1.000000000000000000, 1.032573497605243600E-016, -0.0000000000000000000 ) ) ;
#1072 = VERTEX_POINT ( 'NONE', #1180 ) ;
#1073 = ORIENTED_EDGE ( 'NONE', *, *, #1004, .F. ) ;
#1074 = DIRECTION ( 'NONE',  ( -1.000000000000000000, 3.730134460749826600E-034, -1.708945752101344200E-017 ) ) ;
#1075 = ORIENTED_EDGE ( 'NONE', *, *, #993, .F. ) ;
#1076 = DIRECTION ( 'NONE',  ( -9.019216771999356900E-017, -1.298073172494794200E-016, -1.000000000000000000 ) ) ;
#1077 = FILL_AREA_STYLE ('',( #5 ) ) ;
#1078 = EDGE_CURVE ( 'NONE', #902, #385, #1221, .T. ) ;
#1079 = ORIENTED_EDGE ( 'NONE', *, *, #440, .T. ) ;
#1080 = CARTESIAN_POINT ( 'NONE',  ( -6.600000000000001400, 0.2499999999999997800, -2.524999999999999900 ) ) ;
#1081 = DIRECTION ( 'NONE',  ( -0.0000000000000000000, -0.0000000000000000000, -1.000000000000000000 ) ) ;
#1082 = CARTESIAN_POINT ( 'NONE',  ( 7.042499999999996900, 0.2499999999999998300, 3.682499999999996600 ) ) ;
#1083 = VECTOR ( 'NONE', #464, 1000.000000000000000 ) ;
#1084 = VECTOR ( 'NONE', #1175, 1000.000000000000000 ) ;
#1085 = CARTESIAN_POINT ( 'NONE',  ( 4.721466372433781100, 2.051089173095025100, 1.100000000000000300 ) ) ;
#1086 = CARTESIAN_POINT ( 'NONE',  ( -6.700000000000002000, 0.2500000000000002200, 2.524999999999999900 ) ) ;
#1087 = FACE_OUTER_BOUND ( 'NONE', #1540, .T. ) ;
#1088 = DIRECTION ( 'NONE',  ( -0.2588190451025213500, 0.9659258262890680900, -1.020407894475554200E-016 ) ) ;
#1089 = EDGE_CURVE ( 'NONE', #346, #510, #1613, .T. ) ;
#1090 = LINE ( 'NONE', #351, #80 ) ;
#1091 = AXIS2_PLACEMENT_3D ( 'NONE', #1122, #1396, #617 ) ;
#1092 = ORIENTED_EDGE ( 'NONE', *, *, #268, .T. ) ;
#1093 = ORIENTED_EDGE ( 'NONE', *, *, #1709, .T. ) ;
#1094 = ORIENTED_EDGE ( 'NONE', *, *, #334, .F. ) ;
#1095 = ORIENTED_EDGE ( 'NONE', *, *, #322, .F. ) ;
#1096 = DIRECTION ( 'NONE',  ( 1.000000000000000000, 1.032573497605243600E-016, -0.0000000000000000000 ) ) ;
#1097 = ORIENTED_EDGE ( 'NONE', *, *, #728, .T. ) ;
#1098 = LINE ( 'NONE', #577, #1728 ) ;
#1099 = CIRCLE ( 'NONE', #236, 2.250000000000000400 ) ;
#1100 = CARTESIAN_POINT ( 'NONE',  ( 8.699999999999999300, 0.2500000000000000000, 2.024999999999999500 ) ) ;
#1101 = DIRECTION ( 'NONE',  ( -0.0000000000000000000, -0.0000000000000000000, -1.000000000000000000 ) ) ;
#1102 = LINE ( 'NONE', #571, #778 ) ;
#1103 = CARTESIAN_POINT ( 'NONE',  ( -6.250000000000000900, 1.759999999999999800, 3.240000000000000200 ) ) ;
#1104 = DIRECTION ( 'NONE',  ( 1.000000000000000000, -6.505213034913010000E-015, 0.0000000000000000000 ) ) ;
#1105 = LINE ( 'NONE', #91, #78 ) ;
#1106 = EDGE_CURVE ( 'NONE', #683, #1670, #1773, .T. ) ;
#1107 = EDGE_LOOP ( 'NONE', ( #1756, #1057, #1097, #999 ) ) ;
#1108 = ORIENTED_EDGE ( 'NONE', *, *, #1315, .T. ) ;
#1109 = VERTEX_POINT ( 'NONE', #102 ) ;
#1110 = ADVANCED_BREP_SHAPE_REPRESENTATION ( 'BC-2017', ( #685, #763 ), #1748 ) ;
#1111 = ORIENTED_EDGE ( 'NONE', *, *, #693, .F. ) ;
#1112 = CARTESIAN_POINT ( 'NONE',  ( 4.795228748525479600, 1.138806962434384600, 1.100000000000000500 ) ) ;
#1113 = DIRECTION ( 'NONE',  ( -1.000000000000000000, 0.0000000000000000000, 0.0000000000000000000 ) ) ;
#1114 = EDGE_CURVE ( 'NONE', #953, #466, #393, .T. ) ;
#1115 = DIRECTION ( 'NONE',  ( 0.0000000000000000000, 0.0000000000000000000, -1.000000000000000000 ) ) ;
#1116 = FACE_OUTER_BOUND ( 'NONE', #1332, .T. ) ;
#1117 = AXIS2_PLACEMENT_3D ( 'NONE', #360, #623, #1587 ) ;
#1118 = LINE ( 'NONE', #1281, #1083 ) ;
#1119 = LINE ( 'NONE', #11, #183 ) ;
#1120 = CARTESIAN_POINT ( 'NONE',  ( -8.699999999999999300, 0.2500000000000000000, -2.024999999999997700 ) ) ;
#1121 = FACE_OUTER_BOUND ( 'NONE', #1301, .T. ) ;
#1122 = CARTESIAN_POINT ( 'NONE',  ( -6.250000000000000900, 1.759999999999999800, -3.240000000000000200 ) ) ;
#1123 = LINE ( 'NONE', #58, #1446 ) ;
#1124 = EDGE_CURVE ( 'NONE', #410, #1500, #894, .T. ) ;
#1125 =( NAMED_UNIT ( * ) PLANE_ANGLE_UNIT ( ) SI_UNIT ( $, .RADIAN. ) );
#1126 = ORIENTED_EDGE ( 'NONE', *, *, #312, .F. ) ;
#1127 = VERTEX_POINT ( 'NONE', #225 ) ;
#1128 = ORIENTED_EDGE ( 'NONE', *, *, #1546, .T. ) ;
#1129 = CARTESIAN_POINT ( 'NONE',  ( -8.699999999999999300, 0.2500000000000000000, -2.024999999999997700 ) ) ;
#1130 = ORIENTED_EDGE ( 'NONE', *, *, #1134, .T. ) ;
#1131 = COLOUR_RGB ( '',0.7921568627450980000, 0.8196078431372548800, 0.9333333333333333500 ) ;
#1132 = CARTESIAN_POINT ( 'NONE',  ( 3.753978774636577100, 1.791851652578136300, -1.100000000000000300 ) ) ;
#1133 = ADVANCED_FACE ( 'NONE', ( #359 ), #644, .F. ) ;
#1134 = EDGE_CURVE ( 'NONE', #63, #1458, #1510, .T. ) ;
#1135 = CARTESIAN_POINT ( 'NONE',  ( -8.199999999999999300, -5.421010862427522200E-017, -2.524999999999999900 ) ) ;
#1136 = DIRECTION ( 'NONE',  ( -1.000000000000000000, 0.0000000000000000000, 0.0000000000000000000 ) ) ;
#1137 = CARTESIAN_POINT ( 'NONE',  ( 6.700000000000002000, 0.3499999999999998700, 2.524999999999999900 ) ) ;
#1138 = CYLINDRICAL_SURFACE ( 'NONE', #198, 0.3500000000000000300 ) ;
#1139 = AXIS2_PLACEMENT_3D ( 'NONE', #916, #453, #632 ) ;
#1140 = VECTOR ( 'NONE', #1513, 1000.000000000000000 ) ;
#1141 = CARTESIAN_POINT ( 'NONE',  ( 3.753978774636576700, 1.791851652578136300, 1.100000000000000300 ) ) ;
#1142 = FILL_AREA_STYLE ('',( #193 ) ) ;
#1143 = VECTOR ( 'NONE', #1468, 1000.000000000000000 ) ;
#1144 = ADVANCED_FACE ( 'NONE', ( #266 ), #1732, .T. ) ;
#1145 = EDGE_CURVE ( 'NONE', #1072, #408, #1350, .T. ) ;
#1146 = ORIENTED_EDGE ( 'NONE', *, *, #532, .T. ) ;
#1147 = ORIENTED_EDGE ( 'NONE', *, *, #1017, .T. ) ;
#1148 = ORIENTED_EDGE ( 'NONE', *, *, #1067, .T. ) ;
#1149 = CARTESIAN_POINT ( 'NONE',  ( 8.699999999999999300, 0.2500000000000000000, -2.024999999999997700 ) ) ;
#1150 = AXIS2_PLACEMENT_3D ( 'NONE', #1743, #1489, #1509 ) ;
#1151 = ORIENTED_EDGE ( 'NONE', *, *, #555, .F. ) ;
#1152 = ADVANCED_FACE ( 'NONE', ( #1266 ), #456, .T. ) ;
#1153 = CARTESIAN_POINT ( 'NONE',  ( 4.271616864841619500, -0.1400000000000003700, -1.100000000000000300 ) ) ;
#1154 = VECTOR ( 'NONE', #657, 1000.000000000000000 ) ;
#1155 = LINE ( 'NONE', #1135, #1524 ) ;
#1156 = EDGE_CURVE ( 'NONE', #1294, #1783, #542, .T. ) ;
#1157 = DIRECTION ( 'NONE',  ( -0.0000000000000000000, -1.000000000000000000, -0.0000000000000000000 ) ) ;
#1158 = VECTOR ( 'NONE', #1669, 1000.000000000000000 ) ;
#1159 = AXIS2_PLACEMENT_3D ( 'NONE', #529, #117, #536 ) ;
#1160 = VECTOR ( 'NONE', #1749, 1000.000000000000000 ) ;
#1161 = DIRECTION ( 'NONE',  ( 0.0000000000000000000, 0.0000000000000000000, 1.000000000000000000 ) ) ;
#1162 = DIRECTION ( 'NONE',  ( 0.0000000000000000000, 0.0000000000000000000, 1.000000000000000000 ) ) ;
#1163 = ORIENTED_EDGE ( 'NONE', *, *, #1778, .F. ) ;
#1164 = EDGE_CURVE ( 'NONE', #817, #1741, #501, .T. ) ;
#1165 = ADVANCED_FACE ( 'NONE', ( #1575 ), #519, .F. ) ;
#1166 = EDGE_LOOP ( 'NONE', ( #1690, #1592, #745, #260 ) ) ;
#1167 = DIRECTION ( 'NONE',  ( 0.0000000000000000000, 1.000000000000000000, 0.0000000000000000000 ) ) ;
#1168 = VERTEX_POINT ( 'NONE', #269 ) ;
#1169 = AXIS2_PLACEMENT_3D ( 'NONE', #1425, #1570, #1710 ) ;
#1170 = ORIENTED_EDGE ( 'NONE', *, *, #1156, .F. ) ;
#1171 = PLANE ( 'NONE',  #812 ) ;
#1172 = VERTEX_POINT ( 'NONE', #1479 ) ;
#1173 = DIRECTION ( 'NONE',  ( 0.0000000000000000000, 0.0000000000000000000, -1.000000000000000000 ) ) ;
#1174 = DIRECTION ( 'NONE',  ( 0.0000000000000000000, 1.000000000000000000, 0.0000000000000000000 ) ) ;
#1175 = DIRECTION ( 'NONE',  ( -1.000000000000000000, 0.0000000000000000000, 0.0000000000000000000 ) ) ;
#1176 = VECTOR ( 'NONE', #831, 999.9999999999998900 ) ;
#1177 = CIRCLE ( 'NONE', #1572, 0.1000000000000002600 ) ;
#1178 = AXIS2_PLACEMENT_3D ( 'NONE', #757, #1047, #479 ) ;
#1179 = DIRECTION ( 'NONE',  ( 1.000000000000000000, 0.0000000000000000000, 0.0000000000000000000 ) ) ;
#1180 = CARTESIAN_POINT ( 'NONE',  ( 1.296586341761688500, 1.392214379805478000, 1.100000000000000300 ) ) ;
#1181 = MECHANICAL_DESIGN_GEOMETRIC_PRESENTATION_REPRESENTATION (  '', ( #1562 ), #1784 ) ;
#1182 = CYLINDRICAL_SURFACE ( 'NONE', #1646, 0.1000000000000002600 ) ;
#1183 = DIRECTION ( 'NONE',  ( 0.0000000000000000000, -0.0000000000000000000, -1.000000000000000000 ) ) ;
#1184 = ADVANCED_FACE ( 'NONE', ( #847 ), #1200, .F. ) ;
#1185 = ORIENTED_EDGE ( 'NONE', *, *, #1591, .F. ) ;
#1186 = PLANE ( 'NONE',  #1770 ) ;
#1187 = ORIENTED_EDGE ( 'NONE', *, *, #1114, .F. ) ;
#1188 = CARTESIAN_POINT ( 'NONE',  ( 4.656761611158152000, 2.292570629667292100, -1.100000000000000300 ) ) ;
#1189 = ORIENTED_EDGE ( 'NONE', *, *, #673, .T. ) ;
#1190 = ORIENTED_EDGE ( 'NONE', *, *, #773, .T. ) ;
#1191 = EDGE_CURVE ( 'NONE', #154, #197, #162, .T. ) ;
#1192 = CARTESIAN_POINT ( 'NONE',  ( 4.730000000000000400, 2.109999999999999900, -1.100000000000000300 ) ) ;
#1193 = DIRECTION ( 'NONE',  ( 0.7071067811865463500, -0.0000000000000000000, 0.7071067811865487900 ) ) ;
#1194 = ORIENTED_EDGE ( 'NONE', *, *, #221, .T. ) ;
#1195 = DIRECTION ( 'NONE',  ( -9.019216771999359400E-017, -1.298073172494794200E-016, -1.000000000000000000 ) ) ;
#1196 = LINE ( 'NONE', #808, #475 ) ;
#1197 = LINE ( 'NONE', #667, #30 ) ;
#1198 = PLANE ( 'NONE',  #93 ) ;
#1199 = PLANE ( 'NONE',  #288 ) ;
#1200 = CYLINDRICAL_SURFACE ( 'NONE', #468, 2.000000000000000000 ) ;
#1201 = EDGE_CURVE ( 'NONE', #1409, #346, #115, .T. ) ;
#1202 = CIRCLE ( 'NONE', #1169, 0.2000000000000000900 ) ;
#1203 = VECTOR ( 'NONE', #1597, 1000.000000000000000 ) ;
#1204 = CARTESIAN_POINT ( 'NONE',  ( -6.250000000000000900, 2.109999999999999900, -3.240000000000000200 ) ) ;
#1205 = LINE ( 'NONE', #1041, #1010 ) ;
#1206 = DIRECTION ( 'NONE',  ( 1.000000000000000000, 0.0000000000000000000, -0.0000000000000000000 ) ) ;
#1207 = ORIENTED_EDGE ( 'NONE', *, *, #122, .F. ) ;
#1208 = ORIENTED_EDGE ( 'NONE', *, *, #205, .T. ) ;
#1209 = ORIENTED_EDGE ( 'NONE', *, *, #18, .F. ) ;
#1210 = DIRECTION ( 'NONE',  ( 1.000000000000000000, 0.0000000000000000000, -0.0000000000000000000 ) ) ;
#1211 = ORIENTED_EDGE ( 'NONE', *, *, #935, .F. ) ;
#1212 = EDGE_CURVE ( 'NONE', #508, #44, #438, .T. ) ;
#1213 = ADVANCED_FACE ( 'NONE', ( #892 ), #1199, .F. ) ;
#1214 = DIRECTION ( 'NONE',  ( 0.0000000000000000000, 1.000000000000000000, -0.0000000000000000000 ) ) ;
#1215 = DIRECTION ( 'NONE',  ( 1.000000000000000000, 0.0000000000000000000, 0.0000000000000000000 ) ) ;
#1216 = ORIENTED_EDGE ( 'NONE', *, *, #1164, .T. ) ;
#1217 = EDGE_CURVE ( 'NONE', #105, #975, #1197, .T. ) ;
#1218 = DIRECTION ( 'NONE',  ( 1.000000000000000000, 1.599198204416119000E-014, 4.336808689942017700E-016 ) ) ;
#1219 = FACE_OUTER_BOUND ( 'NONE', #1035, .T. ) ;
#1220 = DIRECTION ( 'NONE',  ( -3.942553354492743000E-016, -0.0000000000000000000, 1.000000000000000000 ) ) ;
#1221 = LINE ( 'NONE', #781, #140 ) ;
#1222 = DIRECTION ( 'NONE',  ( -4.159058814854246300E-016, -0.8918827124620437600, 0.4522667655392635900 ) ) ;
#1223 = CARTESIAN_POINT ( 'NONE',  ( -6.600000000000001400, 0.3499999999999998100, 2.524999999999999900 ) ) ;
#1224 = CARTESIAN_POINT ( 'NONE',  ( -6.600000000000000500, 1.760000000000000000, 3.240000000000000200 ) ) ;
#1225 = LINE ( 'NONE', #1543, #1712 ) ;
#1226 = VECTOR ( 'NONE', #1753, 1000.000000000000000 ) ;
#1227 = PLANE ( 'NONE',  #1488 ) ;
#1228 = CARTESIAN_POINT ( 'NONE',  ( 4.271616864841619500, 1.859999999999999900, 1.100000000000000300 ) ) ;
#1229 = ORIENTED_EDGE ( 'NONE', *, *, #1362, .T. ) ;
#1230 = CARTESIAN_POINT ( 'NONE',  ( 6.600000000000001400, 0.3499999999999998100, 2.524999999999999900 ) ) ;
#1231 = ORIENTED_EDGE ( 'NONE', *, *, #41, .T. ) ;
#1232 = DIRECTION ( 'NONE',  ( 9.019216771999358100E-017, 1.298073172494794200E-016, 1.000000000000000000 ) ) ;
#1233 = ORIENTED_EDGE ( 'NONE', *, *, #1268, .T. ) ;
#1234 = ORIENTED_EDGE ( 'NONE', *, *, #1048, .T. ) ;
#1235 = DIRECTION ( 'NONE',  ( -2.414117673023599000E-032, -1.000000000000000000, 0.0000000000000000000 ) ) ;
#1236 = ORIENTED_EDGE ( 'NONE', *, *, #1668, .F. ) ;
#1237 = EDGE_CURVE ( 'NONE', #994, #953, #1346, .T. ) ;
#1238 = ORIENTED_EDGE ( 'NONE', *, *, #676, .F. ) ;
#1239 = AXIS2_PLACEMENT_3D ( 'NONE', #1516, #850, #699 ) ;
#1240 = VERTEX_POINT ( 'NONE', #109 ) ;
#1241 = FACE_OUTER_BOUND ( 'NONE', #1276, .T. ) ;
#1242 = CARTESIAN_POINT ( 'NONE',  ( 4.730000000000000400, 1.859999999999999900, 1.100000000000000300 ) ) ;
#1243 = CARTESIAN_POINT ( 'NONE',  ( 6.600000000000001400, 0.2500000000000002200, 2.524999999999999900 ) ) ;
#1244 = VECTOR ( 'NONE', #1505, 1000.000000000000000 ) ;
#1245 = EDGE_CURVE ( 'NONE', #1741, #1588, #246, .T. ) ;
#1246 = PLANE ( 'NONE',  #514 ) ;
#1247 = VECTOR ( 'NONE', #433, 1000.000000000000000 ) ;
#1248 = PLANE ( 'NONE',  #557 ) ;
#1249 = FACE_OUTER_BOUND ( 'NONE', #614, .T. ) ;
#1250 = AXIS2_PLACEMENT_3D ( 'NONE', #1691, #893, #880 ) ;
#1251 = ORIENTED_EDGE ( 'NONE', *, *, #1768, .F. ) ;
#1252 = CARTESIAN_POINT ( 'NONE',  ( -6.350000000000000500, 1.760000000000000000, 3.240000000000000200 ) ) ;
#1253 = ORIENTED_EDGE ( 'NONE', *, *, #1591, .T. ) ;
#1254 = DIRECTION ( 'NONE',  ( 1.000000000000000000, 0.0000000000000000000, 0.0000000000000000000 ) ) ;
#1255 = ORIENTED_EDGE ( 'NONE', *, *, #1437, .T. ) ;
#1256 = CARTESIAN_POINT ( 'NONE',  ( 4.721466372433781100, 2.051089173095025100, -1.100000000000000300 ) ) ;
#1257 = ORIENTED_EDGE ( 'NONE', *, *, #718, .T. ) ;
#1258 = ORIENTED_EDGE ( 'NONE', *, *, #1436, .F. ) ;
#1259 = DIRECTION ( 'NONE',  ( 4.159058814854246300E-016, -0.8918827124620438700, 0.4522667655392636500 ) ) ;
#1260 = VERTEX_POINT ( 'NONE', #1086 ) ;
#1261 = EDGE_CURVE ( 'NONE', #1781, #1588, #292, .T. ) ;
#1262 = DIRECTION ( 'NONE',  ( 1.000000000000000000, -1.032573497605243600E-016, 0.0000000000000000000 ) ) ;
#1263 = AXIS2_PLACEMENT_3D ( 'NONE', #951, #1364, #530 ) ;
#1264 = VECTOR ( 'NONE', #86, 1000.000000000000000 ) ;
#1265 = CARTESIAN_POINT ( 'NONE',  ( 1.361291103037318900, 1.150732923233210600, 1.100000000000000300 ) ) ;
#1266 = FACE_OUTER_BOUND ( 'NONE', #1032, .T. ) ;
#1267 = DIRECTION ( 'NONE',  ( 2.109026278454460200E-016, 0.4522667655392636500, -0.8918827124620438700 ) ) ;
#1268 = EDGE_CURVE ( 'NONE', #44, #703, #1750, .T. ) ;
#1269 = DIRECTION ( 'NONE',  ( 0.0000000000000000000, 1.000000000000000000, 0.0000000000000000000 ) ) ;
#1270 = DIRECTION ( 'NONE',  ( 3.942553354492742500E-016, -1.232595164407830900E-032, -1.000000000000000000 ) ) ;
#1271 = DIRECTION ( 'NONE',  ( 1.000000000000000000, 0.0000000000000000000, 0.0000000000000000000 ) ) ;
#1272 = DIRECTION ( 'NONE',  ( -1.000000000000000000, 0.0000000000000000000, -0.0000000000000000000 ) ) ;
#1273 = STYLED_ITEM ( 'NONE', ( #1511 ), #685 ) ;
#1274 = EDGE_LOOP ( 'NONE', ( #1745, #373, #572, #1361, #1515, #1258 ) ) ;
#1275 = ORIENTED_EDGE ( 'NONE', *, *, #676, .T. ) ;
#1276 = EDGE_LOOP ( 'NONE', ( #405, #1170, #1163, #991 ) ) ;
#1277 = CARTESIAN_POINT ( 'NONE',  ( 6.599999999999999600, 1.760000000000000000, -3.240000000000000200 ) ) ;
#1278 = CARTESIAN_POINT ( 'NONE',  ( 4.271616864841620400, -0.1400000000000003700, -1.100000000000000500 ) ) ;
#1279 = ADVANCED_FACE ( 'NONE', ( #958 ), #415, .F. ) ;
#1280 = EDGE_LOOP ( 'NONE', ( #680, #226, #1092, #1297 ) ) ;
#1281 = CARTESIAN_POINT ( 'NONE',  ( 6.600000000000001400, 0.0000000000000000000, 2.524999999999999900 ) ) ;
#1282 = DIRECTION ( 'NONE',  ( 1.000000000000000000, 0.0000000000000000000, 0.0000000000000000000 ) ) ;
#1283 = CARTESIAN_POINT ( 'NONE',  ( 6.700000000000002000, 0.2499999999999998300, -2.524999999999999900 ) ) ;
#1284 = SHAPE_DEFINITION_REPRESENTATION ( #558, #1110 ) ;
#1285 = EDGE_CURVE ( 'NONE', #1740, #105, #1102, .T. ) ;
#1286 = DIRECTION ( 'NONE',  ( -1.000000000000000000, 0.0000000000000000000, 0.0000000000000000000 ) ) ;
#1287 = VECTOR ( 'NONE', #972, 1000.000000000000000 ) ;
#1288 = ADVANCED_FACE ( 'NONE', ( #1464 ), #738, .T. ) ;
#1289 = CARTESIAN_POINT ( 'NONE',  ( -6.700000000000002000, 0.3499999999999998100, 3.240000000000000200 ) ) ;
#1290 = PLANE ( 'NONE',  #1737 ) ;
#1291 = LINE ( 'NONE', #816, #1576 ) ;
#1292 = FACE_OUTER_BOUND ( 'NONE', #150, .T. ) ;
#1293 = EDGE_CURVE ( 'NONE', #703, #1692, #845, .T. ) ;
#1294 = VERTEX_POINT ( 'NONE', #844 ) ;
#1295 = ORIENTED_EDGE ( 'NONE', *, *, #926, .F. ) ;
#1296 = ORIENTED_EDGE ( 'NONE', *, *, #349, .F. ) ;
#1297 = ORIENTED_EDGE ( 'NONE', *, *, #1594, .F. ) ;
#1298 = VERTEX_POINT ( 'NONE', #1242 ) ;
#1299 = DIRECTION ( 'NONE',  ( -1.000000000000000000, 0.0000000000000000000, 0.0000000000000000000 ) ) ;
#1300 = PLANE ( 'NONE',  #1726 ) ;
#1301 = EDGE_LOOP ( 'NONE', ( #1148, #859, #1603, #1628 ) ) ;
#1302 = ADVANCED_FACE ( 'NONE', ( #694 ), #428, .F. ) ;
#1303 = AXIS2_PLACEMENT_3D ( 'NONE', #1430, #872, #1038 ) ;
#1304 = VECTOR ( 'NONE', #1375, 1000.000000000000000 ) ;
#1305 = CARTESIAN_POINT ( 'NONE',  ( -6.350000000000000500, 1.760000000000000000, -3.240000000000000200 ) ) ;
#1306 = DIRECTION ( 'NONE',  ( 3.114630027274371000E-033, 1.000000000000000000, -1.298073172494794200E-016 ) ) ;
#1307 = VECTOR ( 'NONE', #1005, 1000.000000000000000 ) ;
#1308 = LINE ( 'NONE', #1445, #548 ) ;
#1309 = DIRECTION ( 'NONE',  ( 0.0000000000000000000, -0.0000000000000000000, 1.000000000000000000 ) ) ;
#1310 = EDGE_LOOP ( 'NONE', ( #552, #1606, #332, #670 ) ) ;
#1311 = ORIENTED_EDGE ( 'NONE', *, *, #32, .F. ) ;
#1312 = CARTESIAN_POINT ( 'NONE',  ( 4.730000000000000400, 1.859999999999999900, 1.300000000000000000 ) ) ;
#1313 = VERTEX_POINT ( 'NONE', #1643 ) ;
#1314 = ORIENTED_EDGE ( 'NONE', *, *, #821, .T. ) ;
#1315 = EDGE_CURVE ( 'NONE', #526, #1072, #389, .T. ) ;
#1316 = ORIENTED_EDGE ( 'NONE', *, *, #273, .F. ) ;
#1317 = CARTESIAN_POINT ( 'NONE',  ( 6.350000000000002300, 0.3499999999999998700, 2.524999999999999900 ) ) ;
#1318 = ORIENTED_EDGE ( 'NONE', *, *, #822, .F. ) ;
#1319 = AXIS2_PLACEMENT_3D ( 'NONE', #973, #1232, #1738 ) ;
#1320 = EDGE_LOOP ( 'NONE', ( #1474, #1454, #1075, #574 ) ) ;
#1321 = CARTESIAN_POINT ( 'NONE',  ( 6.700000000000002000, 0.3499999999999998100, 3.240000000000000200 ) ) ;
#1322 = DIRECTION ( 'NONE',  ( 0.7071067811865463500, 7.301397222301778600E-017, 0.7071067811865487900 ) ) ;
#1323 = VECTOR ( 'NONE', #1455, 1000.000000000000000 ) ;
#1324 = DIRECTION ( 'NONE',  ( 1.000000000000000000, -6.505213034913010000E-015, 0.0000000000000000000 ) ) ;
#1325 = ADVANCED_FACE ( 'NONE', ( #1486 ), #4, .T. ) ;
#1326 = MECHANICAL_DESIGN_GEOMETRIC_PRESENTATION_REPRESENTATION (  '', ( #1273 ), #1610 ) ;
#1327 = CARTESIAN_POINT ( 'NONE',  ( -8.199999999999997500, 1.652117596168385300E-016, 2.524999999999999900 ) ) ;
#1328 = CARTESIAN_POINT ( 'NONE',  ( 8.199999999999999300, -5.421010862427522200E-017, -2.524999999999999900 ) ) ;
#1329 = CYLINDRICAL_SURFACE ( 'NONE', #1559, 0.3499999999999996400 ) ;
#1330 = LINE ( 'NONE', #914, #14 ) ;
#1331 = CIRCLE ( 'NONE', #338, 0.3499999999999996400 ) ;
#1332 = EDGE_LOOP ( 'NONE', ( #613, #310, #1238, #1518 ) ) ;
#1333 = DIRECTION ( 'NONE',  ( 3.114630027274371000E-033, 1.000000000000000000, -1.298073172494793900E-016 ) ) ;
#1334 = EDGE_CURVE ( 'NONE', #772, #385, #8, .T. ) ;
#1335 = ORIENTED_EDGE ( 'NONE', *, *, #750, .F. ) ;
#1336 = CARTESIAN_POINT ( 'NONE',  ( 6.700000000000002000, 0.3499999999999998700, -2.524999999999999500 ) ) ;
#1337 = ORIENTED_EDGE ( 'NONE', *, *, #649, .T. ) ;
#1338 = EDGE_CURVE ( 'NONE', #1718, #104, #1044, .T. ) ;
#1339 = ORIENTED_EDGE ( 'NONE', *, *, #7, .T. ) ;
#1340 = CARTESIAN_POINT ( 'NONE',  ( -8.699999999999999300, 0.2500000000000000000, 3.240000000000000200 ) ) ;
#1341 = AXIS2_PLACEMENT_3D ( 'NONE', #106, #1174, #370 ) ;
#1342 = CARTESIAN_POINT ( 'NONE',  ( 4.271616864841620400, -0.1400000000000003700, -2.279825187391691700 ) ) ;
#1343 = DIRECTION ( 'NONE',  ( -0.0000000000000000000, 1.000000000000000000, -0.0000000000000000000 ) ) ;
#1344 = ORIENTED_EDGE ( 'NONE', *, *, #926, .T. ) ;
#1345 = SURFACE_STYLE_FILL_AREA ( #1142 ) ;
#1346 = CIRCLE ( 'NONE', #1380, 0.2000000000000000900 ) ;
#1347 = CARTESIAN_POINT ( 'NONE',  ( 0.6300000000000010000, 2.109999999999999900, -1.500000000000000200 ) ) ;
#1348 = DIRECTION ( 'NONE',  ( -1.032573497605243600E-016, 1.000000000000000000, 0.0000000000000000000 ) ) ;
#1349 = DIRECTION ( 'NONE',  ( -1.000000000000000000, 0.0000000000000000000, 0.0000000000000000000 ) ) ;
#1350 = LINE ( 'NONE', #790, #868 ) ;
#1351 = EDGE_CURVE ( 'NONE', #1542, #1172, #1063, .T. ) ;
#1352 = FACE_OUTER_BOUND ( 'NONE', #732, .T. ) ;
#1353 = LINE ( 'NONE', #543, #1008 ) ;
#1354 = AXIS2_PLACEMENT_3D ( 'NONE', #599, #853, #1002 ) ;
#1355 = DIRECTION ( 'NONE',  ( 3.942553354492743000E-016, 0.0000000000000000000, -1.000000000000000000 ) ) ;
#1356 = CARTESIAN_POINT ( 'NONE',  ( 6.700000000000002000, 0.2499999999999997800, 3.240000000000000200 ) ) ;
#1357 = CARTESIAN_POINT ( 'NONE',  ( -6.700000000000002000, -2.065146995210484200E-016, -2.524999999999999900 ) ) ;
#1358 = DIRECTION ( 'NONE',  ( -0.7071067811865487900, 0.0000000000000000000, -0.7071067811865463500 ) ) ;
#1359 = ORIENTED_EDGE ( 'NONE', *, *, #965, .F. ) ;
#1360 = DIRECTION ( 'NONE',  ( -1.000000000000000000, 1.032573497605243600E-016, 0.0000000000000000000 ) ) ;
#1361 = ORIENTED_EDGE ( 'NONE', *, *, #1734, .F. ) ;
#1362 = EDGE_CURVE ( 'NONE', #1109, #1313, #1573, .T. ) ;
#1363 = DIRECTION ( 'NONE',  ( -1.000000000000000000, 0.0000000000000000000, 0.0000000000000000000 ) ) ;
#1364 = DIRECTION ( 'NONE',  ( 0.0000000000000000000, -0.0000000000000000000, -1.000000000000000000 ) ) ;
#1365 = EDGE_LOOP ( 'NONE', ( #467, #262, #1318, #1108 ) ) ;
#1366 = ORIENTED_EDGE ( 'NONE', *, *, #1525, .T. ) ;
#1367 = AXIS2_PLACEMENT_3D ( 'NONE', #791, #395, #797 ) ;
#1368 = PLANE ( 'NONE',  #1648 ) ;
#1369 = PRODUCT_DEFINITION ( 'UNKNOWN', '', #1504, #881 ) ;
#1370 = DIRECTION ( 'NONE',  ( -0.0000000000000000000, -0.0000000000000000000, 1.000000000000000000 ) ) ;
#1371 = CARTESIAN_POINT ( 'NONE',  ( 1.270704437251436700, 1.138806962434384400, 1.100000000000000300 ) ) ;
#1372 = DIRECTION ( 'NONE',  ( 4.663235150475287800E-016, 1.000000000000000000, 0.0000000000000000000 ) ) ;
#1373 = LINE ( 'NONE', #1340, #737 ) ;
#1374 = VECTOR ( 'NONE', #1043, 1000.000000000000000 ) ;
#1375 = DIRECTION ( 'NONE',  ( 1.000000000000000000, -3.730134460749826600E-034, 1.708945752101344200E-017 ) ) ;
#1376 = DIRECTION ( 'NONE',  ( 0.0000000000000000000, -0.0000000000000000000, -1.000000000000000000 ) ) ;
#1377 = VECTOR ( 'NONE', #582, 1000.000000000000000 ) ;
#1378 = EDGE_CURVE ( 'NONE', #902, #1260, #1439, .T. ) ;
#1379 = LINE ( 'NONE', #1608, #1467 ) ;
#1380 = AXIS2_PLACEMENT_3D ( 'NONE', #1767, #1214, #255 ) ;
#1381 = VECTOR ( 'NONE', #130, 1000.000000000000000 ) ;
#1382 = CARTESIAN_POINT ( 'NONE',  ( 4.271616864841619500, 2.109999999999999900, 1.100000000000000300 ) ) ;
#1383 = VERTEX_POINT ( 'NONE', #26 ) ;
#1384 = DIRECTION ( 'NONE',  ( -4.159058814854246300E-016, 0.8918827124620437600, 0.4522667655392635900 ) ) ;
#1385 = ORIENTED_EDGE ( 'NONE', *, *, #621, .T. ) ;
#1386 = ORIENTED_EDGE ( 'NONE', *, *, #555, .T. ) ;
#1387 = ORIENTED_EDGE ( 'NONE', *, *, #1450, .T. ) ;
#1388 = CARTESIAN_POINT ( 'NONE',  ( 6.250000000000000900, 1.759999999999999800, 3.240000000000000200 ) ) ;
#1389 = ORIENTED_EDGE ( 'NONE', *, *, #334, .T. ) ;
#1390 = EDGE_CURVE ( 'NONE', #1260, #772, #436, .T. ) ;
#1391 = DIRECTION ( 'NONE',  ( 7.136064685652742300E-015, 1.812329553308191600E-015, -1.000000000000000000 ) ) ;
#1392 = DIRECTION ( 'NONE',  ( -3.114630027274371000E-033, -1.000000000000000000, 1.298073172494793900E-016 ) ) ;
#1393 = AXIS2_PLACEMENT_3D ( 'NONE', #1465, #1309, #1602 ) ;
#1394 = DIRECTION ( 'NONE',  ( 3.114630027274371000E-033, 1.000000000000000000, -1.298073172494793900E-016 ) ) ;
#1395 = FACE_OUTER_BOUND ( 'NONE', #1549, .T. ) ;
#1396 = DIRECTION ( 'NONE',  ( 0.0000000000000000000, 0.0000000000000000000, 1.000000000000000000 ) ) ;
#1397 = LINE ( 'NONE', #1711, #1635 ) ;
#1398 = CARTESIAN_POINT ( 'NONE',  ( 4.730000000000000400, 2.109999999999999900, 1.100000000000000300 ) ) ;
#1399 = FACE_OUTER_BOUND ( 'NONE', #1310, .T. ) ;
#1400 = CARTESIAN_POINT ( 'NONE',  ( 1.270704437251436200, 1.488806962434384700, 1.100000000000000300 ) ) ;
#1401 = DIRECTION ( 'NONE',  ( 0.0000000000000000000, 1.000000000000000000, 0.0000000000000000000 ) ) ;
#1402 = FACE_OUTER_BOUND ( 'NONE', #87, .T. ) ;
#1403 = CARTESIAN_POINT ( 'NONE',  ( 6.600000000000001400, 0.2499999999999997800, -2.524999999999999900 ) ) ;
#1404 = VECTOR ( 'NONE', #1761, 1000.000000000000000 ) ;
#1405 = EDGE_CURVE ( 'NONE', #1240, #1496, #675, .T. ) ;
#1406 = LINE ( 'NONE', #1022, #1449 ) ;
#1407 = ORIENTED_EDGE ( 'NONE', *, *, #196, .F. ) ;
#1408 = EDGE_LOOP ( 'NONE', ( #934, #1607, #904, #1053 ) ) ;
#1409 = VERTEX_POINT ( 'NONE', #1230 ) ;
#1410 = DIRECTION ( 'NONE',  ( 0.0000000000000000000, -0.0000000000000000000, 1.000000000000000000 ) ) ;
#1411 = ORIENTED_EDGE ( 'NONE', *, *, #487, .T. ) ;
#1412 = VERTEX_POINT ( 'NONE', #164 ) ;
#1413 = EDGE_CURVE ( 'NONE', #838, #1740, #114, .T. ) ;
#1414 = DIRECTION ( 'NONE',  ( 4.663235150475287800E-016, 1.000000000000000000, 0.0000000000000000000 ) ) ;
#1415 = CARTESIAN_POINT ( 'NONE',  ( -6.250000000000000900, 1.759999999999999800, 3.240000000000000200 ) ) ;
#1416 = PLANE ( 'NONE',  #1354 ) ;
#1417 = ADVANCED_FACE ( 'NONE', ( #1706 ), #877, .F. ) ;
#1418 = AXIS2_PLACEMENT_3D ( 'NONE', #1336, #524, #950 ) ;
#1419 = CARTESIAN_POINT ( 'NONE',  ( 8.199999999999997500, 0.2500000000000002200, 2.524999999999999900 ) ) ;
#1420 =( LENGTH_UNIT ( ) NAMED_UNIT ( * ) SI_UNIT ( .MILLI., .METRE. ) );
#1421 = DIRECTION ( 'NONE',  ( -0.7071067811865463500, 7.301397222301778600E-017, 0.7071067811865487900 ) ) ;
#1422 = LINE ( 'NONE', #725, #1374 ) ;
#1423 = LINE ( 'NONE', #1442, #1658 ) ;
#1424 = VECTOR ( 'NONE', #369, 1000.000000000000000 ) ;
#1425 = CARTESIAN_POINT ( 'NONE',  ( 4.730000000000000400, 1.859999999999999900, -1.300000000000000000 ) ) ;
#1426 = ADVANCED_FACE ( 'NONE', ( #207 ), #181, .T. ) ;
#1427 = AXIS2_PLACEMENT_3D ( 'NONE', #1400, #863, #866 ) ;
#1428 = EDGE_LOOP ( 'NONE', ( #748, #1013, #966, #172 ) ) ;
#1429 = ORIENTED_EDGE ( 'NONE', *, *, #1546, .F. ) ;
#1430 = CARTESIAN_POINT ( 'NONE',  ( 6.600000000000001400, -0.5754213637682190600, -2.055726046032428000 ) ) ;
#1431 = VERTEX_POINT ( 'NONE', #1021 ) ;
#1432 = ORIENTED_EDGE ( 'NONE', *, *, #1413, .F. ) ;
#1433 = DIRECTION ( 'NONE',  ( -4.159058814854246300E-016, 0.8918827124620438700, 0.4522667655392636500 ) ) ;
#1434 = EDGE_LOOP ( 'NONE', ( #862, #666, #1717, #734 ) ) ;
#1435 = ADVANCED_FACE ( 'NONE', ( #980 ), #329, .F. ) ;
#1436 = EDGE_CURVE ( 'NONE', #244, #917, #1155, .T. ) ;
#1437 = EDGE_CURVE ( 'NONE', #1521, #64, #1118, .T. ) ;
#1438 = CARTESIAN_POINT ( 'NONE',  ( -6.700000000000002000, 0.3499999999999998700, -2.524999999999999500 ) ) ;
#1439 = CIRCLE ( 'NONE', #1604, 0.1000000000000002600 ) ;
#1440 = DIRECTION ( 'NONE',  ( -0.0000000000000000000, 1.000000000000000000, -0.0000000000000000000 ) ) ;
#1441 = LINE ( 'NONE', #1059, #628 ) ;
#1442 = CARTESIAN_POINT ( 'NONE',  ( 6.700000000000002000, -2.065146995210484200E-016, 3.240000000000000200 ) ) ;
#1443 = ADVANCED_FACE ( 'NONE', ( #1395 ), #730, .F. ) ;
#1444 = CYLINDRICAL_SURFACE ( 'NONE', #1319, 0.1000000000000000500 ) ;
#1445 = CARTESIAN_POINT ( 'NONE',  ( -6.700000000000002000, 0.0000000000000000000, 2.524999999999999900 ) ) ;
#1446 = VECTOR ( 'NONE', #192, 1000.000000000000000 ) ;
#1447 = CARTESIAN_POINT ( 'NONE',  ( 6.700000000000002000, 0.3499999999999998100, 3.240000000000000200 ) ) ;
#1448 = LINE ( 'NONE', #1566, #254 ) ;
#1449 = VECTOR ( 'NONE', #1569, 1000.000000000000000 ) ;
#1450 = EDGE_CURVE ( 'NONE', #772, #620, #95, .T. ) ;
#1451 = VERTEX_POINT ( 'NONE', #736 ) ;
#1452 = EDGE_LOOP ( 'NONE', ( #256, #469, #1584, #1471 ) ) ;
#1453 = DIRECTION ( 'NONE',  ( 1.000000000000000000, -0.0000000000000000000, -0.0000000000000000000 ) ) ;
#1454 = ORIENTED_EDGE ( 'NONE', *, *, #1621, .T. ) ;
#1455 = DIRECTION ( 'NONE',  ( 2.414117673023599000E-032, 1.000000000000000000, -0.0000000000000000000 ) ) ;
#1456 = AXIS2_PLACEMENT_3D ( 'NONE', #1705, #905, #885 ) ;
#1457 = DIRECTION ( 'NONE',  ( -0.0000000000000000000, -0.0000000000000000000, -1.000000000000000000 ) ) ;
#1458 = VERTEX_POINT ( 'NONE', #584 ) ;
#1459 = VERTEX_POINT ( 'NONE', #1120 ) ;
#1460 = ORIENTED_EDGE ( 'NONE', *, *, #1217, .F. ) ;
#1461 = DIRECTION ( 'NONE',  ( -0.0000000000000000000, -0.0000000000000000000, -1.000000000000000000 ) ) ;
#1462 = CARTESIAN_POINT ( 'NONE',  ( 4.730000000000000400, 1.859999999999999900, -1.500000000000000200 ) ) ;
#1463 = AXIS2_PLACEMENT_3D ( 'NONE', #1289, #473, #610 ) ;
#1464 = FACE_OUTER_BOUND ( 'NONE', #912, .T. ) ;
#1465 = CARTESIAN_POINT ( 'NONE',  ( 6.600000000000000500, 1.760000000000000000, 3.240000000000000200 ) ) ;
#1466 = FACE_OUTER_BOUND ( 'NONE', #949, .T. ) ;
#1467 = VECTOR ( 'NONE', #1074, 1000.000000000000000 ) ;
#1468 = DIRECTION ( 'NONE',  ( -1.000000000000000000, 0.0000000000000000000, 0.0000000000000000000 ) ) ;
#1469 = FACE_OUTER_BOUND ( 'NONE', #483, .T. ) ;
#1470 = CARTESIAN_POINT ( 'NONE',  ( 3.395103978684920600E-016, 2.109999999999999900, -3.240000000000000200 ) ) ;
#1471 = ORIENTED_EDGE ( 'NONE', *, *, #1723, .F. ) ;
#1472 = ORIENTED_EDGE ( 'NONE', *, *, #1405, .F. ) ;
#1473 = EDGE_CURVE ( 'NONE', #257, #620, #800, .T. ) ;
#1474 = ORIENTED_EDGE ( 'NONE', *, *, #1245, .T. ) ;
#1475 = CARTESIAN_POINT ( 'NONE',  ( 4.730000000000000400, 1.859999999999999900, 1.100000000000000300 ) ) ;
#1476 = DIRECTION ( 'NONE',  ( 1.343392478656027400E-017, -1.020407894475554200E-016, -1.000000000000000000 ) ) ;
#1477 = EDGE_LOOP ( 'NONE', ( #239, #1547, #1344, #1432 ) ) ;
#1478 = AXIS2_PLACEMENT_3D ( 'NONE', #918, #1306, #498 ) ;
#1479 = CARTESIAN_POINT ( 'NONE',  ( 8.199999999999999300, -5.162867488026219700E-017, -2.524999999999999900 ) ) ;
#1480 = ORIENTED_EDGE ( 'NONE', *, *, #1485, .T. ) ;
#1481 = DIRECTION ( 'NONE',  ( 4.159058814854246300E-016, -0.8918827124620438700, 0.4522667655392636500 ) ) ;
#1482 = ADVANCED_FACE ( 'NONE', ( #1654 ), #776, .T. ) ;
#1483 = CARTESIAN_POINT ( 'NONE',  ( 4.730000000000000400, 1.859999999999999900, -1.100000000000000300 ) ) ;
#1484 = DIRECTION ( 'NONE',  ( 0.0000000000000000000, -0.0000000000000000000, -1.000000000000000000 ) ) ;
#1485 = EDGE_CURVE ( 'NONE', #104, #194, #204, .T. ) ;
#1486 = FACE_OUTER_BOUND ( 'NONE', #1408, .T. ) ;
#1487 = VECTOR ( 'NONE', #869, 1000.000000000000000 ) ;
#1488 = AXIS2_PLACEMENT_3D ( 'NONE', #151, #562, #29 ) ;
#1489 = DIRECTION ( 'NONE',  ( -0.0000000000000000000, -0.0000000000000000000, -1.000000000000000000 ) ) ;
#1490 = CARTESIAN_POINT ( 'NONE',  ( 6.700000000000000200, 0.2499999999999985000, -2.524999999999999900 ) ) ;
#1491 = LINE ( 'NONE', #1680, #1307 ) ;
#1492 = FACE_OUTER_BOUND ( 'NONE', #931, .T. ) ;
#1493 = PLANE ( 'NONE',  #1580 ) ;
#1494 = CIRCLE ( 'NONE', #1091, 0.1000000000000002600 ) ;
#1495 = VECTOR ( 'NONE', #702, 1000.000000000000000 ) ;
#1496 = VERTEX_POINT ( 'NONE', #1060 ) ;
#1497 = ORIENTED_EDGE ( 'NONE', *, *, #1201, .T. ) ;
#1498 = CARTESIAN_POINT ( 'NONE',  ( 1.270704437251436200, 1.138806962434384800, 3.240000000000000700 ) ) ;
#1499 = ORIENTED_EDGE ( 'NONE', *, *, #1033, .T. ) ;
#1500 = VERTEX_POINT ( 'NONE', #441 ) ;
#1501 = EDGE_CURVE ( 'NONE', #401, #902, #182, .T. ) ;
#1502 = ORIENTED_EDGE ( 'NONE', *, *, #99, .F. ) ;
#1503 = CARTESIAN_POINT ( 'NONE',  ( 4.730000000000000400, 2.109999999999999900, 1.300000000000000000 ) ) ;
#1504 = PRODUCT_DEFINITION_FORMATION_WITH_SPECIFIED_SOURCE ( 'ANY', '', #767, .NOT_KNOWN. ) ;
#1505 = DIRECTION ( 'NONE',  ( -0.0000000000000000000, -0.0000000000000000000, -1.000000000000000000 ) ) ;
#1506 = DIRECTION ( 'NONE',  ( -0.7071067811865487900, -7.301397222301803300E-017, 0.7071067811865463500 ) ) ;
#1507 = CARTESIAN_POINT ( 'NONE',  ( 6.250000000000000900, 2.109999999999999900, -3.240000000000000200 ) ) ;
#1508 = VECTOR ( 'NONE', #1529, 1000.000000000000000 ) ;
#1509 = DIRECTION ( 'NONE',  ( -1.000000000000000000, 0.0000000000000000000, 0.0000000000000000000 ) ) ;
#1510 = LINE ( 'NONE', #1065, #564 ) ;
#1511 = PRESENTATION_STYLE_ASSIGNMENT (( #118 ) ) ;
#1512 = AXIS2_PLACEMENT_3D ( 'NONE', #1666, #983, #1254 ) ;
#1513 = DIRECTION ( 'NONE',  ( 0.2588190451025213500, -0.9659258262890680900, 1.020407894475554200E-016 ) ) ;
#1514 = FACE_OUTER_BOUND ( 'NONE', #89, .T. ) ;
#1515 = ORIENTED_EDGE ( 'NONE', *, *, #196, .T. ) ;
#1516 = CARTESIAN_POINT ( 'NONE',  ( 0.6300000000000007800, 1.859999999999999900, 0.0000000000000000000 ) ) ;
#1517 = DIRECTION ( 'NONE',  ( -1.000000000000000000, 3.730134460749826600E-034, -1.708945752101344200E-017 ) ) ;
#1518 = ORIENTED_EDGE ( 'NONE', *, *, #1048, .F. ) ;
#1519 = DIRECTION ( 'NONE',  ( 1.000000000000000000, -1.032573497605243600E-016, 0.0000000000000000000 ) ) ;
#1520 = DIRECTION ( 'NONE',  ( -2.109026278454460200E-016, 0.4522667655392636500, -0.8918827124620438700 ) ) ;
#1521 = VERTEX_POINT ( 'NONE', #1746 ) ;
#1522 = VERTEX_POINT ( 'NONE', #1317 ) ;
#1523 = LINE ( 'NONE', #535, #1154 ) ;
#1524 = VECTOR ( 'NONE', #1421, 1000.000000000000000 ) ;
#1525 = EDGE_CURVE ( 'NONE', #408, #1759, #650, .T. ) ;
#1526 = DIRECTION ( 'NONE',  ( -1.343392478656027400E-017, 1.020407894475554200E-016, 1.000000000000000000 ) ) ;
#1527 = VECTOR ( 'NONE', #112, 999.9999999999998900 ) ;
#1528 = CARTESIAN_POINT ( 'NONE',  ( 4.730000000000000400, 2.109999999999999900, -1.100000000000000300 ) ) ;
#1529 = DIRECTION ( 'NONE',  ( 0.0000000000000000000, -0.0000000000000000000, -1.000000000000000000 ) ) ;
#1530 = CARTESIAN_POINT ( 'NONE',  ( -6.700000000000002000, 0.2499999999999998300, -2.524999999999999900 ) ) ;
#1531 = FACE_OUTER_BOUND ( 'NONE', #175, .T. ) ;
#1532 = DIRECTION ( 'NONE',  ( 0.0000000000000000000, 1.000000000000000000, 0.0000000000000000000 ) ) ;
#1533 = AXIS2_PLACEMENT_3D ( 'NONE', #1153, #74, #1707 ) ;
#1534 = CYLINDRICAL_SURFACE ( 'NONE', #1239, 1.500000000000000200 ) ;
#1535 = AXIS2_PLACEMENT_3D ( 'NONE', #527, #1210, #125 ) ;
#1536 = VECTOR ( 'NONE', #1481, 999.9999999999998900 ) ;
#1537 = CYLINDRICAL_SURFACE ( 'NONE', #722, 0.1000000000000002600 ) ;
#1538 = DIRECTION ( 'NONE',  ( 0.0000000000000000000, 1.971276677246371000E-016, 1.000000000000000000 ) ) ;
#1539 = CARTESIAN_POINT ( 'NONE',  ( 4.271616864841618600, 2.109999999999999900, 3.240000000000002000 ) ) ;
#1540 = EDGE_LOOP ( 'NONE', ( #1190, #864, #645, #371 ) ) ;
#1541 = VERTEX_POINT ( 'NONE', #770 ) ;
#1542 = VERTEX_POINT ( 'NONE', #379 ) ;
#1543 = CARTESIAN_POINT ( 'NONE',  ( -8.199999999999999300, 0.2499999999999997800, -2.524999999999999900 ) ) ;
#1544 = APPLICATION_CONTEXT ( 'automotive_design' ) ;
#1545 = ORIENTED_EDGE ( 'NONE', *, *, #1212, .T. ) ;
#1546 = EDGE_CURVE ( 'NONE', #1037, #1695, #1099, .T. ) ;
#1547 = ORIENTED_EDGE ( 'NONE', *, *, #1501, .F. ) ;
#1548 = AXIS2_PLACEMENT_3D ( 'NONE', #465, #891, #1286 ) ;
#1549 = EDGE_LOOP ( 'NONE', ( #1295, #1568, #1460, #220 ) ) ;
#1550 = FACE_OUTER_BOUND ( 'NONE', #1786, .T. ) ;
#1551 = DIRECTION ( 'NONE',  ( 0.0000000000000000000, 1.000000000000000000, -0.0000000000000000000 ) ) ;
#1552 = CARTESIAN_POINT ( 'NONE',  ( 3.689274013360946300, 2.033333109150403700, -1.100000000000000300 ) ) ;
#1553 = DIRECTION ( 'NONE',  ( -0.0000000000000000000, 0.0000000000000000000, 1.000000000000000000 ) ) ;
#1554 = VECTOR ( 'NONE', #170, 1000.000000000000000 ) ;
#1555 = VECTOR ( 'NONE', #442, 1000.000000000000000 ) ;
#1556 = CARTESIAN_POINT ( 'NONE',  ( 1.270704437251436700, 1.138806962434384600, 1.100000000000000300 ) ) ;
#1557 = ADVANCED_FACE ( 'NONE', ( #1241, #432 ), #1056, .F. ) ;
#1558 = LINE ( 'NONE', #1475, #1143 ) ;
#1559 = AXIS2_PLACEMENT_3D ( 'NONE', #394, #1484, #1215 ) ;
#1560 = ORIENTED_EDGE ( 'NONE', *, *, #1261, .T. ) ;
#1561 = DIRECTION ( 'NONE',  ( 0.0000000000000000000, -1.000000000000000000, 0.0000000000000000000 ) ) ;
#1562 = STYLED_ITEM ( 'NONE', ( #413 ), #1110 ) ;
#1563 = APPLICATION_PROTOCOL_DEFINITION ( 'draft international standard', 'automotive_design', 1998, #1544 ) ;
#1564 = ORIENTED_EDGE ( 'NONE', *, *, #566, .T. ) ;
#1565 = EDGE_LOOP ( 'NONE', ( #1189, #1231, #348, #684 ) ) ;
#1566 = CARTESIAN_POINT ( 'NONE',  ( 8.199999999999999300, 0.2499999999999997800, -2.524999999999999900 ) ) ;
#1567 = ADVANCED_FACE ( 'NONE', ( #1116 ), #642, .T. ) ;
#1568 = ORIENTED_EDGE ( 'NONE', *, *, #1594, .T. ) ;
#1569 = DIRECTION ( 'NONE',  ( 1.000000000000000000, -1.032573497605243600E-016, 0.0000000000000000000 ) ) ;
#1570 = DIRECTION ( 'NONE',  ( 0.0000000000000000000, 1.000000000000000000, -0.0000000000000000000 ) ) ;
#1571 = EDGE_CURVE ( 'NONE', #1172, #888, #414, .T. ) ;
#1572 = AXIS2_PLACEMENT_3D ( 'NONE', #1103, #286, #580 ) ;
#1573 = LINE ( 'NONE', #833, #1287 ) ;
#1574 = ADVANCED_FACE ( 'NONE', ( #518 ), #813, .T. ) ;
#1575 = FACE_OUTER_BOUND ( 'NONE', #663, .T. ) ;
#1576 = VECTOR ( 'NONE', #669, 1000.000000000000000 ) ;
#1577 = EDGE_CURVE ( 'NONE', #197, #1783, #865, .T. ) ;
#1578 = DIRECTION ( 'NONE',  ( -3.114630027274371000E-033, -1.000000000000000000, 1.298073172494793900E-016 ) ) ;
#1579 = VECTOR ( 'NONE', #899, 1000.000000000000000 ) ;
#1580 = AXIS2_PLACEMENT_3D ( 'NONE', #952, #1088, #674 ) ;
#1581 = ADVANCED_FACE ( 'NONE', ( #289 ), #387, .T. ) ;
#1582 = EDGE_LOOP ( 'NONE', ( #554, #448, #724, #1234 ) ) ;
#1583 = ORIENTED_EDGE ( 'NONE', *, *, #1237, .T. ) ;
#1584 = ORIENTED_EDGE ( 'NONE', *, *, #1106, .F. ) ;
#1585 = DIRECTION ( 'NONE',  ( -0.0000000000000000000, -0.0000000000000000000, -1.000000000000000000 ) ) ;
#1586 = ORIENTED_EDGE ( 'NONE', *, *, #243, .F. ) ;
#1587 = DIRECTION ( 'NONE',  ( -1.000000000000000000, 0.0000000000000000000, 0.0000000000000000000 ) ) ;
#1588 = VERTEX_POINT ( 'NONE', #411 ) ;
#1589 = ORIENTED_EDGE ( 'NONE', *, *, #18, .T. ) ;
#1590 = DIRECTION ( 'NONE',  ( -4.159058814854246300E-016, -0.8918827124620438700, 0.4522667655392636500 ) ) ;
#1591 = EDGE_CURVE ( 'NONE', #854, #1459, #1373, .T. ) ;
#1592 = ORIENTED_EDGE ( 'NONE', *, *, #965, .T. ) ;
#1593 = ADVANCED_FACE ( 'NONE', ( #375 ), #541, .F. ) ;
#1594 = EDGE_CURVE ( 'NONE', #401, #975, #1523, .T. ) ;
#1595 = VECTOR ( 'NONE', #1333, 1000.000000000000000 ) ;
#1596 = LINE ( 'NONE', #1371, #97 ) ;
#1597 = DIRECTION ( 'NONE',  ( -1.000000000000000000, 0.0000000000000000000, 0.0000000000000000000 ) ) ;
#1598 = LINE ( 'NONE', #1685, #419 ) ;
#1599 = DIRECTION ( 'NONE',  ( -0.0000000000000000000, -0.0000000000000000000, -1.000000000000000000 ) ) ;
#1600 = EDGE_CURVE ( 'NONE', #772, #517, #890, .T. ) ;
#1601 = VERTEX_POINT ( 'NONE', #139 ) ;
#1602 = DIRECTION ( 'NONE',  ( 1.000000000000000000, 0.0000000000000000000, 0.0000000000000000000 ) ) ;
#1603 = ORIENTED_EDGE ( 'NONE', *, *, #1709, .F. ) ;
#1604 = AXIS2_PLACEMENT_3D ( 'NONE', #278, #1101, #705 ) ;
#1605 = VERTEX_POINT ( 'NONE', #1612 ) ;
#1606 = ORIENTED_EDGE ( 'NONE', *, *, #377, .F. ) ;
#1607 = ORIENTED_EDGE ( 'NONE', *, *, #349, .T. ) ;
#1608 = CARTESIAN_POINT ( 'NONE',  ( 4.795228748525479600, 1.388806962434384400, 1.100000000000000500 ) ) ;
#1609 = EDGE_LOOP ( 'NONE', ( #515, #1079, #452, #1700 ) ) ;
#1610 =( GEOMETRIC_REPRESENTATION_CONTEXT ( 3 ) GLOBAL_UNCERTAINTY_ASSIGNED_CONTEXT ( ( #242 ) ) GLOBAL_UNIT_ASSIGNED_CONTEXT ( ( #811, #423, #293 ) ) REPRESENTATION_CONTEXT ( 'NONE', 'WORKASPACE' ) );
#1611 = CARTESIAN_POINT ( 'NONE',  ( 6.250000000000000900, 2.109999999999999900, 3.240000000000000200 ) ) ;
#1612 = CARTESIAN_POINT ( 'NONE',  ( 4.730000000000000400, 2.109999999999999900, 1.100000000000000300 ) ) ;
#1613 = LINE ( 'NONE', #910, #677 ) ;
#1614 = LINE ( 'NONE', #1634, #521 ) ;
#1615 = LINE ( 'NONE', #769, #1424 ) ;
#1616 = DIRECTION ( 'NONE',  ( -0.9659258262890680900, -0.2588190451025213500, 1.343392478656030500E-017 ) ) ;
#1617 = LINE ( 'NONE', #1082, #1381 ) ;
#1618 = DIRECTION ( 'NONE',  ( -0.0000000000000000000, 0.0000000000000000000, -1.000000000000000000 ) ) ;
#1619 = VERTEX_POINT ( 'NONE', #400 ) ;
#1620 = VERTEX_POINT ( 'NONE', #1764 ) ;
#1621 = EDGE_CURVE ( 'NONE', #1588, #1383, #158, .T. ) ;
#1622 = ORIENTED_EDGE ( 'NONE', *, *, #263, .F. ) ;
#1623 = ORIENTED_EDGE ( 'NONE', *, *, #1191, .F. ) ;
#1624 = ORIENTED_EDGE ( 'NONE', *, *, #581, .F. ) ;
#1625 = AXIS2_PLACEMENT_3D ( 'NONE', #435, #156, #1638 ) ;
#1626 = PLANE ( 'NONE',  #314 ) ;
#1627 = CARTESIAN_POINT ( 'NONE',  ( 6.250000000000000900, 1.859999999999999900, 3.240000000000000200 ) ) ;
#1628 = ORIENTED_EDGE ( 'NONE', *, *, #1156, .T. ) ;
#1629 = DIRECTION ( 'NONE',  ( 0.0000000000000000000, -0.0000000000000000000, -1.000000000000000000 ) ) ;
#1630 = EDGE_LOOP ( 'NONE', ( #643, #1151, #1130, #90 ) ) ;
#1631 = DIRECTION ( 'NONE',  ( 0.0000000000000000000, -1.000000000000000000, 0.0000000000000000000 ) ) ;
#1632 = FACE_OUTER_BOUND ( 'NONE', #218, .T. ) ;
#1633 = DIRECTION ( 'NONE',  ( -9.019216771999359400E-017, -1.298073172494794200E-016, -1.000000000000000000 ) ) ;
#1634 = CARTESIAN_POINT ( 'NONE',  ( 6.600000000000001400, 0.2499999999999997800, -2.524999999999999900 ) ) ;
#1635 = VECTOR ( 'NONE', #876, 1000.000000000000000 ) ;
#1636 = CARTESIAN_POINT ( 'NONE',  ( 6.350000000000002300, 0.3499999999999998700, 2.524999999999999900 ) ) ;
#1637 = VECTOR ( 'NONE', #835, 1000.000000000000000 ) ;
#1638 = DIRECTION ( 'NONE',  ( 1.000000000000000000, 0.0000000000000000000, 3.854941057726237100E-016 ) ) ;
#1639 = LINE ( 'NONE', #141, #1158 ) ;
#1640 = DIRECTION ( 'NONE',  ( 0.0000000000000000000, 0.0000000000000000000, -1.000000000000000000 ) ) ;
#1641 = DIRECTION ( 'NONE',  ( 1.032573497605243600E-016, 1.000000000000000000, 0.0000000000000000000 ) ) ;
#1642 = ORIENTED_EDGE ( 'NONE', *, *, #836, .T. ) ;
#1643 = CARTESIAN_POINT ( 'NONE',  ( 4.730000000000000400, 2.109999999999999900, 1.500000000000000000 ) ) ;
#1644 = ORIENTED_EDGE ( 'NONE', *, *, #1436, .T. ) ;
#1645 = ORIENTED_EDGE ( 'NONE', *, *, #756, .F. ) ;
#1646 = AXIS2_PLACEMENT_3D ( 'NONE', #235, #1735, #1179 ) ;
#1647 = EDGE_LOOP ( 'NONE', ( #954, #793, #1211, #1624 ) ) ;
#1648 = AXIS2_PLACEMENT_3D ( 'NONE', #282, #1640, #416 ) ;
#1649 = CARTESIAN_POINT ( 'NONE',  ( -6.700000000000002000, 0.3499999999999998700, 2.524999999999999900 ) ) ;
#1650 = ORIENTED_EDGE ( 'NONE', *, *, #1338, .T. ) ;
#1651 = CARTESIAN_POINT ( 'NONE',  ( -6.700000000000002000, 0.3499999999999998700, -2.524999999999999500 ) ) ;
#1652 = DIRECTION ( 'NONE',  ( 1.000000000000000000, 4.663235150475287800E-016, -0.0000000000000000000 ) ) ;
#1653 = VECTOR ( 'NONE', #678, 1000.000000000000000 ) ;
#1654 = FACE_OUTER_BOUND ( 'NONE', #593, .T. ) ;
#1655 = DIRECTION ( 'NONE',  ( -1.000000000000000000, -1.032573497605243600E-016, 0.0000000000000000000 ) ) ;
#1656 = EDGE_CURVE ( 'NONE', #44, #1542, #585, .T. ) ;
#1657 = FACE_OUTER_BOUND ( 'NONE', #126, .T. ) ;
#1658 = VECTOR ( 'NONE', #1081, 1000.000000000000000 ) ;
#1659 = AXIS2_PLACEMENT_3D ( 'NONE', #779, #1358, #499 ) ;
#1660 = FACE_OUTER_BOUND ( 'NONE', #155, .T. ) ;
#1661 = DIRECTION ( 'NONE',  ( 0.0000000000000000000, -0.0000000000000000000, 1.000000000000000000 ) ) ;
#1662 = FACE_OUTER_BOUND ( 'NONE', #1452, .T. ) ;
#1663 = ORIENTED_EDGE ( 'NONE', *, *, #798, .T. ) ;
#1664 = EDGE_LOOP ( 'NONE', ( #1208, #1411, #765, #1335 ) ) ;
#1665 = EDGE_LOOP ( 'NONE', ( #595, #661, #149, #47 ) ) ;
#1666 = CARTESIAN_POINT ( 'NONE',  ( 1.270704437251436200, 1.488806962434384300, -1.100000000000000300 ) ) ;
#1667 = ORIENTED_EDGE ( 'NONE', *, *, #407, .F. ) ;
#1668 = EDGE_CURVE ( 'NONE', #491, #1718, #979, .T. ) ;
#1669 = DIRECTION ( 'NONE',  ( -0.2588190451025213500, 0.9659258262890680900, -1.020407894475554200E-016 ) ) ;
#1670 = VERTEX_POINT ( 'NONE', #795 ) ;
#1671 = EDGE_LOOP ( 'NONE', ( #486, #1387, #1698, #600 ) ) ;
#1672 = AXIS2_PLACEMENT_3D ( 'NONE', #1321, #100, #1064 ) ;
#1673 = ORIENTED_EDGE ( 'NONE', *, *, #836, .F. ) ;
#1674 = DIRECTION ( 'NONE',  ( 0.0000000000000000000, 1.000000000000000000, -0.0000000000000000000 ) ) ;
#1675 = LINE ( 'NONE', #1694, #137 ) ;
#1676 = EDGE_CURVE ( 'NONE', #1522, #1409, #230, .T. ) ;
#1677 =( NAMED_UNIT ( * ) SI_UNIT ( $, .STERADIAN. ) SOLID_ANGLE_UNIT ( ) );
#1678 = FACE_OUTER_BOUND ( 'NONE', #222, .T. ) ;
#1679 = CARTESIAN_POINT ( 'NONE',  ( -6.600000000000001400, 0.2499999999999997800, 3.240000000000000200 ) ) ;
#1680 = CARTESIAN_POINT ( 'NONE',  ( -6.600000000000000500, 1.760000000000000000, 3.240000000000000200 ) ) ;
#1681 = CIRCLE ( 'NONE', #23, 0.2000000000000000900 ) ;
#1682 = EDGE_CURVE ( 'NONE', #154, #1127, #1196, .T. ) ;
#1683 = CIRCLE ( 'NONE', #148, 1.100000000000000300 ) ;
#1684 = LINE ( 'NONE', #538, #1226 ) ;
#1685 = CARTESIAN_POINT ( 'NONE',  ( 6.700000000000002000, 0.0000000000000000000, 2.524999999999999900 ) ) ;
#1686 = CARTESIAN_POINT ( 'NONE',  ( 8.199999999999999300, 0.2499999999999997800, -2.524999999999999900 ) ) ;
#1687 = CIRCLE ( 'NONE', #1250, 1.500000000000000200 ) ;
#1688 = ORIENTED_EDGE ( 'NONE', *, *, #590, .T. ) ;
#1689 = ADVANCED_FACE ( 'NONE', ( #1704 ), #1198, .F. ) ;
#1690 = ORIENTED_EDGE ( 'NONE', *, *, #783, .T. ) ;
#1691 = CARTESIAN_POINT ( 'NONE',  ( 0.6300000000000007800, 2.109999999999999900, 0.0000000000000000000 ) ) ;
#1692 = VERTEX_POINT ( 'NONE', #116 ) ;
#1693 = PLANE ( 'NONE',  #1427 ) ;
#1694 = CARTESIAN_POINT ( 'NONE',  ( 4.730000000000000400, 1.859999999999999900, 1.500000000000000200 ) ) ;
#1695 = VERTEX_POINT ( 'NONE', #1382 ) ;
#1696 = EDGE_CURVE ( 'NONE', #491, #817, #936, .T. ) ;
#1697 = DIRECTION ( 'NONE',  ( 0.0000000000000000000, 0.0000000000000000000, 1.000000000000000000 ) ) ;
#1698 = ORIENTED_EDGE ( 'NONE', *, *, #157, .T. ) ;
#1699 = AXIS2_PLACEMENT_3D ( 'NONE', #49, #1585, #1324 ) ;
#1700 = ORIENTED_EDGE ( 'NONE', *, *, #1682, .F. ) ;
#1701 = VECTOR ( 'NONE', #161, 1000.000000000000000 ) ;
#1702 = APPLICATION_CONTEXT ( 'automotive_design' ) ;
#1703 = ADVANCED_FACE ( 'NONE', ( #1219 ), #981, .T. ) ;
#1704 = FACE_OUTER_BOUND ( 'NONE', #1428, .T. ) ;
#1705 = CARTESIAN_POINT ( 'NONE',  ( -6.250000000000000900, 2.109999999999999900, -3.240000000000000200 ) ) ;
#1706 = FACE_OUTER_BOUND ( 'NONE', #1477, .T. ) ;
#1707 = DIRECTION ( 'NONE',  ( 1.000000000000000000, 0.0000000000000000000, 4.336808689942017700E-016 ) ) ;
#1708 = VECTOR ( 'NONE', #1457, 1000.000000000000000 ) ;
#1709 = EDGE_CURVE ( 'NONE', #1294, #410, #559, .T. ) ;
#1710 = DIRECTION ( 'NONE',  ( 0.0000000000000000000, 0.0000000000000000000, -1.000000000000000000 ) ) ;
#1711 = CARTESIAN_POINT ( 'NONE',  ( 8.699999999999999300, 0.0000000000000000000, 3.240000000000000200 ) ) ;
#1712 = VECTOR ( 'NONE', #455, 1000.000000000000000 ) ;
#1713 = ADVANCED_FACE ( 'NONE', ( #622 ), #1246, .F. ) ;
#1714 = VECTOR ( 'NONE', #213, 1000.000000000000000 ) ;
#1715 = AXIS2_PLACEMENT_3D ( 'NONE', #1388, #851, #1104 ) ;
#1716 = ORIENTED_EDGE ( 'NONE', *, *, #1668, .T. ) ;
#1717 = ORIENTED_EDGE ( 'NONE', *, *, #358, .T. ) ;
#1718 = VERTEX_POINT ( 'NONE', #1228 ) ;
#1719 = EDGE_CURVE ( 'NONE', #1127, #1601, #714, .T. ) ;
#1720 = ORIENTED_EDGE ( 'NONE', *, *, #1237, .F. ) ;
#1721 = CARTESIAN_POINT ( 'NONE',  ( 0.6952287485254803300, 1.388806962434384400, -4.688509993967930300E-018 ) ) ;
#1722 = ADVANCED_FACE ( 'NONE', ( #357 ), #290, .F. ) ;
#1723 = EDGE_CURVE ( 'NONE', #1781, #683, #540, .T. ) ;
#1724 = EDGE_LOOP ( 'NONE', ( #1111, #596, #1366, #1296 ) ) ;
#1725 = CARTESIAN_POINT ( 'NONE',  ( 6.350000000000000500, 1.760000000000000000, 3.240000000000000200 ) ) ;
#1726 = AXIS2_PLACEMENT_3D ( 'NONE', #1403, #1410, #760 ) ;
#1727 = CARTESIAN_POINT ( 'NONE',  ( -6.350000000000000500, 1.760000000000000000, -3.240000000000000200 ) ) ;
#1728 = VECTOR ( 'NONE', #1270, 1000.000000000000000 ) ;
#1729 = PLANE ( 'NONE',  #664 ) ;
#1730 = PLANE ( 'NONE',  #1456 ) ;
#1731 = ADVANCED_FACE ( 'NONE', ( #820 ), #688, .F. ) ;
#1732 = PLANE ( 'NONE',  #1478 ) ;
#1733 = FACE_OUTER_BOUND ( 'NONE', #307, .T. ) ;
#1734 = EDGE_CURVE ( 'NONE', #879, #404, #3, .T. ) ;
#1735 = DIRECTION ( 'NONE',  ( 0.0000000000000000000, -0.0000000000000000000, -1.000000000000000000 ) ) ;
#1736 = DIRECTION ( 'NONE',  ( 1.000000000000000000, 0.0000000000000000000, 0.0000000000000000000 ) ) ;
#1737 = AXIS2_PLACEMENT_3D ( 'NONE', #1007, #347, #180 ) ;
#1738 = DIRECTION ( 'NONE',  ( 0.0000000000000000000, -1.000000000000000000, 0.0000000000000000000 ) ) ;
#1739 = ORIENTED_EDGE ( 'NONE', *, *, #1780, .T. ) ;
#1740 = VERTEX_POINT ( 'NONE', #1252 ) ;
#1741 = VERTEX_POINT ( 'NONE', #142 ) ;
#1742 = ORIENTED_EDGE ( 'NONE', *, *, #1571, .F. ) ;
#1743 = CARTESIAN_POINT ( 'NONE',  ( 6.700000000000002000, 0.3499999999999998100, 3.240000000000000200 ) ) ;
#1744 = VERTEX_POINT ( 'NONE', #1100 ) ;
#1745 = ORIENTED_EDGE ( 'NONE', *, *, #157, .F. ) ;
#1746 = CARTESIAN_POINT ( 'NONE',  ( 8.199999999999997500, 1.652117596168385300E-016, 2.524999999999999900 ) ) ;
#1747 = ADVANCED_FACE ( 'NONE', ( #1632 ), #1368, .F. ) ;
#1748 =( GEOMETRIC_REPRESENTATION_CONTEXT ( 3 ) GLOBAL_UNCERTAINTY_ASSIGNED_CONTEXT ( ( #1776 ) ) GLOBAL_UNIT_ASSIGNED_CONTEXT ( ( #716, #50, #1677 ) ) REPRESENTATION_CONTEXT ( 'NONE', 'WORKASPACE' ) );
#1749 = DIRECTION ( 'NONE',  ( -0.0000000000000000000, 1.000000000000000000, -0.0000000000000000000 ) ) ;
#1750 = CIRCLE ( 'NONE', #1418, 0.1000000000000002600 ) ;
#1751 = LINE ( 'NONE', #223, #1708 ) ;
#1752 = CYLINDRICAL_SURFACE ( 'NONE', #1463, 0.3499999999999996400 ) ;
#1753 = DIRECTION ( 'NONE',  ( -0.9659258262890680900, -0.2588190451025213500, 1.343392478656030500E-017 ) ) ;
#1754 = FACE_OUTER_BOUND ( 'NONE', #497, .T. ) ;
#1755 = EDGE_CURVE ( 'NONE', #403, #1109, #1675, .T. ) ;
#1756 = ORIENTED_EDGE ( 'NONE', *, *, #1437, .F. ) ;
#1757 = ORIENTED_EDGE ( 'NONE', *, *, #268, .F. ) ;
#1758 = AXIS2_PLACEMENT_3D ( 'NONE', #145, #1520, #1384 ) ;
#1759 = VERTEX_POINT ( 'NONE', #1552 ) ;
#1760 = DIRECTION ( 'NONE',  ( -4.159058814854246300E-016, -0.8918827124620438700, 0.4522667655392636500 ) ) ;
#1761 = DIRECTION ( 'NONE',  ( 1.000000000000000000, 0.0000000000000000000, 0.0000000000000000000 ) ) ;
#1762 = ORIENTED_EDGE ( 'NONE', *, *, #1755, .T. ) ;
#1763 = ORIENTED_EDGE ( 'NONE', *, *, #945, .F. ) ;
#1764 = CARTESIAN_POINT ( 'NONE',  ( 6.250000000000000900, 2.109999999999999900, 3.240000000000000200 ) ) ;
#1765 = CARTESIAN_POINT ( 'NONE',  ( -6.600000000000001400, -2.168404344971008900E-016, 3.240000000000000200 ) ) ;
#1766 = ADVANCED_FACE ( 'NONE', ( #1550 ), #16, .T. ) ;
#1767 = CARTESIAN_POINT ( 'NONE',  ( 4.730000000000000400, 2.109999999999999900, -1.300000000000000000 ) ) ;
#1768 = EDGE_CURVE ( 'NONE', #1037, #1759, #1098, .T. ) ;
#1769 = CIRCLE ( 'NONE', #852, 2.250000000000000400 ) ;
#1770 = AXIS2_PLACEMENT_3D ( 'NONE', #640, #647, #1173 ) ;
#1771 = VECTOR ( 'NONE', #984, 1000.000000000000000 ) ;
#1772 = CARTESIAN_POINT ( 'NONE',  ( 6.600000000000000500, 2.038409170476028500, 3.381179118361957900 ) ) ;
#1773 = LINE ( 'NONE', #372, #315 ) ;
#1774 = LINE ( 'NONE', #27, #316 ) ;
#1775 = CARTESIAN_POINT ( 'NONE',  ( 1.270704437251436200, 1.138806962434384400, -1.100000000000000300 ) ) ;
#1776 = UNCERTAINTY_MEASURE_WITH_UNIT (LENGTH_MEASURE( 1.000000000000000100E-005 ), #716, 'distance_accuracy_value', 'NONE');
#1777 = FACE_OUTER_BOUND ( 'NONE', #1054, .T. ) ;
#1778 = EDGE_CURVE ( 'NONE', #154, #1294, #178, .T. ) ;
#1779 = ORIENTED_EDGE ( 'NONE', *, *, #750, .T. ) ;
#1780 = EDGE_CURVE ( 'NONE', #194, #1759, #1769, .T. ) ;
#1781 = VERTEX_POINT ( 'NONE', #1556 ) ;
#1782 = ORIENTED_EDGE ( 'NONE', *, *, #506, .T. ) ;
#1783 = VERTEX_POINT ( 'NONE', #320 ) ;
#1784 =( GEOMETRIC_REPRESENTATION_CONTEXT ( 3 ) GLOBAL_UNCERTAINTY_ASSIGNED_CONTEXT ( ( #1042 ) ) GLOBAL_UNIT_ASSIGNED_CONTEXT ( ( #1420, #1125, #446 ) ) REPRESENTATION_CONTEXT ( 'NONE', 'WORKASPACE' ) );
#1785 = CARTESIAN_POINT ( 'NONE',  ( 4.271616864841618600, 1.859999999999999900, 3.240000000000002000 ) ) ;
#1786 = EDGE_LOOP ( 'NONE', ( #1030, #124, #1742, #1094 ) ) ;
ENDSEC;
END-ISO-10303-21;
