ISO-10303-21;
HEADER;
FILE_DESCRIPTION (( 'STEP AP214' ),
    '1' );
FILE_NAME ('BK-335-SM.STEP',
    '2019-12-30T15:56:56',
    ( '' ),
    ( '' ),
    'SwSTEP 2.0',
    'SolidWorks 2017',
    '' );
FILE_SCHEMA (( 'AUTOMOTIVE_DESIGN' ));
ENDSEC;

DATA;
#1 = EDGE_LOOP ( 'NONE', ( #2121, #1520, #2087, #944 ) ) ;
#2 = EDGE_CURVE ( 'NONE', #1431, #14, #2311, .T. ) ;
#3 = PLANE ( 'NONE',  #1010 ) ;
#4 = EDGE_LOOP ( 'NONE', ( #923, #1844, #3079, #696 ) ) ;
#5 = EDGE_LOOP ( 'NONE', ( #3449, #3302, #239, #1143 ) ) ;
#6 = VECTOR ( 'NONE', #2584, 1000.000000000000000 ) ;
#7 = EDGE_CURVE ( 'NONE', #3255, #2353, #2078, .T. ) ;
#8 = DIRECTION ( 'NONE',  ( -1.000000000000000000, 0.0000000000000000000, -0.0000000000000000000 ) ) ;
#9 = ORIENTED_EDGE ( 'NONE', *, *, #1480, .F. ) ;
#10 = ORIENTED_EDGE ( 'NONE', *, *, #1202, .F. ) ;
#11 = ORIENTED_EDGE ( 'NONE', *, *, #1361, .T. ) ;
#12 = ADVANCED_FACE ( 'NONE', ( #2637 ), #1604, .F. ) ;
#13 = CARTESIAN_POINT ( 'NONE',  ( -2.665000000000000000, 1.550000000000000000, 1.669452815064587800 ) ) ;
#14 = VERTEX_POINT ( 'NONE', #2670 ) ;
#15 = CARTESIAN_POINT ( 'NONE',  ( 2.950000000000002400, 0.3600000000000004900, 1.270000000000000700 ) ) ;
#16 = ORIENTED_EDGE ( 'NONE', *, *, #2954, .T. ) ;
#17 = CARTESIAN_POINT ( 'NONE',  ( 1.270000000000014200, 1.300000000000000000, 2.789999999999999100 ) ) ;
#18 = EDGE_CURVE ( 'NONE', #3168, #41, #3001, .T. ) ;
#19 = VECTOR ( 'NONE', #1811, 1000.000000000000000 ) ;
#20 = FACE_OUTER_BOUND ( 'NONE', #882, .T. ) ;
#21 = CARTESIAN_POINT ( 'NONE',  ( 1.974950616815676300, 0.3600000000000022100, 2.889043798290073200 ) ) ;
#22 = ADVANCED_FACE ( 'NONE', ( #1391 ), #2357, .T. ) ;
#23 = ORIENTED_EDGE ( 'NONE', *, *, #2766, .T. ) ;
#24 = VECTOR ( 'NONE', #2719, 1000.000000000000000 ) ;
#25 = CARTESIAN_POINT ( 'NONE',  ( -1.911073291687472400, 1.150775721652178100E-014, 2.799491091270857700 ) ) ;
#26 = CYLINDRICAL_SURFACE ( 'NONE', #1564, 0.3600000000000001000 ) ;
#27 = EDGE_CURVE ( 'NONE', #3112, #1514, #1643, .T. ) ;
#28 = DIRECTION ( 'NONE',  ( 1.532024808946909300E-014, 1.000000000000000000, 0.0000000000000000000 ) ) ;
#29 = CARTESIAN_POINT ( 'NONE',  ( 0.0000000000000000000, -0.2700000000000003000, 1.770000000000000200 ) ) ;
#30 = FACE_OUTER_BOUND ( 'NONE', #793, .T. ) ;
#31 = DIRECTION ( 'NONE',  ( -0.8141155183563224500, 3.414809992080315700E-016, 0.5807029557109352200 ) ) ;
#32 = CARTESIAN_POINT ( 'NONE',  ( 2.665000000000000000, 1.300000000000000000, 1.669452815064608400 ) ) ;
#33 = VECTOR ( 'NONE', #2176, 1000.000000000000000 ) ;
#34 = PLANE ( 'NONE',  #3194 ) ;
#35 = ADVANCED_FACE ( 'NONE', ( #462 ), #1031, .F. ) ;
#36 = DIRECTION ( 'NONE',  ( 0.0000000000000000000, 0.0000000000000000000, -1.000000000000000000 ) ) ;
#37 = CARTESIAN_POINT ( 'NONE',  ( 2.945000000000001200, 1.190000000000001100, 2.061998337517985600 ) ) ;
#38 = LINE ( 'NONE', #247, #3465 ) ;
#39 = CARTESIAN_POINT ( 'NONE',  ( -3.380527216783201900, 2.087089182034596000E-015, 2.672584976285214100 ) ) ;
#40 = PLANE ( 'NONE',  #1125 ) ;
#41 = VERTEX_POINT ( 'NONE', #3477 ) ;
#42 = ADVANCED_FACE ( 'NONE', ( #1849 ), #245, .F. ) ;
#43 = EDGE_CURVE ( 'NONE', #356, #3178, #1559, .T. ) ;
#44 = DIRECTION ( 'NONE',  ( 8.394658748673983900E-017, 1.000000000000000000, -1.176887751541450900E-016 ) ) ;
#45 = AXIS2_PLACEMENT_3D ( 'NONE', #215, #2931, #3183 ) ;
#46 = ORIENTED_EDGE ( 'NONE', *, *, #1818, .F. ) ;
#47 = AXIS2_PLACEMENT_3D ( 'NONE', #572, #1368, #262 ) ;
#48 = ORIENTED_EDGE ( 'NONE', *, *, #2898, .T. ) ;
#49 = CARTESIAN_POINT ( 'NONE',  ( -3.200000000000002400, 0.3600000000000013700, -1.269999999999998500 ) ) ;
#50 = EDGE_CURVE ( 'NONE', #1601, #302, #816, .T. ) ;
#51 = ORIENTED_EDGE ( 'NONE', *, *, #2531, .T. ) ;
#52 = DIRECTION ( 'NONE',  ( 0.8141155183563230100, -3.208924548677788000E-016, 0.5807029557109344400 ) ) ;
#53 = AXIS2_PLACEMENT_3D ( 'NONE', #3120, #969, #1545 ) ;
#54 = ADVANCED_FACE ( 'NONE', ( #2487 ), #282, .F. ) ;
#55 = VERTEX_POINT ( 'NONE', #3431 ) ;
#56 = CARTESIAN_POINT ( 'NONE',  ( 1.702020227631533500, 1.550000000000000000, 2.506409504662598500 ) ) ;
#57 = CARTESIAN_POINT ( 'NONE',  ( -2.404953649132019100, 2.056434064806272900E-015, 3.061373111521286100 ) ) ;
#58 = CARTESIAN_POINT ( 'NONE',  ( -2.665000000000000000, 1.300000000000000000, -1.909999999999999900 ) ) ;
#59 = VERTEX_POINT ( 'NONE', #1563 ) ;
#60 = ORIENTED_EDGE ( 'NONE', *, *, #3073, .T. ) ;
#61 = AXIS2_PLACEMENT_3D ( 'NONE', #543, #2972, #8 ) ;
#62 = ADVANCED_FACE ( 'NONE', ( #1300 ), #1218, .T. ) ;
#63 = PLANE ( 'NONE',  #3069 ) ;
#64 = DIRECTION ( 'NONE',  ( 5.263117342162642700E-016, 0.0000000000000000000, 1.000000000000000000 ) ) ;
#65 = ORIENTED_EDGE ( 'NONE', *, *, #1547, .T. ) ;
#66 = EDGE_LOOP ( 'NONE', ( #2901, #2444, #155, #741 ) ) ;
#67 = VECTOR ( 'NONE', #340, 999.9999999999998900 ) ;
#68 = CARTESIAN_POINT ( 'NONE',  ( 2.945000000000002500, 1.151435070067270200E-014, 2.061998337517989600 ) ) ;
#69 = ORIENTED_EDGE ( 'NONE', *, *, #1867, .F. ) ;
#70 = DIRECTION ( 'NONE',  ( 0.0000000000000000000, -1.000000000000000000, 3.771137991253927900E-015 ) ) ;
#71 = VECTOR ( 'NONE', #1452, 1000.000000000000000 ) ;
#72 = FACE_OUTER_BOUND ( 'NONE', #2533, .T. ) ;
#73 = DIRECTION ( 'NONE',  ( -1.000000000000000000, -2.168404344971006900E-016, 0.0000000000000000000 ) ) ;
#74 = DIRECTION ( 'NONE',  ( 0.5807029557109353300, 0.0000000000000000000, 0.8141155183563222300 ) ) ;
#75 = ORIENTED_EDGE ( 'NONE', *, *, #3264, .T. ) ;
#76 = FACE_OUTER_BOUND ( 'NONE', #152, .T. ) ;
#77 = ADVANCED_FACE ( 'NONE', ( #1029, #2541 ), #753, .F. ) ;
#78 = CARTESIAN_POINT ( 'NONE',  ( -1.702020227631533300, 1.550000000000000000, 2.506409504662578100 ) ) ;
#79 = DIRECTION ( 'NONE',  ( 0.0000000000000000000, -1.000000000000000000, -0.0000000000000000000 ) ) ;
#80 = CARTESIAN_POINT ( 'NONE',  ( 2.944999999999999800, 1.190000000000001100, 2.061998337517986400 ) ) ;
#81 = LINE ( 'NONE', #852, #3387 ) ;
#82 = EDGE_CURVE ( 'NONE', #2067, #3327, #1072, .T. ) ;
#83 = DIRECTION ( 'NONE',  ( 0.5807029557109343300, -1.226204689132915400E-016, -0.8141155183563231200 ) ) ;
#84 = ORIENTED_EDGE ( 'NONE', *, *, #1570, .T. ) ;
#85 = LINE ( 'NONE', #3010, #3248 ) ;
#86 = ADVANCED_FACE ( 'NONE', ( #200 ), #346, .T. ) ;
#87 = CARTESIAN_POINT ( 'NONE',  ( 0.8900000000000004600, 1.549999999999999800, -1.000000000000002200 ) ) ;
#88 = ORIENTED_EDGE ( 'NONE', *, *, #2345, .F. ) ;
#89 = VECTOR ( 'NONE', #3498, 1000.000000000000000 ) ;
#90 = DIRECTION ( 'NONE',  ( 0.0000000000000000000, 0.0000000000000000000, -1.000000000000000000 ) ) ;
#91 = AXIS2_PLACEMENT_3D ( 'NONE', #2236, #836, #3068 ) ;
#92 = DIRECTION ( 'NONE',  ( 1.000000000000000000, 0.0000000000000000000, -0.0000000000000000000 ) ) ;
#93 = ORIENTED_EDGE ( 'NONE', *, *, #3138, .T. ) ;
#94 = FACE_OUTER_BOUND ( 'NONE', #1040, .T. ) ;
#95 = PLANE ( 'NONE',  #1147 ) ;
#96 = DIRECTION ( 'NONE',  ( 0.0000000000000000000, 0.0000000000000000000, -1.000000000000000000 ) ) ;
#97 = ORIENTED_EDGE ( 'NONE', *, *, #3427, .F. ) ;
#98 = EDGE_CURVE ( 'NONE', #2948, #2083, #3084, .T. ) ;
#99 = VERTEX_POINT ( 'NONE', #2777 ) ;
#100 = DIRECTION ( 'NONE',  ( -1.000000000000000000, -2.212657494868377700E-016, 0.0000000000000000000 ) ) ;
#101 = DIRECTION ( 'NONE',  ( 0.0000000000000000000, 1.000000000000000000, 0.0000000000000000000 ) ) ;
#102 = CARTESIAN_POINT ( 'NONE',  ( 0.0000000000000000000, 0.3000000000000007700, -1.000000000000002200 ) ) ;
#103 = ADVANCED_FACE ( 'NONE', ( #589 ), #1131, .T. ) ;
#104 = CARTESIAN_POINT ( 'NONE',  ( 3.310000000000002700, 1.843143693225357500E-015, 1.270000000000000700 ) ) ;
#105 = ORIENTED_EDGE ( 'NONE', *, *, #1977, .F. ) ;
#106 = EDGE_CURVE ( 'NONE', #3437, #2938, #3336, .T. ) ;
#107 = CARTESIAN_POINT ( 'NONE',  ( -3.310000000000002700, 0.3600000000000017100, -1.269999999999998500 ) ) ;
#108 = VERTEX_POINT ( 'NONE', #37 ) ;
#109 = ORIENTED_EDGE ( 'NONE', *, *, #2, .F. ) ;
#110 = VECTOR ( 'NONE', #1224, 1000.000000000000000 ) ;
#111 = AXIS2_PLACEMENT_3D ( 'NONE', #1139, #44, #3352 ) ;
#112 = EDGE_LOOP ( 'NONE', ( #2397, #943, #1451, #2398 ) ) ;
#113 = CARTESIAN_POINT ( 'NONE',  ( 0.0000000000000000000, 1.300000000000000700, 1.949999999999997700 ) ) ;
#114 = VERTEX_POINT ( 'NONE', #3307 ) ;
#115 = DIRECTION ( 'NONE',  ( 1.000000000000000000, -1.218204688185959100E-016, 0.0000000000000000000 ) ) ;
#116 = DIRECTION ( 'NONE',  ( 1.994196738734802500E-016, 1.000000000000000000, 0.0000000000000000000 ) ) ;
#117 = ADVANCED_FACE ( 'NONE', ( #3036 ), #1942, .F. ) ;
#118 = ORIENTED_EDGE ( 'NONE', *, *, #683, .F. ) ;
#119 = CIRCLE ( 'NONE', #3103, 0.2499999999999997800 ) ;
#120 = LINE ( 'NONE', #569, #3334 ) ;
#121 = DIRECTION ( 'NONE',  ( 0.0000000000000000000, 0.0000000000000000000, -1.000000000000000000 ) ) ;
#122 = VECTOR ( 'NONE', #2408, 1000.000000000000200 ) ;
#123 = EDGE_CURVE ( 'NONE', #1582, #3244, #3377, .T. ) ;
#124 = VERTEX_POINT ( 'NONE', #2483 ) ;
#125 = LINE ( 'NONE', #2464, #24 ) ;
#126 = LINE ( 'NONE', #251, #1076 ) ;
#127 = DIRECTION ( 'NONE',  ( 0.0000000000000000000, 1.000000000000000000, 0.0000000000000000000 ) ) ;
#128 = CARTESIAN_POINT ( 'NONE',  ( -3.199999999999999300, 1.190000000000001300, 1.270000000000001600 ) ) ;
#129 = ORIENTED_EDGE ( 'NONE', *, *, #82, .F. ) ;
#130 = DIRECTION ( 'NONE',  ( 1.000000000000000000, -2.212657494868377700E-016, -2.950209993157836900E-016 ) ) ;
#131 = DIRECTION ( 'NONE',  ( -0.5807029557109340000, -9.035018104045855600E-015, 0.8141155183563233400 ) ) ;
#132 = AXIS2_PLACEMENT_3D ( 'NONE', #1578, #3461, #774 ) ;
#133 = EDGE_CURVE ( 'NONE', #2621, #2092, #497, .T. ) ;
#134 = CIRCLE ( 'NONE', #2343, 0.1099999999999994200 ) ;
#135 = DIRECTION ( 'NONE',  ( 0.0000000000000000000, 0.0000000000000000000, 1.000000000000000000 ) ) ;
#136 = CARTESIAN_POINT ( 'NONE',  ( -3.200000000000003700, 1.164799447871036200E-014, 1.270000000000001800 ) ) ;
#137 = LINE ( 'NONE', #1490, #6 ) ;
#138 = FACE_OUTER_BOUND ( 'NONE', #1208, .T. ) ;
#139 = EDGE_CURVE ( 'NONE', #41, #3053, #2840, .T. ) ;
#140 = EDGE_LOOP ( 'NONE', ( #1207, #159, #1022, #1533 ) ) ;
#141 = VECTOR ( 'NONE', #3459, 1000.000000000000000 ) ;
#142 = CARTESIAN_POINT ( 'NONE',  ( 3.008877325128204400, 0.3600000000000018700, 2.151551044537184600 ) ) ;
#143 = ORIENTED_EDGE ( 'NONE', *, *, #2673, .T. ) ;
#144 = AXIS2_PLACEMENT_3D ( 'NONE', #1902, #3491, #2154 ) ;
#145 = CARTESIAN_POINT ( 'NONE',  ( 3.200000000000002800, 0.2500000000000018300, 1.270000000000000700 ) ) ;
#146 = EDGE_LOOP ( 'NONE', ( #3406, #2969, #1280, #431 ) ) ;
#147 = EDGE_CURVE ( 'NONE', #3053, #3273, #1170, .T. ) ;
#148 = ORIENTED_EDGE ( 'NONE', *, *, #1433, .T. ) ;
#149 = APPLICATION_CONTEXT ( 'automotive_design' ) ;
#150 = CARTESIAN_POINT ( 'NONE',  ( -0.8900000000000011200, 1.038555138626188900, 1.051414343846206200 ) ) ;
#151 = CARTESIAN_POINT ( 'NONE',  ( 1.270000000000000000, 0.3800000000000012300, 3.170000000000001300 ) ) ;
#152 = EDGE_LOOP ( 'NONE', ( #1900, #1906, #184, #2527 ) ) ;
#153 = EDGE_CURVE ( 'NONE', #2900, #2610, #1381, .T. ) ;
#154 = DIRECTION ( 'NONE',  ( 0.0000000000000000000, -1.000000000000000000, 0.0000000000000000000 ) ) ;
#155 = ORIENTED_EDGE ( 'NONE', *, *, #2482, .T. ) ;
#156 = ORIENTED_EDGE ( 'NONE', *, *, #3358, .T. ) ;
#157 = SURFACE_STYLE_USAGE ( .BOTH. , #1220 ) ;
#158 = ORIENTED_EDGE ( 'NONE', *, *, #1684, .T. ) ;
#159 = ORIENTED_EDGE ( 'NONE', *, *, #167, .T. ) ;
#160 = ADVANCED_FACE ( 'NONE', ( #945 ), #330, .F. ) ;
#161 = LINE ( 'NONE', #935, #673 ) ;
#162 = VECTOR ( 'NONE', #169, 1000.000000000000000 ) ;
#163 = DIRECTION ( 'NONE',  ( 0.5807029557109317800, -1.445602896647339700E-016, -0.8141155183563249000 ) ) ;
#164 = CARTESIAN_POINT ( 'NONE',  ( -0.8900000000000005700, 1.300000000000000000, 4.684174434524755800E-016 ) ) ;
#165 = VERTEX_POINT ( 'NONE', #1419 ) ;
#166 = CIRCLE ( 'NONE', #132, 0.8900000000000000100 ) ;
#167 = EDGE_CURVE ( 'NONE', #165, #2313, #992, .T. ) ;
#168 = AXIS2_PLACEMENT_3D ( 'NONE', #3467, #210, #2903 ) ;
#169 = DIRECTION ( 'NONE',  ( -1.000000000000000000, 0.0000000000000000000, 4.956352788505169000E-015 ) ) ;
#170 = ORIENTED_EDGE ( 'NONE', *, *, #1289, .F. ) ;
#171 = FACE_OUTER_BOUND ( 'NONE', #2257, .T. ) ;
#172 = ADVANCED_FACE ( 'NONE', ( #2495 ), #197, .F. ) ;
#173 = EDGE_CURVE ( 'NONE', #1960, #2512, #2319, .T. ) ;
#174 = CARTESIAN_POINT ( 'NONE',  ( -2.799824261072266600, 1.190000000000001100, 1.858469457928886300 ) ) ;
#175 = VERTEX_POINT ( 'NONE', #790 ) ;
#176 = DIRECTION ( 'NONE',  ( -0.8141155183563230100, 8.272328704217172100E-017, -0.5807029557109344400 ) ) ;
#177 = ADVANCED_FACE ( 'NONE', ( #633 ), #1199, .T. ) ;
#178 = FACE_OUTER_BOUND ( 'NONE', #724, .T. ) ;
#179 = ORIENTED_EDGE ( 'NONE', *, *, #934, .F. ) ;
#180 = PLANE ( 'NONE',  #3405 ) ;
#181 = ORIENTED_EDGE ( 'NONE', *, *, #3004, .F. ) ;
#182 = DIRECTION ( 'NONE',  ( -2.212657494868377900E-016, -1.000000000000000000, 6.445051058580917500E-033 ) ) ;
#183 = CARTESIAN_POINT ( 'NONE',  ( 1.270000000000014500, 1.550000000000000000, 2.809999999999998700 ) ) ;
#184 = ORIENTED_EDGE ( 'NONE', *, *, #1181, .F. ) ;
#185 = EDGE_CURVE ( 'NONE', #1105, #1259, #1812, .T. ) ;
#186 = AXIS2_PLACEMENT_3D ( 'NONE', #1151, #2286, #891 ) ;
#187 = ORIENTED_EDGE ( 'NONE', *, *, #3188, .F. ) ;
#188 = ORIENTED_EDGE ( 'NONE', *, *, #885, .F. ) ;
#189 = EDGE_CURVE ( 'NONE', #653, #2557, #3157, .T. ) ;
#190 = EDGE_LOOP ( 'NONE', ( #613, #170, #2910, #3409 ) ) ;
#191 = PLANE ( 'NONE',  #1638 ) ;
#192 = ORIENTED_EDGE ( 'NONE', *, *, #2827, .T. ) ;
#193 = DIRECTION ( 'NONE',  ( 1.000000000000000000, -1.182766006347824700E-014, 0.0000000000000000000 ) ) ;
#194 = EDGE_CURVE ( 'NONE', #975, #2935, #2354, .T. ) ;
#195 = ORIENTED_EDGE ( 'NONE', *, *, #173, .T. ) ;
#196 = CARTESIAN_POINT ( 'NONE',  ( 2.665000000000000000, 1.300000000000000000, -1.269999999999999800 ) ) ;
#197 = CYLINDRICAL_SURFACE ( 'NONE', #1769, 0.1100000000000004000 ) ;
#198 = FACE_OUTER_BOUND ( 'NONE', #2307, .T. ) ;
#199 = DIRECTION ( 'NONE',  ( 7.120606872860914400E-017, 1.000000000000000000, -9.982722661043971200E-017 ) ) ;
#200 = FACE_OUTER_BOUND ( 'NONE', #1140, .T. ) ;
#201 = DIRECTION ( 'NONE',  ( -1.000000000000000000, -0.0000000000000000000, 0.0000000000000000000 ) ) ;
#202 = ORIENTED_EDGE ( 'NONE', *, *, #2234, .F. ) ;
#203 = VECTOR ( 'NONE', #789, 1000.000000000000000 ) ;
#204 = CIRCLE ( 'NONE', #289, 0.3600000000000001500 ) ;
#205 = PLANE ( 'NONE',  #2803 ) ;
#206 = VECTOR ( 'NONE', #1676, 1000.000000000000000 ) ;
#207 = VECTOR ( 'NONE', #2020, 1000.000000000000000 ) ;
#208 = EDGE_CURVE ( 'NONE', #868, #99, #1979, .T. ) ;
#209 = DIRECTION ( 'NONE',  ( 0.0000000000000000000, -1.000000000000000000, 0.0000000000000000000 ) ) ;
#210 = DIRECTION ( 'NONE',  ( -0.0000000000000000000, -0.0000000000000000000, 1.000000000000000000 ) ) ;
#211 = ORIENTED_EDGE ( 'NONE', *, *, #1657, .T. ) ;
#212 = LINE ( 'NONE', #3504, #3252 ) ;
#213 = DIRECTION ( 'NONE',  ( 0.8141155183563230100, 2.390352703634959100E-016, 0.5807029557109344400 ) ) ;
#214 = EDGE_LOOP ( 'NONE', ( #2978, #973, #1374, #1457 ) ) ;
#215 = CARTESIAN_POINT ( 'NONE',  ( -0.8900000000000011200, 1.300000000000000300, -1.000000000000002200 ) ) ;
#216 = LINE ( 'NONE', #468, #1611 ) ;
#217 = PLANE ( 'NONE',  #767 ) ;
#218 = EDGE_CURVE ( 'NONE', #3178, #1869, #3450, .T. ) ;
#219 = DIRECTION ( 'NONE',  ( -0.0000000000000000000, 1.000000000000000000, -0.0000000000000000000 ) ) ;
#220 = ORIENTED_EDGE ( 'NONE', *, *, #153, .T. ) ;
#221 = CARTESIAN_POINT ( 'NONE',  ( -2.735946935944063800, 1.190000000000000600, 1.768916750909690800 ) ) ;
#222 = ORIENTED_EDGE ( 'NONE', *, *, #3391, .T. ) ;
#223 = DIRECTION ( 'NONE',  ( 1.000000000000000000, 0.0000000000000000000, 0.0000000000000000000 ) ) ;
#224 = ORIENTED_EDGE ( 'NONE', *, *, #1275, .T. ) ;
#225 = DIRECTION ( 'NONE',  ( 0.5807029557109351100, 3.459230727495320000E-015, 0.8141155183563225700 ) ) ;
#226 = CARTESIAN_POINT ( 'NONE',  ( -1.269999999999985800, 1.300000000000000000, 2.789999999999999600 ) ) ;
#227 = ORIENTED_EDGE ( 'NONE', *, *, #2581, .F. ) ;
#228 = DIRECTION ( 'NONE',  ( 0.5807029557109361100, 0.0000000000000000000, -0.8141155183563219000 ) ) ;
#229 = CARTESIAN_POINT ( 'NONE',  ( 3.008877325128204800, 0.2500000000000022800, 2.151551044537184600 ) ) ;
#230 = EDGE_CURVE ( 'NONE', #698, #2512, #2191, .T. ) ;
#231 = ORIENTED_EDGE ( 'NONE', *, *, #1393, .F. ) ;
#232 = DIRECTION ( 'NONE',  ( -1.000000000000000000, -3.491481338843133400E-015, 0.0000000000000000000 ) ) ;
#233 = EDGE_LOOP ( 'NONE', ( #1237, #2486, #2477, #65 ) ) ;
#234 = ORIENTED_EDGE ( 'NONE', *, *, #1275, .F. ) ;
#235 = AXIS2_PLACEMENT_3D ( 'NONE', #29, #1357, #2415 ) ;
#236 = EDGE_CURVE ( 'NONE', #3116, #3418, #2955, .T. ) ;
#237 = CARTESIAN_POINT ( 'NONE',  ( -2.839999999999999900, 1.300000000000000000, 1.270000000000001600 ) ) ;
#238 = ORIENTED_EDGE ( 'NONE', *, *, #2753, .F. ) ;
#239 = ORIENTED_EDGE ( 'NONE', *, *, #98, .T. ) ;
#240 = CARTESIAN_POINT ( 'NONE',  ( 2.201424769542940300, 1.981986720085017000E-015, 3.206548850449038900 ) ) ;
#241 = AXIS2_PLACEMENT_3D ( 'NONE', #1709, #2958, #1430 ) ;
#242 = CARTESIAN_POINT ( 'NONE',  ( -1.269999999999985800, 1.300000000000000000, 2.789999999999999600 ) ) ;
#243 = LINE ( 'NONE', #242, #2445 ) ;
#244 = VECTOR ( 'NONE', #1423, 1000.000000000000000 ) ;
#245 = PLANE ( 'NONE',  #1219 ) ;
#246 = ORIENTED_EDGE ( 'NONE', *, *, #1433, .F. ) ;
#247 = CARTESIAN_POINT ( 'NONE',  ( -2.735946935944063400, 1.300000000000000000, 1.768916750909691000 ) ) ;
#248 = LINE ( 'NONE', #1536, #1223 ) ;
#249 = DIRECTION ( 'NONE',  ( -1.000000000000000000, 2.212657494868377700E-016, -2.950209993157836900E-016 ) ) ;
#250 = VECTOR ( 'NONE', #127, 1000.000000000000000 ) ;
#251 = CARTESIAN_POINT ( 'NONE',  ( -1.911073291687471300, 0.3600000000000016000, 2.799491091270856800 ) ) ;
#252 = ORIENTED_EDGE ( 'NONE', *, *, #946, .T. ) ;
#253 = LINE ( 'NONE', #1081, #2450 ) ;
#254 = ORIENTED_EDGE ( 'NONE', *, *, #185, .F. ) ;
#255 = VECTOR ( 'NONE', #979, 1000.000000000000000 ) ;
#256 = CARTESIAN_POINT ( 'NONE',  ( 0.05278323435324106000, 1.029999999999999600, 1.770000000000000200 ) ) ;
#257 = ORIENTED_EDGE ( 'NONE', *, *, #2539, .F. ) ;
#258 = VECTOR ( 'NONE', #2290, 1000.000000000000000 ) ;
#259 = ORIENTED_EDGE ( 'NONE', *, *, #575, .T. ) ;
#260 = EDGE_CURVE ( 'NONE', #1112, #3277, #1378, .T. ) ;
#261 = DIRECTION ( 'NONE',  ( -1.000000000000000000, 3.690901012716612800E-015, -4.600239226595271600E-032 ) ) ;
#262 = DIRECTION ( 'NONE',  ( -1.000000000000000000, -3.614007241618351500E-015, 0.0000000000000000000 ) ) ;
#263 = CARTESIAN_POINT ( 'NONE',  ( -3.235351477855469500, 2.052954890860758000E-015, 2.469056096696133500 ) ) ;
#264 = ORIENTED_EDGE ( 'NONE', *, *, #2815, .T. ) ;
#265 = ORIENTED_EDGE ( 'NONE', *, *, #2726, .F. ) ;
#266 = VERTEX_POINT ( 'NONE', #1753 ) ;
#267 = DIRECTION ( 'NONE',  ( -1.000000000000000000, 0.0000000000000000000, 1.707404996040164300E-016 ) ) ;
#268 = ORIENTED_EDGE ( 'NONE', *, *, #1600, .T. ) ;
#269 = CARTESIAN_POINT ( 'NONE',  ( -3.310000000000002700, 1.843143693225357500E-015, -1.269999999999998500 ) ) ;
#270 = DIRECTION ( 'NONE',  ( 0.8141155183563219000, 0.0000000000000000000, -0.5807029557109360000 ) ) ;
#271 = EDGE_CURVE ( 'NONE', #937, #2983, #2441, .T. ) ;
#272 = DIRECTION ( 'NONE',  ( 1.000000000000000000, 0.0000000000000000000, 0.0000000000000000000 ) ) ;
#273 = AXIS2_PLACEMENT_3D ( 'NONE', #359, #1144, #304 ) ;
#274 = ORIENTED_EDGE ( 'NONE', *, *, #2341, .F. ) ;
#275 = VERTEX_POINT ( 'NONE', #3380 ) ;
#276 = ORIENTED_EDGE ( 'NONE', *, *, #2974, .T. ) ;
#277 = EDGE_LOOP ( 'NONE', ( #3222, #2241, #2861, #2616 ) ) ;
#278 = VECTOR ( 'NONE', #2034, 1000.000000000000000 ) ;
#279 = CIRCLE ( 'NONE', #2272, 0.2500000000000002200 ) ;
#280 = EDGE_CURVE ( 'NONE', #2560, #1304, #2792, .T. ) ;
#281 = CARTESIAN_POINT ( 'NONE',  ( -2.201424769542938100, 2.052954890860758000E-015, 3.206548850449018500 ) ) ;
#282 = CYLINDRICAL_SURFACE ( 'NONE', #1647, 0.1099999999999998500 ) ;
#283 = DIRECTION ( 'NONE',  ( 0.0000000000000000000, 0.0000000000000000000, 1.000000000000000000 ) ) ;
#284 = DIRECTION ( 'NONE',  ( 0.0000000000000000000, -0.1305261922200527100, 0.9914448613738103800 ) ) ;
#285 = ORIENTED_EDGE ( 'NONE', *, *, #2299, .F. ) ;
#286 = FACE_OUTER_BOUND ( 'NONE', #810, .T. ) ;
#287 = DIRECTION ( 'NONE',  ( 0.0000000000000000000, 1.000000000000000000, 0.0000000000000000000 ) ) ;
#288 = DIRECTION ( 'NONE',  ( 3.690901012716612800E-015, -1.000000000000000000, 2.306813132947883000E-016 ) ) ;
#289 = AXIS2_PLACEMENT_3D ( 'NONE', #142, #2860, #377 ) ;
#290 = VERTEX_POINT ( 'NONE', #1442 ) ;
#291 = LINE ( 'NONE', #1106, #3089 ) ;
#292 = DIRECTION ( 'NONE',  ( 0.5807029557109082400, -0.0000000000000000000, 0.8141155183563416600 ) ) ;
#293 = LINE ( 'NONE', #2646, #2207 ) ;
#294 = DIRECTION ( 'NONE',  ( -1.000000000000000000, 0.0000000000000000000, 0.0000000000000000000 ) ) ;
#295 = LINE ( 'NONE', #1708, #1569 ) ;
#296 = EDGE_CURVE ( 'NONE', #3173, #1365, #861, .T. ) ;
#297 = DIRECTION ( 'NONE',  ( 5.263117342162642700E-016, -0.0000000000000000000, 1.000000000000000000 ) ) ;
#298 = AXIS2_PLACEMENT_3D ( 'NONE', #57, #2494, #1426 ) ;
#299 = ORIENTED_EDGE ( 'NONE', *, *, #2341, .T. ) ;
#300 = DIRECTION ( 'NONE',  ( 1.000000000000000000, 0.0000000000000000000, -0.0000000000000000000 ) ) ;
#301 = DIRECTION ( 'NONE',  ( 0.0000000000000000000, 0.0000000000000000000, -1.000000000000000000 ) ) ;
#302 = VERTEX_POINT ( 'NONE', #681 ) ;
#303 = AXIS2_PLACEMENT_3D ( 'NONE', #3289, #1948, #116 ) ;
#304 = DIRECTION ( 'NONE',  ( 0.5807029557109317800, 0.0000000000000000000, -0.8141155183563249000 ) ) ;
#305 = EDGE_CURVE ( 'NONE', #1633, #1136, #2071, .T. ) ;
#306 = DIRECTION ( 'NONE',  ( 1.000000000000000000, -3.491481338843133400E-015, -0.0000000000000000000 ) ) ;
#307 = DIRECTION ( 'NONE',  ( 0.0000000000000000000, 0.0000000000000000000, 1.000000000000000000 ) ) ;
#308 = CARTESIAN_POINT ( 'NONE',  ( -0.8900000000000011200, 1.291444861373811000, -0.8694738077799493100 ) ) ;
#309 = EDGE_CURVE ( 'NONE', #1333, #3149, #1297, .T. ) ;
#310 = EDGE_LOOP ( 'NONE', ( #3150, #2449, #1444, #3227 ) ) ;
#311 = CARTESIAN_POINT ( 'NONE',  ( 3.310000000000002700, 0.3600000000000017100, 1.270000000000000700 ) ) ;
#312 = DIRECTION ( 'NONE',  ( -1.994196738734802500E-016, -1.000000000000000000, -0.0000000000000000000 ) ) ;
#313 = STYLED_ITEM ( 'NONE', ( #709 ), #929 ) ;
#314 = ORIENTED_EDGE ( 'NONE', *, *, #3473, .T. ) ;
#315 = DIRECTION ( 'NONE',  ( -0.5807029557109351100, -3.491481338843133700E-015, -0.8141155183563225700 ) ) ;
#316 = EDGE_CURVE ( 'NONE', #1633, #1333, #161, .T. ) ;
#317 = EDGE_LOOP ( 'NONE', ( #3400, #2277, #914, #702 ) ) ;
#318 = ORIENTED_EDGE ( 'NONE', *, *, #3073, .F. ) ;
#319 = VECTOR ( 'NONE', #3275, 1000.000000000000100 ) ;
#320 = DIRECTION ( 'NONE',  ( -1.218204688185959100E-016, -1.000000000000000000, 3.687389588912945500E-016 ) ) ;
#321 = DIRECTION ( 'NONE',  ( -1.000000000000000000, -3.690901012716612800E-015, 0.0000000000000000000 ) ) ;
#322 = ORIENTED_EDGE ( 'NONE', *, *, #2222, .T. ) ;
#323 = DIRECTION ( 'NONE',  ( 1.000000000000000000, 0.0000000000000000000, -4.956352788505169800E-015 ) ) ;
#324 = ORIENTED_EDGE ( 'NONE', *, *, #2305, .T. ) ;
#325 = CARTESIAN_POINT ( 'NONE',  ( -0.9770702419491241700, 1.490777987167569200E-015, -0.6969374304307451900 ) ) ;
#326 = DIRECTION ( 'NONE',  ( -1.000000000000000000, 2.212657494868379600E-016, 0.0000000000000000000 ) ) ;
#327 = ORIENTED_EDGE ( 'NONE', *, *, #3453, .F. ) ;
#328 = DIRECTION ( 'NONE',  ( 0.0000000000000000000, -1.000000000000000000, 0.0000000000000000000 ) ) ;
#329 = VECTOR ( 'NONE', #2559, 1000.000000000000000 ) ;
#330 = PLANE ( 'NONE',  #2309 ) ;
#331 = EDGE_CURVE ( 'NONE', #3053, #967, #119, .T. ) ;
#332 = DIRECTION ( 'NONE',  ( 0.0000000000000000000, 0.0000000000000000000, -1.000000000000000000 ) ) ;
#333 = CIRCLE ( 'NONE', #1511, 0.2500000000000002200 ) ;
#334 = DIRECTION ( 'NONE',  ( -1.000000000000000000, -0.0000000000000000000, -0.0000000000000000000 ) ) ;
#335 = ADVANCED_FACE ( 'NONE', ( #3332 ), #1471, .T. ) ;
#336 = CARTESIAN_POINT ( 'NONE',  ( 1.911073291687472600, 1.978668964786045600E-015, 2.799491091270877700 ) ) ;
#337 = DIRECTION ( 'NONE',  ( -1.000000000000000000, -0.0000000000000000000, -0.0000000000000000000 ) ) ;
#338 = VECTOR ( 'NONE', #2563, 1000.000000000000000 ) ;
#339 = PLANE ( 'NONE',  #186 ) ;
#340 = DIRECTION ( 'NONE',  ( 0.5807029557109317800, -1.445602896647339700E-016, -0.8141155183563249000 ) ) ;
#341 = DIRECTION ( 'NONE',  ( 0.5807029557109343300, 0.0000000000000000000, -0.8141155183563231200 ) ) ;
#342 = EDGE_LOOP ( 'NONE', ( #1071, #838, #953, #3253 ) ) ;
#343 = VECTOR ( 'NONE', #1117, 1000.000000000000000 ) ;
#344 = CARTESIAN_POINT ( 'NONE',  ( -1.269999999999987400, 1.300000000000000000, 2.809999999999999200 ) ) ;
#345 = DIRECTION ( 'NONE',  ( -1.845450506358307200E-015, -1.000000000000000000, 2.998857072832249000E-015 ) ) ;
#346 = PLANE ( 'NONE',  #798 ) ;
#347 = ORIENTED_EDGE ( 'NONE', *, *, #806, .F. ) ;
#348 = PRESENTATION_STYLE_ASSIGNMENT (( #2586 ) ) ;
#349 = CARTESIAN_POINT ( 'NONE',  ( 3.199999999999999300, 1.190000000000001300, -1.269999999999999800 ) ) ;
#350 = ADVANCED_FACE ( 'NONE', ( #1517 ), #723, .F. ) ;
#351 = EDGE_LOOP ( 'NONE', ( #2023, #2138, #1313, #143 ) ) ;
#352 = LINE ( 'NONE', #2428, #1865 ) ;
#353 = EDGE_CURVE ( 'NONE', #967, #3277, #375, .T. ) ;
#354 = DIRECTION ( 'NONE',  ( 3.690901012716612800E-015, -1.000000000000000000, 0.0000000000000000000 ) ) ;
#355 = AXIS2_PLACEMENT_3D ( 'NONE', #817, #2960, #1597 ) ;
#356 = VERTEX_POINT ( 'NONE', #3147 ) ;
#357 = CARTESIAN_POINT ( 'NONE',  ( -2.735946935944063400, 1.300000000000000000, 1.768916750909691000 ) ) ;
#358 = AXIS2_PLACEMENT_3D ( 'NONE', #1921, #564, #1390 ) ;
#359 = CARTESIAN_POINT ( 'NONE',  ( -2.945000000000002900, 1.978668964786045600E-015, 2.061998337517970500 ) ) ;
#360 = EDGE_CURVE ( 'NONE', #3479, #1516, #1255, .T. ) ;
#361 = DIRECTION ( 'NONE',  ( -1.994196738734802500E-016, -1.000000000000000000, -0.0000000000000000000 ) ) ;
#362 = DIRECTION ( 'NONE',  ( -0.8141155183563231200, 0.0000000000000000000, -0.5807029557109343300 ) ) ;
#363 = ORIENTED_EDGE ( 'NONE', *, *, #3440, .F. ) ;
#364 = DIRECTION ( 'NONE',  ( -1.000000000000000000, -1.264902534566421400E-014, 0.0000000000000000000 ) ) ;
#365 = EDGE_LOOP ( 'NONE', ( #902, #109, #3349, #2472, #231, #363, #1928, #877, #526, #3011, #3367, #779, #3104, #69, #703, #1767, #3086, #3262, #238, #3445, #105, #467 ) ) ;
#366 = DIRECTION ( 'NONE',  ( 8.054195005885799600E-031, -2.306813132947883000E-016, -1.000000000000000000 ) ) ;
#367 = CARTESIAN_POINT ( 'NONE',  ( -2.950000000000002400, 0.3600000000000004300, -1.269999999999998500 ) ) ;
#368 = ORIENTED_EDGE ( 'NONE', *, *, #1181, .T. ) ;
#369 = PRODUCT_DEFINITION_FORMATION_WITH_SPECIFIED_SOURCE ( 'ANY', '', #1046, .NOT_KNOWN. ) ;
#370 = DIRECTION ( 'NONE',  ( 0.8141155183563224500, -3.208924548677786100E-016, -0.5807029557109353300 ) ) ;
#371 = ORIENTED_EDGE ( 'NONE', *, *, #1303, .T. ) ;
#372 = EDGE_LOOP ( 'NONE', ( #1932, #619, #1109, #3482 ) ) ;
#373 = COLOUR_RGB ( '',0.7921568627450980000, 0.8196078431372548800, 0.9333333333333333500 ) ;
#374 = EDGE_CURVE ( 'NONE', #2313, #2643, #781, .T. ) ;
#375 = LINE ( 'NONE', #710, #2101 ) ;
#376 = CYLINDRICAL_SURFACE ( 'NONE', #392, 0.1099999999999998500 ) ;
#377 = DIRECTION ( 'NONE',  ( -0.5807029557109360000, 0.0000000000000000000, -0.8141155183563219000 ) ) ;
#378 = CARTESIAN_POINT ( 'NONE',  ( 0.05278323435324084500, 1.279999999999999100, 0.8800000000000002300 ) ) ;
#379 = ORIENTED_EDGE ( 'NONE', *, *, #3148, .T. ) ;
#380 = LINE ( 'NONE', #56, #2956 ) ;
#381 = EDGE_CURVE ( 'NONE', #763, #124, #2627, .T. ) ;
#382 = DIRECTION ( 'NONE',  ( 5.263117342162642700E-016, -0.0000000000000000000, 1.000000000000000000 ) ) ;
#383 = CARTESIAN_POINT ( 'NONE',  ( -0.8900000000000011200, 0.3000000000000007700, -1.000000000000002200 ) ) ;
#384 = EDGE_LOOP ( 'NONE', ( #1732, #487, #1253, #2379 ) ) ;
#385 = VECTOR ( 'NONE', #3111, 1000.000000000000000 ) ;
#386 = AXIS2_PLACEMENT_3D ( 'NONE', #760, #1830, #209 ) ;
#387 = FACE_OUTER_BOUND ( 'NONE', #1230, .T. ) ;
#388 = DIRECTION ( 'NONE',  ( 0.0000000000000000000, 0.0000000000000000000, 1.000000000000000000 ) ) ;
#389 = DIRECTION ( 'NONE',  ( -0.8141155183563230100, 3.208924548677788000E-016, -0.5807029557109344400 ) ) ;
#390 = FACE_OUTER_BOUND ( 'NONE', #455, .T. ) ;
#391 = SURFACE_SIDE_STYLE ('',( #968 ) ) ;
#392 = AXIS2_PLACEMENT_3D ( 'NONE', #1443, #3309, #1681 ) ;
#393 = CARTESIAN_POINT ( 'NONE',  ( 3.031822598266388900, 1.977010087136560100E-015, 2.614231835623884100 ) ) ;
#394 = ORIENTED_EDGE ( 'NONE', *, *, #1754, .T. ) ;
#395 = LINE ( 'NONE', #2422, #2050 ) ;
#396 = PLANE ( 'NONE',  #1527 ) ;
#397 = CARTESIAN_POINT ( 'NONE',  ( -1.269999999999985800, 1.300000000000000000, 2.789999999999999600 ) ) ;
#398 = DIRECTION ( 'NONE',  ( 0.0000000000000000000, 0.0000000000000000000, 1.000000000000000000 ) ) ;
#399 = CARTESIAN_POINT ( 'NONE',  ( -1.269999999999985800, 1.550000000000000000, 2.809999999999999200 ) ) ;
#400 = CARTESIAN_POINT ( 'NONE',  ( 1.702020227631533700, 1.190000000000000200, 2.506409504662597600 ) ) ;
#401 = EDGE_CURVE ( 'NONE', #411, #3437, #3081, .T. ) ;
#402 = VERTEX_POINT ( 'NONE', #2358 ) ;
#403 = CARTESIAN_POINT ( 'NONE',  ( 3.685000000000001800, 1.858547072117582300E-015, 1.020000000000000700 ) ) ;
#404 = AXIS2_PLACEMENT_3D ( 'NONE', #32, #1935, #3282 ) ;
#405 = DIRECTION ( 'NONE',  ( 0.0000000000000000000, 0.9914448613738103800, 0.1305261922200523800 ) ) ;
#406 = EDGE_CURVE ( 'NONE', #698, #3026, #747, .T. ) ;
#407 = DIRECTION ( 'NONE',  ( 1.994196738734802500E-016, 1.000000000000000000, 0.0000000000000000000 ) ) ;
#408 = ADVANCED_FACE ( 'NONE', ( #1728 ), #1790, .F. ) ;
#409 = VECTOR ( 'NONE', #405, 1000.000000000000100 ) ;
#410 = CARTESIAN_POINT ( 'NONE',  ( 2.799824261072267900, 0.3600000000000007100, 1.858469457928908100 ) ) ;
#411 = VERTEX_POINT ( 'NONE', #1266 ) ;
#412 = ORIENTED_EDGE ( 'NONE', *, *, #1661, .T. ) ;
#413 = VERTEX_POINT ( 'NONE', #2600 ) ;
#414 = ORIENTED_EDGE ( 'NONE', *, *, #2082, .T. ) ;
#415 = DIRECTION ( 'NONE',  ( 0.0000000000000000000, 0.0000000000000000000, 1.000000000000000000 ) ) ;
#416 = ORIENTED_EDGE ( 'NONE', *, *, #1989, .T. ) ;
#417 = EDGE_CURVE ( 'NONE', #99, #1546, #989, .T. ) ;
#418 = VECTOR ( 'NONE', #2593, 1000.000000000000000 ) ;
#419 = AXIS2_PLACEMENT_3D ( 'NONE', #2152, #2137, #2432 ) ;
#420 = PLANE ( 'NONE',  #1053 ) ;
#421 = CARTESIAN_POINT ( 'NONE',  ( 3.761983600519343400E-016, 1.057097118173366800E-015, 0.0000000000000000000 ) ) ;
#422 = FACE_OUTER_BOUND ( 'NONE', #3031, .T. ) ;
#423 = DIRECTION ( 'NONE',  ( 3.690901012716612800E-015, 1.000000000000000000, 0.0000000000000000000 ) ) ;
#424 = CARTESIAN_POINT ( 'NONE',  ( -1.702020227631532800, 1.190000000000000200, 2.506409504662578500 ) ) ;
#425 = AXIS2_PLACEMENT_3D ( 'NONE', #1337, #3220, #606 ) ;
#426 = EDGE_CURVE ( 'NONE', #1869, #493, #538, .T. ) ;
#427 = CARTESIAN_POINT ( 'NONE',  ( 0.8900000000000002400, 1.300000000000000000, 1.873669773809901500E-016 ) ) ;
#428 = LINE ( 'NONE', #357, #3419 ) ;
#429 = DIRECTION ( 'NONE',  ( 0.5807029557109354400, -7.228014483236685700E-015, 0.8141155183563223400 ) ) ;
#430 = DIRECTION ( 'NONE',  ( -0.0000000000000000000, 1.000000000000000000, -0.0000000000000000000 ) ) ;
#431 = ORIENTED_EDGE ( 'NONE', *, *, #309, .T. ) ;
#432 = VECTOR ( 'NONE', #2982, 1000.000000000000100 ) ;
#433 = ORIENTED_EDGE ( 'NONE', *, *, #1977, .T. ) ;
#434 = VECTOR ( 'NONE', #3002, 1000.000000000000000 ) ;
#435 = PLANE ( 'NONE',  #3402 ) ;
#436 = DIRECTION ( 'NONE',  ( 0.0000000000000000000, -1.000000000000000000, 0.0000000000000000000 ) ) ;
#437 = VERTEX_POINT ( 'NONE', #2062 ) ;
#438 = FACE_OUTER_BOUND ( 'NONE', #1194, .T. ) ;
#439 = DIRECTION ( 'NONE',  ( 0.0000000000000000000, -0.0000000000000000000, 1.000000000000000000 ) ) ;
#440 = VERTEX_POINT ( 'NONE', #2347 ) ;
#441 = CARTESIAN_POINT ( 'NONE',  ( -1.269999999999985800, 1.550000000000000000, 2.789999999999999600 ) ) ;
#442 = ADVANCED_FACE ( 'NONE', ( #2747 ), #3239, .F. ) ;
#443 = ORIENTED_EDGE ( 'NONE', *, *, #2954, .F. ) ;
#444 = ORIENTED_EDGE ( 'NONE', *, *, #2165, .T. ) ;
#445 = CARTESIAN_POINT ( 'NONE',  ( -0.8900000000000011200, 1.539306076717263300, -0.8368422597249360900 ) ) ;
#446 = CARTESIAN_POINT ( 'NONE',  ( 1.967929758050903000, 1.135044797730069300E-014, 2.758935767948723900 ) ) ;
#447 = ORIENTED_EDGE ( 'NONE', *, *, #360, .F. ) ;
#448 = VERTEX_POINT ( 'NONE', #1227 ) ;
#449 = DIRECTION ( 'NONE',  ( -1.000000000000000000, 0.0000000000000000000, -0.0000000000000000000 ) ) ;
#450 = EDGE_CURVE ( 'NONE', #1154, #2598, #2835, .T. ) ;
#451 = DIRECTION ( 'NONE',  ( 0.0000000000000000000, 1.000000000000000000, 0.0000000000000000000 ) ) ;
#452 = ORIENTED_EDGE ( 'NONE', *, *, #2933, .F. ) ;
#453 = VERTEX_POINT ( 'NONE', #441 ) ;
#454 = ORIENTED_EDGE ( 'NONE', *, *, #1303, .F. ) ;
#455 = EDGE_LOOP ( 'NONE', ( #158, #3215, #577, #3189 ) ) ;
#456 = LINE ( 'NONE', #229, #1727 ) ;
#457 = SHAPE_DEFINITION_REPRESENTATION ( #2124, #929 ) ;
#458 = PLANE ( 'NONE',  #2077 ) ;
#459 = ADVANCED_FACE ( 'NONE', ( #2148 ), #3142, .F. ) ;
#460 = CIRCLE ( 'NONE', #3457, 0.2500000000000002200 ) ;
#461 = DIRECTION ( 'NONE',  ( -0.5807029557109344400, 3.513074643985861800E-015, 0.8141155183563230100 ) ) ;
#462 = FACE_OUTER_BOUND ( 'NONE', #2867, .T. ) ;
#463 = CARTESIAN_POINT ( 'NONE',  ( -3.310000000000002700, 0.3600000000000017100, 1.270000000000002000 ) ) ;
#464 = ORIENTED_EDGE ( 'NONE', *, *, #27, .T. ) ;
#465 = CYLINDRICAL_SURFACE ( 'NONE', #1672, 0.1099999999999994200 ) ;
#466 = EDGE_CURVE ( 'NONE', #1543, #2189, #2871, .T. ) ;
#467 = ORIENTED_EDGE ( 'NONE', *, *, #2981, .F. ) ;
#468 = CARTESIAN_POINT ( 'NONE',  ( 1.765897552759735800, 1.190000000000000600, 2.595962211681792600 ) ) ;
#469 = LINE ( 'NONE', #932, #2448 ) ;
#470 = CIRCLE ( 'NONE', #1435, 0.1099999999999999300 ) ;
#471 = DIRECTION ( 'NONE',  ( -3.853260616876377700E-018, 1.000000000000000000, -5.402072150002732900E-018 ) ) ;
#472 = EDGE_CURVE ( 'NONE', #2591, #708, #3232, .T. ) ;
#473 = DIRECTION ( 'NONE',  ( -0.5807029557109351100, 0.0000000000000000000, -0.8141155183563224500 ) ) ;
#474 = LINE ( 'NONE', #2167, #1489 ) ;
#475 = CARTESIAN_POINT ( 'NONE',  ( 0.8900000000000004600, 1.539306076717262600, -0.8368422597249367500 ) ) ;
#476 = ORIENTED_EDGE ( 'NONE', *, *, #1931, .T. ) ;
#477 = VECTOR ( 'NONE', #130, 1000.000000000000000 ) ;
#478 = DIRECTION ( 'NONE',  ( -0.0000000000000000000, 1.000000000000000000, 0.0000000000000000000 ) ) ;
#479 = CARTESIAN_POINT ( 'NONE',  ( -2.346600508470671800, 0.2500000000000021600, 3.410077730038100900 ) ) ;
#480 = EDGE_LOOP ( 'NONE', ( #1550, #668, #630, #1363 ) ) ;
#481 = EDGE_LOOP ( 'NONE', ( #2579, #1974, #3507, #3027 ) ) ;
#482 = EDGE_CURVE ( 'NONE', #785, #2783, #2316, .T. ) ;
#483 = ORIENTED_EDGE ( 'NONE', *, *, #3099, .F. ) ;
#484 = AXIS2_PLACEMENT_3D ( 'NONE', #3135, #1805, #2070 ) ;
#485 = DIRECTION ( 'NONE',  ( 2.950209993157836900E-016, -5.883299146938182100E-032, 1.000000000000000000 ) ) ;
#486 = ORIENTED_EDGE ( 'NONE', *, *, #1101, .F. ) ;
#487 = ORIENTED_EDGE ( 'NONE', *, *, #305, .T. ) ;
#488 = EDGE_CURVE ( 'NONE', #766, #2651, #456, .T. ) ;
#489 = ORIENTED_EDGE ( 'NONE', *, *, #236, .F. ) ;
#490 = ORIENTED_EDGE ( 'NONE', *, *, #3368, .F. ) ;
#491 = AXIS2_PLACEMENT_3D ( 'NONE', #1821, #478, #1283 ) ;
#492 = ORIENTED_EDGE ( 'NONE', *, *, #502, .F. ) ;
#493 = VERTEX_POINT ( 'NONE', #1320 ) ;
#494 = VECTOR ( 'NONE', #1946, 1000.000000000000000 ) ;
#495 = DIRECTION ( 'NONE',  ( 0.0000000000000000000, -0.0000000000000000000, 1.000000000000000000 ) ) ;
#496 = LINE ( 'NONE', #2778, #539 ) ;
#497 = LINE ( 'NONE', #854, #2629 ) ;
#498 = CARTESIAN_POINT ( 'NONE',  ( -3.685000000000001800, 0.2500000000000018900, 1.020000000000001600 ) ) ;
#499 = CIRCLE ( 'NONE', #3340, 0.9999999999999991100 ) ;
#500 = LINE ( 'NONE', #128, #862 ) ;
#501 = CARTESIAN_POINT ( 'NONE',  ( 0.8900000000000004600, 2.029999999999999800, 1.181940536066258000 ) ) ;
#502 = EDGE_CURVE ( 'NONE', #1516, #1110, #2361, .T. ) ;
#503 = LINE ( 'NONE', #2096, #1432 ) ;
#504 = DIRECTION ( 'NONE',  ( 1.000000000000000000, 0.0000000000000000000, -1.707404996040164300E-016 ) ) ;
#505 = CARTESIAN_POINT ( 'NONE',  ( -2.949999999999999300, 1.190000000000000600, 1.270000000000001600 ) ) ;
#506 = CARTESIAN_POINT ( 'NONE',  ( 1.702020227631533500, 1.300000000000000000, 2.506409504662598500 ) ) ;
#507 = DIRECTION ( 'NONE',  ( 0.0000000000000000000, 0.0000000000000000000, 1.000000000000000000 ) ) ;
#508 = LINE ( 'NONE', #427, #385 ) ;
#509 = ADVANCED_FACE ( 'NONE', ( #1482 ), #2936, .T. ) ;
#510 = CARTESIAN_POINT ( 'NONE',  ( -1.269999999999987400, 1.190000000000000600, 2.809999999999999200 ) ) ;
#511 = EDGE_LOOP ( 'NONE', ( #2304, #2564, #2018, #2436 ) ) ;
#512 = FACE_OUTER_BOUND ( 'NONE', #2461, .T. ) ;
#513 = PLANE ( 'NONE',  #2387 ) ;
#514 = DIRECTION ( 'NONE',  ( 0.0000000000000000000, 1.000000000000000000, 0.0000000000000000000 ) ) ;
#515 = VERTEX_POINT ( 'NONE', #3202 ) ;
#516 = DIRECTION ( 'NONE',  ( 2.076131819653095000E-015, -1.000000000000000000, 2.768175759537460400E-015 ) ) ;
#517 = VECTOR ( 'NONE', #2122, 999.9999999999998900 ) ;
#518 = PLANE ( 'NONE',  #1686 ) ;
#519 = EDGE_CURVE ( 'NONE', #1365, #2353, #243, .T. ) ;
#520 = VECTOR ( 'NONE', #3243, 999.9999999999998900 ) ;
#521 = DIRECTION ( 'NONE',  ( -0.8141155183563222300, 0.0000000000000000000, 0.5807029557109353300 ) ) ;
#522 = ORIENTED_EDGE ( 'NONE', *, *, #1634, .T. ) ;
#523 = DIRECTION ( 'NONE',  ( 0.0000000000000000000, -1.000000000000000000, 0.0000000000000000000 ) ) ;
#524 = VECTOR ( 'NONE', #3329, 1000.000000000000000 ) ;
#525 = EDGE_CURVE ( 'NONE', #743, #3055, #590, .T. ) ;
#526 = ORIENTED_EDGE ( 'NONE', *, *, #2482, .F. ) ;
#527 = ADVANCED_FACE ( 'NONE', ( #1938 ), #2451, .F. ) ;
#528 = CARTESIAN_POINT ( 'NONE',  ( -2.735946935944063800, 1.190000000000000600, 1.768916750909690800 ) ) ;
#529 = ORIENTED_EDGE ( 'NONE', *, *, #2981, .T. ) ;
#530 = ORIENTED_EDGE ( 'NONE', *, *, #559, .T. ) ;
#531 = DIRECTION ( 'NONE',  ( 2.212657494868377700E-016, 1.000000000000000000, -0.0000000000000000000 ) ) ;
#532 = AXIS2_PLACEMENT_3D ( 'NONE', #1286, #2774, #931 ) ;
#533 = EDGE_CURVE ( 'NONE', #2221, #3374, #125, .T. ) ;
#534 = ORIENTED_EDGE ( 'NONE', *, *, #2654, .T. ) ;
#535 = DIRECTION ( 'NONE',  ( -1.707404996040164300E-016, -3.491481338843133400E-015, -1.000000000000000000 ) ) ;
#536 = VERTEX_POINT ( 'NONE', #1625 ) ;
#537 = DIRECTION ( 'NONE',  ( -0.8141155183563416600, 0.0000000000000000000, 0.5807029557109083500 ) ) ;
#538 = CIRCLE ( 'NONE', #53, 0.2500000000000002200 ) ;
#539 = VECTOR ( 'NONE', #3041, 1000.000000000000000 ) ;
#540 = ORIENTED_EDGE ( 'NONE', *, *, #401, .F. ) ;
#541 = CARTESIAN_POINT ( 'NONE',  ( -1.269999999999985800, 1.300000000000000000, 2.789999999999999600 ) ) ;
#542 = VECTOR ( 'NONE', #2168, 1000.000000000000000 ) ;
#543 = CARTESIAN_POINT ( 'NONE',  ( 2.665000000000000000, 1.300000000000000000, -1.269999999999999800 ) ) ;
#544 = VECTOR ( 'NONE', #382, 1000.000000000000000 ) ;
#545 = CARTESIAN_POINT ( 'NONE',  ( -3.199999999999999700, 1.190000000000001300, 1.270000000000001600 ) ) ;
#546 = EDGE_CURVE ( 'NONE', #1064, #653, #956, .T. ) ;
#547 = PLANE ( 'NONE',  #1013 ) ;
#548 = STYLED_ITEM ( 'NONE', ( #348 ), #1307 ) ;
#549 = LINE ( 'NONE', #1190, #207 ) ;
#550 = DIRECTION ( 'NONE',  ( -0.8141155183563232300, 0.0000000000000000000, -0.5807029557109341100 ) ) ;
#551 = CARTESIAN_POINT ( 'NONE',  ( 2.665000000000000000, 1.550000000000000000, -1.269999999999999800 ) ) ;
#552 = EDGE_LOOP ( 'NONE', ( #2772, #274, #2868, #489 ) ) ;
#553 = CIRCLE ( 'NONE', #2605, 0.1100000000000005300 ) ;
#554 = DIRECTION ( 'NONE',  ( -0.8141155183563223400, 3.761581922631319600E-034, 0.5807029557109354400 ) ) ;
#555 = EDGE_CURVE ( 'NONE', #1112, #766, #2842, .T. ) ;
#556 = CIRCLE ( 'NONE', #2688, 1.000000000000000400 ) ;
#557 = CARTESIAN_POINT ( 'NONE',  ( -2.665000000000000000, 1.550000000000000000, 1.669452815064587800 ) ) ;
#558 = ORIENTED_EDGE ( 'NONE', *, *, #2234, .T. ) ;
#559 = EDGE_CURVE ( 'NONE', #2983, #2419, #499, .T. ) ;
#560 = CARTESIAN_POINT ( 'NONE',  ( -1.269999999999999800, 0.3800000000000012300, 3.170000000000001700 ) ) ;
#561 = DIRECTION ( 'NONE',  ( 0.0000000000000000000, 0.0000000000000000000, -1.000000000000000000 ) ) ;
#562 = ORIENTED_EDGE ( 'NONE', *, *, #1321, .T. ) ;
#563 = LINE ( 'NONE', #3046, #524 ) ;
#564 = DIRECTION ( 'NONE',  ( -0.0000000000000000000, 1.000000000000000000, 0.0000000000000000000 ) ) ;
#565 = ORIENTED_EDGE ( 'NONE', *, *, #3319, .F. ) ;
#566 = CARTESIAN_POINT ( 'NONE',  ( -2.950000000000002400, 0.3600000000000004900, -1.269999999999998500 ) ) ;
#567 = EDGE_CURVE ( 'NONE', #440, #2014, #3283, .T. ) ;
#568 = VERTEX_POINT ( 'NONE', #1614 ) ;
#569 = CARTESIAN_POINT ( 'NONE',  ( -1.269999999999985800, 1.300000000000000000, 2.809999999999999200 ) ) ;
#570 = DIRECTION ( 'NONE',  ( 0.0000000000000000000, -3.687389588912945500E-016, -1.000000000000000000 ) ) ;
#571 = ORIENTED_EDGE ( 'NONE', *, *, #3090, .F. ) ;
#572 = CARTESIAN_POINT ( 'NONE',  ( 3.310000000000002700, 0.3600000000000017100, 1.270000000000000700 ) ) ;
#573 = CARTESIAN_POINT ( 'NONE',  ( 5.412473837447327200E-016, 1.146976809013433500E-014, 3.170000000000003000 ) ) ;
#574 = DIRECTION ( 'NONE',  ( -1.084202172485525100E-014, -0.0000000000000000000, -1.000000000000000000 ) ) ;
#575 = EDGE_CURVE ( 'NONE', #2330, #453, #1850, .T. ) ;
#576 = DIRECTION ( 'NONE',  ( 0.0000000000000000000, 0.0000000000000000000, 1.000000000000000000 ) ) ;
#577 = ORIENTED_EDGE ( 'NONE', *, *, #712, .F. ) ;
#578 = ORIENTED_EDGE ( 'NONE', *, *, #2118, .T. ) ;
#579 = ORIENTED_EDGE ( 'NONE', *, *, #3196, .F. ) ;
#580 = ADVANCED_FACE ( 'NONE', ( #2536 ), #3, .T. ) ;
#581 = ADVANCED_FACE ( 'NONE', ( #1068 ), #2667, .F. ) ;
#582 = DIRECTION ( 'NONE',  ( -1.994196738734802500E-016, 1.000000000000000000, 0.0000000000000000000 ) ) ;
#583 = ORIENTED_EDGE ( 'NONE', *, *, #533, .F. ) ;
#584 = ORIENTED_EDGE ( 'NONE', *, *, #1085, .T. ) ;
#585 = VECTOR ( 'NONE', #1239, 1000.000000000000000 ) ;
#586 = CIRCLE ( 'NONE', #841, 0.1100000000000005300 ) ;
#587 = EDGE_CURVE ( 'NONE', #930, #625, #1075, .T. ) ;
#588 = ORIENTED_EDGE ( 'NONE', *, *, #1051, .F. ) ;
#589 = FACE_OUTER_BOUND ( 'NONE', #1724, .T. ) ;
#590 = CIRCLE ( 'NONE', #1635, 0.3600000000000003800 ) ;
#591 = CYLINDRICAL_SURFACE ( 'NONE', #866, 0.1100000000000001800 ) ;
#592 = CARTESIAN_POINT ( 'NONE',  ( -2.839999999999999900, 1.190000000000000200, 1.270000000000001600 ) ) ;
#593 = CARTESIAN_POINT ( 'NONE',  ( 1.911073291687470200, 1.190000000000001300, 2.799491091270874100 ) ) ;
#594 = DIRECTION ( 'NONE',  ( 0.8141155183563230100, -0.0000000000000000000, 0.5807029557109344400 ) ) ;
#595 = AXIS2_PLACEMENT_3D ( 'NONE', #403, #1507, #1994 ) ;
#596 = EDGE_LOOP ( 'NONE', ( #2012, #483, #2544, #2873 ) ) ;
#597 = CYLINDRICAL_SURFACE ( 'NONE', #2303, 0.3600000000000003800 ) ;
#598 = CARTESIAN_POINT ( 'NONE',  ( 2.665000000000000000, 1.550000000000000000, 1.669452815064608400 ) ) ;
#599 = CARTESIAN_POINT ( 'NONE',  ( -3.200000000000003700, 1.135502921082598000E-014, -1.269999999999998500 ) ) ;
#600 = DIRECTION ( 'NONE',  ( 1.994196738734802500E-016, -1.000000000000000000, -0.0000000000000000000 ) ) ;
#601 = LINE ( 'NONE', #826, #1649 ) ;
#602 = CARTESIAN_POINT ( 'NONE',  ( -2.799824261072268800, 0.3600000000000007100, 1.858469457928889000 ) ) ;
#603 = LINE ( 'NONE', #2206, #2928 ) ;
#604 = ADVANCED_FACE ( 'NONE', ( #2106 ), #1100, .T. ) ;
#605 = EDGE_CURVE ( 'NONE', #1497, #1543, #3375, .T. ) ;
#606 = DIRECTION ( 'NONE',  ( -0.5807029557109370000, -5.421010862427513500E-015, -0.8141155183563212300 ) ) ;
#607 = AXIS2_PLACEMENT_3D ( 'NONE', #1043, #1354, #1084 ) ;
#608 = VECTOR ( 'NONE', #939, 1000.000000000000000 ) ;
#609 = CARTESIAN_POINT ( 'NONE',  ( 1.270000000000007100, 1.190000000000000600, 2.919999999999998600 ) ) ;
#610 = ORIENTED_EDGE ( 'NONE', *, *, #3127, .F. ) ;
#611 = LINE ( 'NONE', #2617, #255 ) ;
#612 = ADVANCED_FACE ( 'NONE', ( #1934 ), #1594, .T. ) ;
#613 = ORIENTED_EDGE ( 'NONE', *, *, #605, .F. ) ;
#614 = LINE ( 'NONE', #2771, #2164 ) ;
#615 = AXIS2_PLACEMENT_3D ( 'NONE', #3260, #815, #2733 ) ;
#616 = EDGE_CURVE ( 'NONE', #1008, #1514, #2315, .T. ) ;
#617 = CARTESIAN_POINT ( 'NONE',  ( -2.665000000000000000, 1.550000000000000000, 1.270000000000000700 ) ) ;
#618 = CARTESIAN_POINT ( 'NONE',  ( -2.839999999999999900, 1.190000000000000200, -1.269999999999998500 ) ) ;
#619 = ORIENTED_EDGE ( 'NONE', *, *, #3453, .T. ) ;
#620 = CARTESIAN_POINT ( 'NONE',  ( -1.269999999999985800, 1.300000000000000000, 2.789999999999999600 ) ) ;
#621 = DIRECTION ( 'NONE',  ( 2.212657494868377700E-016, 1.000000000000000000, -0.0000000000000000000 ) ) ;
#622 = CARTESIAN_POINT ( 'NONE',  ( -1.269999999999987400, 1.190000000000000600, 2.919999999999999000 ) ) ;
#623 = ORIENTED_EDGE ( 'NONE', *, *, #2531, .F. ) ;
#624 = CARTESIAN_POINT ( 'NONE',  ( 2.945000000000001600, 0.3600000000000016000, 2.061998337517988200 ) ) ;
#625 = VERTEX_POINT ( 'NONE', #2807 ) ;
#626 = AXIS2_PLACEMENT_3D ( 'NONE', #1995, #2818, #952 ) ;
#627 = VERTEX_POINT ( 'NONE', #2240 ) ;
#628 = ADVANCED_FACE ( 'NONE', ( #2190 ), #1470, .T. ) ;
#629 = ORIENTED_EDGE ( 'NONE', *, *, #2291, .T. ) ;
#630 = ORIENTED_EDGE ( 'NONE', *, *, #2962, .T. ) ;
#631 = DIRECTION ( 'NONE',  ( 0.0000000000000000000, 2.168404344971010800E-016, 1.000000000000000000 ) ) ;
#632 = CARTESIAN_POINT ( 'NONE',  ( -3.310000000000002700, 0.3600000000000017100, 1.270000000000001600 ) ) ;
#633 = FACE_OUTER_BOUND ( 'NONE', #3226, .T. ) ;
#634 = CARTESIAN_POINT ( 'NONE',  ( 1.270000000000014200, 1.190000000000000600, 2.809999999999999200 ) ) ;
#635 = CARTESIAN_POINT ( 'NONE',  ( 2.404953649132020900, 1.983337238122517900E-015, 3.311373111521304800 ) ) ;
#636 = ORIENTED_EDGE ( 'NONE', *, *, #1743, .T. ) ;
#637 = FACE_BOUND ( 'NONE', #1509, .T. ) ;
#638 = DIRECTION ( 'NONE',  ( 0.0000000000000000000, 0.0000000000000000000, -1.000000000000000000 ) ) ;
#639 = CARTESIAN_POINT ( 'NONE',  ( -2.665000000000000000, 1.300000000000000000, 1.669452815064587800 ) ) ;
#640 = LINE ( 'NONE', #3035, #1898 ) ;
#641 = DIRECTION ( 'NONE',  ( 0.8141155183563224500, -0.0000000000000000000, -0.5807029557109351100 ) ) ;
#642 = LINE ( 'NONE', #150, #1741 ) ;
#643 = CARTESIAN_POINT ( 'NONE',  ( 0.8900000000000004600, 1.291444861373810300, -0.8694738077799498700 ) ) ;
#644 = DIRECTION ( 'NONE',  ( 1.218204688185958800E-016, 0.9914448613738102700, 0.1305261922200526800 ) ) ;
#645 = CIRCLE ( 'NONE', #3313, 0.3600000000000001000 ) ;
#646 = ORIENTED_EDGE ( 'NONE', *, *, #18, .T. ) ;
#647 = FACE_OUTER_BOUND ( 'NONE', #146, .T. ) ;
#648 = EDGE_CURVE ( 'NONE', #3418, #1284, #2870, .T. ) ;
#649 = VERTEX_POINT ( 'NONE', #1703 ) ;
#650 = ORIENTED_EDGE ( 'NONE', *, *, #1684, .F. ) ;
#651 = EDGE_CURVE ( 'NONE', #275, #3338, #563, .T. ) ;
#652 = CARTESIAN_POINT ( 'NONE',  ( 2.404953649132020900, 1.978668964786045600E-015, 3.061373111521304800 ) ) ;
#653 = VERTEX_POINT ( 'NONE', #1715 ) ;
#654 = PLANE ( 'NONE',  #2204 ) ;
#655 = ADVANCED_FACE ( 'NONE', ( #3279 ), #1982, .F. ) ;
#656 = ORIENTED_EDGE ( 'NONE', *, *, #2328, .T. ) ;
#657 = AXIS2_PLACEMENT_3D ( 'NONE', #421, #1772, #100 ) ;
#658 = DIRECTION ( 'NONE',  ( 0.8141155183563216800, -2.412891360787823600E-016, -0.5807029557109363300 ) ) ;
#659 = ORIENTED_EDGE ( 'NONE', *, *, #2943, .T. ) ;
#660 = CARTESIAN_POINT ( 'NONE',  ( 2.404953649132020900, 0.2500000000000019400, 3.061373111521304800 ) ) ;
#661 = DIRECTION ( 'NONE',  ( 0.0000000000000000000, 1.000000000000000000, 0.0000000000000000000 ) ) ;
#662 = AXIS2_PLACEMENT_3D ( 'NONE', #2604, #398, #2055 ) ;
#663 = CARTESIAN_POINT ( 'NONE',  ( -3.935000000000001800, 1.924458856161770400E-015, 1.270000000000001600 ) ) ;
#664 = VECTOR ( 'NONE', #225, 1000.000000000000100 ) ;
#665 = DIRECTION ( 'NONE',  ( -0.5807029557109353300, 0.0000000000000000000, -0.8141155183563224500 ) ) ;
#666 = DIRECTION ( 'NONE',  ( 0.8141155183563224500, -3.414809992080315700E-016, -0.5807029557109352200 ) ) ;
#667 = EDGE_LOOP ( 'NONE', ( #933, #2638, #1503, #2296 ) ) ;
#668 = ORIENTED_EDGE ( 'NONE', *, *, #2054, .F. ) ;
#669 = EDGE_CURVE ( 'NONE', #266, #402, #1663, .T. ) ;
#670 = DIRECTION ( 'NONE',  ( -0.8141155183563232300, 0.0000000000000000000, -0.5807029557109341100 ) ) ;
#671 = VERTEX_POINT ( 'NONE', #1448 ) ;
#672 = VERTEX_POINT ( 'NONE', #879 ) ;
#673 = VECTOR ( 'NONE', #1764, 1000.000000000000000 ) ;
#674 = LINE ( 'NONE', #445, #2355 ) ;
#675 = PLANE ( 'NONE',  #1920 ) ;
#676 = DIRECTION ( 'NONE',  ( -0.0000000000000000000, 1.000000000000000000, 0.0000000000000000000 ) ) ;
#677 = AXIS2_PLACEMENT_3D ( 'NONE', #2356, #749, #2373 ) ;
#678 = ORIENTED_EDGE ( 'NONE', *, *, #2109, .F. ) ;
#679 = CYLINDRICAL_SURFACE ( 'NONE', #595, 0.2500000000000002200 ) ;
#680 = EDGE_CURVE ( 'NONE', #671, #290, #2567, .T. ) ;
#681 = CARTESIAN_POINT ( 'NONE',  ( 2.665000000000000000, 1.550000000000000000, 1.669452815064608400 ) ) ;
#682 = LINE ( 'NONE', #240, #1483 ) ;
#683 = EDGE_CURVE ( 'NONE', #3255, #515, #2301, .T. ) ;
#684 = LINE ( 'NONE', #2325, #3235 ) ;
#685 = FILL_AREA_STYLE ('',( #1203 ) ) ;
#686 = LINE ( 'NONE', #3076, #2159 ) ;
#687 = DIRECTION ( 'NONE',  ( -0.5807029557109337800, 0.0000000000000000000, 0.8141155183563235600 ) ) ;
#688 = LINE ( 'NONE', #1413, #2454 ) ;
#689 = VECTOR ( 'NONE', #2734, 1000.000000000000000 ) ;
#690 = LINE ( 'NONE', #1739, #1951 ) ;
#691 = EDGE_LOOP ( 'NONE', ( #583, #2655, #925, #562 ) ) ;
#692 = CIRCLE ( 'NONE', #355, 0.8900000000000001200 ) ;
#693 = EDGE_CURVE ( 'NONE', #1294, #3261, #2939, .T. ) ;
#694 = CARTESIAN_POINT ( 'NONE',  ( 2.799824261072267500, 0.3600000000000009300, 1.858469457928908500 ) ) ;
#695 = FACE_OUTER_BOUND ( 'NONE', #2395, .T. ) ;
#696 = ORIENTED_EDGE ( 'NONE', *, *, #2562, .T. ) ;
#697 = CARTESIAN_POINT ( 'NONE',  ( 3.200000000000003700, 1.135502921082598000E-014, -1.269999999999999800 ) ) ;
#698 = VERTEX_POINT ( 'NONE', #2513 ) ;
#699 = EDGE_CURVE ( 'NONE', #2574, #2620, #1502, .T. ) ;
#700 = DIRECTION ( 'NONE',  ( -1.218204688185959100E-016, -1.000000000000000000, 3.687389588912945500E-016 ) ) ;
#701 = DIRECTION ( 'NONE',  ( 1.000000000000000000, -3.614007241618351500E-015, 0.0000000000000000000 ) ) ;
#702 = ORIENTED_EDGE ( 'NONE', *, *, #2369, .T. ) ;
#703 = ORIENTED_EDGE ( 'NONE', *, *, #2470, .F. ) ;
#704 = ORIENTED_EDGE ( 'NONE', *, *, #1667, .F. ) ;
#705 = DIRECTION ( 'NONE',  ( 0.0000000000000000000, 1.000000000000000000, 0.0000000000000000000 ) ) ;
#706 = ORIENTED_EDGE ( 'NONE', *, *, #3127, .T. ) ;
#707 = CARTESIAN_POINT ( 'NONE',  ( -3.935000000000001800, 0.2500000000000019400, -1.269999999999998200 ) ) ;
#708 = VERTEX_POINT ( 'NONE', #864 ) ;
#709 = PRESENTATION_STYLE_ASSIGNMENT (( #157 ) ) ;
#710 = CARTESIAN_POINT ( 'NONE',  ( -0.05685646636343001700, 1.978668964786045600E-015, 0.04055532332215389100 ) ) ;
#711 = ORIENTED_EDGE ( 'NONE', *, *, #1350, .F. ) ;
#712 = EDGE_CURVE ( 'NONE', #2651, #2783, #2927, .T. ) ;
#713 = VECTOR ( 'NONE', #1360, 1000.000000000000100 ) ;
#714 = AXIS2_PLACEMENT_3D ( 'NONE', #1698, #388, #2488 ) ;
#715 = DIRECTION ( 'NONE',  ( -1.000000000000000000, -0.0000000000000000000, -0.0000000000000000000 ) ) ;
#716 = ORIENTED_EDGE ( 'NONE', *, *, #3383, .F. ) ;
#717 = LINE ( 'NONE', #2675, #2797 ) ;
#718 = DIRECTION ( 'NONE',  ( 0.0000000000000000000, 0.0000000000000000000, 1.000000000000000000 ) ) ;
#719 = AXIS2_PLACEMENT_3D ( 'NONE', #21, #840, #1403 ) ;
#720 = EDGE_CURVE ( 'NONE', #1984, #3058, #688, .T. ) ;
#721 = VECTOR ( 'NONE', #2822, 1000.000000000000000 ) ;
#722 = CARTESIAN_POINT ( 'NONE',  ( -3.935000000000001800, 1.924458856161770400E-015, 1.020000000000001600 ) ) ;
#723 = PLANE ( 'NONE',  #2489 ) ;
#724 = EDGE_LOOP ( 'NONE', ( #2031, #2064, #1593, #1617 ) ) ;
#725 = VECTOR ( 'NONE', #1651, 1000.000000000000000 ) ;
#726 = VECTOR ( 'NONE', #561, 1000.000000000000000 ) ;
#727 = UNCERTAINTY_MEASURE_WITH_UNIT (LENGTH_MEASURE( 1.000000000000000100E-005 ), #2569, 'distance_accuracy_value', 'NONE');
#728 = VECTOR ( 'NONE', #2976, 1000.000000000000000 ) ;
#729 = CARTESIAN_POINT ( 'NONE',  ( -3.935000000000001800, 1.927777842404073700E-015, 1.020000000000001600 ) ) ;
#730 = DIRECTION ( 'NONE',  ( -0.0000000000000000000, -0.0000000000000000000, -1.000000000000000000 ) ) ;
#731 = EDGE_CURVE ( 'NONE', #2856, #1064, #2676, .T. ) ;
#732 = PRESENTATION_LAYER_ASSIGNMENT (  '', '', ( #548 ) ) ;
#733 = CARTESIAN_POINT ( 'NONE',  ( 0.8900000000000002400, -8.450000000000001100, 1.873669773809901500E-016 ) ) ;
#734 = EDGE_LOOP ( 'NONE', ( #3182, #1367, #3408, #23 ) ) ;
#735 = CYLINDRICAL_SURFACE ( 'NONE', #1078, 0.2499999999999997800 ) ;
#736 = EDGE_CURVE ( 'NONE', #515, #3318, #1488, .T. ) ;
#737 = DIRECTION ( 'NONE',  ( 0.8141155183563232300, -0.0000000000000000000, 0.5807029557109341100 ) ) ;
#738 = ORIENTED_EDGE ( 'NONE', *, *, #1073, .T. ) ;
#739 = CARTESIAN_POINT ( 'NONE',  ( -2.665000000000000000, 1.550000000000000000, -1.269999999999999400 ) ) ;
#740 = AXIS2_PLACEMENT_3D ( 'NONE', #1595, #2399, #1573 ) ;
#741 = ORIENTED_EDGE ( 'NONE', *, *, #133, .T. ) ;
#742 = ORIENTED_EDGE ( 'NONE', *, *, #2921, .F. ) ;
#743 = VERTEX_POINT ( 'NONE', #593 ) ;
#744 = ORIENTED_EDGE ( 'NONE', *, *, #559, .F. ) ;
#745 = CYLINDRICAL_SURFACE ( 'NONE', #1205, 0.3599999999999999300 ) ;
#746 = ORIENTED_EDGE ( 'NONE', *, *, #3023, .T. ) ;
#747 = LINE ( 'NONE', #3404, #1165 ) ;
#748 = FACE_OUTER_BOUND ( 'NONE', #2075, .T. ) ;
#749 = DIRECTION ( 'NONE',  ( -3.853260616876377700E-018, 1.000000000000000000, -5.402072150002732900E-018 ) ) ;
#750 = ORIENTED_EDGE ( 'NONE', *, *, #123, .T. ) ;
#751 = LINE ( 'NONE', #2770, #1733 ) ;
#752 = EDGE_CURVE ( 'NONE', #2856, #1331, #2595, .T. ) ;
#753 = PLANE ( 'NONE',  #1088 ) ;
#754 = DIRECTION ( 'NONE',  ( 7.120606872860913200E-017, 1.000000000000000000, -9.982722661043972400E-017 ) ) ;
#755 = FACE_OUTER_BOUND ( 'NONE', #2951, .T. ) ;
#756 = LINE ( 'NONE', #1201, #794 ) ;
#757 = EDGE_CURVE ( 'NONE', #2521, #1339, #137, .T. ) ;
#758 = VECTOR ( 'NONE', #283, 1000.000000000000000 ) ;
#759 = CIRCLE ( 'NONE', #3172, 0.3599999999999996500 ) ;
#760 = CARTESIAN_POINT ( 'NONE',  ( -1.974950616815674500, 0.3600000000000019900, 2.889043798290052800 ) ) ;
#761 = ORIENTED_EDGE ( 'NONE', *, *, #353, .F. ) ;
#762 = CARTESIAN_POINT ( 'NONE',  ( -3.008877325128205700, 0.3600000000000019900, 2.151551044537165900 ) ) ;
#763 = VERTEX_POINT ( 'NONE', #2853 ) ;
#764 = DIRECTION ( 'NONE',  ( -1.000000000000000000, 1.218204688185959100E-016, 0.0000000000000000000 ) ) ;
#765 = EDGE_CURVE ( 'NONE', #1800, #2515, #1019, .T. ) ;
#766 = VERTEX_POINT ( 'NONE', #3365 ) ;
#767 = AXIS2_PLACEMENT_3D ( 'NONE', #2105, #320, #570 ) ;
#768 = CARTESIAN_POINT ( 'NONE',  ( -3.008877325128205300, 2.059984127722458400E-015, 2.151551044537165900 ) ) ;
#769 = CARTESIAN_POINT ( 'NONE',  ( 2.839999999999999900, 1.300000000000000000, -1.269999999999999800 ) ) ;
#770 = AXIS2_PLACEMENT_3D ( 'NONE', #1786, #439, #1258 ) ;
#771 = EDGE_CURVE ( 'NONE', #1760, #3058, #1840, .T. ) ;
#772 = PLANE ( 'NONE',  #1312 ) ;
#773 = ORIENTED_EDGE ( 'NONE', *, *, #2943, .F. ) ;
#774 = DIRECTION ( 'NONE',  ( 8.908121782359833400E-016, -4.872818752743840300E-016, -1.000000000000000000 ) ) ;
#775 = ORIENTED_EDGE ( 'NONE', *, *, #2425, .T. ) ;
#776 = ORIENTED_EDGE ( 'NONE', *, *, #401, .T. ) ;
#777 = CARTESIAN_POINT ( 'NONE',  ( 2.839999999999999900, 1.190000000000000200, 1.270000000000000700 ) ) ;
#778 = CARTESIAN_POINT ( 'NONE',  ( -3.008877325128205700, 0.3600000000000019900, 2.151551044537165900 ) ) ;
#779 = ORIENTED_EDGE ( 'NONE', *, *, #519, .F. ) ;
#780 = AXIS2_PLACEMENT_3D ( 'NONE', #2421, #1060, #1347 ) ;
#781 = CIRCLE ( 'NONE', #2742, 0.2500000000000002200 ) ;
#782 = LINE ( 'NONE', #1770, #1216 ) ;
#783 = DIRECTION ( 'NONE',  ( 0.0000000000000000000, 3.942553354492764300E-015, 1.000000000000000000 ) ) ;
#784 = CARTESIAN_POINT ( 'NONE',  ( 2.665000000000000000, 1.300000000000000000, 1.270000000000000700 ) ) ;
#785 = VERTEX_POINT ( 'NONE', #3114 ) ;
#786 = VECTOR ( 'NONE', #2051, 1000.000000000000000 ) ;
#787 = CARTESIAN_POINT ( 'NONE',  ( -1.269999999999999800, 0.3800000000000012300, 3.170000000000002100 ) ) ;
#788 = AXIS2_PLACEMENT_3D ( 'NONE', #733, #1174, #1463 ) ;
#789 = DIRECTION ( 'NONE',  ( 1.000000000000000000, 2.212657494868377700E-016, 5.900419986315673800E-016 ) ) ;
#790 = CARTESIAN_POINT ( 'NONE',  ( -1.974950616815674500, 0.2500000000000020500, 2.889043798290052800 ) ) ;
#791 = AXIS2_PLACEMENT_3D ( 'NONE', #2720, #812, #827 ) ;
#792 = CARTESIAN_POINT ( 'NONE',  ( -7.508750291829794200E-016, 1.057097118173366800E-015, -1.269999999999999400 ) ) ;
#793 = EDGE_LOOP ( 'NONE', ( #1577, #234, #433, #3323 ) ) ;
#794 = VECTOR ( 'NONE', #1765, 1000.000000000000100 ) ;
#795 = CARTESIAN_POINT ( 'NONE',  ( 3.031822598266388900, 1.978668964786045600E-015, 2.614231835623884100 ) ) ;
#796 = CARTESIAN_POINT ( 'NONE',  ( -0.8900000000000011200, 2.029999999999999800, 1.181940536066258000 ) ) ;
#797 = FACE_OUTER_BOUND ( 'NONE', #2696, .T. ) ;
#798 = AXIS2_PLACEMENT_3D ( 'NONE', #2220, #3052, #2248 ) ;
#799 = ORIENTED_EDGE ( 'NONE', *, *, #3447, .F. ) ;
#800 = LINE ( 'NONE', #2836, #2516 ) ;
#801 = DIRECTION ( 'NONE',  ( 1.000000000000000000, 0.0000000000000000000, 5.900419986315673800E-016 ) ) ;
#802 = DIRECTION ( 'NONE',  ( 0.8141155183563224500, -0.0000000000000000000, -0.5807029557109351100 ) ) ;
#803 = ORIENTED_EDGE ( 'NONE', *, *, #1486, .F. ) ;
#804 = CARTESIAN_POINT ( 'NONE',  ( 2.735946935944062900, 1.550000000000000000, 1.768916750909710800 ) ) ;
#805 = ORIENTED_EDGE ( 'NONE', *, *, #1107, .F. ) ;
#806 = EDGE_CURVE ( 'NONE', #59, #2615, #1371, .T. ) ;
#807 = EDGE_CURVE ( 'NONE', #59, #763, #2737, .T. ) ;
#808 = DIRECTION ( 'NONE',  ( 0.0000000000000000000, 9.982722661043992100E-017, 1.000000000000000000 ) ) ;
#809 = VERTEX_POINT ( 'NONE', #2048 ) ;
#810 = EDGE_LOOP ( 'NONE', ( #1673, #1958, #1094, #322, #268, #1808 ) ) ;
#811 = ORIENTED_EDGE ( 'NONE', *, *, #1441, .F. ) ;
#812 = DIRECTION ( 'NONE',  ( 1.000000000000000000, -3.690901012716612800E-015, 0.0000000000000000000 ) ) ;
#813 = VECTOR ( 'NONE', #2540, 1000.000000000000000 ) ;
#814 = VECTOR ( 'NONE', #2714, 1000.000000000000200 ) ;
#815 = DIRECTION ( 'NONE',  ( -0.0000000000000000000, -1.000000000000000000, -0.0000000000000000000 ) ) ;
#816 = LINE ( 'NONE', #2386, #122 ) ;
#817 = CARTESIAN_POINT ( 'NONE',  ( 0.0000000000000000000, 1.550000000000000000, 1.059999999999997600 ) ) ;
#818 = FACE_OUTER_BOUND ( 'NONE', #2261, .T. ) ;
#819 = LINE ( 'NONE', #1061, #542 ) ;
#820 = EDGE_CURVE ( 'NONE', #1304, #1259, #3130, .T. ) ;
#821 = ADVANCED_FACE ( 'NONE', ( #3464 ), #2546, .F. ) ;
#822 = AXIS2_PLACEMENT_3D ( 'NONE', #506, #537, #3221 ) ;
#823 = VECTOR ( 'NONE', #1491, 1000.000000000000000 ) ;
#824 = CARTESIAN_POINT ( 'NONE',  ( 0.8900000000000004600, 1.279999999999999400, 1.770000000000000200 ) ) ;
#825 = PLANE ( 'NONE',  #788 ) ;
#826 = CARTESIAN_POINT ( 'NONE',  ( -2.665000000000000000, 1.300000000000000000, -1.269999999999999400 ) ) ;
#827 = DIRECTION ( 'NONE',  ( 3.690901012716612800E-015, 1.000000000000000000, 0.0000000000000000000 ) ) ;
#828 = LINE ( 'NONE', #1949, #1784 ) ;
#829 = CARTESIAN_POINT ( 'NONE',  ( -2.799824261072268800, 0.3600000000000007100, 1.858469457928889000 ) ) ;
#830 = EDGE_CURVE ( 'NONE', #1404, #3273, #3393, .T. ) ;
#831 = ORIENTED_EDGE ( 'NONE', *, *, #3148, .F. ) ;
#832 = CIRCLE ( 'NONE', #168, 0.3599999999999996500 ) ;
#833 = DIRECTION ( 'NONE',  ( 0.0000000000000000000, 0.0000000000000000000, 1.000000000000000000 ) ) ;
#834 = ORIENTED_EDGE ( 'NONE', *, *, #1506, .T. ) ;
#835 = EDGE_CURVE ( 'NONE', #2913, #437, #690, .T. ) ;
#836 = DIRECTION ( 'NONE',  ( 2.212657494868377700E-016, 1.000000000000000000, -0.0000000000000000000 ) ) ;
#837 = DIRECTION ( 'NONE',  ( -0.0000000000000000000, 0.0000000000000000000, -1.000000000000000000 ) ) ;
#838 = ORIENTED_EDGE ( 'NONE', *, *, #1073, .F. ) ;
#839 = FACE_OUTER_BOUND ( 'NONE', #2989, .T. ) ;
#840 = DIRECTION ( 'NONE',  ( -0.8141155183563216800, 2.412891360787823600E-016, 0.5807029557109363300 ) ) ;
#841 = AXIS2_PLACEMENT_3D ( 'NONE', #899, #52, #1163 ) ;
#842 = ORIENTED_EDGE ( 'NONE', *, *, #2603, .T. ) ;
#843 = CARTESIAN_POINT ( 'NONE',  ( -2.665000000000000000, 1.550000000000000000, -1.269999999999999400 ) ) ;
#844 = DIRECTION ( 'NONE',  ( 0.0000000000000000000, 1.000000000000000000, 0.0000000000000000000 ) ) ;
#845 = ADVANCED_FACE ( 'NONE', ( #1398 ), #745, .T. ) ;
#846 = CARTESIAN_POINT ( 'NONE',  ( -3.310000000000002700, 0.3600000000000017100, -1.269999999999998500 ) ) ;
#847 = ADVANCED_FACE ( 'NONE', ( #1067 ), #1243, .T. ) ;
#848 = ORIENTED_EDGE ( 'NONE', *, *, #3484, .F. ) ;
#849 = CARTESIAN_POINT ( 'NONE',  ( 0.8900000000000004600, 1.300000000000000000, -1.000000000000002200 ) ) ;
#850 = CARTESIAN_POINT ( 'NONE',  ( -3.310000000000002700, 0.3600000000000017100, 1.270000000000001600 ) ) ;
#851 = ORIENTED_EDGE ( 'NONE', *, *, #353, .T. ) ;
#852 = CARTESIAN_POINT ( 'NONE',  ( 0.8900000000000004600, 1.291444861373810300, -0.8694738077799498700 ) ) ;
#853 = CARTESIAN_POINT ( 'NONE',  ( 3.935000000000001800, 1.924458856161770400E-015, 1.270000000000000700 ) ) ;
#854 = CARTESIAN_POINT ( 'NONE',  ( 1.690406168517315300, 1.300000000000000000, 2.490127194295471500 ) ) ;
#855 = ORIENTED_EDGE ( 'NONE', *, *, #1257, .T. ) ;
#856 = ORIENTED_EDGE ( 'NONE', *, *, #1962, .F. ) ;
#857 = UNCERTAINTY_MEASURE_WITH_UNIT (LENGTH_MEASURE( 1.000000000000000100E-005 ), #919, 'distance_accuracy_value', 'NONE');
#858 = EDGE_CURVE ( 'NONE', #175, #275, #2743, .T. ) ;
#859 = CARTESIAN_POINT ( 'NONE',  ( 2.665000000000000000, 1.300000000000000000, 1.669452815064608400 ) ) ;
#860 = CARTESIAN_POINT ( 'NONE',  ( -2.665000000000000000, 1.550000000000000000, -1.909999999999999900 ) ) ;
#861 = LINE ( 'NONE', #397, #909 ) ;
#862 = VECTOR ( 'NONE', #3083, 1000.000000000000000 ) ;
#863 = CARTESIAN_POINT ( 'NONE',  ( -0.8900000000000000100, 1.300000000000000700, 1.059999999999997600 ) ) ;
#864 = CARTESIAN_POINT ( 'NONE',  ( 2.839999999999999900, 1.550000000000000000, 1.270000000000000700 ) ) ;
#865 = CARTESIAN_POINT ( 'NONE',  ( -3.685000000000001800, 1.872461405032364000E-015, 1.270000000000001600 ) ) ;
#866 = AXIS2_PLACEMENT_3D ( 'NONE', #1758, #658, #2284 ) ;
#867 = ADVANCED_FACE ( 'NONE', ( #2143 ), #735, .T. ) ;
#868 = VERTEX_POINT ( 'NONE', #2093 ) ;
#869 = CIRCLE ( 'NONE', #3390, 0.1099999999999998500 ) ;
#870 = DIRECTION ( 'NONE',  ( -0.0000000000000000000, 0.0000000000000000000, -1.000000000000000000 ) ) ;
#871 = ADVANCED_FACE ( 'NONE', ( #3386 ), #205, .T. ) ;
#872 = CIRCLE ( 'NONE', #2609, 0.9999999999999993300 ) ;
#873 = DIRECTION ( 'NONE',  ( -2.119966987637125500E-015, 1.000000000000000000, -2.736908438084350700E-015 ) ) ;
#874 = ORIENTED_EDGE ( 'NONE', *, *, #830, .T. ) ;
#875 = VECTOR ( 'NONE', #2514, 1000.000000000000000 ) ;
#876 = EDGE_CURVE ( 'NONE', #1861, #175, #684, .T. ) ;
#877 = ORIENTED_EDGE ( 'NONE', *, *, #1615, .F. ) ;
#878 = LINE ( 'NONE', #3433, #1530 ) ;
#879 = CARTESIAN_POINT ( 'NONE',  ( -2.665000000000000000, 1.300000000000000000, -1.269999999999999400 ) ) ;
#880 = PLANE ( 'NONE',  #45 ) ;
#881 = CARTESIAN_POINT ( 'NONE',  ( 1.690406168517315300, 1.300000000000000000, 2.490127194295471500 ) ) ;
#882 = EDGE_LOOP ( 'NONE', ( #1972, #2661, #3216, #2678 ) ) ;
#883 = VECTOR ( 'NONE', #101, 1000.000000000000000 ) ;
#884 = ADVANCED_FACE ( 'NONE', ( #1804 ), #180, .F. ) ;
#885 = EDGE_CURVE ( 'NONE', #940, #785, #2275, .T. ) ;
#886 = CARTESIAN_POINT ( 'NONE',  ( -2.665000000000000000, 1.300000000000000000, 1.270000000000000700 ) ) ;
#887 = CARTESIAN_POINT ( 'NONE',  ( 1.270000000000014200, 1.550000000000000000, 2.789999999999999100 ) ) ;
#888 = ADVANCED_FACE ( 'NONE', ( #1215 ), #458, .T. ) ;
#889 = ORIENTED_EDGE ( 'NONE', *, *, #806, .T. ) ;
#890 = CARTESIAN_POINT ( 'NONE',  ( 2.404953649132020900, 1.978668964786045600E-015, 3.311373111521304800 ) ) ;
#891 = DIRECTION ( 'NONE',  ( -0.8141155183563230100, 0.0000000000000000000, -0.5807029557109344400 ) ) ;
#892 = ORIENTED_EDGE ( 'NONE', *, *, #1015, .T. ) ;
#893 = DIRECTION ( 'NONE',  ( -0.0000000000000000000, -0.0000000000000000000, 1.000000000000000000 ) ) ;
#894 = EDGE_LOOP ( 'NONE', ( #3259, #2225, #1261, #3363 ) ) ;
#895 = DIRECTION ( 'NONE',  ( 0.0000000000000000000, 1.000000000000000000, 0.0000000000000000000 ) ) ;
#896 = ORIENTED_EDGE ( 'NONE', *, *, #2094, .F. ) ;
#897 = CARTESIAN_POINT ( 'NONE',  ( 2.550129388059754200, 1.978668964786045600E-015, 3.264901991110385400 ) ) ;
#898 = EDGE_CURVE ( 'NONE', #1834, #114, #3301, .T. ) ;
#899 = CARTESIAN_POINT ( 'NONE',  ( -1.702020227631533000, 1.190000000000000200, 2.506409504662578100 ) ) ;
#900 = ORIENTED_EDGE ( 'NONE', *, *, #331, .F. ) ;
#901 = DIRECTION ( 'NONE',  ( -4.956352788505169800E-015, 0.0000000000000000000, -1.000000000000000000 ) ) ;
#902 = ORIENTED_EDGE ( 'NONE', *, *, #1058, .F. ) ;
#903 = VERTEX_POINT ( 'NONE', #3448 ) ;
#904 = CARTESIAN_POINT ( 'NONE',  ( -2.735946935944063800, 1.190000000000000600, 1.768916750909691000 ) ) ;
#905 = EDGE_CURVE ( 'NONE', #975, #2856, #1875, .T. ) ;
#906 = DIRECTION ( 'NONE',  ( 0.0000000000000000000, 5.402072150003176600E-018, 1.000000000000000000 ) ) ;
#907 = ORIENTED_EDGE ( 'NONE', *, *, #3264, .F. ) ;
#908 = ADVANCED_FACE ( 'NONE', ( #839 ), #2608, .F. ) ;
#909 = VECTOR ( 'NONE', #2848, 1000.000000000000100 ) ;
#910 = CARTESIAN_POINT ( 'NONE',  ( -3.935000000000001800, 1.927777842404073700E-015, -1.019999999999998200 ) ) ;
#911 = VECTOR ( 'NONE', #3006, 1000.000000000000000 ) ;
#912 = DIRECTION ( 'NONE',  ( 0.0000000000000000000, -1.000000000000000000, -0.0000000000000000000 ) ) ;
#913 = CARTESIAN_POINT ( 'NONE',  ( -3.310000000000002700, 1.829729457162718100E-015, 1.270000000000001600 ) ) ;
#914 = ORIENTED_EDGE ( 'NONE', *, *, #2345, .T. ) ;
#915 = APPLICATION_CONTEXT ( 'automotive_design' ) ;
#916 = CIRCLE ( 'NONE', #2013, 0.3600000000000001000 ) ;
#917 = CARTESIAN_POINT ( 'NONE',  ( -0.8900000000000011200, 1.029999999999999400, 1.181940536066257600 ) ) ;
#918 = CYLINDRICAL_SURFACE ( 'NONE', #1324, 0.9999999999999991100 ) ;
#919 =( LENGTH_UNIT ( ) NAMED_UNIT ( * ) SI_UNIT ( .MILLI., .METRE. ) );
#920 = FACE_OUTER_BOUND ( 'NONE', #3229, .T. ) ;
#921 = CARTESIAN_POINT ( 'NONE',  ( 1.270000000000014200, 1.190000000000001100, 2.919999999999998600 ) ) ;
#922 = DIRECTION ( 'NONE',  ( 2.950209993157836900E-016, -5.883299146938182100E-032, -1.000000000000000000 ) ) ;
#923 = ORIENTED_EDGE ( 'NONE', *, *, #3337, .F. ) ;
#924 = LINE ( 'NONE', #3493, #432 ) ;
#925 = ORIENTED_EDGE ( 'NONE', *, *, #1058, .T. ) ;
#926 = CIRCLE ( 'NONE', #2453, 0.2500000000000002200 ) ;
#927 = EDGE_CURVE ( 'NONE', #2519, #3479, #2388, .T. ) ;
#928 = DIRECTION ( 'NONE',  ( 1.000000000000000000, 1.751623080406021300E-046, -1.707404996040164300E-016 ) ) ;
#929 = ADVANCED_BREP_SHAPE_REPRESENTATION ( 'BK-335-SM', ( #1307, #662 ), #2929 ) ;
#930 = VERTEX_POINT ( 'NONE', #2874 ) ;
#931 = DIRECTION ( 'NONE',  ( -1.000000000000000000, 1.994196738734802000E-016, 0.0000000000000000000 ) ) ;
#932 = CARTESIAN_POINT ( 'NONE',  ( 1.690406168517315300, 1.300000000000000000, 2.490127194295471500 ) ) ;
#933 = ORIENTED_EDGE ( 'NONE', *, *, #752, .T. ) ;
#934 = EDGE_CURVE ( 'NONE', #963, #108, #3164, .T. ) ;
#935 = CARTESIAN_POINT ( 'NONE',  ( -3.200000000000002400, 0.3600000000000013700, 0.0000000000000000000 ) ) ;
#936 = ORIENTED_EDGE ( 'NONE', *, *, #2060, .F. ) ;
#937 = VERTEX_POINT ( 'NONE', #2633 ) ;
#938 = CARTESIAN_POINT ( 'NONE',  ( 3.176998337194123100, 1.978668964786045600E-015, 2.817760715212965100 ) ) ;
#939 = DIRECTION ( 'NONE',  ( -1.000000000000000000, -3.491481338843133400E-015, 0.0000000000000000000 ) ) ;
#940 = VERTEX_POINT ( 'NONE', #2965 ) ;
#941 = DIRECTION ( 'NONE',  ( 0.8141155183563224500, -3.208924548677786100E-016, -0.5807029557109353300 ) ) ;
#942 = CARTESIAN_POINT ( 'NONE',  ( 0.05278323435324084500, 1.029999999999999400, 0.8800000000000002300 ) ) ;
#943 = ORIENTED_EDGE ( 'NONE', *, *, #2015, .T. ) ;
#944 = ORIENTED_EDGE ( 'NONE', *, *, #2695, .F. ) ;
#945 = FACE_OUTER_BOUND ( 'NONE', #2907, .T. ) ;
#946 = EDGE_CURVE ( 'NONE', #3318, #2521, #1553, .T. ) ;
#947 =( NAMED_UNIT ( * ) PLANE_ANGLE_UNIT ( ) SI_UNIT ( $, .RADIAN. ) );
#948 = AXIS2_PLACEMENT_3D ( 'NONE', #3192, #1583, #2916 ) ;
#949 = VERTEX_POINT ( 'NONE', #2156 ) ;
#950 = ORIENTED_EDGE ( 'NONE', *, *, #2215, .T. ) ;
#951 = CARTESIAN_POINT ( 'NONE',  ( -2.949999999999998800, 1.300000000000000000, 1.270000000000001600 ) ) ;
#952 = DIRECTION ( 'NONE',  ( -1.000000000000000000, -1.994196738734802000E-016, 0.0000000000000000000 ) ) ;
#953 = ORIENTED_EDGE ( 'NONE', *, *, #3440, .T. ) ;
#954 = CARTESIAN_POINT ( 'NONE',  ( 1.765897552759738500, 0.3600000000000007100, 2.595962211681795800 ) ) ;
#955 = AXIS2_PLACEMENT_3D ( 'NONE', #3200, #219, #3474 ) ;
#956 = LINE ( 'NONE', #2439, #203 ) ;
#957 = CIRCLE ( 'NONE', #2059, 0.3600000000000002600 ) ;
#958 = EDGE_CURVE ( 'NONE', #2615, #3113, #556, .T. ) ;
#959 = DIRECTION ( 'NONE',  ( 0.0000000000000000000, 0.0000000000000000000, -1.000000000000000000 ) ) ;
#960 = VECTOR ( 'NONE', #2622, 1000.000000000000000 ) ;
#961 = APPLICATION_PROTOCOL_DEFINITION ( 'draft international standard', 'automotive_design', 1998, #149 ) ;
#962 = LINE ( 'NONE', #1477, #1436 ) ;
#963 = VERTEX_POINT ( 'NONE', #3198 ) ;
#964 = VECTOR ( 'NONE', #1691, 1000.000000000000000 ) ;
#965 = DIRECTION ( 'NONE',  ( 0.5807029557109344400, 0.0000000000000000000, -0.8141155183563230100 ) ) ;
#966 = AXIS2_PLACEMENT_3D ( 'NONE', #2738, #1366, #2980 ) ;
#967 = VERTEX_POINT ( 'NONE', #1879 ) ;
#968 = SURFACE_STYLE_FILL_AREA ( #1999 ) ;
#969 = DIRECTION ( 'NONE',  ( 8.394658748673983900E-017, 1.000000000000000000, -1.176887751541450900E-016 ) ) ;
#970 = ORIENTED_EDGE ( 'NONE', *, *, #1807, .F. ) ;
#971 = LINE ( 'NONE', #609, #2644 ) ;
#972 = DIRECTION ( 'NONE',  ( -0.8141155183563225700, -1.365672035327091100E-016, 0.5807029557109351100 ) ) ;
#973 = ORIENTED_EDGE ( 'NONE', *, *, #305, .F. ) ;
#974 = DIRECTION ( 'NONE',  ( 1.218204688185959100E-016, 1.000000000000000000, -3.687389588912945500E-016 ) ) ;
#975 = VERTEX_POINT ( 'NONE', #2104 ) ;
#976 = PLANE ( 'NONE',  #1460 ) ;
#977 = DIRECTION ( 'NONE',  ( 0.0000000000000000000, 1.176887751541450900E-016, 1.000000000000000000 ) ) ;
#978 = ORIENTED_EDGE ( 'NONE', *, *, #450, .T. ) ;
#979 = DIRECTION ( 'NONE',  ( 0.0000000000000000000, 0.0000000000000000000, -1.000000000000000000 ) ) ;
#980 = AXIS2_PLACEMENT_3D ( 'NONE', #2460, #294, #833 ) ;
#981 = ORIENTED_EDGE ( 'NONE', *, *, #1468, .T. ) ;
#982 = CARTESIAN_POINT ( 'NONE',  ( 3.310000000000002700, 0.2500000000000018300, 1.270000000000000700 ) ) ;
#983 = ORIENTED_EDGE ( 'NONE', *, *, #3427, .T. ) ;
#984 = PLANE ( 'NONE',  #3316 ) ;
#985 = VERTEX_POINT ( 'NONE', #1048 ) ;
#986 = DIRECTION ( 'NONE',  ( -2.212657494868377700E-016, -1.000000000000000000, 0.0000000000000000000 ) ) ;
#987 = EDGE_CURVE ( 'NONE', #1431, #411, #1319, .T. ) ;
#988 = DIRECTION ( 'NONE',  ( -0.8141155183563230100, 3.208924548677788000E-016, -0.5807029557109344400 ) ) ;
#989 = LINE ( 'NONE', #475, #19 ) ;
#990 = FACE_OUTER_BOUND ( 'NONE', #4, .T. ) ;
#991 = AXIS2_PLACEMENT_3D ( 'NONE', #2057, #3144, #2577 ) ;
#992 = LINE ( 'NONE', #2150, #2585 ) ;
#993 = ORIENTED_EDGE ( 'NONE', *, *, #1495, .F. ) ;
#994 = VECTOR ( 'NONE', #764, 1000.000000000000000 ) ;
#995 = CIRCLE ( 'NONE', #1501, 0.2500000000000002200 ) ;
#996 = DIRECTION ( 'NONE',  ( -0.5807029557109352200, -3.459230727495320700E-015, -0.8141155183563224500 ) ) ;
#997 = EDGE_CURVE ( 'NONE', #290, #1960, #2811, .T. ) ;
#998 = ORIENTED_EDGE ( 'NONE', *, *, #1824, .F. ) ;
#999 = LINE ( 'NONE', #145, #721 ) ;
#1000 = CARTESIAN_POINT ( 'NONE',  ( -2.839999999999999900, 1.550000000000000000, 1.270000000000001600 ) ) ;
#1001 = LINE ( 'NONE', #897, #2254 ) ;
#1002 = CARTESIAN_POINT ( 'NONE',  ( 0.0000000000000000000, 1.300000000000000000, 0.0000000000000000000 ) ) ;
#1003 = AXIS2_PLACEMENT_3D ( 'NONE', #2295, #389, #687 ) ;
#1004 = VERTEX_POINT ( 'NONE', #183 ) ;
#1005 = LINE ( 'NONE', #3062, #3167 ) ;
#1006 = VECTOR ( 'NONE', #1806, 1000.000000000000000 ) ;
#1007 = PLANE ( 'NONE',  #2481 ) ;
#1008 = VERTEX_POINT ( 'NONE', #263 ) ;
#1009 = EDGE_CURVE ( 'NONE', #868, #3009, #395, .T. ) ;
#1010 = AXIS2_PLACEMENT_3D ( 'NONE', #2730, #550, #1908 ) ;
#1011 = ORIENTED_EDGE ( 'NONE', *, *, #1267, .T. ) ;
#1012 = DIRECTION ( 'NONE',  ( 0.0000000000000000000, 9.982722661044009400E-017, 1.000000000000000000 ) ) ;
#1013 = AXIS2_PLACEMENT_3D ( 'NONE', #2198, #2717, #2157 ) ;
#1014 = EDGE_LOOP ( 'NONE', ( #623, #3415, #1911, #1540 ) ) ;
#1015 = EDGE_CURVE ( 'NONE', #2854, #2043, #1406, .T. ) ;
#1016 = DIRECTION ( 'NONE',  ( -3.853260616876377700E-018, 1.000000000000000000, -5.402072150002732900E-018 ) ) ;
#1017 = CARTESIAN_POINT ( 'NONE',  ( 2.665000000000000000, 1.300000000000000000, -1.909999999999999900 ) ) ;
#1018 = DIRECTION ( 'NONE',  ( 0.0000000000000000000, 0.0000000000000000000, 1.000000000000000000 ) ) ;
#1019 = LINE ( 'NONE', #954, #110 ) ;
#1020 = PLANE ( 'NONE',  #948 ) ;
#1021 = ORIENTED_EDGE ( 'NONE', *, *, #3360, .T. ) ;
#1022 = ORIENTED_EDGE ( 'NONE', *, *, #3219, .F. ) ;
#1023 = ORIENTED_EDGE ( 'NONE', *, *, #472, .T. ) ;
#1024 = DIRECTION ( 'NONE',  ( 0.0000000000000000000, 0.0000000000000000000, -1.000000000000000000 ) ) ;
#1025 = ORIENTED_EDGE ( 'NONE', *, *, #280, .T. ) ;
#1026 = DIRECTION ( 'NONE',  ( 0.0000000000000000000, -0.9914448613738103800, -0.1305261922200518000 ) ) ;
#1027 = EDGE_LOOP ( 'NONE', ( #3141, #347, #1752, #3223 ) ) ;
#1028 = CARTESIAN_POINT ( 'NONE',  ( 3.685000000000001800, 0.2500000000000018900, -1.019999999999999600 ) ) ;
#1029 = FACE_OUTER_BOUND ( 'NONE', #365, .T. ) ;
#1030 = LINE ( 'NONE', #3094, #329 ) ;
#1031 = PLANE ( 'NONE',  #740 ) ;
#1032 = VECTOR ( 'NONE', #1588, 1000.000000000000000 ) ;
#1033 = LINE ( 'NONE', #643, #338 ) ;
#1034 = CARTESIAN_POINT ( 'NONE',  ( 2.201424769542940300, 0.2500000000000019400, 3.206548850449038900 ) ) ;
#1035 = ADVANCED_FACE ( 'NONE', ( #695 ), #2001, .T. ) ;
#1036 = EDGE_CURVE ( 'NONE', #114, #708, #352, .T. ) ;
#1037 = CARTESIAN_POINT ( 'NONE',  ( -3.008877325128205300, 1.989514770048641300E-015, 2.151551044537165900 ) ) ;
#1038 = EDGE_LOOP ( 'NONE', ( #1828, #659, #2271, #842 ) ) ;
#1039 = LINE ( 'NONE', #599, #1183 ) ;
#1040 = EDGE_LOOP ( 'NONE', ( #1620, #2754, #1883, #3208 ) ) ;
#1041 = FACE_OUTER_BOUND ( 'NONE', #1713, .T. ) ;
#1042 = DIRECTION ( 'NONE',  ( -1.000000000000000000, 0.0000000000000000000, 5.263117342162642700E-016 ) ) ;
#1043 = CARTESIAN_POINT ( 'NONE',  ( 2.735946935944063800, 1.189999999999999700, 1.768916750909709500 ) ) ;
#1044 = EDGE_LOOP ( 'NONE', ( #202, #540, #2945, #254 ) ) ;
#1045 = FACE_OUTER_BOUND ( 'NONE', #1027, .T. ) ;
#1046 = PRODUCT ( 'BK-335-SM', 'BK-335-SM', '', ( #2859 ) ) ;
#1047 = DIRECTION ( 'NONE',  ( -1.000000000000000000, 1.555594421392246100E-014, 1.707404996039621200E-016 ) ) ;
#1048 = CARTESIAN_POINT ( 'NONE',  ( -3.199999999999999300, 1.190000000000001300, -1.269999999999998500 ) ) ;
#1049 = ORIENTED_EDGE ( 'NONE', *, *, #2708, .T. ) ;
#1050 = DIRECTION ( 'NONE',  ( 0.0000000000000000000, -1.000000000000000000, 0.0000000000000000000 ) ) ;
#1051 = EDGE_CURVE ( 'NONE', #411, #3070, #3470, .T. ) ;
#1052 = ORIENTED_EDGE ( 'NONE', *, *, #533, .T. ) ;
#1053 = AXIS2_PLACEMENT_3D ( 'NONE', #3122, #2484, #1408 ) ;
#1054 = ORIENTED_EDGE ( 'NONE', *, *, #1130, .F. ) ;
#1055 = DIRECTION ( 'NONE',  ( -0.8141155183563232300, 0.0000000000000000000, -0.5807029557109341100 ) ) ;
#1056 = AXIS2_PLACEMENT_3D ( 'NONE', #3331, #1986, #1763 ) ;
#1057 = VERTEX_POINT ( 'NONE', #1306 ) ;
#1058 = EDGE_CURVE ( 'NONE', #14, #1057, #2971, .T. ) ;
#1059 = ORIENTED_EDGE ( 'NONE', *, *, #3473, .F. ) ;
#1060 = DIRECTION ( 'NONE',  ( -0.8141155183563232300, 0.0000000000000000000, -0.5807029557109341100 ) ) ;
#1061 = CARTESIAN_POINT ( 'NONE',  ( -3.310000000000002700, 1.843143693225357500E-015, -1.269999999999998500 ) ) ;
#1062 = CARTESIAN_POINT ( 'NONE',  ( 3.310000000000002700, 1.829729457162718500E-015, -1.269999999999999800 ) ) ;
#1063 = VERTEX_POINT ( 'NONE', #505 ) ;
#1064 = VERTEX_POINT ( 'NONE', #1062 ) ;
#1065 = VECTOR ( 'NONE', #2074, 1000.000000000000000 ) ;
#1066 = PLANE ( 'NONE',  #2999 ) ;
#1067 = FACE_OUTER_BOUND ( 'NONE', #1799, .T. ) ;
#1068 = FACE_OUTER_BOUND ( 'NONE', #277, .T. ) ;
#1069 = VECTOR ( 'NONE', #2231, 1000.000000000000000 ) ;
#1070 = CARTESIAN_POINT ( 'NONE',  ( 1.702020227631533300, 1.190000000000000200, 2.506409504662598000 ) ) ;
#1071 = ORIENTED_EDGE ( 'NONE', *, *, #50, .F. ) ;
#1072 = CIRCLE ( 'NONE', #2021, 0.3599999999999992100 ) ;
#1073 = EDGE_CURVE ( 'NONE', #402, #1601, #2892, .T. ) ;
#1074 = ORIENTED_EDGE ( 'NONE', *, *, #1941, .F. ) ;
#1075 = LINE ( 'NONE', #17, #1301 ) ;
#1076 = VECTOR ( 'NONE', #2707, 1000.000000000000100 ) ;
#1077 = DIRECTION ( 'NONE',  ( -0.0000000000000000000, 1.000000000000000000, 0.0000000000000000000 ) ) ;
#1078 = AXIS2_PLACEMENT_3D ( 'NONE', #2905, #471, #3174 ) ;
#1079 = DIRECTION ( 'NONE',  ( -1.000000000000000000, 0.0000000000000000000, 1.707404996040164300E-016 ) ) ;
#1080 = DIRECTION ( 'NONE',  ( -2.212657494868377900E-016, -1.000000000000000000, -6.445051058580917500E-033 ) ) ;
#1081 = CARTESIAN_POINT ( 'NONE',  ( 2.950000000000002400, 0.3600000000000004300, 1.270000000000000500 ) ) ;
#1082 = EDGE_LOOP ( 'NONE', ( #1469, #2174, #2940, #1721 ) ) ;
#1083 = LINE ( 'NONE', #1740, #250 ) ;
#1084 = DIRECTION ( 'NONE',  ( 0.5807029557109346700, -1.182766006347820600E-014, 0.8141155183563229000 ) ) ;
#1085 = EDGE_CURVE ( 'NONE', #2900, #3058, #2602, .T. ) ;
#1086 = VECTOR ( 'NONE', #1268, 1000.000000000000000 ) ;
#1087 = LINE ( 'NONE', #1699, #2849 ) ;
#1088 = AXIS2_PLACEMENT_3D ( 'NONE', #1002, #2658, #495 ) ;
#1089 = DIRECTION ( 'NONE',  ( 0.5807029557109360000, 0.0000000000000000000, -0.8141155183563219000 ) ) ;
#1090 = CARTESIAN_POINT ( 'NONE',  ( -1.765897552759736000, 1.190000000000000600, 2.595962211681774000 ) ) ;
#1091 = ORIENTED_EDGE ( 'NONE', *, *, #1580, .F. ) ;
#1092 = VECTOR ( 'NONE', #1591, 1000.000000000000000 ) ;
#1093 = CARTESIAN_POINT ( 'NONE',  ( 3.310000000000002700, 0.3600000000000017100, -1.269999999999999800 ) ) ;
#1094 = ORIENTED_EDGE ( 'NONE', *, *, #1667, .T. ) ;
#1095 = ORIENTED_EDGE ( 'NONE', *, *, #648, .T. ) ;
#1096 = ADVANCED_FACE ( 'NONE', ( #1955 ), #1895, .T. ) ;
#1097 = DIRECTION ( 'NONE',  ( 0.8141155183563224500, 7.523163845262640100E-034, -0.5807029557109353300 ) ) ;
#1098 = ORIENTED_EDGE ( 'NONE', *, *, #194, .T. ) ;
#1099 = CARTESIAN_POINT ( 'NONE',  ( -0.8900000000000011200, 1.279999999999998900, 1.181940536066257600 ) ) ;
#1100 = PLANE ( 'NONE',  #2912 ) ;
#1101 = EDGE_CURVE ( 'NONE', #963, #1800, #3350, .T. ) ;
#1102 = AXIS2_PLACEMENT_3D ( 'NONE', #336, #1097, #3044 ) ;
#1103 = DIRECTION ( 'NONE',  ( -0.8141155183563230100, -0.0000000000000000000, -0.5807029557109343300 ) ) ;
#1104 = CARTESIAN_POINT ( 'NONE',  ( -3.935000000000001800, 1.927777842404073700E-015, 0.0000000000000000000 ) ) ;
#1105 = VERTEX_POINT ( 'NONE', #15 ) ;
#1106 = CARTESIAN_POINT ( 'NONE',  ( -3.935000000000001800, 1.924458856161770400E-015, -1.019999999999998200 ) ) ;
#1107 = EDGE_CURVE ( 'NONE', #2135, #2900, #614, .T. ) ;
#1108 = PLANE ( 'NONE',  #61 ) ;
#1109 = ORIENTED_EDGE ( 'NONE', *, *, #1289, .T. ) ;
#1110 = VERTEX_POINT ( 'NONE', #2199 ) ;
#1111 = ORIENTED_EDGE ( 'NONE', *, *, #555, .F. ) ;
#1112 = VERTEX_POINT ( 'NONE', #2474 ) ;
#1113 = EDGE_LOOP ( 'NONE', ( #444, #2026, #464, #2895 ) ) ;
#1114 = ORIENTED_EDGE ( 'NONE', *, *, #3015, .F. ) ;
#1115 = DIRECTION ( 'NONE',  ( -1.532024808946909300E-014, -1.000000000000000000, 3.771137991253930200E-015 ) ) ;
#1116 = ORIENTED_EDGE ( 'NONE', *, *, #208, .F. ) ;
#1117 = DIRECTION ( 'NONE',  ( -0.8141155183563230100, 0.0000000000000000000, -0.5807029557109343300 ) ) ;
#1118 = CIRCLE ( 'NONE', #2117, 0.2500000000000002200 ) ;
#1119 = CARTESIAN_POINT ( 'NONE',  ( -1.269999999999999800, 0.3800000000000012300, 3.170000000000002100 ) ) ;
#1120 = PLANE ( 'NONE',  #2709 ) ;
#1121 = VECTOR ( 'NONE', #1311, 1000.000000000000200 ) ;
#1122 = LINE ( 'NONE', #1326, #2845 ) ;
#1123 = EDGE_CURVE ( 'NONE', #2521, #3255, #971, .T. ) ;
#1124 = CARTESIAN_POINT ( 'NONE',  ( -0.8900000000000000100, 1.550000000000000000, 1.059999999999997600 ) ) ;
#1125 = AXIS2_PLACEMENT_3D ( 'NONE', #1903, #2805, #2556 ) ;
#1126 = FACE_OUTER_BOUND ( 'NONE', #1344, .T. ) ;
#1127 = DIRECTION ( 'NONE',  ( -1.000000000000000000, 0.0000000000000000000, 0.0000000000000000000 ) ) ;
#1128 = LINE ( 'NONE', #3246, #758 ) ;
#1129 = CARTESIAN_POINT ( 'NONE',  ( -3.310000000000002700, 0.2500000000000018300, -1.269999999999998500 ) ) ;
#1130 = EDGE_CURVE ( 'NONE', #568, #1508, #1791, .T. ) ;
#1131 = PLANE ( 'NONE',  #241 ) ;
#1132 = EDGE_LOOP ( 'NONE', ( #1198, #799, #2158, #1965 ) ) ;
#1133 = LINE ( 'NONE', #541, #89 ) ;
#1134 = ADVANCED_FACE ( 'NONE', ( #3508 ), #1359, .T. ) ;
#1135 = DIRECTION ( 'NONE',  ( -0.0000000000000000000, -0.0000000000000000000, 1.000000000000000000 ) ) ;
#1136 = VERTEX_POINT ( 'NONE', #2984 ) ;
#1137 = VECTOR ( 'NONE', #3463, 1000.000000000000000 ) ;
#1138 = ADVANCED_FACE ( 'NONE', ( #1271 ), #3071, .F. ) ;
#1139 = CARTESIAN_POINT ( 'NONE',  ( -1.941850397383029000E-016, 0.2500000000000015000, 2.722373852739370200E-016 ) ) ;
#1140 = EDGE_LOOP ( 'NONE', ( #97, #1877, #3145, #1913 ) ) ;
#1141 = CARTESIAN_POINT ( 'NONE',  ( 3.685000000000001800, 1.872461405032364000E-015, 1.270000000000000700 ) ) ;
#1142 = CARTESIAN_POINT ( 'NONE',  ( 2.550129388059754200, 0.2500000000000019400, 3.264901991110385400 ) ) ;
#1143 = ORIENTED_EDGE ( 'NONE', *, *, #3176, .T. ) ;
#1144 = DIRECTION ( 'NONE',  ( 0.8141155183563249000, -4.092601131822876200E-031, 0.5807029557109317800 ) ) ;
#1145 = CARTESIAN_POINT ( 'NONE',  ( 2.949999999999999700, 1.190000000000000600, 1.270000000000000700 ) ) ;
#1146 = DIRECTION ( 'NONE',  ( 1.000000000000000000, -1.207782778203454000E-016, -1.590076192935301400E-017 ) ) ;
#1147 = AXIS2_PLACEMENT_3D ( 'NONE', #2263, #644, #1718 ) ;
#1148 = ADVANCED_FACE ( 'NONE', ( #438 ), #339, .T. ) ;
#1149 = CARTESIAN_POINT ( 'NONE',  ( 1.974950616815676300, 0.3600000000000022100, 2.889043798290073200 ) ) ;
#1150 = ORIENTED_EDGE ( 'NONE', *, *, #2611, .F. ) ;
#1151 = CARTESIAN_POINT ( 'NONE',  ( -1.822754019123157000, 1.064066413784055900E-014, 2.555406888359632100 ) ) ;
#1152 = DIRECTION ( 'NONE',  ( 2.212657494868377900E-016, -1.000000000000000000, 1.289010211716183500E-032 ) ) ;
#1153 = ORIENTED_EDGE ( 'NONE', *, *, #693, .T. ) ;
#1154 = VERTEX_POINT ( 'NONE', #113 ) ;
#1155 = CARTESIAN_POINT ( 'NONE',  ( 0.0000000000000000000, 1.300000000000000700, 1.059999999999997600 ) ) ;
#1156 = ADVANCED_FACE ( 'NONE', ( #647 ), #1168, .F. ) ;
#1157 = CARTESIAN_POINT ( 'NONE',  ( 3.380527216783203200, 0.2500000000000019400, 2.672584976285231000 ) ) ;
#1158 = DIRECTION ( 'NONE',  ( 2.212657494868377900E-016, -1.000000000000000000, -0.0000000000000000000 ) ) ;
#1159 = ORIENTED_EDGE ( 'NONE', *, *, #194, .F. ) ;
#1160 = ORIENTED_EDGE ( 'NONE', *, *, #2827, .F. ) ;
#1161 = VECTOR ( 'NONE', #451, 1000.000000000000000 ) ;
#1162 = AXIS2_PLACEMENT_3D ( 'NONE', #2967, #79, #1693 ) ;
#1163 = DIRECTION ( 'NONE',  ( -0.5807029557109351100, -7.885106708985448200E-015, 0.8141155183563225700 ) ) ;
#1164 = PLANE ( 'NONE',  #2851 ) ;
#1165 = VECTOR ( 'NONE', #2624, 1000.000000000000000 ) ;
#1166 = CIRCLE ( 'NONE', #2987, 0.3599999999999996500 ) ;
#1167 = DIRECTION ( 'NONE',  ( -1.000000000000000000, 3.614007241618346800E-015, 0.0000000000000000000 ) ) ;
#1168 = PLANE ( 'NONE',  #2866 ) ;
#1169 = CARTESIAN_POINT ( 'NONE',  ( -3.685000000000001800, 0.2500000000000018900, -1.019999999999998200 ) ) ;
#1170 = LINE ( 'NONE', #635, #2194 ) ;
#1171 = FACE_OUTER_BOUND ( 'NONE', #2102, .T. ) ;
#1172 = DIRECTION ( 'NONE',  ( 0.0000000000000000000, 0.0000000000000000000, -1.000000000000000000 ) ) ;
#1173 = ADVANCED_FACE ( 'NONE', ( #178 ), #1747, .T. ) ;
#1174 = DIRECTION ( 'NONE',  ( -1.000000000000000000, 0.0000000000000000000, -2.105246936865057300E-016 ) ) ;
#1175 = DIRECTION ( 'NONE',  ( -1.000000000000000000, -2.212657494868379600E-016, 0.0000000000000000000 ) ) ;
#1176 = VECTOR ( 'NONE', #2641, 1000.000000000000000 ) ;
#1177 = ADVANCED_FACE ( 'NONE', ( #1907 ), #3134, .F. ) ;
#1178 = DIRECTION ( 'NONE',  ( 0.8141155183563225700, 8.272328704216881200E-017, -0.5807029557109351100 ) ) ;
#1179 = LINE ( 'NONE', #2566, #1086 ) ;
#1180 = ADVANCED_FACE ( 'NONE', ( #94 ), #2258, .T. ) ;
#1181 = EDGE_CURVE ( 'NONE', #3112, #3338, #3398, .T. ) ;
#1182 = CARTESIAN_POINT ( 'NONE',  ( 3.199999999999999700, 1.190000000000001500, -1.269999999999999800 ) ) ;
#1183 = VECTOR ( 'NONE', #1407, 1000.000000000000000 ) ;
#1184 = DIRECTION ( 'NONE',  ( 0.5807029557109344400, 0.0000000000000000000, -0.8141155183563230100 ) ) ;
#1185 = DIRECTION ( 'NONE',  ( 0.0000000000000000000, 0.0000000000000000000, -1.000000000000000000 ) ) ;
#1186 = DIRECTION ( 'NONE',  ( 1.000000000000000000, 0.0000000000000000000, 0.0000000000000000000 ) ) ;
#1187 = ORIENTED_EDGE ( 'NONE', *, *, #3311, .T. ) ;
#1188 = LINE ( 'NONE', #1473, #477 ) ;
#1189 = EDGE_CURVE ( 'NONE', #3418, #1136, #1188, .T. ) ;
#1190 = CARTESIAN_POINT ( 'NONE',  ( 0.8900000000000004600, 1.038555138626188600, 1.051414343846206200 ) ) ;
#1191 = ORIENTED_EDGE ( 'NONE', *, *, #2094, .T. ) ;
#1192 =( NAMED_UNIT ( * ) SI_UNIT ( $, .STERADIAN. ) SOLID_ANGLE_UNIT ( ) );
#1193 = ADVANCED_FACE ( 'NONE', ( #2558 ), #3005, .F. ) ;
#1194 = EDGE_LOOP ( 'NONE', ( #2097, #3454, #805, #1843 ) ) ;
#1195 = ORIENTED_EDGE ( 'NONE', *, *, #3170, .T. ) ;
#1196 = CARTESIAN_POINT ( 'NONE',  ( -0.8900000000000005700, 1.300000000000000000, 4.684174434524755800E-016 ) ) ;
#1197 = DIRECTION ( 'NONE',  ( -1.000000000000000000, 0.0000000000000000000, -2.950209993157836900E-016 ) ) ;
#1198 = ORIENTED_EDGE ( 'NONE', *, *, #1085, .F. ) ;
#1199 = PLANE ( 'NONE',  #2266 ) ;
#1200 = ORIENTED_EDGE ( 'NONE', *, *, #1123, .T. ) ;
#1201 = CARTESIAN_POINT ( 'NONE',  ( 1.911073291687471800, 0.3600000000000016000, 2.799491091270876400 ) ) ;
#1202 = EDGE_CURVE ( 'NONE', #1633, #1543, #1535, .T. ) ;
#1203 = FILL_AREA_STYLE_COLOUR ( '', #373 ) ;
#1204 = ORIENTED_EDGE ( 'NONE', *, *, #82, .T. ) ;
#1205 = AXIS2_PLACEMENT_3D ( 'NONE', #3166, #737, #436 ) ;
#1206 = DIRECTION ( 'NONE',  ( -0.8141155183563223400, 3.208924548677785600E-016, 0.5807029557109352200 ) ) ;
#1207 = ORIENTED_EDGE ( 'NONE', *, *, #3188, .T. ) ;
#1208 = EDGE_LOOP ( 'NONE', ( #1952, #1675, #2689, #2170, #227, #276 ) ) ;
#1209 = ORIENTED_EDGE ( 'NONE', *, *, #27, .F. ) ;
#1210 =( NAMED_UNIT ( * ) PLANE_ANGLE_UNIT ( ) SI_UNIT ( $, .RADIAN. ) );
#1211 = EDGE_CURVE ( 'NONE', #1984, #2043, #2458, .T. ) ;
#1212 = ORIENTED_EDGE ( 'NONE', *, *, #2247, .T. ) ;
#1213 = CARTESIAN_POINT ( 'NONE',  ( -3.235351477855469500, 0.2500000000000021100, 2.469056096696133500 ) ) ;
#1214 = ORIENTED_EDGE ( 'NONE', *, *, #3242, .F. ) ;
#1215 = FACE_OUTER_BOUND ( 'NONE', #2796, .T. ) ;
#1216 = VECTOR ( 'NONE', #3385, 1000.000000000000000 ) ;
#1217 = ORIENTED_EDGE ( 'NONE', *, *, #807, .F. ) ;
#1218 = CYLINDRICAL_SURFACE ( 'NONE', #491, 0.8900000000000000100 ) ;
#1219 = AXIS2_PLACEMENT_3D ( 'NONE', #3466, #485, #2136 ) ;
#1220 = SURFACE_SIDE_STYLE ('',( #2144 ) ) ;
#1221 = FACE_OUTER_BOUND ( 'NONE', #3193, .T. ) ;
#1222 = CARTESIAN_POINT ( 'NONE',  ( -3.200000000000002800, 0.3600000000000013700, -1.269999999999998500 ) ) ;
#1223 = VECTOR ( 'NONE', #1525, 1000.000000000000000 ) ;
#1224 = DIRECTION ( 'NONE',  ( 2.076131819653095000E-015, -1.000000000000000000, 2.768175759537460400E-015 ) ) ;
#1225 = CIRCLE ( 'NONE', #615, 0.8900000000000001200 ) ;
#1226 = DIRECTION ( 'NONE',  ( 1.000000000000000000, -3.491481338843133400E-015, 0.0000000000000000000 ) ) ;
#1227 = CARTESIAN_POINT ( 'NONE',  ( 0.8900000000000000100, 1.550000000000000000, 1.059999999999997600 ) ) ;
#1228 = AXIS2_PLACEMENT_3D ( 'NONE', #424, #1510, #131 ) ;
#1229 = LINE ( 'NONE', #545, #3097 ) ;
#1230 = EDGE_LOOP ( 'NONE', ( #1214, #3131, #1217, #889, #2525 ) ) ;
#1231 = CIRCLE ( 'NONE', #2626, 0.8900000000000000100 ) ;
#1232 = DIRECTION ( 'NONE',  ( -1.000000000000000000, 0.0000000000000000000, 4.956352788505169800E-015 ) ) ;
#1233 = EDGE_LOOP ( 'NONE', ( #2262, #2239, #1916, #1897 ) ) ;
#1234 = ADVANCED_FACE ( 'NONE', ( #3213 ), #825, .T. ) ;
#1235 = DIRECTION ( 'NONE',  ( 0.8141155183563224500, -7.888609052210118100E-031, -0.5807029557109352200 ) ) ;
#1236 = CARTESIAN_POINT ( 'NONE',  ( 1.911073291687472000, 0.3600000000000016000, 2.799491091270876400 ) ) ;
#1237 = ORIENTED_EDGE ( 'NONE', *, *, #1015, .F. ) ;
#1238 = EDGE_CURVE ( 'NONE', #649, #1582, #800, .T. ) ;
#1239 = DIRECTION ( 'NONE',  ( 0.0000000000000000000, 0.0000000000000000000, 1.000000000000000000 ) ) ;
#1240 = ORIENTED_EDGE ( 'NONE', *, *, #2937, .T. ) ;
#1241 = VERTEX_POINT ( 'NONE', #910 ) ;
#1242 = PLANE ( 'NONE',  #3037 ) ;
#1243 = PLANE ( 'NONE',  #484 ) ;
#1244 = ORIENTED_EDGE ( 'NONE', *, *, #218, .F. ) ;
#1245 = ORIENTED_EDGE ( 'NONE', *, *, #683, .T. ) ;
#1246 = ORIENTED_EDGE ( 'NONE', *, *, #3490, .T. ) ;
#1247 = ADVANCED_FACE ( 'NONE', ( #1045 ), #95, .F. ) ;
#1248 = EDGE_CURVE ( 'NONE', #2310, #1760, #1355, .T. ) ;
#1249 = ADVANCED_FACE ( 'NONE', ( #3056 ), #396, .F. ) ;
#1250 = AXIS2_PLACEMENT_3D ( 'NONE', #1420, #2265, #2528 ) ;
#1251 = PLANE ( 'NONE',  #1910 ) ;
#1252 = ORIENTED_EDGE ( 'NONE', *, *, #1829, .T. ) ;
#1253 = ORIENTED_EDGE ( 'NONE', *, *, #2391, .T. ) ;
#1254 = AXIS2_PLACEMENT_3D ( 'NONE', #1717, #92, #3346 ) ;
#1255 = CIRCLE ( 'NONE', #2857, 0.8900000000000000100 ) ;
#1256 = VECTOR ( 'NONE', #873, 1000.000000000000000 ) ;
#1257 = EDGE_CURVE ( 'NONE', #1834, #2591, #3137, .T. ) ;
#1258 = DIRECTION ( 'NONE',  ( 1.000000000000000000, 0.0000000000000000000, 0.0000000000000000000 ) ) ;
#1259 = VERTEX_POINT ( 'NONE', #2017 ) ;
#1260 = DIRECTION ( 'NONE',  ( 0.0000000000000000000, 0.1305261922200526800, -0.9914448613738102700 ) ) ;
#1261 = ORIENTED_EDGE ( 'NONE', *, *, #1393, .T. ) ;
#1262 = LINE ( 'NONE', #3392, #3199 ) ;
#1263 = LINE ( 'NONE', #1196, #544 ) ;
#1264 = LINE ( 'NONE', #2547, #823 ) ;
#1265 = FACE_OUTER_BOUND ( 'NONE', #1592, .T. ) ;
#1266 = CARTESIAN_POINT ( 'NONE',  ( 2.949999999999999300, 1.190000000000000600, -1.269999999999999800 ) ) ;
#1267 = EDGE_CURVE ( 'NONE', #1064, #2935, #3304, .T. ) ;
#1268 = DIRECTION ( 'NONE',  ( -0.0000000000000000000, 1.000000000000000000, -0.0000000000000000000 ) ) ;
#1269 = AXIS2_PLACEMENT_3D ( 'NONE', #1794, #974, #2886 ) ;
#1270 = VERTEX_POINT ( 'NONE', #2537 ) ;
#1271 = FACE_OUTER_BOUND ( 'NONE', #1831, .T. ) ;
#1272 = CARTESIAN_POINT ( 'NONE',  ( 2.839999999999999900, 1.190000000000000200, 1.270000000000000700 ) ) ;
#1273 = ORIENTED_EDGE ( 'NONE', *, *, #3090, .T. ) ;
#1274 = AXIS2_PLACEMENT_3D ( 'NONE', #2597, #1775, #429 ) ;
#1275 = EDGE_CURVE ( 'NONE', #2278, #2010, #1613, .T. ) ;
#1276 = CARTESIAN_POINT ( 'NONE',  ( -2.839999999999999900, 1.190000000000000200, 1.270000000000001600 ) ) ;
#1277 = EDGE_LOOP ( 'NONE', ( #1453, #2392, #3438, #3469 ) ) ;
#1278 = PLANE ( 'NONE',  #2672 ) ;
#1279 = VECTOR ( 'NONE', #1522, 1000.000000000000000 ) ;
#1280 = ORIENTED_EDGE ( 'NONE', *, *, #316, .T. ) ;
#1281 = EDGE_CURVE ( 'NONE', #1984, #809, #1826, .T. ) ;
#1282 = ORIENTED_EDGE ( 'NONE', *, *, #1036, .F. ) ;
#1283 = DIRECTION ( 'NONE',  ( 0.0000000000000000000, 0.0000000000000000000, 1.000000000000000000 ) ) ;
#1284 = VERTEX_POINT ( 'NONE', #1358 ) ;
#1285 = ORIENTED_EDGE ( 'NONE', *, *, #2042, .T. ) ;
#1286 = CARTESIAN_POINT ( 'NONE',  ( -3.685000000000001800, 1.874603937693400100E-015, 1.020000000000001600 ) ) ;
#1287 = CARTESIAN_POINT ( 'NONE',  ( 3.031822598266388900, 0.2500000000000019400, 2.614231835623884100 ) ) ;
#1288 = VECTOR ( 'NONE', #1759, 999.9999999999998900 ) ;
#1289 = EDGE_CURVE ( 'NONE', #1063, #1497, #2162, .T. ) ;
#1290 = ORIENTED_EDGE ( 'NONE', *, *, #2042, .F. ) ;
#1291 = DIRECTION ( 'NONE',  ( 0.0000000000000000000, 0.0000000000000000000, 1.000000000000000000 ) ) ;
#1292 = ORIENTED_EDGE ( 'NONE', *, *, #43, .F. ) ;
#1293 = EDGE_LOOP ( 'NONE', ( #2166, #314, #1212, #2322, #2650 ) ) ;
#1294 = VERTEX_POINT ( 'NONE', #1141 ) ;
#1295 = EDGE_CURVE ( 'NONE', #440, #1333, #3132, .T. ) ;
#1296 = PLANE ( 'NONE',  #3446 ) ;
#1297 = LINE ( 'NONE', #136, #2244 ) ;
#1298 = VECTOR ( 'NONE', #3065, 1000.000000000000200 ) ;
#1299 = CARTESIAN_POINT ( 'NONE',  ( 0.0000000000000000000, 1.550000000000000000, -1.000000000000002200 ) ) ;
#1300 = FACE_OUTER_BOUND ( 'NONE', #3472, .T. ) ;
#1301 = VECTOR ( 'NONE', #574, 1000.000000000000000 ) ;
#1302 = FACE_OUTER_BOUND ( 'NONE', #3371, .T. ) ;
#1303 = EDGE_CURVE ( 'NONE', #1508, #437, #1231, .T. ) ;
#1304 = VERTEX_POINT ( 'NONE', #3249 ) ;
#1305 = VECTOR ( 'NONE', #461, 1000.000000000000100 ) ;
#1306 = CARTESIAN_POINT ( 'NONE',  ( 2.665000000000000000, 1.300000000000000000, -1.909999999999999900 ) ) ;
#1307 = MANIFOLD_SOLID_BREP ( 'Retainer - Contact Fillet', #3108 ) ;
#1308 = CARTESIAN_POINT ( 'NONE',  ( 1.690406168517315300, 1.550000000000000000, 2.490127194295471500 ) ) ;
#1309 = ADVANCED_FACE ( 'NONE', ( #1787 ), #880, .F. ) ;
#1310 = FACE_OUTER_BOUND ( 'NONE', #2578, .T. ) ;
#1311 = DIRECTION ( 'NONE',  ( -0.8141155183563222300, 0.0000000000000000000, 0.5807029557109353300 ) ) ;
#1312 = AXIS2_PLACEMENT_3D ( 'NONE', #2131, #1047, #2334 ) ;
#1313 = ORIENTED_EDGE ( 'NONE', *, *, #1189, .T. ) ;
#1314 = FACE_OUTER_BOUND ( 'NONE', #1277, .T. ) ;
#1315 = ORIENTED_EDGE ( 'NONE', *, *, #3447, .T. ) ;
#1316 = LINE ( 'NONE', #1846, #517 ) ;
#1317 = DIRECTION ( 'NONE',  ( -0.8141155183563244500, 3.250006781153458800E-031, -0.5807029557109323300 ) ) ;
#1318 = ORIENTED_EDGE ( 'NONE', *, *, #426, .F. ) ;
#1319 = CIRCLE ( 'NONE', #1571, 0.1099999999999998500 ) ;
#1320 = CARTESIAN_POINT ( 'NONE',  ( -2.404953649132019100, 0.2500000000000021600, 3.311373111521286500 ) ) ;
#1321 = EDGE_CURVE ( 'NONE', #1057, #3374, #2679, .T. ) ;
#1322 = AXIS2_PLACEMENT_3D ( 'NONE', #2681, #1323, #3180 ) ;
#1323 = DIRECTION ( 'NONE',  ( 0.0000000000000000000, 0.0000000000000000000, -1.000000000000000000 ) ) ;
#1324 = AXIS2_PLACEMENT_3D ( 'NONE', #102, #2016, #1172 ) ;
#1325 = EDGE_CURVE ( 'NONE', #1331, #653, #3303, .T. ) ;
#1326 = CARTESIAN_POINT ( 'NONE',  ( -1.269999999999985800, 1.300000000000000000, 2.809999999999999200 ) ) ;
#1327 = ORIENTED_EDGE ( 'NONE', *, *, #2177, .T. ) ;
#1328 = DIRECTION ( 'NONE',  ( 0.0000000000000000000, 3.491481338843133400E-015, 1.000000000000000000 ) ) ;
#1329 = DIRECTION ( 'NONE',  ( -1.000000000000000000, -2.212657494868379600E-016, 0.0000000000000000000 ) ) ;
#1330 = ORIENTED_EDGE ( 'NONE', *, *, #2962, .F. ) ;
#1331 = VERTEX_POINT ( 'NONE', #3425 ) ;
#1332 = DIRECTION ( 'NONE',  ( -1.000000000000000000, 2.212657494868377700E-016, -2.950209993157836900E-016 ) ) ;
#1333 = VERTEX_POINT ( 'NONE', #3156 ) ;
#1334 = CARTESIAN_POINT ( 'NONE',  ( 1.270000000000000000, 0.3800000000000002800, 2.920000000000001700 ) ) ;
#1335 = EDGE_LOOP ( 'NONE', ( #2360, #2431, #1195, #3370 ) ) ;
#1336 = VECTOR ( 'NONE', #2227, 1000.000000000000000 ) ;
#1337 = CARTESIAN_POINT ( 'NONE',  ( 1.974950616815676300, 0.3600000000000022100, 2.889043798290073200 ) ) ;
#1338 = AXIS2_PLACEMENT_3D ( 'NONE', #632, #2821, #1186 ) ;
#1339 = VERTEX_POINT ( 'NONE', #2085 ) ;
#1340 = CARTESIAN_POINT ( 'NONE',  ( 1.974950616815675900, 0.2500000000000019400, 2.889043798290072700 ) ) ;
#1341 = VECTOR ( 'NONE', #895, 1000.000000000000000 ) ;
#1342 = CIRCLE ( 'NONE', #1852, 0.8900000000000000100 ) ;
#1343 = ORIENTED_EDGE ( 'NONE', *, *, #3004, .T. ) ;
#1344 = EDGE_LOOP ( 'NONE', ( #744, #2979, #2086 ) ) ;
#1345 = DIRECTION ( 'NONE',  ( -0.0000000000000000000, 1.000000000000000000, -0.0000000000000000000 ) ) ;
#1346 = LINE ( 'NONE', #1037, #1566 ) ;
#1347 = DIRECTION ( 'NONE',  ( -0.5807029557109341100, 0.0000000000000000000, 0.8141155183563232300 ) ) ;
#1348 = FACE_OUTER_BOUND ( 'NONE', #1, .T. ) ;
#1349 = DIRECTION ( 'NONE',  ( 0.0000000000000000000, 3.614007241618356300E-015, 1.000000000000000000 ) ) ;
#1350 = EDGE_CURVE ( 'NONE', #1064, #1259, #759, .T. ) ;
#1351 = FACE_OUTER_BOUND ( 'NONE', #2378, .T. ) ;
#1352 = EDGE_LOOP ( 'NONE', ( #3077, #950, #1200, #2213 ) ) ;
#1353 = LINE ( 'NONE', #1565, #2377 ) ;
#1354 = DIRECTION ( 'NONE',  ( 0.8141155183563223400, -3.208924548677785600E-016, -0.5807029557109352200 ) ) ;
#1355 = LINE ( 'NONE', #2823, #2417 ) ;
#1356 = DIRECTION ( 'NONE',  ( 0.5807029557109351100, 3.942553354492724100E-015, 0.8141155183563225700 ) ) ;
#1357 = DIRECTION ( 'NONE',  ( 0.0000000000000000000, 0.0000000000000000000, 1.000000000000000000 ) ) ;
#1358 = CARTESIAN_POINT ( 'NONE',  ( -3.935000000000001800, 0.2500000000000019400, -1.019999999999998200 ) ) ;
#1359 = PLANE ( 'NONE',  #1778 ) ;
#1360 = DIRECTION ( 'NONE',  ( 0.8141155183563225700, -0.0000000000000000000, 0.5807029557109350000 ) ) ;
#1361 = EDGE_CURVE ( 'NONE', #1546, #903, #1316, .T. ) ;
#1362 = ORIENTED_EDGE ( 'NONE', *, *, #2708, .F. ) ;
#1363 = ORIENTED_EDGE ( 'NONE', *, *, #1486, .T. ) ;
#1364 = EDGE_CURVE ( 'NONE', #743, #2723, #2414, .T. ) ;
#1365 = VERTEX_POINT ( 'NONE', #226 ) ;
#1366 = DIRECTION ( 'NONE',  ( -8.394658748673983900E-017, -1.000000000000000000, 1.176887751541450900E-016 ) ) ;
#1367 = ORIENTED_EDGE ( 'NONE', *, *, #2779, .T. ) ;
#1368 = DIRECTION ( 'NONE',  ( -0.0000000000000000000, -0.0000000000000000000, 1.000000000000000000 ) ) ;
#1369 = DIRECTION ( 'NONE',  ( 0.0000000000000000000, 0.0000000000000000000, 1.000000000000000000 ) ) ;
#1370 = DIRECTION ( 'NONE',  ( -2.212657494868377700E-016, -1.000000000000000000, 0.0000000000000000000 ) ) ;
#1371 = LINE ( 'NONE', #1773, #1288 ) ;
#1372 = EDGE_LOOP ( 'NONE', ( #2238, #1373, #1204, #490 ) ) ;
#1373 = ORIENTED_EDGE ( 'NONE', *, *, #2109, .T. ) ;
#1374 = ORIENTED_EDGE ( 'NONE', *, *, #1202, .T. ) ;
#1375 = DIRECTION ( 'NONE',  ( -0.0000000000000000000, -0.0000000000000000000, 1.000000000000000000 ) ) ;
#1376 = ADVANCED_FACE ( 'NONE', ( #3503 ), #40, .F. ) ;
#1377 = VERTEX_POINT ( 'NONE', #1892 ) ;
#1378 = LINE ( 'NONE', #3063, #2282 ) ;
#1379 = FACE_OUTER_BOUND ( 'NONE', #2686, .T. ) ;
#1380 = DIRECTION ( 'NONE',  ( 8.394658748673983900E-017, 1.000000000000000000, -1.176887751541450900E-016 ) ) ;
#1381 = LINE ( 'NONE', #1950, #319 ) ;
#1382 = EDGE_CURVE ( 'NONE', #2651, #3277, #3101, .T. ) ;
#1383 = EDGE_LOOP ( 'NONE', ( #2619, #192, #3397, #371 ) ) ;
#1384 = VECTOR ( 'NONE', #270, 1000.000000000000100 ) ;
#1385 = VECTOR ( 'NONE', #2522, 1000.000000000000000 ) ;
#1386 = CARTESIAN_POINT ( 'NONE',  ( 3.199999999999999300, 1.190000000000001300, 1.270000000000000500 ) ) ;
#1387 = AXIS2_PLACEMENT_3D ( 'NONE', #1687, #837, #1127 ) ;
#1388 = CARTESIAN_POINT ( 'NONE',  ( 3.935000000000001800, 1.924458856161770400E-015, -1.269999999999999400 ) ) ;
#1389 = VECTOR ( 'NONE', #2665, 1000.000000000000100 ) ;
#1390 = DIRECTION ( 'NONE',  ( 0.0000000000000000000, 0.0000000000000000000, 1.000000000000000000 ) ) ;
#1391 = FACE_OUTER_BOUND ( 'NONE', #1864, .T. ) ;
#1392 = DIRECTION ( 'NONE',  ( -1.000000000000000000, -1.994196738734802500E-016, 0.0000000000000000000 ) ) ;
#1393 = EDGE_CURVE ( 'NONE', #536, #1834, #611, .T. ) ;
#1394 = LINE ( 'NONE', #2276, #2639 ) ;
#1395 = CARTESIAN_POINT ( 'NONE',  ( -2.404953649132019100, 2.056434064806272900E-015, 3.061373111521286100 ) ) ;
#1396 = CIRCLE ( 'NONE', #2406, 0.3599999999999998200 ) ;
#1397 = ADVANCED_FACE ( 'NONE', ( #1041 ), #1251, .F. ) ;
#1398 = FACE_OUTER_BOUND ( 'NONE', #1113, .T. ) ;
#1399 = ORIENTED_EDGE ( 'NONE', *, *, #885, .T. ) ;
#1400 = CIRCLE ( 'NONE', #1736, 0.3600000000000001000 ) ;
#1401 = CARTESIAN_POINT ( 'NONE',  ( 0.9770702419490991900, 1.978668964786045600E-015, -0.6969374304307339700 ) ) ;
#1402 = PLANE ( 'NONE',  #2161 ) ;
#1403 = DIRECTION ( 'NONE',  ( 0.5807029557109363300, 0.0000000000000000000, 0.8141155183563216800 ) ) ;
#1404 = VERTEX_POINT ( 'NONE', #1034 ) ;
#1405 = PRESENTATION_LAYER_ASSIGNMENT (  '', '', ( #313 ) ) ;
#1406 = LINE ( 'NONE', #1612, #3254 ) ;
#1407 = DIRECTION ( 'NONE',  ( -3.690901012716612800E-015, -1.000000000000000000, 0.0000000000000000000 ) ) ;
#1408 = DIRECTION ( 'NONE',  ( 0.0000000000000000000, -0.0000000000000000000, 1.000000000000000000 ) ) ;
#1409 = ORIENTED_EDGE ( 'NONE', *, *, #3358, .F. ) ;
#1410 = CARTESIAN_POINT ( 'NONE',  ( 0.8900000000000002400, 1.300000000000000000, 1.873669773809901500E-016 ) ) ;
#1411 = AXIS2_PLACEMENT_3D ( 'NONE', #501, #2120, #1026 ) ;
#1412 = ORIENTED_EDGE ( 'NONE', *, *, #3153, .F. ) ;
#1413 = CARTESIAN_POINT ( 'NONE',  ( -1.911073291687469800, 1.190000000000001300, 2.799491091270855000 ) ) ;
#1414 = DIRECTION ( 'NONE',  ( 0.0000000000000000000, -1.182766006347829300E-014, 1.000000000000000000 ) ) ;
#1415 = ADVANCED_FACE ( 'NONE', ( #1702 ), #3209, .T. ) ;
#1416 = ORIENTED_EDGE ( 'NONE', *, *, #3067, .T. ) ;
#1417 = PLANE ( 'NONE',  #719 ) ;
#1418 = ADVANCED_FACE ( 'NONE', ( #797 ), #1020, .F. ) ;
#1419 = CARTESIAN_POINT ( 'NONE',  ( -3.685000000000001800, 0.2500000000000018900, 1.270000000000001600 ) ) ;
#1420 = CARTESIAN_POINT ( 'NONE',  ( -1.702020227631533000, 1.190000000000000200, 2.506409504662578100 ) ) ;
#1421 = EDGE_CURVE ( 'NONE', #2938, #708, #1400, .T. ) ;
#1422 = ORIENTED_EDGE ( 'NONE', *, *, #1107, .T. ) ;
#1423 = DIRECTION ( 'NONE',  ( -1.000000000000000000, 3.690901012716612800E-015, 0.0000000000000000000 ) ) ;
#1424 = ORIENTED_EDGE ( 'NONE', *, *, #1807, .T. ) ;
#1425 = EDGE_LOOP ( 'NONE', ( #1409, #2947, #188, #2052 ) ) ;
#1426 = DIRECTION ( 'NONE',  ( 0.0000000000000000000, 9.982722661043992100E-017, 1.000000000000000000 ) ) ;
#1427 = VECTOR ( 'NONE', #407, 1000.000000000000000 ) ;
#1428 = DIRECTION ( 'NONE',  ( 0.0000000000000000000, 1.000000000000000000, 0.0000000000000000000 ) ) ;
#1429 = VECTOR ( 'NONE', #1695, 1000.000000000000000 ) ;
#1430 = DIRECTION ( 'NONE',  ( 1.000000000000000000, 0.0000000000000000000, -2.478176394252584900E-015 ) ) ;
#1431 = VERTEX_POINT ( 'NONE', #769 ) ;
#1432 = VECTOR ( 'NONE', #1568, 1000.000000000000100 ) ;
#1433 = EDGE_CURVE ( 'NONE', #2560, #1105, #1353, .T. ) ;
#1434 = DIRECTION ( 'NONE',  ( -0.0000000000000000000, -0.0000000000000000000, 1.000000000000000000 ) ) ;
#1435 = AXIS2_PLACEMENT_3D ( 'NONE', #2475, #1959, #341 ) ;
#1436 = VECTOR ( 'NONE', #661, 1000.000000000000000 ) ;
#1437 = DIRECTION ( 'NONE',  ( 1.000000000000000000, 0.0000000000000000000, 0.0000000000000000000 ) ) ;
#1438 = VECTOR ( 'NONE', #334, 1000.000000000000000 ) ;
#1439 = CARTESIAN_POINT ( 'NONE',  ( 0.8900000000000004600, 1.038555138626188600, 1.051414343846206500 ) ) ;
#1440 = CARTESIAN_POINT ( 'NONE',  ( -2.665000000000000000, 1.300000000000000000, -1.909999999999999900 ) ) ;
#1441 = EDGE_CURVE ( 'NONE', #1800, #743, #216, .T. ) ;
#1442 = CARTESIAN_POINT ( 'NONE',  ( -2.839999999999999900, 1.550000000000000000, -1.269999999999998500 ) ) ;
#1443 = CARTESIAN_POINT ( 'NONE',  ( -2.839999999999999900, 1.190000000000000200, -1.269999999999998500 ) ) ;
#1444 = ORIENTED_EDGE ( 'NONE', *, *, #2974, .F. ) ;
#1445 = VECTOR ( 'NONE', #2493, 1000.000000000000000 ) ;
#1446 = CARTESIAN_POINT ( 'NONE',  ( -1.911073291687469800, 1.190000000000001300, 2.799491091270855000 ) ) ;
#1447 = CARTESIAN_POINT ( 'NONE',  ( 3.200000000000002800, 0.3600000000000013700, 1.270000000000000500 ) ) ;
#1448 = CARTESIAN_POINT ( 'NONE',  ( -2.839999999999999900, 1.300000000000000000, -1.269999999999998500 ) ) ;
#1449 = ORIENTED_EDGE ( 'NONE', *, *, #2359, .F. ) ;
#1450 = DIRECTION ( 'NONE',  ( -1.000000000000000000, 0.0000000000000000000, -0.0000000000000000000 ) ) ;
#1451 = ORIENTED_EDGE ( 'NONE', *, *, #18, .F. ) ;
#1452 = DIRECTION ( 'NONE',  ( 7.120606872860912000E-017, 1.000000000000000000, -9.982722661043973600E-017 ) ) ;
#1453 = ORIENTED_EDGE ( 'NONE', *, *, #757, .F. ) ;
#1454 = EDGE_CURVE ( 'NONE', #2856, #1304, #2599, .T. ) ;
#1455 = ORIENTED_EDGE ( 'NONE', *, *, #2452, .F. ) ;
#1456 = AXIS2_PLACEMENT_3D ( 'NONE', #39, #83, #362 ) ;
#1457 = ORIENTED_EDGE ( 'NONE', *, *, #3484, .T. ) ;
#1458 = ORIENTED_EDGE ( 'NONE', *, *, #3242, .T. ) ;
#1459 = CARTESIAN_POINT ( 'NONE',  ( -2.735946935944063800, 1.190000000000000600, 1.768916750909690800 ) ) ;
#1460 = AXIS2_PLACEMENT_3D ( 'NONE', #2889, #941, #1796 ) ;
#1461 = ORIENTED_EDGE ( 'NONE', *, *, #381, .T. ) ;
#1462 = EDGE_CURVE ( 'NONE', #2014, #2189, #832, .T. ) ;
#1463 = DIRECTION ( 'NONE',  ( -2.105246936865057300E-016, 0.0000000000000000000, 1.000000000000000000 ) ) ;
#1464 = DIRECTION ( 'NONE',  ( 0.0000000000000000000, 0.0000000000000000000, 1.000000000000000000 ) ) ;
#1465 = ORIENTED_EDGE ( 'NONE', *, *, #3023, .F. ) ;
#1466 = ORIENTED_EDGE ( 'NONE', *, *, #1009, .T. ) ;
#1467 = ORIENTED_EDGE ( 'NONE', *, *, #3119, .F. ) ;
#1468 = EDGE_CURVE ( 'NONE', #868, #1926, #3394, .T. ) ;
#1469 = ORIENTED_EDGE ( 'NONE', *, *, #2815, .F. ) ;
#1470 = CYLINDRICAL_SURFACE ( 'NONE', #298, 0.2500000000000002200 ) ;
#1471 = CYLINDRICAL_SURFACE ( 'NONE', #2925, 0.3599999999999998800 ) ;
#1472 = LINE ( 'NONE', #349, #2837 ) ;
#1473 = CARTESIAN_POINT ( 'NONE',  ( -3.200000000000002800, 0.2500000000000018300, -1.269999999999998500 ) ) ;
#1474 = AXIS2_PLACEMENT_3D ( 'NONE', #2267, #1135, #3025 ) ;
#1475 = ORIENTED_EDGE ( 'NONE', *, *, #3512, .T. ) ;
#1476 = FACE_OUTER_BOUND ( 'NONE', #310, .T. ) ;
#1477 = CARTESIAN_POINT ( 'NONE',  ( -2.665000000000000000, 1.300000000000000000, 1.669452815064587800 ) ) ;
#1478 = CARTESIAN_POINT ( 'NONE',  ( 2.665000000000000000, 1.300000000000000000, 1.270000000000000700 ) ) ;
#1479 = CARTESIAN_POINT ( 'NONE',  ( -3.685000000000001800, 1.858547072117582300E-015, -1.269999999999998200 ) ) ;
#1480 = EDGE_CURVE ( 'NONE', #356, #493, #2333, .T. ) ;
#1481 = ORIENTED_EDGE ( 'NONE', *, *, #2855, .T. ) ;
#1482 = FACE_OUTER_BOUND ( 'NONE', #1886, .T. ) ;
#1483 = VECTOR ( 'NONE', #1016, 1000.000000000000000 ) ;
#1484 = FACE_OUTER_BOUND ( 'NONE', #3175, .T. ) ;
#1485 = DIRECTION ( 'NONE',  ( 0.5807029557109351100, 0.0000000000000000000, 0.8141155183563225700 ) ) ;
#1486 = EDGE_CURVE ( 'NONE', #437, #3479, #878, .T. ) ;
#1487 = CARTESIAN_POINT ( 'NONE',  ( -1.974950616815674500, 2.030579663108653100E-015, 2.889043798290052300 ) ) ;
#1488 = LINE ( 'NONE', #1967, #3007 ) ;
#1489 = VECTOR ( 'NONE', #2725, 1000.000000000000000 ) ;
#1490 = CARTESIAN_POINT ( 'NONE',  ( 1.270000000000012700, 1.190000000000000600, 3.170000000000001300 ) ) ;
#1491 = DIRECTION ( 'NONE',  ( 1.555594421392246100E-014, 1.000000000000000000, -3.771137991253930200E-015 ) ) ;
#1492 = CARTESIAN_POINT ( 'NONE',  ( -2.665000000000000000, 1.550000000000000000, 1.270000000000000700 ) ) ;
#1493 = ORIENTED_EDGE ( 'NONE', *, *, #2766, .F. ) ;
#1494 = CIRCLE ( 'NONE', #419, 0.3599999999999999900 ) ;
#1495 = EDGE_CURVE ( 'NONE', #448, #2598, #692, .T. ) ;
#1496 = CARTESIAN_POINT ( 'NONE',  ( 3.310000000000002700, 1.786167762732496600E-015, 1.270000000000000700 ) ) ;
#1497 = VERTEX_POINT ( 'NONE', #2366 ) ;
#1498 =( LENGTH_UNIT ( ) NAMED_UNIT ( * ) SI_UNIT ( .MILLI., .METRE. ) );
#1499 = CARTESIAN_POINT ( 'NONE',  ( -0.8900000000000000100, -8.450000000000001100, 1.059999999999997600 ) ) ;
#1500 = ORIENTED_EDGE ( 'NONE', *, *, #1692, .T. ) ;
#1501 = AXIS2_PLACEMENT_3D ( 'NONE', #3471, #1855, #2389 ) ;
#1502 = CIRCLE ( 'NONE', #2507, 0.2499999999999997800 ) ;
#1503 = ORIENTED_EDGE ( 'NONE', *, *, #546, .F. ) ;
#1504 = DIRECTION ( 'NONE',  ( 0.0000000000000000000, 0.0000000000000000000, -1.000000000000000000 ) ) ;
#1505 = PRODUCT_RELATED_PRODUCT_CATEGORY ( 'part', '', ( #1046 ) ) ;
#1506 = EDGE_CURVE ( 'NONE', #1365, #453, #1133, .T. ) ;
#1507 = DIRECTION ( 'NONE',  ( -1.994196738734802500E-016, 1.000000000000000000, 0.0000000000000000000 ) ) ;
#1508 = VERTEX_POINT ( 'NONE', #1832 ) ;
#1509 = EDGE_LOOP ( 'NONE', ( #522, #2919, #1424, #1696, #981 ) ) ;
#1510 = DIRECTION ( 'NONE',  ( 0.8141155183563230100, -3.208924548677788000E-016, 0.5807029557109344400 ) ) ;
#1511 = AXIS2_PLACEMENT_3D ( 'NONE', #1028, #2944, #2146 ) ;
#1512 = EDGE_CURVE ( 'NONE', #3244, #1294, #926, .T. ) ;
#1513 = EDGE_LOOP ( 'NONE', ( #454, #1362, #447, #803 ) ) ;
#1514 = VERTEX_POINT ( 'NONE', #2446 ) ;
#1515 = CARTESIAN_POINT ( 'NONE',  ( 2.949999999999999300, 1.190000000000000600, -1.269999999999999800 ) ) ;
#1516 = VERTEX_POINT ( 'NONE', #256 ) ;
#1517 = FACE_OUTER_BOUND ( 'NONE', #2350, .T. ) ;
#1518 = VECTOR ( 'NONE', #1146, 1000.000000000000000 ) ;
#1519 = CARTESIAN_POINT ( 'NONE',  ( 2.839999999999999900, 1.550000000000000000, 1.270000000000000200 ) ) ;
#1520 = ORIENTED_EDGE ( 'NONE', *, *, #167, .F. ) ;
#1521 = VECTOR ( 'NONE', #182, 1000.000000000000000 ) ;
#1522 = DIRECTION ( 'NONE',  ( 0.0000000000000000000, 0.0000000000000000000, -1.000000000000000000 ) ) ;
#1523 = AXIS2_PLACEMENT_3D ( 'NONE', #1070, #2991, #1356 ) ;
#1524 = LINE ( 'NONE', #3315, #3203 ) ;
#1525 = DIRECTION ( 'NONE',  ( 0.0000000000000000000, 0.0000000000000000000, 1.000000000000000000 ) ) ;
#1526 = CARTESIAN_POINT ( 'NONE',  ( -2.950000000000002400, 0.3600000000000004900, 1.270000000000001800 ) ) ;
#1527 = AXIS2_PLACEMENT_3D ( 'NONE', #663, #922, #1197 ) ;
#1528 = FACE_OUTER_BOUND ( 'NONE', #3308, .T. ) ;
#1529 = DIRECTION ( 'NONE',  ( 0.0000000000000000000, 1.000000000000000000, -2.306813132947883000E-016 ) ) ;
#1530 = VECTOR ( 'NONE', #1574, 1000.000000000000000 ) ;
#1531 = DIRECTION ( 'NONE',  ( -1.218204688185959100E-016, -1.000000000000000000, 3.687389588912945500E-016 ) ) ;
#1532 = DIRECTION ( 'NONE',  ( 0.0000000000000000000, 0.0000000000000000000, 1.000000000000000000 ) ) ;
#1533 = ORIENTED_EDGE ( 'NONE', *, *, #567, .F. ) ;
#1534 = CARTESIAN_POINT ( 'NONE',  ( 3.685000000000001800, 1.874603937693400100E-015, -1.269999999999999600 ) ) ;
#1535 = LINE ( 'NONE', #1803, #3426 ) ;
#1536 = CARTESIAN_POINT ( 'NONE',  ( 3.935000000000001800, 1.927777842404073700E-015, 0.0000000000000000000 ) ) ;
#1537 = ORIENTED_EDGE ( 'NONE', *, *, #1798, .F. ) ;
#1538 = AXIS2_PLACEMENT_3D ( 'NONE', #2256, #1042, #64 ) ;
#1539 = CARTESIAN_POINT ( 'NONE',  ( -1.911073291687469500, 1.300000000000000700, 2.799491091270854200 ) ) ;
#1540 = ORIENTED_EDGE ( 'NONE', *, *, #417, .T. ) ;
#1541 = DIRECTION ( 'NONE',  ( 1.000000000000000000, 0.0000000000000000000, 0.0000000000000000000 ) ) ;
#1542 = ORIENTED_EDGE ( 'NONE', *, *, #2611, .T. ) ;
#1543 = VERTEX_POINT ( 'NONE', #566 ) ;
#1544 = CARTESIAN_POINT ( 'NONE',  ( 0.05278323435324084500, 1.279999999999999400, 1.770000000000000200 ) ) ;
#1545 = DIRECTION ( 'NONE',  ( 0.0000000000000000000, 2.168404344971006900E-016, 1.000000000000000000 ) ) ;
#1546 = VERTEX_POINT ( 'NONE', #1863 ) ;
#1547 = EDGE_CURVE ( 'NONE', #627, #2043, #38, .T. ) ;
#1548 = AXIS2_PLACEMENT_3D ( 'NONE', #3444, #199, #1012 ) ;
#1549 = CARTESIAN_POINT ( 'NONE',  ( -2.404953649132019100, 2.081390871458883000E-015, 3.311373111521286500 ) ) ;
#1550 = ORIENTED_EDGE ( 'NONE', *, *, #927, .F. ) ;
#1551 = ORIENTED_EDGE ( 'NONE', *, *, #2879, .T. ) ;
#1552 = PLANE ( 'NONE',  #3018 ) ;
#1553 = LINE ( 'NONE', #1334, #2508 ) ;
#1554 = ORIENTED_EDGE ( 'NONE', *, *, #2177, .F. ) ;
#1555 = VECTOR ( 'NONE', #1158, 1000.000000000000000 ) ;
#1556 = CIRCLE ( 'NONE', #1726, 0.1099999999999998500 ) ;
#1557 = EDGE_CURVE ( 'NONE', #1270, #698, #1862, .T. ) ;
#1558 = ORIENTED_EDGE ( 'NONE', *, *, #765, .F. ) ;
#1559 = CIRCLE ( 'NONE', #3028, 0.2500000000000002200 ) ;
#1560 = CARTESIAN_POINT ( 'NONE',  ( 3.235351477855469500, 1.977010087136560100E-015, 2.469056096696150300 ) ) ;
#1561 = ORIENTED_EDGE ( 'NONE', *, *, #1462, .F. ) ;
#1562 = FACE_OUTER_BOUND ( 'NONE', #1969, .T. ) ;
#1563 = CARTESIAN_POINT ( 'NONE',  ( -0.8900000000000011200, 1.291444861373810500, -0.8694738077799497600 ) ) ;
#1564 = AXIS2_PLACEMENT_3D ( 'NONE', #3285, #2259, #1167 ) ;
#1565 = CARTESIAN_POINT ( 'NONE',  ( 3.200000000000002800, 0.3600000000000013700, 1.270000000000000700 ) ) ;
#1566 = VECTOR ( 'NONE', #2908, 1000.000000000000000 ) ;
#1567 = FACE_OUTER_BOUND ( 'NONE', #894, .T. ) ;
#1568 = DIRECTION ( 'NONE',  ( 0.8141155183563230100, 0.0000000000000000000, 0.5807029557109344400 ) ) ;
#1569 = VECTOR ( 'NONE', #3317, 1000.000000000000000 ) ;
#1570 = EDGE_CURVE ( 'NONE', #1339, #2067, #2932, .T. ) ;
#1571 = AXIS2_PLACEMENT_3D ( 'NONE', #2346, #730, #193 ) ;
#1572 = VECTOR ( 'NONE', #754, 1000.000000000000000 ) ;
#1573 = DIRECTION ( 'NONE',  ( -0.8141155183563230100, 0.0000000000000000000, -0.5807029557109344400 ) ) ;
#1574 = DIRECTION ( 'NONE',  ( 0.0000000000000000000, -1.000000000000000000, -0.0000000000000000000 ) ) ;
#1575 = AXIS2_PLACEMENT_3D ( 'NONE', #2251, #2806, #2491 ) ;
#1576 = EDGE_CURVE ( 'NONE', #3112, #2135, #1494, .T. ) ;
#1577 = ORIENTED_EDGE ( 'NONE', *, *, #2554, .F. ) ;
#1578 = CARTESIAN_POINT ( 'NONE',  ( -0.05278323435324149700, 1.279999999999999100, 0.8800000000000002300 ) ) ;
#1579 = VECTOR ( 'NONE', #1115, 1000.000000000000000 ) ;
#1580 = EDGE_CURVE ( 'NONE', #402, #963, #2046, .T. ) ;
#1581 = ORIENTED_EDGE ( 'NONE', *, *, #1867, .T. ) ;
#1582 = VERTEX_POINT ( 'NONE', #1627 ) ;
#1583 = DIRECTION ( 'NONE',  ( 1.000000000000000000, 0.0000000000000000000, 0.0000000000000000000 ) ) ;
#1584 = ADVANCED_FACE ( 'NONE', ( #2765 ), #2596, .T. ) ;
#1585 = ORIENTED_EDGE ( 'NONE', *, *, #3319, .T. ) ;
#1586 = CARTESIAN_POINT ( 'NONE',  ( -2.550129388059753300, 2.089094963276941700E-015, 3.264901991110367600 ) ) ;
#1587 = ORIENTED_EDGE ( 'NONE', *, *, #2921, .T. ) ;
#1588 = DIRECTION ( 'NONE',  ( 7.120606872860914400E-017, 1.000000000000000000, -9.982722661043971200E-017 ) ) ;
#1589 = AXIS2_PLACEMENT_3D ( 'NONE', #1650, #1670, #323 ) ;
#1590 = VECTOR ( 'NONE', #1839, 1000.000000000000000 ) ;
#1591 = DIRECTION ( 'NONE',  ( -0.0000000000000000000, -0.0000000000000000000, 1.000000000000000000 ) ) ;
#1592 = EDGE_LOOP ( 'NONE', ( #2142, #1783, #60, #2371 ) ) ;
#1593 = ORIENTED_EDGE ( 'NONE', *, *, #2838, .F. ) ;
#1594 = CYLINDRICAL_SURFACE ( 'NONE', #1819, 1.249999999999998900 ) ;
#1595 = CARTESIAN_POINT ( 'NONE',  ( -1.967929758050891000, 1.151353447255134400E-014, 2.758935767948713200 ) ) ;
#1596 = VECTOR ( 'NONE', #1859, 1000.000000000000000 ) ;
#1597 = DIRECTION ( 'NONE',  ( 0.0000000000000000000, 0.0000000000000000000, 1.000000000000000000 ) ) ;
#1598 = VECTOR ( 'NONE', #249, 1000.000000000000000 ) ;
#1599 = CARTESIAN_POINT ( 'NONE',  ( 3.310000000000002700, 0.3600000000000017100, -1.269999999999999800 ) ) ;
#1600 = EDGE_CURVE ( 'NONE', #3116, #2897, #2640, .T. ) ;
#1601 = VERTEX_POINT ( 'NONE', #804 ) ;
#1602 = LINE ( 'NONE', #2133, #1389 ) ;
#1603 = FACE_OUTER_BOUND ( 'NONE', #2188, .T. ) ;
#1604 = CYLINDRICAL_SURFACE ( 'NONE', #386, 0.1099999999999999000 ) ;
#1605 = CARTESIAN_POINT ( 'NONE',  ( -2.665000000000000000, 1.300000000000000000, 1.270000000000000700 ) ) ;
#1606 = ORIENTED_EDGE ( 'NONE', *, *, #1211, .T. ) ;
#1607 = VECTOR ( 'NONE', #1785, 1000.000000000000000 ) ;
#1608 = VECTOR ( 'NONE', #284, 999.9999999999998900 ) ;
#1609 = ADVANCED_FACE ( 'NONE', ( #390 ), #1066, .F. ) ;
#1610 = PLANE ( 'NONE',  #2400 ) ;
#1611 = VECTOR ( 'NONE', #2114, 1000.000000000000100 ) ;
#1612 = CARTESIAN_POINT ( 'NONE',  ( -2.665000000000000000, 1.550000000000000000, 1.669452815064587800 ) ) ;
#1613 = LINE ( 'NONE', #1440, #883 ) ;
#1614 = CARTESIAN_POINT ( 'NONE',  ( -0.05278323435324128200, 1.279999999999999600, 1.770000000000000200 ) ) ;
#1615 = EDGE_CURVE ( 'NONE', #2621, #266, #3389, .T. ) ;
#1616 = AXIS2_PLACEMENT_3D ( 'NONE', #58, #3287, #576 ) ;
#1617 = ORIENTED_EDGE ( 'NONE', *, *, #1692, .F. ) ;
#1618 = DIRECTION ( 'NONE',  ( -2.105246936865057300E-016, 0.0000000000000000000, 1.000000000000000000 ) ) ;
#1619 = CARTESIAN_POINT ( 'NONE',  ( -3.263434415835643300E-016, 0.2500000000000011100, 0.0000000000000000000 ) ) ;
#1620 = ORIENTED_EDGE ( 'NONE', *, *, #1798, .T. ) ;
#1621 = EDGE_CURVE ( 'NONE', #3412, #1514, #1396, .T. ) ;
#1622 = DIRECTION ( 'NONE',  ( -0.0000000000000000000, -0.0000000000000000000, 1.000000000000000000 ) ) ;
#1623 = ORIENTED_EDGE ( 'NONE', *, *, #426, .T. ) ;
#1624 = DIRECTION ( 'NONE',  ( -0.0000000000000000000, -0.0000000000000000000, -1.000000000000000000 ) ) ;
#1625 = CARTESIAN_POINT ( 'NONE',  ( 2.665000000000000000, 1.300000000000000000, 1.669452815064608400 ) ) ;
#1626 = VERTEX_POINT ( 'NONE', #2988 ) ;
#1627 = CARTESIAN_POINT ( 'NONE',  ( 3.935000000000001800, 0.2500000000000019400, 1.020000000000000700 ) ) ;
#1628 = ORIENTED_EDGE ( 'NONE', *, *, #1615, .T. ) ;
#1629 = ADVANCED_FACE ( 'NONE', ( #2297 ), #2116, .F. ) ;
#1630 = PLANE ( 'NONE',  #780 ) ;
#1631 = ORIENTED_EDGE ( 'NONE', *, *, #2520, .T. ) ;
#1632 = DIRECTION ( 'NONE',  ( 0.0000000000000000000, 0.0000000000000000000, -1.000000000000000000 ) ) ;
#1633 = VERTEX_POINT ( 'NONE', #49 ) ;
#1634 = EDGE_CURVE ( 'NONE', #1926, #448, #2374, .T. ) ;
#1635 = AXIS2_PLACEMENT_3D ( 'NONE', #3236, #2169, #3270 ) ;
#1636 = ORIENTED_EDGE ( 'NONE', *, *, #2412, .T. ) ;
#1637 = CIRCLE ( 'NONE', #966, 0.2499999999999997800 ) ;
#1638 = AXIS2_PLACEMENT_3D ( 'NONE', #2327, #2899, #2612 ) ;
#1639 = ORIENTED_EDGE ( 'NONE', *, *, #2654, .F. ) ;
#1640 = CARTESIAN_POINT ( 'NONE',  ( 1.702020227631533500, 1.300000000000000000, 2.506409504662598500 ) ) ;
#1641 = VECTOR ( 'NONE', #535, 1000.000000000000000 ) ;
#1642 = EDGE_CURVE ( 'NONE', #2435, #3058, #2677, .T. ) ;
#1643 = LINE ( 'NONE', #768, #1731 ) ;
#1644 = CARTESIAN_POINT ( 'NONE',  ( 1.974950616815676300, 2.005774019098183200E-015, 2.889043798290073200 ) ) ;
#1645 = VECTOR ( 'NONE', #163, 999.9999999999998900 ) ;
#1646 = CARTESIAN_POINT ( 'NONE',  ( -2.945000000000000700, 1.190000000000001700, 2.061998337517967800 ) ) ;
#1647 = AXIS2_PLACEMENT_3D ( 'NONE', #777, #3162, #2113 ) ;
#1648 = DIRECTION ( 'NONE',  ( -2.105246936865057300E-016, 0.0000000000000000000, 1.000000000000000000 ) ) ;
#1649 = VECTOR ( 'NONE', #2745, 1000.000000000000000 ) ;
#1650 = CARTESIAN_POINT ( 'NONE',  ( -2.665000000000000000, 1.300000000000000000, 1.270000000000000700 ) ) ;
#1651 = DIRECTION ( 'NONE',  ( -1.000000000000000000, -2.212657494868377700E-016, 0.0000000000000000000 ) ) ;
#1652 = LINE ( 'NONE', #843, #1823 ) ;
#1653 = PLANE ( 'NONE',  #303 ) ;
#1654 = AXIS2_PLACEMENT_3D ( 'NONE', #2816, #1178, #3078 ) ;
#1655 = DIRECTION ( 'NONE',  ( 2.107399141106205100E-015, 1.000000000000000000, -2.812010927521491700E-015 ) ) ;
#1656 = VECTOR ( 'NONE', #516, 1000.000000000000000 ) ;
#1657 = EDGE_CURVE ( 'NONE', #2790, #290, #1652, .T. ) ;
#1658 = DIRECTION ( 'NONE',  ( -1.000000000000000000, 0.0000000000000000000, 0.0000000000000000000 ) ) ;
#1659 = EDGE_LOOP ( 'NONE', ( #2630, #84, #3185, #1327 ) ) ;
#1660 = CARTESIAN_POINT ( 'NONE',  ( 3.310000000000002700, 1.843143693225357500E-015, 1.270000000000000700 ) ) ;
#1661 = EDGE_CURVE ( 'NONE', #3173, #2330, #828, .T. ) ;
#1662 = PLANE ( 'NONE',  #404 ) ;
#1663 = LINE ( 'NONE', #3033, #2224 ) ;
#1664 = ADVANCED_FACE ( 'NONE', ( #138 ), #2219, .T. ) ;
#1665 = DIRECTION ( 'NONE',  ( 1.994196738734802500E-016, -1.000000000000000000, 0.0000000000000000000 ) ) ;
#1666 = DIRECTION ( 'NONE',  ( -1.000000000000000000, -0.0000000000000000000, -0.0000000000000000000 ) ) ;
#1667 = EDGE_CURVE ( 'NONE', #2643, #1241, #1904, .T. ) ;
#1668 = CARTESIAN_POINT ( 'NONE',  ( 0.8900000000000004600, 1.029999999999999100, 1.181940536066257600 ) ) ;
#1669 = ORIENTED_EDGE ( 'NONE', *, *, #2589, .T. ) ;
#1670 = DIRECTION ( 'NONE',  ( 4.956352788505169800E-015, -0.0000000000000000000, 1.000000000000000000 ) ) ;
#1671 = DIRECTION ( 'NONE',  ( 1.000000000000000000, 0.0000000000000000000, -0.0000000000000000000 ) ) ;
#1672 = AXIS2_PLACEMENT_3D ( 'NONE', #2607, #3480, #783 ) ;
#1673 = ORIENTED_EDGE ( 'NONE', *, *, #3219, .T. ) ;
#1674 = EDGE_LOOP ( 'NONE', ( #3118, #2232, #1825, #2810, #578, #2645 ) ) ;
#1675 = ORIENTED_EDGE ( 'NONE', *, *, #2838, .T. ) ;
#1676 = DIRECTION ( 'NONE',  ( -7.120606872860914400E-017, -1.000000000000000000, 9.982722661043972400E-017 ) ) ;
#1677 = ADVANCED_FACE ( 'NONE', ( #1947 ), #1961, .F. ) ;
#1678 = CARTESIAN_POINT ( 'NONE',  ( 3.935000000000001800, 1.924458856161770400E-015, 1.020000000000000700 ) ) ;
#1679 = EDGE_LOOP ( 'NONE', ( #2606, #285, #1059, #2196, #2132, #2163, #1461, #1927, #1150 ) ) ;
#1680 = EDGE_LOOP ( 'NONE', ( #2959, #2831, #776, #264 ) ) ;
#1681 = DIRECTION ( 'NONE',  ( -1.000000000000000000, 3.942553354492748600E-015, 0.0000000000000000000 ) ) ;
#1682 = ADVANCED_FACE ( 'NONE', ( #512 ), #2501, .F. ) ;
#1683 = DIRECTION ( 'NONE',  ( 1.707404996040164300E-016, 3.771137991253927900E-015, 1.000000000000000000 ) ) ;
#1684 = EDGE_CURVE ( 'NONE', #766, #785, #2762, .T. ) ;
#1685 = VECTOR ( 'NONE', #1735, 1000.000000000000000 ) ;
#1686 = AXIS2_PLACEMENT_3D ( 'NONE', #2462, #3267, #28 ) ;
#1687 = CARTESIAN_POINT ( 'NONE',  ( 2.839999999999999900, 1.190000000000000200, 1.270000000000000700 ) ) ;
#1688 = ORIENTED_EDGE ( 'NONE', *, *, #2281, .T. ) ;
#1689 = LINE ( 'NONE', #2426, #2076 ) ;
#1690 = AXIS2_PLACEMENT_3D ( 'NONE', #1827, #2381, #228 ) ;
#1691 = DIRECTION ( 'NONE',  ( 0.0000000000000000000, 0.0000000000000000000, -1.000000000000000000 ) ) ;
#1692 = EDGE_CURVE ( 'NONE', #2557, #649, #1005, .T. ) ;
#1693 = DIRECTION ( 'NONE',  ( 3.469446951953617300E-015, 0.0000000000000000000, 1.000000000000000000 ) ) ;
#1694 = VECTOR ( 'NONE', #3274, 1000.000000000000000 ) ;
#1695 = DIRECTION ( 'NONE',  ( -1.084202172485525100E-014, -0.0000000000000000000, -1.000000000000000000 ) ) ;
#1696 = ORIENTED_EDGE ( 'NONE', *, *, #1009, .F. ) ;
#1697 = VECTOR ( 'NONE', #1089, 1000.000000000000000 ) ;
#1698 = CARTESIAN_POINT ( 'NONE',  ( 2.839999999999999900, 1.190000000000000200, 1.270000000000000700 ) ) ;
#1699 = CARTESIAN_POINT ( 'NONE',  ( 3.176998337194122600, 1.978668964786045600E-015, 2.817760715212964700 ) ) ;
#1700 = DIRECTION ( 'NONE',  ( -2.212657494868377700E-016, 1.000000000000000000, 0.0000000000000000000 ) ) ;
#1701 = ORIENTED_EDGE ( 'NONE', *, *, #835, .T. ) ;
#1702 = FACE_OUTER_BOUND ( 'NONE', #1933, .T. ) ;
#1703 = CARTESIAN_POINT ( 'NONE',  ( 3.935000000000001800, 0.2500000000000019400, -1.019999999999999600 ) ) ;
#1704 = DIRECTION ( 'NONE',  ( -1.000000000000000000, -2.464095846557967800E-015, 0.0000000000000000000 ) ) ;
#1705 = ORIENTED_EDGE ( 'NONE', *, *, #765, .T. ) ;
#1706 = VECTOR ( 'NONE', #2181, 1000.000000000000100 ) ;
#1707 = ADVANCED_FACE ( 'NONE', ( #1314 ), #63, .T. ) ;
#1708 = CARTESIAN_POINT ( 'NONE',  ( 0.8900000000000004600, 1.029999999999998700, 1.181940536066257600 ) ) ;
#1709 = CARTESIAN_POINT ( 'NONE',  ( 2.665000000000000000, 1.300000000000000000, 1.270000000000000700 ) ) ;
#1710 = ORIENTED_EDGE ( 'NONE', *, *, #1454, .F. ) ;
#1711 = CARTESIAN_POINT ( 'NONE',  ( -3.685000000000001800, 0.2500000000000019400, -1.269999999999998200 ) ) ;
#1712 = AXIS2_PLACEMENT_3D ( 'NONE', #904, #2819, #1184 ) ;
#1713 = EDGE_LOOP ( 'NONE', ( #2953, #3513, #2090, #1416 ) ) ;
#1714 = DIRECTION ( 'NONE',  ( -0.8141155183563216800, 2.412891360787823600E-016, 0.5807029557109363300 ) ) ;
#1715 = CARTESIAN_POINT ( 'NONE',  ( 3.685000000000001800, 1.872461405032364000E-015, -1.269999999999999600 ) ) ;
#1716 = ORIENTED_EDGE ( 'NONE', *, *, #1734, .T. ) ;
#1717 = CARTESIAN_POINT ( 'NONE',  ( 0.8900000000000004600, 0.3000000000000007700, -1.000000000000002200 ) ) ;
#1718 = DIRECTION ( 'NONE',  ( 0.0000000000000000000, -0.1305261922200526800, 0.9914448613738102700 ) ) ;
#1719 = ORIENTED_EDGE ( 'NONE', *, *, #2520, .F. ) ;
#1720 = ORIENTED_EDGE ( 'NONE', *, *, #820, .F. ) ;
#1721 = ORIENTED_EDGE ( 'NONE', *, *, #472, .F. ) ;
#1722 = CARTESIAN_POINT ( 'NONE',  ( 2.949999999999998800, 1.300000000000000000, -1.269999999999999800 ) ) ;
#1723 = EDGE_LOOP ( 'NONE', ( #3328, #773, #3356, #16 ) ) ;
#1724 = EDGE_LOOP ( 'NONE', ( #1282, #2986, #855, #1023 ) ) ;
#1725 = CARTESIAN_POINT ( 'NONE',  ( -2.839999999999999900, 1.300000000000000000, -1.269999999999998500 ) ) ;
#1726 = AXIS2_PLACEMENT_3D ( 'NONE', #618, #332, #2249 ) ;
#1727 = VECTOR ( 'NONE', #2128, 1000.000000000000000 ) ;
#1728 = FACE_OUTER_BOUND ( 'NONE', #2735, .T. ) ;
#1729 = FACE_OUTER_BOUND ( 'NONE', #596, .T. ) ;
#1730 = DIRECTION ( 'NONE',  ( 3.853260616876377700E-018, -1.000000000000000000, 5.402072150002732900E-018 ) ) ;
#1731 = VECTOR ( 'NONE', #2680, 1000.000000000000000 ) ;
#1732 = ORIENTED_EDGE ( 'NONE', *, *, #316, .F. ) ;
#1733 = VECTOR ( 'NONE', #337, 1000.000000000000000 ) ;
#1734 = EDGE_CURVE ( 'NONE', #14, #2221, #603, .T. ) ;
#1735 = DIRECTION ( 'NONE',  ( 3.690901012716612800E-015, 1.000000000000000000, -2.306813132947883000E-016 ) ) ;
#1736 = AXIS2_PLACEMENT_3D ( 'NONE', #1272, #1841, #223 ) ;
#1737 = ORIENTED_EDGE ( 'NONE', *, *, #757, .T. ) ;
#1738 = FACE_OUTER_BOUND ( 'NONE', #2095, .T. ) ;
#1739 = CARTESIAN_POINT ( 'NONE',  ( 0.8900000000000004600, 1.279999999999998700, 1.181940536066257600 ) ) ;
#1740 = CARTESIAN_POINT ( 'NONE',  ( 2.839999999999999900, 1.300000000000000000, -1.269999999999999800 ) ) ;
#1741 = VECTOR ( 'NONE', #3152, 1000.000000000000000 ) ;
#1742 = CARTESIAN_POINT ( 'NONE',  ( 2.839999999999999900, 1.300000000000000000, 1.270000000000000700 ) ) ;
#1743 = EDGE_CURVE ( 'NONE', #2610, #3412, #1746, .T. ) ;
#1744 = DIRECTION ( 'NONE',  ( 0.0000000000000000000, 1.000000000000000000, 0.0000000000000000000 ) ) ;
#1745 = ORIENTED_EDGE ( 'NONE', *, *, #1838, .T. ) ;
#1746 = LINE ( 'NONE', #829, #2209 ) ;
#1747 = CYLINDRICAL_SURFACE ( 'NONE', #626, 0.2500000000000002200 ) ;
#1748 = CARTESIAN_POINT ( 'NONE',  ( 2.799824261072266100, 1.300000000000000000, 1.858469457928905400 ) ) ;
#1749 = DIRECTION ( 'NONE',  ( 0.0000000000000000000, 0.0000000000000000000, 1.000000000000000000 ) ) ;
#1750 = ORIENTED_EDGE ( 'NONE', *, *, #1382, .F. ) ;
#1751 = PLANE ( 'NONE',  #1866 ) ;
#1752 = ORIENTED_EDGE ( 'NONE', *, *, #2589, .F. ) ;
#1753 = CARTESIAN_POINT ( 'NONE',  ( 1.702020227631533500, 1.300000000000000300, 2.506409504662597200 ) ) ;
#1754 = EDGE_CURVE ( 'NONE', #3178, #55, #3298, .T. ) ;
#1755 = ORIENTED_EDGE ( 'NONE', *, *, #567, .T. ) ;
#1756 =( NAMED_UNIT ( * ) SI_UNIT ( $, .STERADIAN. ) SOLID_ANGLE_UNIT ( ) );
#1757 = DIRECTION ( 'NONE',  ( -8.054195005885799600E-031, -2.306813132947883000E-016, -1.000000000000000000 ) ) ;
#1758 = CARTESIAN_POINT ( 'NONE',  ( 3.008877325128204400, 0.3600000000000018700, 2.151551044537184600 ) ) ;
#1759 = DIRECTION ( 'NONE',  ( 0.0000000000000000000, -0.1305261922200527100, 0.9914448613738103800 ) ) ;
#1760 = VERTEX_POINT ( 'NONE', #78 ) ;
#1761 = EDGE_CURVE ( 'NONE', #985, #1633, #1039, .T. ) ;
#1762 = CARTESIAN_POINT ( 'NONE',  ( 1.967929758050902300, 0.3600000000000016000, 2.758935767948723000 ) ) ;
#1763 = DIRECTION ( 'NONE',  ( 0.0000000000000000000, 0.0000000000000000000, 1.000000000000000000 ) ) ;
#1764 = DIRECTION ( 'NONE',  ( -0.0000000000000000000, 0.0000000000000000000, 1.000000000000000000 ) ) ;
#1765 = DIRECTION ( 'NONE',  ( -0.5807029557109351100, -3.491481338843133700E-015, -0.8141155183563225700 ) ) ;
#1766 = ORIENTED_EDGE ( 'NONE', *, *, #3337, .T. ) ;
#1767 = ORIENTED_EDGE ( 'NONE', *, *, #2405, .F. ) ;
#1768 = EDGE_LOOP ( 'NONE', ( #811, #1705, #936, #2229 ) ) ;
#1769 = AXIS2_PLACEMENT_3D ( 'NONE', #528, #2418, #3024 ) ;
#1770 = CARTESIAN_POINT ( 'NONE',  ( 0.8900000000000004600, 1.038555138626188600, 1.051414343846206200 ) ) ;
#1771 = ORIENTED_EDGE ( 'NONE', *, *, #296, .T. ) ;
#1772 = DIRECTION ( 'NONE',  ( -2.212657494868377700E-016, 1.000000000000000000, 0.0000000000000000000 ) ) ;
#1773 = CARTESIAN_POINT ( 'NONE',  ( -0.8900000000000011200, 1.291444861373811000, -0.8694738077799493100 ) ) ;
#1774 = VECTOR ( 'NONE', #2300, 1000.000000000000200 ) ;
#1775 = DIRECTION ( 'NONE',  ( 0.8141155183563223400, -3.208924548677785600E-016, -0.5807029557109352200 ) ) ;
#1776 = CARTESIAN_POINT ( 'NONE',  ( -3.685000000000001800, 1.872461405032364000E-015, 1.020000000000001600 ) ) ;
#1777 = VECTOR ( 'NONE', #2393, 1000.000000000000000 ) ;
#1778 = AXIS2_PLACEMENT_3D ( 'NONE', #573, #3250, #2463 ) ;
#1779 = CARTESIAN_POINT ( 'NONE',  ( -3.008877325128205700, 0.3600000000000019900, 2.151551044537165900 ) ) ;
#1780 = CARTESIAN_POINT ( 'NONE',  ( -3.199999999999999300, 1.300000000000000700, 1.270000000000001600 ) ) ;
#1781 = VECTOR ( 'NONE', #135, 1000.000000000000000 ) ;
#1782 = DIRECTION ( 'NONE',  ( 0.0000000000000000000, 0.0000000000000000000, 1.000000000000000000 ) ) ;
#1783 = ORIENTED_EDGE ( 'NONE', *, *, #488, .T. ) ;
#1784 = VECTOR ( 'NONE', #3306, 1000.000000000000000 ) ;
#1785 = DIRECTION ( 'NONE',  ( 1.000000000000000000, 2.212657494868377700E-016, 5.900419986315673800E-016 ) ) ;
#1786 = CARTESIAN_POINT ( 'NONE',  ( -2.839999999999999900, 1.190000000000000200, -1.269999999999998500 ) ) ;
#1787 = FACE_OUTER_BOUND ( 'NONE', #2383, .T. ) ;
#1788 = PRODUCT_DEFINITION_CONTEXT ( 'detailed design', #915, 'design' ) ;
#1789 = EDGE_CURVE ( 'NONE', #536, #302, #3347, .T. ) ;
#1790 = PLANE ( 'NONE',  #2127 ) ;
#1791 = LINE ( 'NONE', #824, #1445 ) ;
#1792 = ORIENTED_EDGE ( 'NONE', *, *, #2470, .T. ) ;
#1793 = CARTESIAN_POINT ( 'NONE',  ( -2.665000000000000000, 1.300000000000000000, 1.669452815064587800 ) ) ;
#1794 = CARTESIAN_POINT ( 'NONE',  ( 0.8900000000000004600, 1.029999999999999400, 1.181940536066258000 ) ) ;
#1795 = EDGE_LOOP ( 'NONE', ( #46, #3032, #1581, #412 ) ) ;
#1796 = DIRECTION ( 'NONE',  ( -0.5807029557109353300, 0.0000000000000000000, -0.8141155183563224500 ) ) ;
#1797 = DIRECTION ( 'NONE',  ( 8.394658748673983900E-017, 1.000000000000000000, -1.176887751541450900E-016 ) ) ;
#1798 = EDGE_CURVE ( 'NONE', #3479, #3113, #295, .T. ) ;
#1799 = EDGE_LOOP ( 'NONE', ( #1558, #486, #2342, #831 ) ) ;
#1800 = VERTEX_POINT ( 'NONE', #1939 ) ;
#1801 = DIRECTION ( 'NONE',  ( 1.000000000000000000, 0.0000000000000000000, 0.0000000000000000000 ) ) ;
#1802 = ORIENTED_EDGE ( 'NONE', *, *, #1642, .F. ) ;
#1803 = CARTESIAN_POINT ( 'NONE',  ( -3.200000000000002800, 0.3600000000000013700, -1.269999999999998700 ) ) ;
#1804 = FACE_OUTER_BOUND ( 'NONE', #2457, .T. ) ;
#1805 = DIRECTION ( 'NONE',  ( -0.5807029557109352200, -3.459230727495320700E-015, -0.8141155183563224500 ) ) ;
#1806 = DIRECTION ( 'NONE',  ( 1.994196738734802500E-016, -1.000000000000000000, -0.0000000000000000000 ) ) ;
#1807 = EDGE_CURVE ( 'NONE', #2598, #3009, #3008, .T. ) ;
#1808 = ORIENTED_EDGE ( 'NONE', *, *, #2898, .F. ) ;
#1809 = CARTESIAN_POINT ( 'NONE',  ( -3.310000000000002700, 1.786167762732496600E-015, -1.269999999999998500 ) ) ;
#1810 = EDGE_LOOP ( 'NONE', ( #1792, #1315, #220, #2065 ) ) ;
#1811 = DIRECTION ( 'NONE',  ( 1.000000000000000000, -1.207782778203454000E-016, -1.590076192935294600E-017 ) ) ;
#1812 = LINE ( 'NONE', #1873, #813 ) ;
#1813 = CYLINDRICAL_SURFACE ( 'NONE', #2228, 0.7500000000000006700 ) ;
#1814 = CIRCLE ( 'NONE', #3059, 0.3600000000000001000 ) ;
#1815 = CARTESIAN_POINT ( 'NONE',  ( 2.944999999999999800, 1.190000000000001100, 2.061998337517986000 ) ) ;
#1816 = ORIENTED_EDGE ( 'NONE', *, *, #2911, .F. ) ;
#1817 = LINE ( 'NONE', #2775, #1945 ) ;
#1818 = EDGE_CURVE ( 'NONE', #1760, #2330, #474, .T. ) ;
#1819 = AXIS2_PLACEMENT_3D ( 'NONE', #2535, #1671, #90 ) ;
#1820 = CIRCLE ( 'NONE', #2894, 0.2500000000000002200 ) ;
#1821 = CARTESIAN_POINT ( 'NONE',  ( -0.05278323435324149700, 1.029999999999999600, 0.8800000000000002300 ) ) ;
#1822 = ORIENTED_EDGE ( 'NONE', *, *, #2713, .F. ) ;
#1823 = VECTOR ( 'NONE', #3038, 1000.000000000000000 ) ;
#1824 = EDGE_CURVE ( 'NONE', #1063, #3149, #1229, .T. ) ;
#1825 = ORIENTED_EDGE ( 'NONE', *, *, #2647, .T. ) ;
#1826 = LINE ( 'NONE', #3333, #2683 ) ;
#1827 = CARTESIAN_POINT ( 'NONE',  ( -1.702020227631533300, 1.300000000000000000, 2.506409504662578100 ) ) ;
#1828 = ORIENTED_EDGE ( 'NONE', *, *, #2281, .F. ) ;
#1829 = EDGE_CURVE ( 'NONE', #809, #3412, #924, .T. ) ;
#1830 = DIRECTION ( 'NONE',  ( 0.8141155183563232300, -0.0000000000000000000, 0.5807029557109341100 ) ) ;
#1831 = EDGE_LOOP ( 'NONE', ( #3151, #558, #246, #3040 ) ) ;
#1832 = CARTESIAN_POINT ( 'NONE',  ( 0.05278323435324084500, 1.279999999999999600, 1.770000000000000000 ) ) ;
#1833 = VECTOR ( 'NONE', #2759, 1000.000000000000000 ) ;
#1834 = VERTEX_POINT ( 'NONE', #784 ) ;
#1835 = CARTESIAN_POINT ( 'NONE',  ( 2.665000000000000000, 1.300000000000000000, 1.270000000000000700 ) ) ;
#1836 = EDGE_LOOP ( 'NONE', ( #368, #3483, #3475, #394, #1021, #2503, #1209 ) ) ;
#1837 = ORIENTED_EDGE ( 'NONE', *, *, #2581, .T. ) ;
#1838 = EDGE_CURVE ( 'NONE', #2043, #1760, #212, .T. ) ;
#1839 = DIRECTION ( 'NONE',  ( -1.000000000000000000, -0.0000000000000000000, -0.0000000000000000000 ) ) ;
#1840 = CIRCLE ( 'NONE', #1228, 0.3600000000000006000 ) ;
#1841 = DIRECTION ( 'NONE',  ( 0.0000000000000000000, 0.0000000000000000000, 1.000000000000000000 ) ) ;
#1842 = EDGE_LOOP ( 'NONE', ( #3143, #2721, #1537, #2027 ) ) ;
#1843 = ORIENTED_EDGE ( 'NONE', *, *, #2165, .F. ) ;
#1844 = ORIENTED_EDGE ( 'NONE', *, *, #230, .F. ) ;
#1845 = ORIENTED_EDGE ( 'NONE', *, *, #2391, .F. ) ;
#1846 = CARTESIAN_POINT ( 'NONE',  ( 0.8900000000000004600, 1.539306076717263000, -0.8368422597249360900 ) ) ;
#1847 = ORIENTED_EDGE ( 'NONE', *, *, #2305, .F. ) ;
#1848 = EDGE_CURVE ( 'NONE', #453, #3327, #1128, .T. ) ;
#1849 = FACE_OUTER_BOUND ( 'NONE', #351, .T. ) ;
#1850 = LINE ( 'NONE', #1885, #713 ) ;
#1851 = VECTOR ( 'NONE', #2270, 1000.000000000000000 ) ;
#1852 = AXIS2_PLACEMENT_3D ( 'NONE', #3217, #1531, #2119 ) ;
#1853 = FACE_OUTER_BOUND ( 'NONE', #342, .T. ) ;
#1854 = DIRECTION ( 'NONE',  ( 0.8141155183563225700, 0.0000000000000000000, -0.5807029557109350000 ) ) ;
#1855 = DIRECTION ( 'NONE',  ( -8.394658748673983900E-017, -1.000000000000000000, 1.176887751541450900E-016 ) ) ;
#1856 = FACE_OUTER_BOUND ( 'NONE', #2182, .T. ) ;
#1857 = DIRECTION ( 'NONE',  ( -0.5807029557109323300, 0.0000000000000000000, 0.8141155183563244500 ) ) ;
#1858 = VECTOR ( 'NONE', #1428, 1000.000000000000000 ) ;
#1859 = DIRECTION ( 'NONE',  ( 3.853260616876377700E-018, -1.000000000000000000, 5.402072150002732900E-018 ) ) ;
#1860 = EDGE_CURVE ( 'NONE', #625, #1880, #2553, .T. ) ;
#1861 = VERTEX_POINT ( 'NONE', #2437 ) ;
#1862 = LINE ( 'NONE', #1605, #434 ) ;
#1863 = CARTESIAN_POINT ( 'NONE',  ( 0.8900000000000004600, 1.539306076717262600, -0.8368422597249367500 ) ) ;
#1864 = EDGE_LOOP ( 'NONE', ( #1887, #3048, #3272, #2485 ) ) ;
#1865 = VECTOR ( 'NONE', #3186, 1000.000000000000000 ) ;
#1866 = AXIS2_PLACEMENT_3D ( 'NONE', #2798, #959, #3117 ) ;
#1867 = EDGE_CURVE ( 'NONE', #2310, #3173, #2410, .T. ) ;
#1868 = DIRECTION ( 'NONE',  ( 0.0000000000000000000, 0.0000000000000000000, -1.000000000000000000 ) ) ;
#1869 = VERTEX_POINT ( 'NONE', #3256 ) ;
#1870 = CARTESIAN_POINT ( 'NONE',  ( -1.702020227631533300, 1.300000000000000000, 2.506409504662578100 ) ) ;
#1871 = CARTESIAN_POINT ( 'NONE',  ( -2.839999999999999900, 1.300000000000000000, 1.270000000000001600 ) ) ;
#1872 = EDGE_LOOP ( 'NONE', ( #2552, #1475, #2423, #3095 ) ) ;
#1873 = CARTESIAN_POINT ( 'NONE',  ( 2.950000000000002400, 0.3600000000000004900, -1.269999999999999800 ) ) ;
#1874 = CARTESIAN_POINT ( 'NONE',  ( 0.0000000000000000000, -8.450000000000001100, 1.059999999999997600 ) ) ;
#1875 = LINE ( 'NONE', #982, #1279 ) ;
#1876 = ORIENTED_EDGE ( 'NONE', *, *, #1634, .F. ) ;
#1877 = ORIENTED_EDGE ( 'NONE', *, *, #3294, .F. ) ;
#1878 = PLANE ( 'NONE',  #980 ) ;
#1879 = CARTESIAN_POINT ( 'NONE',  ( 2.201424769542939900, 1.978668964786045600E-015, 3.206548850449038500 ) ) ;
#1880 = VERTEX_POINT ( 'NONE', #3481 ) ;
#1881 = PLANE ( 'NONE',  #235 ) ;
#1882 = AXIS2_PLACEMENT_3D ( 'NONE', #3423, #213, #965 ) ;
#1883 = ORIENTED_EDGE ( 'NONE', *, *, #3505, .F. ) ;
#1884 = DIRECTION ( 'NONE',  ( -0.5807029557109341100, 0.0000000000000000000, 0.8141155183563232300 ) ) ;
#1885 = CARTESIAN_POINT ( 'NONE',  ( -1.269999999999985800, 1.550000000000000000, 2.789999999999999600 ) ) ;
#1886 = EDGE_LOOP ( 'NONE', ( #1465, #2478, #1628, #1481 ) ) ;
#1887 = ORIENTED_EDGE ( 'NONE', *, *, #1838, .F. ) ;
#1888 = LINE ( 'NONE', #887, #1429 ) ;
#1889 = ADVANCED_FACE ( 'NONE', ( #2509 ), #3310, .F. ) ;
#1890 = DIRECTION ( 'NONE',  ( 1.994196738734802500E-016, 1.000000000000000000, 0.0000000000000000000 ) ) ;
#1891 = DIRECTION ( 'NONE',  ( 5.263117342162642700E-016, 0.0000000000000000000, 1.000000000000000000 ) ) ;
#1892 = CARTESIAN_POINT ( 'NONE',  ( 1.270000000000000000, 0.3800000000000012300, 3.170000000000001700 ) ) ;
#1893 = AXIS2_PLACEMENT_3D ( 'NONE', #510, #3191, #1018 ) ;
#1894 = LINE ( 'NONE', #2321, #1598 ) ;
#1895 = PLANE ( 'NONE',  #1589 ) ;
#1896 = CARTESIAN_POINT ( 'NONE',  ( -3.310000000000002700, 0.2500000000000017200, 1.270000000000001600 ) ) ;
#1897 = ORIENTED_EDGE ( 'NONE', *, *, #680, .F. ) ;
#1898 = VECTOR ( 'NONE', #1103, 1000.000000000000000 ) ;
#1899 = DIRECTION ( 'NONE',  ( 0.0000000000000000000, 1.000000000000000000, 0.0000000000000000000 ) ) ;
#1900 = ORIENTED_EDGE ( 'NONE', *, *, #858, .T. ) ;
#1901 = LINE ( 'NONE', #3179, #2926 ) ;
#1902 = CARTESIAN_POINT ( 'NONE',  ( 1.270000000000014200, 1.190000000000000600, 2.809999999999999200 ) ) ;
#1903 = CARTESIAN_POINT ( 'NONE',  ( -1.269999999999987400, 1.190000000000000600, 2.809999999999999200 ) ) ;
#1904 = LINE ( 'NONE', #1104, #964 ) ;
#1905 = DIRECTION ( 'NONE',  ( -0.8141155183563230100, 3.208924548677788000E-016, -0.5807029557109344400 ) ) ;
#1906 = ORIENTED_EDGE ( 'NONE', *, *, #651, .T. ) ;
#1907 = FACE_OUTER_BOUND ( 'NONE', #1842, .T. ) ;
#1908 = DIRECTION ( 'NONE',  ( -0.5807029557109341100, 0.0000000000000000000, 0.8141155183563232300 ) ) ;
#1909 = EDGE_CURVE ( 'NONE', #985, #290, #645, .T. ) ;
#1910 = AXIS2_PLACEMENT_3D ( 'NONE', #1780, #1757, #1529 ) ;
#1911 = ORIENTED_EDGE ( 'NONE', *, *, #208, .T. ) ;
#1912 = DIRECTION ( 'NONE',  ( 0.5807029557109351100, 0.0000000000000000000, 0.8141155183563225700 ) ) ;
#1913 = ORIENTED_EDGE ( 'NONE', *, *, #1860, .T. ) ;
#1914 = EDGE_CURVE ( 'NONE', #3168, #940, #1087, .T. ) ;
#1915 = ORIENTED_EDGE ( 'NONE', *, *, #830, .F. ) ;
#1916 = ORIENTED_EDGE ( 'NONE', *, *, #1909, .T. ) ;
#1917 = CARTESIAN_POINT ( 'NONE',  ( -0.8900000000000005700, 1.300000000000000000, 4.684174434524755800E-016 ) ) ;
#1918 = DIRECTION ( 'NONE',  ( 2.107399141106205100E-015, 1.000000000000000000, -2.812010927521491700E-015 ) ) ;
#1919 = CARTESIAN_POINT ( 'NONE',  ( 0.8900000000000004600, 0.3000000000000007700, -1.000000000000002200 ) ) ;
#1920 = AXIS2_PLACEMENT_3D ( 'NONE', #2011, #901, #1232 ) ;
#1921 = CARTESIAN_POINT ( 'NONE',  ( 2.404953649132020900, 0.2500000000000019400, 3.061373111521304800 ) ) ;
#1922 = DIRECTION ( 'NONE',  ( -2.212657494868377700E-016, 1.000000000000000000, 0.0000000000000000000 ) ) ;
#1923 = ORIENTED_EDGE ( 'NONE', *, *, #2, .T. ) ;
#1924 = PRODUCT_DEFINITION ( 'UNKNOWN', '', #369, #1788 ) ;
#1925 = CARTESIAN_POINT ( 'NONE',  ( 1.911073291687472600, 0.2500000000000019400, 2.799491091270877700 ) ) ;
#1926 = VERTEX_POINT ( 'NONE', #87 ) ;
#1927 = ORIENTED_EDGE ( 'NONE', *, *, #2539, .T. ) ;
#1928 = ORIENTED_EDGE ( 'NONE', *, *, #669, .F. ) ;
#1929 = CARTESIAN_POINT ( 'NONE',  ( -1.269999999999987400, 1.190000000000000600, 2.809999999999999200 ) ) ;
#1930 = ADVANCED_FACE ( 'NONE', ( #1265 ), #1164, .F. ) ;
#1931 = EDGE_CURVE ( 'NONE', #2993, #3009, #2716, .T. ) ;
#1932 = ORIENTED_EDGE ( 'NONE', *, *, #2753, .T. ) ;
#1933 = EDGE_LOOP ( 'NONE', ( #2575, #2648, #3105, #2804 ) ) ;
#1934 = FACE_OUTER_BOUND ( 'NONE', #1014, .T. ) ;
#1935 = DIRECTION ( 'NONE',  ( 1.000000000000000000, -0.0000000000000000000, 0.0000000000000000000 ) ) ;
#1936 = LINE ( 'NONE', #859, #1298 ) ;
#1937 = DIRECTION ( 'NONE',  ( 0.8141155183563230100, 0.0000000000000000000, 0.5807029557109344400 ) ) ;
#1938 = FACE_OUTER_BOUND ( 'NONE', #667, .T. ) ;
#1939 = CARTESIAN_POINT ( 'NONE',  ( 1.765897552759736900, 1.190000000000000600, 2.595962211681793500 ) ) ;
#1940 = LINE ( 'NONE', #2780, #244 ) ;
#1941 = EDGE_CURVE ( 'NONE', #1800, #266, #553, .T. ) ;
#1942 = PLANE ( 'NONE',  #1538 ) ;
#1943 = LINE ( 'NONE', #1871, #1777 ) ;
#1944 = CARTESIAN_POINT ( 'NONE',  ( 0.8900000000000004600, 1.539306076717263000, -0.8368422597249360900 ) ) ;
#1945 = VECTOR ( 'NONE', #328, 1000.000000000000000 ) ;
#1946 = DIRECTION ( 'NONE',  ( -3.690901012716612800E-015, -1.000000000000000000, -0.0000000000000000000 ) ) ;
#1947 = FACE_OUTER_BOUND ( 'NONE', #734, .T. ) ;
#1948 = DIRECTION ( 'NONE',  ( 1.000000000000000000, -1.994196738734802500E-016, 0.0000000000000000000 ) ) ;
#1949 = CARTESIAN_POINT ( 'NONE',  ( -1.690406168517314800, 1.300000000000000000, 2.490127194295451900 ) ) ;
#1950 = CARTESIAN_POINT ( 'NONE',  ( -1.765897552759736300, 1.190000000000000600, 2.595962211681774000 ) ) ;
#1951 = VECTOR ( 'NONE', #115, 1000.000000000000000 ) ;
#1952 = ORIENTED_EDGE ( 'NONE', *, *, #1238, .F. ) ;
#1953 = VECTOR ( 'NONE', #3204, 1000.000000000000000 ) ;
#1954 = ORIENTED_EDGE ( 'NONE', *, *, #736, .F. ) ;
#1955 = FACE_OUTER_BOUND ( 'NONE', #481, .T. ) ;
#1956 = PLANE ( 'NONE',  #91 ) ;
#1957 = CARTESIAN_POINT ( 'NONE',  ( 3.685000000000001800, 1.858547072117582300E-015, 1.270000000000000700 ) ) ;
#1958 = ORIENTED_EDGE ( 'NONE', *, *, #374, .T. ) ;
#1959 = DIRECTION ( 'NONE',  ( 0.8141155183563232300, -0.0000000000000000000, 0.5807029557109341100 ) ) ;
#1960 = VERTEX_POINT ( 'NONE', #2024 ) ;
#1961 = PLANE ( 'NONE',  #273 ) ;
#1962 = EDGE_CURVE ( 'NONE', #2615, #2705, #642, .T. ) ;
#1963 = PLANE ( 'NONE',  #1654 ) ;
#1964 = ADVANCED_FACE ( 'NONE', ( #3499 ), #1552, .F. ) ;
#1965 = ORIENTED_EDGE ( 'NONE', *, *, #771, .T. ) ;
#1966 = CARTESIAN_POINT ( 'NONE',  ( -0.8900000000000011200, 1.539306076717263300, -0.8368422597249360900 ) ) ;
#1967 = CARTESIAN_POINT ( 'NONE',  ( -1.269999999999999800, 0.3800000000000003400, 2.920000000000002100 ) ) ;
#1968 = ORIENTED_EDGE ( 'NONE', *, *, #3421, .T. ) ;
#1969 = EDGE_LOOP ( 'NONE', ( #1054, #1636, #492, #1049 ) ) ;
#1970 = CARTESIAN_POINT ( 'NONE',  ( -1.911073291687471500, 0.3600000000000016000, 2.799491091270857300 ) ) ;
#1971 = DIRECTION ( 'NONE',  ( 0.0000000000000000000, 0.0000000000000000000, 1.000000000000000000 ) ) ;
#1972 = ORIENTED_EDGE ( 'NONE', *, *, #669, .T. ) ;
#1973 = EDGE_LOOP ( 'NONE', ( #1737, #3278, #706, #252 ) ) ;
#1974 = ORIENTED_EDGE ( 'NONE', *, *, #3237, .F. ) ;
#1975 = DIRECTION ( 'NONE',  ( -1.000000000000000000, -3.690901012716612800E-015, 0.0000000000000000000 ) ) ;
#1976 = CARTESIAN_POINT ( 'NONE',  ( -2.839999999999999900, 1.190000000000000200, -1.269999999999998500 ) ) ;
#1977 = EDGE_CURVE ( 'NONE', #2278, #672, #686, .T. ) ;
#1978 = ADVANCED_FACE ( 'NONE', ( #3092 ), #217, .F. ) ;
#1979 = CIRCLE ( 'NONE', #3159, 1.249999999999999100 ) ;
#1980 = CYLINDRICAL_SURFACE ( 'NONE', #1523, 0.1100000000000005300 ) ;
#1981 = DIRECTION ( 'NONE',  ( 0.8141155183563225700, 0.0000000000000000000, 0.5807029557109350000 ) ) ;
#1982 = PLANE ( 'NONE',  #1387 ) ;
#1983 = ADVANCED_FACE ( 'NONE', ( #3345 ), #518, .F. ) ;
#1984 = VERTEX_POINT ( 'NONE', #1646 ) ;
#1985 = VECTOR ( 'NONE', #297, 1000.000000000000000 ) ;
#1986 = DIRECTION ( 'NONE',  ( -1.000000000000000000, 0.0000000000000000000, 0.0000000000000000000 ) ) ;
#1987 = ADVANCED_FACE ( 'NONE', ( #1351 ), #2372, .T. ) ;
#1988 = DIRECTION ( 'NONE',  ( -1.845450506358307200E-015, -1.000000000000000000, 2.998857072832249000E-015 ) ) ;
#1989 = EDGE_CURVE ( 'NONE', #3374, #2010, #2847, .T. ) ;
#1990 = DIRECTION ( 'NONE',  ( -0.0000000000000000000, -0.0000000000000000000, 1.000000000000000000 ) ) ;
#1991 = FACE_OUTER_BOUND ( 'NONE', #3441, .T. ) ;
#1992 = CARTESIAN_POINT ( 'NONE',  ( 2.665000000000000000, 1.550000000000000000, -1.909999999999999900 ) ) ;
#1993 = LINE ( 'NONE', #80, #3003 ) ;
#1994 = DIRECTION ( 'NONE',  ( -1.000000000000000000, -1.994196738734802000E-016, 0.0000000000000000000 ) ) ;
#1995 = CARTESIAN_POINT ( 'NONE',  ( 3.685000000000001800, 1.874603937693400100E-015, -1.019999999999999600 ) ) ;
#1996 = VECTOR ( 'NONE', #3093, 1000.000000000000000 ) ;
#1997 = CARTESIAN_POINT ( 'NONE',  ( -3.031822598266388400, 0.2500000000000021100, 2.614231835623866300 ) ) ;
#1998 = CARTESIAN_POINT ( 'NONE',  ( 5.412473837447324300E-016, 0.3800000000000012300, 3.170000000000001700 ) ) ;
#1999 = FILL_AREA_STYLE ('',( #2808 ) ) ;
#2000 = CARTESIAN_POINT ( 'NONE',  ( 1.765897552759738500, 0.3600000000000007100, 2.595962211681795800 ) ) ;
#2001 = CYLINDRICAL_SURFACE ( 'NONE', #2111, 0.3600000000000002100 ) ;
#2002 = ADVANCED_FACE ( 'NONE', ( #1528 ), #3458, .T. ) ;
#2003 = DIRECTION ( 'NONE',  ( -0.0000000000000000000, -0.0000000000000000000, 1.000000000000000000 ) ) ;
#2004 = CARTESIAN_POINT ( 'NONE',  ( 3.200000000000002400, 0.3600000000000013700, 0.0000000000000000000 ) ) ;
#2005 = DIRECTION ( 'NONE',  ( 0.0000000000000000000, 0.0000000000000000000, 1.000000000000000000 ) ) ;
#2006 = EDGE_CURVE ( 'NONE', #2705, #2913, #3420, .T. ) ;
#2007 = ADVANCED_FACE ( 'NONE', ( #920 ), #420, .F. ) ;
#2008 = AXIS2_PLACEMENT_3D ( 'NONE', #1388, #3509, #801 ) ;
#2009 = ADVANCED_FACE ( 'NONE', ( #2712 ), #2504, .T. ) ;
#2010 = VERTEX_POINT ( 'NONE', #3292 ) ;
#2011 = CARTESIAN_POINT ( 'NONE',  ( -2.665000000000000000, 1.300000000000000000, -1.269999999999999400 ) ) ;
#2012 = ORIENTED_EDGE ( 'NONE', *, *, #1051, .T. ) ;
#2013 = AXIS2_PLACEMENT_3D ( 'NONE', #2966, #1624, #3247 ) ;
#2014 = VERTEX_POINT ( 'NONE', #913 ) ;
#2015 = EDGE_CURVE ( 'NONE', #2348, #41, #1001, .T. ) ;
#2016 = DIRECTION ( 'NONE',  ( 1.000000000000000000, 0.0000000000000000000, -0.0000000000000000000 ) ) ;
#2017 = CARTESIAN_POINT ( 'NONE',  ( 2.950000000000002800, 0.3600000000000004300, -1.269999999999999800 ) ) ;
#2018 = ORIENTED_EDGE ( 'NONE', *, *, #519, .T. ) ;
#2019 = CARTESIAN_POINT ( 'NONE',  ( 3.685000000000001800, 1.872461405032364000E-015, -1.019999999999999600 ) ) ;
#2020 = DIRECTION ( 'NONE',  ( -0.0000000000000000000, -0.9914448613738102700, -0.1305261922200529300 ) ) ;
#2021 = AXIS2_PLACEMENT_3D ( 'NONE', #2788, #1666, #1971 ) ;
#2022 = CARTESIAN_POINT ( 'NONE',  ( 3.310000000000002700, 0.3600000000000017100, -1.269999999999999800 ) ) ;
#2023 = ORIENTED_EDGE ( 'NONE', *, *, #1600, .F. ) ;
#2024 = CARTESIAN_POINT ( 'NONE',  ( -2.839999999999999900, 1.550000000000000000, 1.270000000000001600 ) ) ;
#2025 = DIRECTION ( 'NONE',  ( -1.707404996040164300E-016, -3.491481338843133400E-015, -1.000000000000000000 ) ) ;
#2026 = ORIENTED_EDGE ( 'NONE', *, *, #1576, .F. ) ;
#2027 = ORIENTED_EDGE ( 'NONE', *, *, #360, .T. ) ;
#2028 = DIRECTION ( 'NONE',  ( -0.5807029557109340000, 0.0000000000000000000, 0.8141155183563233400 ) ) ;
#2029 = AXIS2_PLACEMENT_3D ( 'NONE', #1779, #670, #3109 ) ;
#2030 = CARTESIAN_POINT ( 'NONE',  ( -0.8900000000000011200, 1.038555138626189100, 1.051414343846206500 ) ) ;
#2031 = ORIENTED_EDGE ( 'NONE', *, *, #189, .F. ) ;
#2032 = VECTOR ( 'NONE', #96, 1000.000000000000000 ) ;
#2033 = VECTOR ( 'NONE', #1622, 1000.000000000000000 ) ;
#2034 = DIRECTION ( 'NONE',  ( 1.000000000000000000, 0.0000000000000000000, 0.0000000000000000000 ) ) ;
#2035 = VECTOR ( 'NONE', #600, 1000.000000000000000 ) ;
#2036 = LINE ( 'NONE', #410, #418 ) ;
#2037 = EDGE_CURVE ( 'NONE', #949, #2221, #1394, .T. ) ;
#2038 = PLANE ( 'NONE',  #2659 ) ;
#2039 = FACE_OUTER_BOUND ( 'NONE', #1233, .T. ) ;
#2040 = LINE ( 'NONE', #622, #875 ) ;
#2041 = DIRECTION ( 'NONE',  ( 1.000000000000000000, 0.0000000000000000000, -0.0000000000000000000 ) ) ;
#2042 = EDGE_CURVE ( 'NONE', #743, #108, #1993, .T. ) ;
#2043 = VERTEX_POINT ( 'NONE', #2518 ) ;
#2044 = VECTOR ( 'NONE', #3051, 1000.000000000000200 ) ;
#2045 = ORIENTED_EDGE ( 'NONE', *, *, #1281, .F. ) ;
#2046 = CIRCLE ( 'NONE', #607, 0.1100000000000002200 ) ;
#2047 = CARTESIAN_POINT ( 'NONE',  ( -1.690406168517314800, 1.300000000000000000, 2.490127194295451900 ) ) ;
#2048 = CARTESIAN_POINT ( 'NONE',  ( -2.945000000000002500, 0.3600000000000016000, 2.061998337517970000 ) ) ;
#2049 = ORIENTED_EDGE ( 'NONE', *, *, #1321, .F. ) ;
#2050 = VECTOR ( 'NONE', #1891, 1000.000000000000000 ) ;
#2051 = DIRECTION ( 'NONE',  ( 0.0000000000000000000, 1.000000000000000000, -0.0000000000000000000 ) ) ;
#2052 = ORIENTED_EDGE ( 'NONE', *, *, #1914, .F. ) ;
#2053 = CARTESIAN_POINT ( 'NONE',  ( 0.0000000000000000000, -8.450000000000001100, 1.949999999999997700 ) ) ;
#2054 = EDGE_CURVE ( 'NONE', #3184, #2519, #549, .T. ) ;
#2055 = DIRECTION ( 'NONE',  ( 1.000000000000000000, 0.0000000000000000000, 0.0000000000000000000 ) ) ;
#2056 = AXIS2_PLACEMENT_3D ( 'NONE', #1929, #2210, #1349 ) ;
#2057 = CARTESIAN_POINT ( 'NONE',  ( 0.0000000000000000000, 1.550000000000000000, 1.059999999999997600 ) ) ;
#2058 = CARTESIAN_POINT ( 'NONE',  ( 0.8900000000000004600, 1.286416353969641200, 1.084045891901219700 ) ) ;
#2059 = AXIS2_PLACEMENT_3D ( 'NONE', #1149, #1714, #3057 ) ;
#2060 = EDGE_CURVE ( 'NONE', #2723, #2515, #756, .T. ) ;
#2061 = CARTESIAN_POINT ( 'NONE',  ( -3.176998337194121700, 0.2500000000000021600, 2.817760715212947400 ) ) ;
#2062 = CARTESIAN_POINT ( 'NONE',  ( 0.8900000000000004600, 1.279999999999998900, 1.181940536066257600 ) ) ;
#2063 = ORIENTED_EDGE ( 'NONE', *, *, #1295, .F. ) ;
#2064 = ORIENTED_EDGE ( 'NONE', *, *, #1325, .F. ) ;
#2065 = ORIENTED_EDGE ( 'NONE', *, *, #3119, .T. ) ;
#2066 = ORIENTED_EDGE ( 'NONE', *, *, #2666, .F. ) ;
#2067 = VERTEX_POINT ( 'NONE', #3396 ) ;
#2068 = CARTESIAN_POINT ( 'NONE',  ( -7.508750291829804000E-016, 1.057097118173366800E-015, 1.270000000000002700 ) ) ;
#2069 = ORIENTED_EDGE ( 'NONE', *, *, #2893, .F. ) ;
#2070 = DIRECTION ( 'NONE',  ( -0.8141155183563224500, 0.0000000000000000000, 0.5807029557109352200 ) ) ;
#2071 = CIRCLE ( 'NONE', #2375, 0.1099999999999998500 ) ;
#2072 = FACE_OUTER_BOUND ( 'NONE', #372, .T. ) ;
#2073 = DIRECTION ( 'NONE',  ( -0.0000000000000000000, -1.000000000000000000, -0.0000000000000000000 ) ) ;
#2074 = DIRECTION ( 'NONE',  ( -0.0000000000000000000, -0.0000000000000000000, 1.000000000000000000 ) ) ;
#2075 = EDGE_LOOP ( 'NONE', ( #2467, #222, #3241, #452 ) ) ;
#2076 = VECTOR ( 'NONE', #2728, 1000.000000000000000 ) ;
#2077 = AXIS2_PLACEMENT_3D ( 'NONE', #2888, #2352, #2653 ) ;
#2078 = CIRCLE ( 'NONE', #1893, 0.1099999999999994200 ) ;
#2079 = VECTOR ( 'NONE', #1235, 1000.000000000000000 ) ;
#2080 = DIRECTION ( 'NONE',  ( -0.0000000000000000000, 1.000000000000000000, 0.0000000000000000000 ) ) ;
#2081 = DIRECTION ( 'NONE',  ( 0.5807029557109350000, 3.614007241618344400E-015, 0.8141155183563225700 ) ) ;
#2082 = EDGE_CURVE ( 'NONE', #413, #448, #1179, .T. ) ;
#2083 = VERTEX_POINT ( 'NONE', #694 ) ;
#2084 = EDGE_LOOP ( 'NONE', ( #2332, #1561, #48, #848 ) ) ;
#2085 = CARTESIAN_POINT ( 'NONE',  ( 1.270000000000014200, 1.190000000000001900, 3.169999999999998200 ) ) ;
#2086 = ORIENTED_EDGE ( 'NONE', *, *, #2384, .T. ) ;
#2087 = ORIENTED_EDGE ( 'NONE', *, *, #2291, .F. ) ;
#2088 = DIRECTION ( 'NONE',  ( -8.908121782359833400E-016, 4.872818752743840300E-016, 1.000000000000000000 ) ) ;
#2089 = EDGE_CURVE ( 'NONE', #2419, #2519, #293, .T. ) ;
#2090 = ORIENTED_EDGE ( 'NONE', *, *, #2726, .T. ) ;
#2091 = AXIS2_PLACEMENT_3D ( 'NONE', #2440, #3476, #521 ) ;
#2092 = VERTEX_POINT ( 'NONE', #1308 ) ;
#2093 = CARTESIAN_POINT ( 'NONE',  ( -0.8900000000000011200, 1.550000000000000000, -1.000000000000002200 ) ) ;
#2094 = EDGE_CURVE ( 'NONE', #3055, #1601, #1901, .T. ) ;
#2095 = EDGE_LOOP ( 'NONE', ( #588, #3136, #656, #1240 ) ) ;
#2096 = CARTESIAN_POINT ( 'NONE',  ( -1.967929758050890100, 0.3600000000000016000, 2.758935767948712300 ) ) ;
#2097 = ORIENTED_EDGE ( 'NONE', *, *, #1743, .F. ) ;
#2098 = ORIENTED_EDGE ( 'NONE', *, *, #1909, .F. ) ;
#2099 = ADVANCED_FACE ( 'NONE', ( #2758 ), #2171, .F. ) ;
#2100 = ORIENTED_EDGE ( 'NONE', *, *, #2015, .F. ) ;
#2101 = VECTOR ( 'NONE', #2613, 1000.000000000000200 ) ;
#2102 = EDGE_LOOP ( 'NONE', ( #1330, #2922, #2700, #1701 ) ) ;
#2103 = VECTOR ( 'NONE', #2025, 1000.000000000000000 ) ;
#2104 = CARTESIAN_POINT ( 'NONE',  ( 3.310000000000002700, 0.2500000000000018300, 1.270000000000000700 ) ) ;
#2105 = CARTESIAN_POINT ( 'NONE',  ( 0.8900000000000004600, 1.279999999999999100, 1.181940536066258000 ) ) ;
#2106 = FACE_OUTER_BOUND ( 'NONE', #2657, .T. ) ;
#2107 = VECTOR ( 'NONE', #1648, 1000.000000000000000 ) ;
#2108 = CARTESIAN_POINT ( 'NONE',  ( 2.839999999999999900, 1.190000000000000200, 1.270000000000000700 ) ) ;
#2109 = EDGE_CURVE ( 'NONE', #3255, #2067, #2040, .T. ) ;
#2110 = DIRECTION ( 'NONE',  ( 0.0000000000000000000, -0.1305261922200527100, 0.9914448613738103800 ) ) ;
#2111 = AXIS2_PLACEMENT_3D ( 'NONE', #2382, #2134, #1050 ) ;
#2112 = LINE ( 'NONE', #3271, #725 ) ;
#2113 = DIRECTION ( 'NONE',  ( 1.000000000000000000, 3.942553354492748600E-015, 0.0000000000000000000 ) ) ;
#2114 = DIRECTION ( 'NONE',  ( 0.5807029557109351100, 3.459230727495320000E-015, 0.8141155183563225700 ) ) ;
#2115 = ORIENTED_EDGE ( 'NONE', *, *, #3257, .F. ) ;
#2116 = CYLINDRICAL_SURFACE ( 'NONE', #3129, 0.8900000000000001200 ) ;
#2117 = AXIS2_PLACEMENT_3D ( 'NONE', #3342, #1700, #73 ) ;
#2118 = EDGE_CURVE ( 'NONE', #1294, #2935, #2112, .T. ) ;
#2119 = DIRECTION ( 'NONE',  ( 0.0000000000000000000, 4.872818752743840300E-016, 1.000000000000000000 ) ) ;
#2120 = DIRECTION ( 'NONE',  ( -1.000000000000000000, -0.0000000000000000000, -0.0000000000000000000 ) ) ;
#2121 = ORIENTED_EDGE ( 'NONE', *, *, #374, .F. ) ;
#2122 = DIRECTION ( 'NONE',  ( 0.0000000000000000000, -0.1305261922200527100, 0.9914448613738103800 ) ) ;
#2123 = VECTOR ( 'NONE', #2882, 1000.000000000000100 ) ;
#2124 = PRODUCT_DEFINITION_SHAPE ( 'NONE', 'NONE',  #1924 ) ;
#2125 = CARTESIAN_POINT ( 'NONE',  ( -1.911073291687469800, 1.190000000000001300, 2.799491091270854600 ) ) ;
#2126 = EDGE_LOOP ( 'NONE', ( #1116, #1466, #2724, #257, #181 ) ) ;
#2127 = AXIS2_PLACEMENT_3D ( 'NONE', #2329, #3430, #1260 ) ;
#2128 = DIRECTION ( 'NONE',  ( 2.894815742855157300E-017, -1.000000000000000000, 4.058381993519081900E-017 ) ) ;
#2129 = ORIENTED_EDGE ( 'NONE', *, *, #2933, .T. ) ;
#2130 = ORIENTED_EDGE ( 'NONE', *, *, #525, .F. ) ;
#2131 = CARTESIAN_POINT ( 'NONE',  ( 1.270000000000000000, 0.3800000000000012300, 3.170000000000001300 ) ) ;
#2132 = ORIENTED_EDGE ( 'NONE', *, *, #271, .F. ) ;
#2133 = CARTESIAN_POINT ( 'NONE',  ( 1.690406168517315300, 1.550000000000000000, 2.490127194295471500 ) ) ;
#2134 = DIRECTION ( 'NONE',  ( 0.8141155183563216800, -2.412891360787823600E-016, -0.5807029557109363300 ) ) ;
#2135 = VERTEX_POINT ( 'NONE', #2376 ) ;
#2136 = DIRECTION ( 'NONE',  ( 1.000000000000000000, 0.0000000000000000000, -2.950209993157836900E-016 ) ) ;
#2137 = DIRECTION ( 'NONE',  ( 0.8141155183563232300, -0.0000000000000000000, 0.5807029557109341100 ) ) ;
#2138 = ORIENTED_EDGE ( 'NONE', *, *, #236, .T. ) ;
#2139 = ADVANCED_FACE ( 'NONE', ( #30 ), #3034, .T. ) ;
#2140 = DIRECTION ( 'NONE',  ( -0.8141155183563232300, 0.0000000000000000000, -0.5807029557109341100 ) ) ;
#2141 = ORIENTED_EDGE ( 'NONE', *, *, #2855, .F. ) ;
#2142 = ORIENTED_EDGE ( 'NONE', *, *, #2603, .F. ) ;
#2143 = FACE_OUTER_BOUND ( 'NONE', #2151, .T. ) ;
#2144 = SURFACE_STYLE_FILL_AREA ( #685 ) ;
#2145 = EDGE_CURVE ( 'NONE', #672, #2790, #601, .T. ) ;
#2146 = DIRECTION ( 'NONE',  ( -1.000000000000000000, -2.168404344971006900E-016, 0.0000000000000000000 ) ) ;
#2147 = DIRECTION ( 'NONE',  ( 2.212657494868377700E-016, 1.000000000000000000, -0.0000000000000000000 ) ) ;
#2148 = FACE_OUTER_BOUND ( 'NONE', #1836, .T. ) ;
#2149 = FACE_OUTER_BOUND ( 'NONE', #1044, .T. ) ;
#2150 = CARTESIAN_POINT ( 'NONE',  ( -3.685000000000001800, 1.874603937693400100E-015, 1.270000000000001600 ) ) ;
#2151 = EDGE_LOOP ( 'NONE', ( #900, #2829, #1915, #2832 ) ) ;
#2152 = CARTESIAN_POINT ( 'NONE',  ( -1.974950616815674500, 0.3600000000000019900, 2.889043798290052800 ) ) ;
#2153 = FACE_OUTER_BOUND ( 'NONE', #214, .T. ) ;
#2154 = DIRECTION ( 'NONE',  ( 0.0000000000000000000, -1.445602896647342500E-014, 1.000000000000000000 ) ) ;
#2155 = CIRCLE ( 'NONE', #2411, 0.1099999999999998500 ) ;
#2156 = CARTESIAN_POINT ( 'NONE',  ( 2.839999999999999900, 1.550000000000000000, -1.269999999999999800 ) ) ;
#2157 = DIRECTION ( 'NONE',  ( 0.0000000000000000000, -0.0000000000000000000, 1.000000000000000000 ) ) ;
#2158 = ORIENTED_EDGE ( 'NONE', *, *, #1248, .T. ) ;
#2159 = VECTOR ( 'NONE', #2005, 1000.000000000000000 ) ;
#2160 = EDGE_CURVE ( 'NONE', #175, #2435, #470, .T. ) ;
#2161 = AXIS2_PLACEMENT_3D ( 'NONE', #850, #1185, #1450 ) ;
#2162 = LINE ( 'NONE', #2548, #726 ) ;
#2163 = ORIENTED_EDGE ( 'NONE', *, *, #2893, .T. ) ;
#2164 = VECTOR ( 'NONE', #1918, 1000.000000000000000 ) ;
#2165 = EDGE_CURVE ( 'NONE', #3412, #2135, #85, .T. ) ;
#2166 = ORIENTED_EDGE ( 'NONE', *, *, #2384, .F. ) ;
#2167 = CARTESIAN_POINT ( 'NONE',  ( -1.702020227631533300, 1.550000000000000000, 2.506409504662578100 ) ) ;
#2168 = DIRECTION ( 'NONE',  ( -0.0000000000000000000, -0.0000000000000000000, -1.000000000000000000 ) ) ;
#2169 = DIRECTION ( 'NONE',  ( -0.8141155183563223400, 3.208924548677785600E-016, 0.5807029557109352200 ) ) ;
#2170 = ORIENTED_EDGE ( 'NONE', *, *, #905, .F. ) ;
#2171 = PLANE ( 'NONE',  #2091 ) ;
#2172 = ORIENTED_EDGE ( 'NONE', *, *, #2801, .T. ) ;
#2173 = ADVANCED_FACE ( 'NONE', ( #1484 ), #1402, .F. ) ;
#2174 = ORIENTED_EDGE ( 'NONE', *, *, #106, .T. ) ;
#2175 = DIRECTION ( 'NONE',  ( 7.120606872860913200E-017, 1.000000000000000000, -9.982722661043972400E-017 ) ) ;
#2176 = DIRECTION ( 'NONE',  ( 0.0000000000000000000, 1.000000000000000000, 0.0000000000000000000 ) ) ;
#2177 = EDGE_CURVE ( 'NONE', #2863, #1377, #2294, .T. ) ;
#2178 = ORIENTED_EDGE ( 'NONE', *, *, #2459, .T. ) ;
#2179 = CARTESIAN_POINT ( 'NONE',  ( 3.310000000000002700, 0.2500000000000018300, -1.269999999999999800 ) ) ;
#2180 = AXIS2_PLACEMENT_3D ( 'NONE', #1287, #2080, #718 ) ;
#2181 = DIRECTION ( 'NONE',  ( -0.5807029557109344400, 3.513074643985861800E-015, 0.8141155183563230100 ) ) ;
#2182 = EDGE_LOOP ( 'NONE', ( #1669, #1719, #2365, #530 ) ) ;
#2183 = ORIENTED_EDGE ( 'NONE', *, *, #260, .T. ) ;
#2184 = EDGE_LOOP ( 'NONE', ( #2571, #2098, #93, #1114 ) ) ;
#2185 = AXIS2_PLACEMENT_3D ( 'NONE', #2572, #2255, #3379 ) ;
#2186 = EDGE_CURVE ( 'NONE', #1377, #1339, #1264, .T. ) ;
#2187 = DIRECTION ( 'NONE',  ( 0.0000000000000000000, -0.9914448613738104900, -0.1305261922200517100 ) ) ;
#2188 = EDGE_LOOP ( 'NONE', ( #2233, #1153, #1837, #1098 ) ) ;
#2189 = VERTEX_POINT ( 'NONE', #3422 ) ;
#2190 = FACE_OUTER_BOUND ( 'NONE', #2314, .T. ) ;
#2191 = LINE ( 'NONE', #886, #1341 ) ;
#2192 = LINE ( 'NONE', #2506, #1069 ) ;
#2193 = DIRECTION ( 'NONE',  ( -1.734723475976805500E-015, 0.0000000000000000000, 1.000000000000000000 ) ) ;
#2194 = VECTOR ( 'NONE', #2526, 1000.000000000000000 ) ;
#2195 = PLANE ( 'NONE',  #1102 ) ;
#2196 = ORIENTED_EDGE ( 'NONE', *, *, #2850, .F. ) ;
#2197 = CIRCLE ( 'NONE', #1003, 0.1100000000000004000 ) ;
#2198 = CARTESIAN_POINT ( 'NONE',  ( 0.0000000000000000000, 1.550000000000000000, 0.0000000000000000000 ) ) ;
#2199 = CARTESIAN_POINT ( 'NONE',  ( -0.05278323435324149700, 1.029999999999999800, 1.770000000000000000 ) ) ;
#2200 = DIRECTION ( 'NONE',  ( 0.0000000000000000000, -1.000000000000000000, 0.0000000000000000000 ) ) ;
#2201 = ORIENTED_EDGE ( 'NONE', *, *, #525, .T. ) ;
#2202 = CIRCLE ( 'NONE', #425, 0.1100000000000001800 ) ;
#2203 = CARTESIAN_POINT ( 'NONE',  ( 3.310000000000002700, 0.3600000000000017100, 1.270000000000000700 ) ) ;
#2204 = AXIS2_PLACEMENT_3D ( 'NONE', #2022, #3348, #3091 ) ;
#2205 = ADVANCED_FACE ( 'NONE', ( #387 ), #1120, .F. ) ;
#2206 = CARTESIAN_POINT ( 'NONE',  ( 2.665000000000000000, 1.300000000000000000, -1.269999999999999800 ) ) ;
#2207 = VECTOR ( 'NONE', #2110, 999.9999999999998900 ) ;
#2208 = CARTESIAN_POINT ( 'NONE',  ( 1.269999999999999800, 0.3800000000000003400, 2.920000000000001700 ) ) ;
#2209 = VECTOR ( 'NONE', #345, 1000.000000000000000 ) ;
#2210 = DIRECTION ( 'NONE',  ( -1.000000000000000000, -0.0000000000000000000, -0.0000000000000000000 ) ) ;
#2211 = CARTESIAN_POINT ( 'NONE',  ( 3.008877325128204400, 0.3600000000000018700, 2.151551044537184600 ) ) ;
#2212 = CARTESIAN_POINT ( 'NONE',  ( 2.799824261072266100, 1.190000000000000200, 1.858469457928905600 ) ) ;
#2213 = ORIENTED_EDGE ( 'NONE', *, *, #7, .T. ) ;
#2214 = VECTOR ( 'NONE', #267, 1000.000000000000000 ) ;
#2215 = EDGE_CURVE ( 'NONE', #930, #2521, #134, .T. ) ;
#2216 = AXIS2_PLACEMENT_3D ( 'NONE', #498, #2147, #3291 ) ;
#2217 = CARTESIAN_POINT ( 'NONE',  ( 2.839999999999999900, 1.190000000000000200, -1.269999999999999800 ) ) ;
#2218 = ORIENTED_EDGE ( 'NONE', *, *, #2247, .F. ) ;
#2219 = PLANE ( 'NONE',  #2669 ) ;
#2220 = CARTESIAN_POINT ( 'NONE',  ( 1.270000000000014200, 1.300000000000000000, 2.789999999999999100 ) ) ;
#2221 = VERTEX_POINT ( 'NONE', #551 ) ;
#2222 = EDGE_CURVE ( 'NONE', #1241, #3116, #1820, .T. ) ;
#2223 = CARTESIAN_POINT ( 'NONE',  ( 0.8900000000000004600, 1.286416353969640900, 1.084045891901219500 ) ) ;
#2224 = VECTOR ( 'NONE', #641, 1000.000000000000000 ) ;
#2225 = ORIENTED_EDGE ( 'NONE', *, *, #1789, .F. ) ;
#2226 = DIRECTION ( 'NONE',  ( -0.5807029557109350000, 0.0000000000000000000, 0.8141155183563225700 ) ) ;
#2227 = DIRECTION ( 'NONE',  ( -1.994196738734802500E-016, 1.000000000000000000, 0.0000000000000000000 ) ) ;
#2228 = AXIS2_PLACEMENT_3D ( 'NONE', #3197, #715, #1782 ) ;
#2229 = ORIENTED_EDGE ( 'NONE', *, *, #1364, .F. ) ;
#2230 = DIRECTION ( 'NONE',  ( -1.000000000000000000, -0.0000000000000000000, -0.0000000000000000000 ) ) ;
#2231 = DIRECTION ( 'NONE',  ( -5.725628339140396900E-017, -1.000000000000000000, 8.027034884863351700E-017 ) ) ;
#2232 = ORIENTED_EDGE ( 'NONE', *, *, #189, .T. ) ;
#2233 = ORIENTED_EDGE ( 'NONE', *, *, #2118, .F. ) ;
#2234 = EDGE_CURVE ( 'NONE', #3437, #1105, #253, .T. ) ;
#2235 = ADVANCED_FACE ( 'NONE', ( #3165 ), #2465, .T. ) ;
#2236 = CARTESIAN_POINT ( 'NONE',  ( -3.761983600519343400E-016, 1.057097118173366800E-015, 0.0000000000000000000 ) ) ;
#2237 =( GEOMETRIC_REPRESENTATION_CONTEXT ( 3 ) GLOBAL_UNCERTAINTY_ASSIGNED_CONTEXT ( ( #857 ) ) GLOBAL_UNIT_ASSIGNED_CONTEXT ( ( #919, #1210, #3115 ) ) REPRESENTATION_CONTEXT ( 'NONE', 'WORKASPACE' ) );
#2238 = ORIENTED_EDGE ( 'NONE', *, *, #7, .F. ) ;
#2239 = ORIENTED_EDGE ( 'NONE', *, *, #3054, .T. ) ;
#2240 = CARTESIAN_POINT ( 'NONE',  ( -2.735946935944063800, 1.300000000000000900, 1.768916750909691000 ) ) ;
#2241 = ORIENTED_EDGE ( 'NONE', *, *, #2380, .T. ) ;
#2242 = CARTESIAN_POINT ( 'NONE',  ( -3.176998337194121700, 2.087089182034596000E-015, 2.817760715212947400 ) ) ;
#2243 = ADVANCED_FACE ( 'NONE', ( #1567 ), #1662, .T. ) ;
#2244 = VECTOR ( 'NONE', #3107, 1000.000000000000000 ) ;
#2245 = CARTESIAN_POINT ( 'NONE',  ( 2.665000000000000000, 1.300000000000000000, 1.669452815064608400 ) ) ;
#2246 = LINE ( 'NONE', #2223, #1518 ) ;
#2247 = EDGE_CURVE ( 'NONE', #903, #3184, #2331, .T. ) ;
#2248 = DIRECTION ( 'NONE',  ( -1.084202172485525100E-014, 0.0000000000000000000, -1.000000000000000000 ) ) ;
#2249 = DIRECTION ( 'NONE',  ( -1.000000000000000000, 0.0000000000000000000, 0.0000000000000000000 ) ) ;
#2250 = LINE ( 'NONE', #3258, #2107 ) ;
#2251 = CARTESIAN_POINT ( 'NONE',  ( 0.8900000000000004600, 2.029999999999999800, 1.181940536066258000 ) ) ;
#2252 = LINE ( 'NONE', #2242, #206 ) ;
#2253 = DIRECTION ( 'NONE',  ( 0.8141155183563230100, -3.414809992080336900E-016, 0.5807029557109344400 ) ) ;
#2254 = VECTOR ( 'NONE', #1730, 1000.000000000000000 ) ;
#2255 = DIRECTION ( 'NONE',  ( 0.8141155183563216800, -2.412891360787823600E-016, -0.5807029557109363300 ) ) ;
#2256 = CARTESIAN_POINT ( 'NONE',  ( -0.8900000000000005700, -8.450000000000001100, 4.684174434524755800E-016 ) ) ;
#2257 = EDGE_LOOP ( 'NONE', ( #2066, #629, #187, #1845, #2287, #1095 ) ) ;
#2258 = CYLINDRICAL_SURFACE ( 'NONE', #3043, 1.000000000000000400 ) ;
#2259 = DIRECTION ( 'NONE',  ( 0.0000000000000000000, 0.0000000000000000000, -1.000000000000000000 ) ) ;
#2260 = DIRECTION ( 'NONE',  ( 0.0000000000000000000, 1.000000000000000000, -2.306813132947883000E-016 ) ) ;
#2261 = EDGE_LOOP ( 'NONE', ( #716, #1551, #1025, #2902 ) ) ;
#2262 = ORIENTED_EDGE ( 'NONE', *, *, #3410, .F. ) ;
#2263 = CARTESIAN_POINT ( 'NONE',  ( 0.8900000000000004600, 1.291444861373810800, -0.8694738077799493100 ) ) ;
#2264 = DIRECTION ( 'NONE',  ( 0.0000000000000000000, -1.000000000000000000, 0.0000000000000000000 ) ) ;
#2265 = DIRECTION ( 'NONE',  ( 0.8141155183563230100, -3.208924548677787500E-016, 0.5807029557109344400 ) ) ;
#2266 = AXIS2_PLACEMENT_3D ( 'NONE', #2824, #370, #665 ) ;
#2267 = CARTESIAN_POINT ( 'NONE',  ( -2.839999999999999900, 1.190000000000000200, 1.270000000000001600 ) ) ;
#2268 = ADVANCED_FACE ( 'NONE', ( #1310 ), #2195, .F. ) ;
#2269 = ORIENTED_EDGE ( 'NONE', *, *, #3383, .T. ) ;
#2270 = DIRECTION ( 'NONE',  ( -3.690901012716612800E-015, 1.000000000000000000, 0.0000000000000000000 ) ) ;
#2271 = ORIENTED_EDGE ( 'NONE', *, *, #555, .T. ) ;
#2272 = AXIS2_PLACEMENT_3D ( 'NONE', #795, #2704, #2193 ) ;
#2273 = DIRECTION ( 'NONE',  ( 0.0000000000000000000, 1.000000000000000000, 0.0000000000000000000 ) ) ;
#2274 = ADVANCED_FACE ( 'NONE', ( #171 ), #513, .T. ) ;
#2275 = CIRCLE ( 'NONE', #2180, 0.2500000000000002200 ) ;
#2276 = CARTESIAN_POINT ( 'NONE',  ( 2.665000000000000000, 1.550000000000000000, -1.269999999999999800 ) ) ;
#2277 = ORIENTED_EDGE ( 'NONE', *, *, #218, .T. ) ;
#2278 = VERTEX_POINT ( 'NONE', #2298 ) ;
#2279 = DIRECTION ( 'NONE',  ( 0.0000000000000000000, 0.0000000000000000000, -1.000000000000000000 ) ) ;
#2280 = ORIENTED_EDGE ( 'NONE', *, *, #2380, .F. ) ;
#2281 = EDGE_CURVE ( 'NONE', #2723, #2948, #2887, .T. ) ;
#2282 = VECTOR ( 'NONE', #2565, 1000.000000000000000 ) ;
#2283 = LINE ( 'NONE', #3514, #911 ) ;
#2284 = DIRECTION ( 'NONE',  ( 0.0000000000000000000, -1.000000000000000000, 0.0000000000000000000 ) ) ;
#2285 = AXIS2_PLACEMENT_3D ( 'NONE', #853, #1392, #1665 ) ;
#2286 = DIRECTION ( 'NONE',  ( 0.5807029557109344400, -3.513074643985861800E-015, -0.8141155183563230100 ) ) ;
#2287 = ORIENTED_EDGE ( 'NONE', *, *, #1189, .F. ) ;
#2288 = FACE_OUTER_BOUND ( 'NONE', #1674, .T. ) ;
#2289 = DIRECTION ( 'NONE',  ( -3.853260616876377700E-018, 1.000000000000000000, -5.402072150002732900E-018 ) ) ;
#2290 = DIRECTION ( 'NONE',  ( 1.000000000000000000, 0.0000000000000000000, -2.478176394252584500E-015 ) ) ;
#2291 = EDGE_CURVE ( 'NONE', #2413, #165, #2592, .T. ) ;
#2292 = FACE_OUTER_BOUND ( 'NONE', #3432, .T. ) ;
#2293 = APPLICATION_PROTOCOL_DEFINITION ( 'draft international standard', 'automotive_design', 1998, #915 ) ;
#2294 = LINE ( 'NONE', #1998, #2550 ) ;
#2295 = CARTESIAN_POINT ( 'NONE',  ( -2.735946935944063800, 1.190000000000000600, 1.768916750909691000 ) ) ;
#2296 = ORIENTED_EDGE ( 'NONE', *, *, #731, .F. ) ;
#2297 = FACE_OUTER_BOUND ( 'NONE', #2710, .T. ) ;
#2298 = CARTESIAN_POINT ( 'NONE',  ( -2.665000000000000000, 1.300000000000000000, -1.909999999999999900 ) ) ;
#2299 = EDGE_CURVE ( 'NONE', #903, #413, #508, .T. ) ;
#2300 = DIRECTION ( 'NONE',  ( -0.8141155183563222300, -0.0000000000000000000, 0.5807029557109353300 ) ) ;
#2301 = LINE ( 'NONE', #3314, #1579 ) ;
#2302 = CARTESIAN_POINT ( 'NONE',  ( 3.935000000000001800, 0.2500000000000019400, -1.269999999999999400 ) ) ;
#2303 = AXIS2_PLACEMENT_3D ( 'NONE', #2339, #2878, #2081 ) ;
#2304 = ORIENTED_EDGE ( 'NONE', *, *, #1848, .F. ) ;
#2305 = EDGE_CURVE ( 'NONE', #3327, #1004, #2674, .T. ) ;
#2306 = CARTESIAN_POINT ( 'NONE',  ( -2.945000000000002900, 0.2500000000000020500, 2.061998337517970500 ) ) ;
#2307 = EDGE_LOOP ( 'NONE', ( #2814, #711, #1011, #1816 ) ) ;
#2308 = CARTESIAN_POINT ( 'NONE',  ( 0.0000000000000000000, 1.300000000000000000, -1.000000000000002200 ) ) ;
#2309 = AXIS2_PLACEMENT_3D ( 'NONE', #1119, #2690, #1328 ) ;
#2310 = VERTEX_POINT ( 'NONE', #2351 ) ;
#2311 = LINE ( 'NONE', #196, #1590 ) ;
#2312 = CARTESIAN_POINT ( 'NONE',  ( -0.8900000000000011200, 1.291444861373810500, -0.8694738077799497600 ) ) ;
#2313 = VERTEX_POINT ( 'NONE', #865 ) ;
#2314 = EDGE_LOOP ( 'NONE', ( #9, #579, #2336, #565 ) ) ;
#2315 = LINE ( 'NONE', #325, #67 ) ;
#2316 = LINE ( 'NONE', #1560, #1596 ) ;
#2317 = VECTOR ( 'NONE', #2335, 999.9999999999998900 ) ;
#2318 = ADVANCED_FACE ( 'NONE', ( #1126 ), #2492, .F. ) ;
#2319 = LINE ( 'NONE', #617, #2702 ) ;
#2320 = VECTOR ( 'NONE', #2693, 1000.000000000000000 ) ;
#2321 = CARTESIAN_POINT ( 'NONE',  ( -3.935000000000001800, 0.2500000000000019400, 1.270000000000001600 ) ) ;
#2322 = ORIENTED_EDGE ( 'NONE', *, *, #2054, .T. ) ;
#2323 = CYLINDRICAL_SURFACE ( 'NONE', #677, 0.2499999999999997800 ) ;
#2324 = ADVANCED_FACE ( 'NONE', ( #3245 ), #1296, .T. ) ;
#2325 = CARTESIAN_POINT ( 'NONE',  ( -3.008877325128205300, 0.2500000000000020000, 2.151551044537165900 ) ) ;
#2326 = CIRCLE ( 'NONE', #2561, 0.8900000000000001200 ) ;
#2327 = CARTESIAN_POINT ( 'NONE',  ( 0.8900000000000004600, 1.038555138626188900, 1.051414343846206200 ) ) ;
#2328 = EDGE_CURVE ( 'NONE', #1431, #949, #1083, .T. ) ;
#2329 = CARTESIAN_POINT ( 'NONE',  ( 0.8900000000000004600, 1.539306076717263000, -0.8368422597249360900 ) ) ;
#2330 = VERTEX_POINT ( 'NONE', #2511 ) ;
#2331 = LINE ( 'NONE', #1944, #1608 ) ;
#2332 = ORIENTED_EDGE ( 'NONE', *, *, #466, .T. ) ;
#2333 = LINE ( 'NONE', #1549, #1572 ) ;
#2334 = DIRECTION ( 'NONE',  ( -1.555594421392246100E-014, -1.000000000000000000, 0.0000000000000000000 ) ) ;
#2335 = DIRECTION ( 'NONE',  ( -0.5807029557109323300, 1.445602896647339700E-016, 0.8141155183563244500 ) ) ;
#2336 = ORIENTED_EDGE ( 'NONE', *, *, #651, .F. ) ;
#2337 = ADVANCED_FACE ( 'NONE', ( #1348 ), #2883, .T. ) ;
#2338 = VECTOR ( 'NONE', #893, 1000.000000000000000 ) ;
#2339 = CARTESIAN_POINT ( 'NONE',  ( 1.702020227631533300, 1.190000000000000200, 2.506409504662598000 ) ) ;
#2340 = DIRECTION ( 'NONE',  ( 5.263117342162642700E-016, -0.0000000000000000000, 1.000000000000000000 ) ) ;
#2341 = EDGE_CURVE ( 'NONE', #1284, #1241, #291, .T. ) ;
#2342 = ORIENTED_EDGE ( 'NONE', *, *, #3176, .F. ) ;
#2343 = AXIS2_PLACEMENT_3D ( 'NONE', #2496, #272, #1414 ) ;
#2344 = ORIENTED_EDGE ( 'NONE', *, *, #3237, .T. ) ;
#2345 = EDGE_CURVE ( 'NONE', #1869, #2620, #640, .T. ) ;
#2346 = CARTESIAN_POINT ( 'NONE',  ( 2.839999999999999900, 1.190000000000000200, -1.269999999999999800 ) ) ;
#2347 = CARTESIAN_POINT ( 'NONE',  ( -3.310000000000002700, 0.2500000000000018300, 1.270000000000001600 ) ) ;
#2348 = VERTEX_POINT ( 'NONE', #1142 ) ;
#2349 = EDGE_LOOP ( 'NONE', ( #1467, #534, #1606, #3510 ) ) ;
#2350 = EDGE_LOOP ( 'NONE', ( #584, #1802, #2129, #1422 ) ) ;
#2351 = CARTESIAN_POINT ( 'NONE',  ( -1.702020227631533000, 1.300000000000000500, 2.506409504662578500 ) ) ;
#2352 = DIRECTION ( 'NONE',  ( 0.0000000000000000000, 0.0000000000000000000, -1.000000000000000000 ) ) ;
#2353 = VERTEX_POINT ( 'NONE', #344 ) ;
#2354 = LINE ( 'NONE', #1496, #1555 ) ;
#2355 = VECTOR ( 'NONE', #2941, 999.9999999999998900 ) ;
#2356 = CARTESIAN_POINT ( 'NONE',  ( 2.404953649132020900, 1.981986720085017000E-015, 3.061373111521304800 ) ) ;
#2357 = CYLINDRICAL_SURFACE ( 'NONE', #2568, 0.3600000000000006000 ) ;
#2358 = CARTESIAN_POINT ( 'NONE',  ( 2.735946935944063400, 1.300000000000000000, 1.768916750909709200 ) ) ;
#2359 = EDGE_CURVE ( 'NONE', #2067, #2863, #1524, .T. ) ;
#2360 = ORIENTED_EDGE ( 'NONE', *, *, #1657, .F. ) ;
#2361 = LINE ( 'NONE', #2396, #994 ) ;
#2362 = LINE ( 'NONE', #1722, #1385 ) ;
#2363 = AXIS2_PLACEMENT_3D ( 'NONE', #1169, #621, #3019 ) ;
#2364 = CARTESIAN_POINT ( 'NONE',  ( -2.404953649132019100, 2.052954890860758000E-015, 3.061373111521286100 ) ) ;
#2365 = ORIENTED_EDGE ( 'NONE', *, *, #271, .T. ) ;
#2366 = CARTESIAN_POINT ( 'NONE',  ( -2.949999999999999300, 1.190000000000000600, -1.269999999999998500 ) ) ;
#2367 = FACE_OUTER_BOUND ( 'NONE', #1293, .T. ) ;
#2368 = AXIS2_PLACEMENT_3D ( 'NONE', #3177, #3233, #3506 ) ;
#2369 = EDGE_CURVE ( 'NONE', #2620, #55, #2252, .T. ) ;
#2370 = CARTESIAN_POINT ( 'NONE',  ( 0.05685646636341093500, 1.490777987167568600E-015, 0.04055532332213995100 ) ) ;
#2371 = ORIENTED_EDGE ( 'NONE', *, *, #98, .F. ) ;
#2372 = CYLINDRICAL_SURFACE ( 'NONE', #2056, 0.3599999999999992100 ) ;
#2373 = DIRECTION ( 'NONE',  ( 0.0000000000000000000, 5.402072150003185800E-018, 1.000000000000000000 ) ) ;
#2374 = LINE ( 'NONE', #3488, #2455 ) ;
#2375 = AXIS2_PLACEMENT_3D ( 'NONE', #107, #121, #2573 ) ;
#2376 = CARTESIAN_POINT ( 'NONE',  ( -1.765897552759738500, 0.3600000000000007100, 2.595962211681776200 ) ) ;
#2377 = VECTOR ( 'NONE', #232, 1000.000000000000000 ) ;
#2378 = EDGE_LOOP ( 'NONE', ( #1847, #129, #3494, #2950 ) ) ;
#2379 = ORIENTED_EDGE ( 'NONE', *, *, #1295, .T. ) ;
#2380 = EDGE_CURVE ( 'NONE', #2560, #975, #2155, .T. ) ;
#2381 = DIRECTION ( 'NONE',  ( 0.8141155183563219000, -0.0000000000000000000, 0.5807029557109361100 ) ) ;
#2382 = CARTESIAN_POINT ( 'NONE',  ( 3.008877325128204400, 0.3600000000000018700, 2.151551044537184600 ) ) ;
#2383 = EDGE_LOOP ( 'NONE', ( #2443, #2069, #1631 ) ) ;
#2384 = EDGE_CURVE ( 'NONE', #1626, #2419, #81, .T. ) ;
#2385 = ADVANCED_FACE ( 'NONE', ( #1738 ), #34, .T. ) ;
#2386 = CARTESIAN_POINT ( 'NONE',  ( 2.665000000000000000, 1.550000000000000000, 1.669452815064608400 ) ) ;
#2387 = AXIS2_PLACEMENT_3D ( 'NONE', #1619, #531, #2746 ) ;
#2388 = CIRCLE ( 'NONE', #1411, 1.000000000000000700 ) ;
#2389 = DIRECTION ( 'NONE',  ( 1.734723475976805500E-015, 1.176887751541451400E-016, 1.000000000000000000 ) ) ;
#2390 = CARTESIAN_POINT ( 'NONE',  ( 1.911073291687472600, 1.134467072127112800E-014, 2.799491091270877300 ) ) ;
#2391 = EDGE_CURVE ( 'NONE', #1136, #440, #2545, .T. ) ;
#2392 = ORIENTED_EDGE ( 'NONE', *, *, #2215, .F. ) ;
#2393 = DIRECTION ( 'NONE',  ( -0.0000000000000000000, -0.0000000000000000000, 1.000000000000000000 ) ) ;
#2394 = ORIENTED_EDGE ( 'NONE', *, *, #3311, .F. ) ;
#2395 = EDGE_LOOP ( 'NONE', ( #379, #318, #2789, #443 ) ) ;
#2396 = CARTESIAN_POINT ( 'NONE',  ( 0.8900000000000004600, 1.029999999999999600, 1.770000000000000200 ) ) ;
#2397 = ORIENTED_EDGE ( 'NONE', *, *, #3153, .T. ) ;
#2398 = ORIENTED_EDGE ( 'NONE', *, *, #1914, .T. ) ;
#2399 = DIRECTION ( 'NONE',  ( 0.5807029557109344400, -3.513074643985861800E-015, -0.8141155183563230100 ) ) ;
#2400 = AXIS2_PLACEMENT_3D ( 'NONE', #762, #2140, #2872 ) ;
#2401 = VECTOR ( 'NONE', #3487, 1000.000000000000000 ) ;
#2402 = FACE_OUTER_BOUND ( 'NONE', #1352, .T. ) ;
#2403 = CIRCLE ( 'NONE', #47, 0.3599999999999996500 ) ;
#2404 = PLANE ( 'NONE',  #1690 ) ;
#2405 = EDGE_CURVE ( 'NONE', #3026, #627, #3497, .T. ) ;
#2406 = AXIS2_PLACEMENT_3D ( 'NONE', #778, #1055, #2968 ) ;
#2407 = LINE ( 'NONE', #598, #2800 ) ;
#2408 = DIRECTION ( 'NONE',  ( -0.5807029557109351100, -0.0000000000000000000, -0.8141155183563225700 ) ) ;
#2409 = CARTESIAN_POINT ( 'NONE',  ( 3.380527216783203200, 1.978668964786045600E-015, 2.672584976285231000 ) ) ;
#2410 = LINE ( 'NONE', #1870, #1697 ) ;
#2411 = AXIS2_PLACEMENT_3D ( 'NONE', #2203, #1375, #1704 ) ;
#2412 = EDGE_CURVE ( 'NONE', #568, #1110, #1817, .T. ) ;
#2413 = VERTEX_POINT ( 'NONE', #3020 ) ;
#2414 = LINE ( 'NONE', #2390, #1656 ) ;
#2415 = DIRECTION ( 'NONE',  ( 1.000000000000000000, 0.0000000000000000000, 0.0000000000000000000 ) ) ;
#2416 = EDGE_LOOP ( 'NONE', ( #2891, #1542, #476, #970 ) ) ;
#2417 = VECTOR ( 'NONE', #3357, 1000.000000000000000 ) ;
#2418 = DIRECTION ( 'NONE',  ( -0.8141155183563230100, 3.208924548677788000E-016, -0.5807029557109344400 ) ) ;
#2419 = VERTEX_POINT ( 'NONE', #2749 ) ;
#2420 = DIRECTION ( 'NONE',  ( 0.0000000000000000000, -1.000000000000000000, 0.0000000000000000000 ) ) ;
#2421 = CARTESIAN_POINT ( 'NONE',  ( -1.974950616815674500, 0.3600000000000019900, 2.889043798290052800 ) ) ;
#2422 = CARTESIAN_POINT ( 'NONE',  ( -0.8900000000000005700, 1.550000000000000000, 4.684174434524755800E-016 ) ) ;
#2423 = ORIENTED_EDGE ( 'NONE', *, *, #876, .T. ) ;
#2424 = DIRECTION ( 'NONE',  ( 0.8141155183563230100, 0.0000000000000000000, 0.5807029557109344400 ) ) ;
#2425 = EDGE_CURVE ( 'NONE', #302, #114, #2407, .T. ) ;
#2426 = CARTESIAN_POINT ( 'NONE',  ( 3.200000000000003700, 1.164799447871036200E-014, 1.270000000000000500 ) ) ;
#2427 = AXIS2_PLACEMENT_3D ( 'NONE', #1447, #366, #2260 ) ;
#2428 = CARTESIAN_POINT ( 'NONE',  ( 2.665000000000000000, 1.550000000000000000, 1.270000000000000700 ) ) ;
#2429 = DIRECTION ( 'NONE',  ( 0.0000000000000000000, 1.000000000000000000, 0.0000000000000000000 ) ) ;
#2430 = EDGE_LOOP ( 'NONE', ( #896, #2130, #1285, #1822 ) ) ;
#2431 = ORIENTED_EDGE ( 'NONE', *, *, #2145, .F. ) ;
#2432 = DIRECTION ( 'NONE',  ( 0.5807029557109338900, 0.0000000000000000000, -0.8141155183563234500 ) ) ;
#2433 = ORIENTED_EDGE ( 'NONE', *, *, #2666, .T. ) ;
#2434 = DIRECTION ( 'NONE',  ( 0.0000000000000000000, 1.000000000000000000, 0.0000000000000000000 ) ) ;
#2435 = VERTEX_POINT ( 'NONE', #1970 ) ;
#2436 = ORIENTED_EDGE ( 'NONE', *, *, #3368, .T. ) ;
#2437 = CARTESIAN_POINT ( 'NONE',  ( -3.008877325128205700, 0.2500000000000020500, 2.151551044537165900 ) ) ;
#2438 = CARTESIAN_POINT ( 'NONE',  ( 2.209664058736876900E-016, 0.2500000000000019400, 3.097834758511857900E-016 ) ) ;
#2439 = CARTESIAN_POINT ( 'NONE',  ( 1.125551698314026000E-015, 1.057097118173367000E-015, -1.270000000000001800 ) ) ;
#2440 = CARTESIAN_POINT ( 'NONE',  ( 2.346600508470674000, 1.978668964786045600E-015, 3.410077730038119100 ) ) ;
#2441 = LINE ( 'NONE', #2308, #278 ) ;
#2442 = LINE ( 'NONE', #1410, #3280 ) ;
#2443 = ORIENTED_EDGE ( 'NONE', *, *, #807, .T. ) ;
#2444 = ORIENTED_EDGE ( 'NONE', *, *, #1860, .F. ) ;
#2445 = VECTOR ( 'NONE', #1369, 1000.000000000000000 ) ;
#2446 = CARTESIAN_POINT ( 'NONE',  ( -3.008877325128205700, 2.059984127722458400E-015, 2.151551044537165900 ) ) ;
#2447 = VECTOR ( 'NONE', #1332, 1000.000000000000000 ) ;
#2448 = VECTOR ( 'NONE', #2833, 1000.000000000000100 ) ;
#2449 = ORIENTED_EDGE ( 'NONE', *, *, #123, .F. ) ;
#2450 = VECTOR ( 'NONE', #288, 1000.000000000000000 ) ;
#2451 = PLANE ( 'NONE',  #2008 ) ;
#2452 = EDGE_CURVE ( 'NONE', #3273, #2348, #3045, .T. ) ;
#2453 = AXIS2_PLACEMENT_3D ( 'NONE', #2701, #3478, #1329 ) ;
#2454 = VECTOR ( 'NONE', #2253, 1000.000000000000100 ) ;
#2455 = VECTOR ( 'NONE', #1618, 1000.000000000000000 ) ;
#2456 = CARTESIAN_POINT ( 'NONE',  ( 0.05278323435324084500, 1.029999999999999400, 0.8800000000000002300 ) ) ;
#2457 = EDGE_LOOP ( 'NONE', ( #1290, #2985, #1688, #1968 ) ) ;
#2458 = CIRCLE ( 'NONE', #3211, 0.3600000000000006000 ) ;
#2459 = EDGE_CURVE ( 'NONE', #413, #1154, #1225, .T. ) ;
#2460 = CARTESIAN_POINT ( 'NONE',  ( -1.269999999999985800, 1.300000000000000000, 2.789999999999999600 ) ) ;
#2461 = EDGE_LOOP ( 'NONE', ( #2880, #1500, #2740, #750 ) ) ;
#2462 = CARTESIAN_POINT ( 'NONE',  ( -1.269999999999985800, 1.300000000000000700, 3.169999999999998600 ) ) ;
#2463 = DIRECTION ( 'NONE',  ( 0.0000000000000000000, -1.000000000000000000, 3.771137991253927900E-015 ) ) ;
#2464 = CARTESIAN_POINT ( 'NONE',  ( 2.665000000000000000, 1.550000000000000000, -1.909999999999999900 ) ) ;
#2465 = PLANE ( 'NONE',  #791 ) ;
#2466 = DIRECTION ( 'NONE',  ( -0.0000000000000000000, -0.9914448613738103800, -0.1305261922200523800 ) ) ;
#2467 = ORIENTED_EDGE ( 'NONE', *, *, #2160, .F. ) ;
#2468 = CARTESIAN_POINT ( 'NONE',  ( -2.404953649132019100, 0.2500000000000021100, 3.061373111521286100 ) ) ;
#2469 = CARTESIAN_POINT ( 'NONE',  ( 1.974950616815675900, 1.951563910473908000E-015, 2.889043798290072700 ) ) ;
#2470 = EDGE_CURVE ( 'NONE', #627, #2310, #428, .T. ) ;
#2471 = ADVANCED_FACE ( 'NONE', ( #2711 ), #1417, .T. ) ;
#2472 = ORIENTED_EDGE ( 'NONE', *, *, #1257, .F. ) ;
#2473 = DIRECTION ( 'NONE',  ( 0.5807029557109082400, -0.0000000000000000000, 0.8141155183563416600 ) ) ;
#2474 = CARTESIAN_POINT ( 'NONE',  ( 1.974950616815676300, 0.2500000000000020000, 2.889043798290073200 ) ) ;
#2475 = CARTESIAN_POINT ( 'NONE',  ( -1.974950616815674500, 0.3600000000000019900, 2.889043798290052800 ) ) ;
#2476 = ORIENTED_EDGE ( 'NONE', *, *, #997, .T. ) ;
#2477 = ORIENTED_EDGE ( 'NONE', *, *, #2405, .T. ) ;
#2478 = ORIENTED_EDGE ( 'NONE', *, *, #133, .F. ) ;
#2479 = DIRECTION ( 'NONE',  ( 0.0000000000000000000, 0.0000000000000000000, 1.000000000000000000 ) ) ;
#2480 = ADVANCED_FACE ( 'NONE', ( #1991 ), #1653, .F. ) ;
#2481 = AXIS2_PLACEMENT_3D ( 'NONE', #3210, #3439, #473 ) ;
#2482 = EDGE_CURVE ( 'NONE', #625, #2621, #469, .T. ) ;
#2483 = CARTESIAN_POINT ( 'NONE',  ( -0.8900000000000011200, 1.300000000000000500, 0.9808678567003168400 ) ) ;
#2484 = DIRECTION ( 'NONE',  ( -0.0000000000000000000, 1.000000000000000000, 0.0000000000000000000 ) ) ;
#2485 = ORIENTED_EDGE ( 'NONE', *, *, #771, .F. ) ;
#2486 = ORIENTED_EDGE ( 'NONE', *, *, #2562, .F. ) ;
#2487 = FACE_OUTER_BOUND ( 'NONE', #1680, .T. ) ;
#2488 = DIRECTION ( 'NONE',  ( 1.000000000000000000, 3.614007241618346800E-015, 0.0000000000000000000 ) ) ;
#2489 = AXIS2_PLACEMENT_3D ( 'NONE', #1539, #176, #2636 ) ;
#2490 = LINE ( 'NONE', #2817, #1774 ) ;
#2491 = DIRECTION ( 'NONE',  ( 0.0000000000000000000, -0.9914448613738104900, -0.1305261922200517100 ) ) ;
#2492 = PLANE ( 'NONE',  #2918 ) ;
#2493 = DIRECTION ( 'NONE',  ( 1.000000000000000000, -1.218204688185959100E-016, 0.0000000000000000000 ) ) ;
#2494 = DIRECTION ( 'NONE',  ( 7.120606872860913200E-017, 1.000000000000000000, -9.982722661043972400E-017 ) ) ;
#2495 = FACE_OUTER_BOUND ( 'NONE', #1810, .T. ) ;
#2496 = CARTESIAN_POINT ( 'NONE',  ( 1.270000000000014200, 1.190000000000000600, 2.809999999999999200 ) ) ;
#2497 = LINE ( 'NONE', #1544, #786 ) ;
#2498 = DIRECTION ( 'NONE',  ( -1.532024808946909300E-014, -1.000000000000000000, 3.771137991253930200E-015 ) ) ;
#2499 = AXIS2_PLACEMENT_3D ( 'NONE', #1599, #1868, #523 ) ;
#2500 = ADVANCED_FACE ( 'NONE', ( #2367 ), #2809, .F. ) ;
#2501 = PLANE ( 'NONE',  #2285 ) ;
#2502 = DIRECTION ( 'NONE',  ( 1.000000000000000000, -0.0000000000000000000, -4.956352788505169000E-015 ) ) ;
#2503 = ORIENTED_EDGE ( 'NONE', *, *, #616, .T. ) ;
#2504 = PLANE ( 'NONE',  #1250 ) ;
#2505 = CYLINDRICAL_SURFACE ( 'NONE', #2786, 0.2500000000000002200 ) ;
#2506 = CARTESIAN_POINT ( 'NONE',  ( -1.974950616815674500, 0.2500000000000020500, 2.889043798290052300 ) ) ;
#2507 = AXIS2_PLACEMENT_3D ( 'NONE', #1997, #2795, #631 ) ;
#2508 = VECTOR ( 'NONE', #3218, 1000.000000000000000 ) ;
#2509 = FACE_OUTER_BOUND ( 'NONE', #2858, .T. ) ;
#2510 = ADVANCED_FACE ( 'NONE', ( #1856 ), #918, .F. ) ;
#2511 = CARTESIAN_POINT ( 'NONE',  ( -1.690406168517314800, 1.550000000000000000, 2.490127194295451900 ) ) ;
#2512 = VERTEX_POINT ( 'NONE', #1492 ) ;
#2513 = CARTESIAN_POINT ( 'NONE',  ( -2.665000000000000000, 1.300000000000000000, 1.270000000000000700 ) ) ;
#2514 = DIRECTION ( 'NONE',  ( 1.707404996039629300E-016, -0.0000000000000000000, 1.000000000000000000 ) ) ;
#2515 = VERTEX_POINT ( 'NONE', #2000 ) ;
#2516 = VECTOR ( 'NONE', #2003, 1000.000000000000000 ) ;
#2517 = DIRECTION ( 'NONE',  ( -1.000000000000000000, -2.212657494868377700E-016, 0.0000000000000000000 ) ) ;
#2518 = CARTESIAN_POINT ( 'NONE',  ( -2.735946935944064200, 1.550000000000000900, 1.768916750909691500 ) ) ;
#2519 = VERTEX_POINT ( 'NONE', #1439 ) ;
#2520 = EDGE_CURVE ( 'NONE', #937, #59, #872, .T. ) ;
#2521 = VERTEX_POINT ( 'NONE', #921 ) ;
#2522 = DIRECTION ( 'NONE',  ( -3.690901012716612800E-015, 1.000000000000000000, -0.0000000000000000000 ) ) ;
#2523 = DIRECTION ( 'NONE',  ( 0.0000000000000000000, -4.872818752743840300E-016, -1.000000000000000000 ) ) ;
#2524 = CARTESIAN_POINT ( 'NONE',  ( -2.799824261072267000, 1.190000000000001100, 1.858469457928886700 ) ) ;
#2525 = ORIENTED_EDGE ( 'NONE', *, *, #1962, .T. ) ;
#2526 = DIRECTION ( 'NONE',  ( -3.853260616876377700E-018, 1.000000000000000000, -5.402072150002732900E-018 ) ) ;
#2527 = ORIENTED_EDGE ( 'NONE', *, *, #3391, .F. ) ;
#2528 = DIRECTION ( 'NONE',  ( 0.5807029557109344400, 0.0000000000000000000, -0.8141155183563230100 ) ) ;
#2529 = ORIENTED_EDGE ( 'NONE', *, *, #50, .T. ) ;
#2530 = DIRECTION ( 'NONE',  ( -1.000000000000000000, 0.0000000000000000000, 0.0000000000000000000 ) ) ;
#2531 = EDGE_CURVE ( 'NONE', #1926, #1546, #2964, .T. ) ;
#2532 = AXIS2_PLACEMENT_3D ( 'NONE', #3013, #2230, #2187 ) ;
#2533 = EDGE_LOOP ( 'NONE', ( #1710, #3485, #2663, #1720 ) ) ;
#2534 = ORIENTED_EDGE ( 'NONE', *, *, #1480, .T. ) ;
#2535 = CARTESIAN_POINT ( 'NONE',  ( 0.0000000000000000000, 0.3000000000000007700, -1.000000000000002200 ) ) ;
#2536 = FACE_OUTER_BOUND ( 'NONE', #233, .T. ) ;
#2537 = CARTESIAN_POINT ( 'NONE',  ( -2.839999999999999900, 1.300000000000000000, 1.270000000000001600 ) ) ;
#2538 = VECTOR ( 'NONE', #514, 1000.000000000000000 ) ;
#2539 = EDGE_CURVE ( 'NONE', #124, #2993, #1263, .T. ) ;
#2540 = DIRECTION ( 'NONE',  ( -0.0000000000000000000, -0.0000000000000000000, -1.000000000000000000 ) ) ;
#2541 = FACE_BOUND ( 'NONE', #1679, .T. ) ;
#2542 = DIRECTION ( 'NONE',  ( -2.105246936865057300E-016, 0.0000000000000000000, 1.000000000000000000 ) ) ;
#2543 = ADVANCED_FACE ( 'NONE', ( #3343 ), #2505, .T. ) ;
#2544 = ORIENTED_EDGE ( 'NONE', *, *, #820, .T. ) ;
#2545 = LINE ( 'NONE', #1129, #3163 ) ;
#2546 = PLANE ( 'NONE',  #1712 ) ;
#2547 = CARTESIAN_POINT ( 'NONE',  ( 1.269999999999994200, -8.286281061547094300E-015, 3.170000000000003000 ) ) ;
#2548 = CARTESIAN_POINT ( 'NONE',  ( -2.949999999999999300, 1.190000000000000600, 1.270000000000001600 ) ) ;
#2549 = EDGE_LOOP ( 'NONE', ( #1493, #3372, #1252, #2834 ) ) ;
#2550 = VECTOR ( 'NONE', #3066, 1000.000000000000000 ) ;
#2551 = CARTESIAN_POINT ( 'NONE',  ( 3.935000000000001800, 1.927777842404073700E-015, -1.019999999999999600 ) ) ;
#2552 = ORIENTED_EDGE ( 'NONE', *, *, #2760, .F. ) ;
#2553 = LINE ( 'NONE', #2992, #33 ) ;
#2554 = EDGE_CURVE ( 'NONE', #2010, #2790, #3293, .T. ) ;
#2555 =( NAMED_UNIT ( * ) PLANE_ANGLE_UNIT ( ) SI_UNIT ( $, .RADIAN. ) );
#2556 = DIRECTION ( 'NONE',  ( 0.0000000000000000000, 0.0000000000000000000, -1.000000000000000000 ) ) ;
#2557 = VERTEX_POINT ( 'NONE', #2551 ) ;
#2558 = FACE_OUTER_BOUND ( 'NONE', #317, .T. ) ;
#2559 = DIRECTION ( 'NONE',  ( 0.0000000000000000000, 1.000000000000000000, 0.0000000000000000000 ) ) ;
#2560 = VERTEX_POINT ( 'NONE', #3355 ) ;
#2561 = AXIS2_PLACEMENT_3D ( 'NONE', #1155, #2073, #415 ) ;
#2562 = EDGE_CURVE ( 'NONE', #3026, #2854, #962, .T. ) ;
#2563 = DIRECTION ( 'NONE',  ( -1.000000000000000000, 1.207782778203454000E-016, 1.590076192935294600E-017 ) ) ;
#2564 = ORIENTED_EDGE ( 'NONE', *, *, #1506, .F. ) ;
#2565 = DIRECTION ( 'NONE',  ( 2.894815742855157300E-017, -1.000000000000000000, 4.058381993519082500E-017 ) ) ;
#2566 = CARTESIAN_POINT ( 'NONE',  ( 0.8900000000000000100, -8.450000000000001100, 1.059999999999997600 ) ) ;
#2567 = LINE ( 'NONE', #1725, #1833 ) ;
#2568 = AXIS2_PLACEMENT_3D ( 'NONE', #221, #988, #3171 ) ;
#2569 =( LENGTH_UNIT ( ) NAMED_UNIT ( * ) SI_UNIT ( .MILLI., .METRE. ) );
#2570 = DIRECTION ( 'NONE',  ( 1.000000000000000000, -3.690901012716612800E-015, 0.0000000000000000000 ) ) ;
#2571 = ORIENTED_EDGE ( 'NONE', *, *, #997, .F. ) ;
#2572 = CARTESIAN_POINT ( 'NONE',  ( 3.008877325128204400, 0.3600000000000018700, 2.151551044537184600 ) ) ;
#2573 = DIRECTION ( 'NONE',  ( 1.000000000000000000, -2.464095846557967800E-015, 0.0000000000000000000 ) ) ;
#2574 = VERTEX_POINT ( 'NONE', #1213 ) ;
#2575 = ORIENTED_EDGE ( 'NONE', *, *, #3360, .F. ) ;
#2576 = UNCERTAINTY_MEASURE_WITH_UNIT (LENGTH_MEASURE( 1.000000000000000100E-005 ), #1498, 'distance_accuracy_value', 'NONE');
#2577 = DIRECTION ( 'NONE',  ( 0.0000000000000000000, 0.0000000000000000000, 1.000000000000000000 ) ) ;
#2578 = EDGE_LOOP ( 'NONE', ( #761, #2172, #1187, #2183 ) ) ;
#2579 = ORIENTED_EDGE ( 'NONE', *, *, #173, .F. ) ;
#2580 = ORIENTED_EDGE ( 'NONE', *, *, #1361, .F. ) ;
#2581 = EDGE_CURVE ( 'NONE', #3261, #975, #999, .T. ) ;
#2582 = LINE ( 'NONE', #237, #2538 ) ;
#2583 = CARTESIAN_POINT ( 'NONE',  ( -2.665000000000000000, 1.300000000000000000, -1.269999999999999400 ) ) ;
#2584 = DIRECTION ( 'NONE',  ( 1.707404996039621200E-016, -0.0000000000000000000, 1.000000000000000000 ) ) ;
#2585 = VECTOR ( 'NONE', #361, 1000.000000000000000 ) ;
#2586 = SURFACE_STYLE_USAGE ( .BOTH. , #391 ) ;
#2587 = VECTOR ( 'NONE', #1080, 1000.000000000000000 ) ;
#2588 = CIRCLE ( 'NONE', #1575, 0.7500000000000005600 ) ;
#2589 = EDGE_CURVE ( 'NONE', #2419, #59, #1033, .T. ) ;
#2590 = FACE_OUTER_BOUND ( 'NONE', #2416, .T. ) ;
#2591 = VERTEX_POINT ( 'NONE', #1742 ) ;
#2592 = CIRCLE ( 'NONE', #2216, 0.2500000000000002200 ) ;
#2593 = DIRECTION ( 'NONE',  ( 0.8141155183563224500, -7.888609052210118100E-031, -0.5807029557109352200 ) ) ;
#2594 = DIRECTION ( 'NONE',  ( -1.000000000000000000, -0.0000000000000000000, -0.0000000000000000000 ) ) ;
#2595 = LINE ( 'NONE', #2302, #1607 ) ;
#2596 = CYLINDRICAL_SURFACE ( 'NONE', #2781, 0.8900000000000000100 ) ;
#2597 = CARTESIAN_POINT ( 'NONE',  ( 2.735946935944063800, 1.189999999999999700, 1.768916750909709200 ) ) ;
#2598 = VERTEX_POINT ( 'NONE', #3106 ) ;
#2599 = CIRCLE ( 'NONE', #1322, 0.1099999999999998500 ) ;
#2600 = CARTESIAN_POINT ( 'NONE',  ( 0.8900000000000000100, 1.300000000000000700, 1.059999999999997600 ) ) ;
#2601 = ORIENTED_EDGE ( 'NONE', *, *, #2006, .F. ) ;
#2602 = LINE ( 'NONE', #2125, #1706 ) ;
#2603 = EDGE_CURVE ( 'NONE', #766, #2948, #3125, .T. ) ;
#2604 = CARTESIAN_POINT ( 'NONE',  ( 0.0000000000000000000, 0.0000000000000000000, 0.0000000000000000000 ) ) ;
#2605 = AXIS2_PLACEMENT_3D ( 'NONE', #400, #1206, #1485 ) ;
#2606 = ORIENTED_EDGE ( 'NONE', *, *, #2459, .F. ) ;
#2607 = CARTESIAN_POINT ( 'NONE',  ( -1.269999999999987400, 1.190000000000000600, 2.809999999999999200 ) ) ;
#2608 = PLANE ( 'NONE',  #1882 ) ;
#2609 = AXIS2_PLACEMENT_3D ( 'NONE', #3072, #2041, #2273 ) ;
#2610 = VERTEX_POINT ( 'NONE', #2524 ) ;
#2611 = EDGE_CURVE ( 'NONE', #1154, #2993, #2326, .T. ) ;
#2612 = DIRECTION ( 'NONE',  ( -0.0000000000000000000, 0.0000000000000000000, 1.000000000000000000 ) ) ;
#2613 = DIRECTION ( 'NONE',  ( -0.5807029557109352200, 0.0000000000000000000, -0.8141155183563223400 ) ) ;
#2614 = ADVANCED_FACE ( 'NONE', ( #1603 ), #1751, .F. ) ;
#2615 = VERTEX_POINT ( 'NONE', #2030 ) ;
#2616 = ORIENTED_EDGE ( 'NONE', *, *, #1454, .T. ) ;
#2617 = CARTESIAN_POINT ( 'NONE',  ( 2.665000000000000000, 1.300000000000000000, 1.669452815064608400 ) ) ;
#2618 = DIRECTION ( 'NONE',  ( -0.0000000000000000000, 0.0000000000000000000, 1.000000000000000000 ) ) ;
#2619 = ORIENTED_EDGE ( 'NONE', *, *, #835, .F. ) ;
#2620 = VERTEX_POINT ( 'NONE', #2061 ) ;
#2621 = VERTEX_POINT ( 'NONE', #881 ) ;
#2622 = DIRECTION ( 'NONE',  ( 1.994196738734802500E-016, 1.000000000000000000, 0.0000000000000000000 ) ) ;
#2623 = ORIENTED_EDGE ( 'NONE', *, *, #876, .F. ) ;
#2624 = DIRECTION ( 'NONE',  ( -0.0000000000000000000, -0.0000000000000000000, 1.000000000000000000 ) ) ;
#2625 = EDGE_CURVE ( 'NONE', #2574, #1861, #2634, .T. ) ;
#2626 = AXIS2_PLACEMENT_3D ( 'NONE', #378, #3047, #2523 ) ;
#2627 = LINE ( 'NONE', #164, #3413 ) ;
#2628 = LINE ( 'NONE', #68, #1256 ) ;
#2629 = VECTOR ( 'NONE', #844, 1000.000000000000000 ) ;
#2630 = ORIENTED_EDGE ( 'NONE', *, *, #2186, .T. ) ;
#2631 = FACE_OUTER_BOUND ( 'NONE', #2930, .T. ) ;
#2632 = DIRECTION ( 'NONE',  ( 0.5807029557109350000, -0.0000000000000000000, 0.8141155183563225700 ) ) ;
#2633 = CARTESIAN_POINT ( 'NONE',  ( -0.8900000000000011200, 1.300000000000000300, -1.000000000000002200 ) ) ;
#2634 = LINE ( 'NONE', #2306, #1645 ) ;
#2635 = AXIS2_PLACEMENT_3D ( 'NONE', #2019, #2813, #1175 ) ;
#2636 = DIRECTION ( 'NONE',  ( -0.5807029557109344400, 0.0000000000000000000, 0.8141155183563230100 ) ) ;
#2637 = FACE_OUTER_BOUND ( 'NONE', #1872, .T. ) ;
#2638 = ORIENTED_EDGE ( 'NONE', *, *, #1325, .T. ) ;
#2639 = VECTOR ( 'NONE', #3320, 1000.000000000000000 ) ;
#2640 = LINE ( 'NONE', #792, #689 ) ;
#2641 = DIRECTION ( 'NONE',  ( 1.000000000000000000, 0.0000000000000000000, -1.707404996040164300E-016 ) ) ;
#2642 = DIRECTION ( 'NONE',  ( 0.8141155183563232300, -3.697785493223492800E-032, 0.5807029557109341100 ) ) ;
#2643 = VERTEX_POINT ( 'NONE', #729 ) ;
#2644 = VECTOR ( 'NONE', #1079, 1000.000000000000000 ) ;
#2645 = ORIENTED_EDGE ( 'NONE', *, *, #1267, .F. ) ;
#2646 = CARTESIAN_POINT ( 'NONE',  ( 0.8900000000000004600, 1.291444861373810800, -0.8694738077799493100 ) ) ;
#2647 = EDGE_CURVE ( 'NONE', #2557, #3244, #248, .T. ) ;
#2648 = ORIENTED_EDGE ( 'NONE', *, *, #2369, .F. ) ;
#2649 = MECHANICAL_DESIGN_GEOMETRIC_PRESENTATION_REPRESENTATION (  '', ( #548 ), #2237 ) ;
#2650 = ORIENTED_EDGE ( 'NONE', *, *, #2089, .F. ) ;
#2651 = VERTEX_POINT ( 'NONE', #3146 ) ;
#2652 = ADVANCED_FACE ( 'NONE', ( #2153 ), #984, .T. ) ;
#2653 = DIRECTION ( 'NONE',  ( -1.000000000000000000, 0.0000000000000000000, -0.0000000000000000000 ) ) ;
#2654 = EDGE_CURVE ( 'NONE', #2610, #1984, #3000, .T. ) ;
#2655 = ORIENTED_EDGE ( 'NONE', *, *, #1734, .F. ) ;
#2656 = PLANE ( 'NONE',  #2368 ) ;
#2657 = EDGE_LOOP ( 'NONE', ( #1159, #2280, #148, #3212 ) ) ;
#2658 = DIRECTION ( 'NONE',  ( 0.0000000000000000000, 1.000000000000000000, 0.0000000000000000000 ) ) ;
#2659 = AXIS2_PLACEMENT_3D ( 'NONE', #1222, #3388, #2852 ) ;
#2660 = ORIENTED_EDGE ( 'NONE', *, *, #2713, .T. ) ;
#2661 = ORIENTED_EDGE ( 'NONE', *, *, #1580, .T. ) ;
#2662 = MECHANICAL_DESIGN_GEOMETRIC_PRESENTATION_REPRESENTATION (  '', ( #313 ), #2970 ) ;
#2663 = ORIENTED_EDGE ( 'NONE', *, *, #1350, .T. ) ;
#2664 = CIRCLE ( 'NONE', #1474, 0.1099999999999998500 ) ;
#2665 = DIRECTION ( 'NONE',  ( 0.8141155183563225700, -0.0000000000000000000, -0.5807029557109350000 ) ) ;
#2666 = EDGE_CURVE ( 'NONE', #2413, #1284, #2881, .T. ) ;
#2667 = CYLINDRICAL_SURFACE ( 'NONE', #2975, 0.1099999999999998500 ) ;
#2668 = LINE ( 'NONE', #697, #1851 ) ;
#2669 = AXIS2_PLACEMENT_3D ( 'NONE', #2799, #1922, #2517 ) ;
#2670 = CARTESIAN_POINT ( 'NONE',  ( 2.665000000000000000, 1.300000000000000000, -1.269999999999999800 ) ) ;
#2671 = CIRCLE ( 'NONE', #1274, 0.3600000000000004900 ) ;
#2672 = AXIS2_PLACEMENT_3D ( 'NONE', #2687, #1317, #1857 ) ;
#2673 = EDGE_CURVE ( 'NONE', #1136, #2897, #3042, .T. ) ;
#2674 = LINE ( 'NONE', #399, #1176 ) ;
#2675 = CARTESIAN_POINT ( 'NONE',  ( 1.702020227631533500, 1.300000000000000000, 2.506409504662598500 ) ) ;
#2676 = LINE ( 'NONE', #2782, #3096 ) ;
#2677 = LINE ( 'NONE', #25, #3205 ) ;
#2678 = ORIENTED_EDGE ( 'NONE', *, *, #1941, .T. ) ;
#2679 = LINE ( 'NONE', #2896, #141 ) ;
#2680 = DIRECTION ( 'NONE',  ( -0.8141155183563232300, 3.697785493223492800E-032, -0.5807029557109341100 ) ) ;
#2681 = CARTESIAN_POINT ( 'NONE',  ( 3.310000000000002700, 0.3600000000000017100, -1.269999999999999800 ) ) ;
#2682 = ORIENTED_EDGE ( 'NONE', *, *, #2937, .F. ) ;
#2683 = VECTOR ( 'NONE', #1988, 1000.000000000000000 ) ;
#2684 = ADVANCED_FACE ( 'NONE', ( #3495 ), #597, .T. ) ;
#2685 = CARTESIAN_POINT ( 'NONE',  ( -1.269999999999987400, 1.190000000000001100, 2.919999999999998600 ) ) ;
#2686 = EDGE_LOOP ( 'NONE', ( #2963, #2825, #1923, #1716 ) ) ;
#2687 = CARTESIAN_POINT ( 'NONE',  ( -2.346600508470671800, 2.087089182034596000E-015, 3.410077730038100900 ) ) ;
#2688 = AXIS2_PLACEMENT_3D ( 'NONE', #796, #3230, #3501 ) ;
#2689 = ORIENTED_EDGE ( 'NONE', *, *, #752, .F. ) ;
#2690 = DIRECTION ( 'NONE',  ( -5.961372681521769300E-031, 1.000000000000000000, -3.491481338843133400E-015 ) ) ;
#2691 = DIRECTION ( 'NONE',  ( 0.0000000000000000000, 0.0000000000000000000, -1.000000000000000000 ) ) ;
#2692 = EDGE_LOOP ( 'NONE', ( #1876, #51, #11, #3322, #414 ) ) ;
#2693 = DIRECTION ( 'NONE',  ( -2.119966987637125900E-015, 1.000000000000000000, -2.736908438084350300E-015 ) ) ;
#2694 = ADVANCED_FACE ( 'NONE', ( #3456 ), #191, .F. ) ;
#2695 = EDGE_CURVE ( 'NONE', #2643, #2413, #3382, .T. ) ;
#2696 = EDGE_LOOP ( 'NONE', ( #2601, #856, #2744, #1273 ) ) ;
#2697 = DIRECTION ( 'NONE',  ( 0.0000000000000000000, 1.000000000000000000, 0.0000000000000000000 ) ) ;
#2698 = ADVANCED_FACE ( 'NONE', ( #2755 ), #976, .F. ) ;
#2699 = ORIENTED_EDGE ( 'NONE', *, *, #2625, .F. ) ;
#2700 = ORIENTED_EDGE ( 'NONE', *, *, #2006, .T. ) ;
#2701 = CARTESIAN_POINT ( 'NONE',  ( 3.685000000000001800, 1.872461405032364000E-015, 1.020000000000000700 ) ) ;
#2702 = VECTOR ( 'NONE', #2502, 1000.000000000000000 ) ;
#2703 = CYLINDRICAL_SURFACE ( 'NONE', #3354, 0.2500000000000002200 ) ;
#2704 = DIRECTION ( 'NONE',  ( 0.0000000000000000000, -1.000000000000000000, -0.0000000000000000000 ) ) ;
#2705 = VERTEX_POINT ( 'NONE', #3428 ) ;
#2706 = LINE ( 'NONE', #2924, #1032 ) ;
#2707 = DIRECTION ( 'NONE',  ( 0.5807029557109344400, -3.491481338843133700E-015, -0.8141155183563230100 ) ) ;
#2708 = EDGE_CURVE ( 'NONE', #1516, #1508, #2497, .T. ) ;
#2709 = AXIS2_PLACEMENT_3D ( 'NONE', #308, #3373, #3238 ) ;
#2710 = EDGE_LOOP ( 'NONE', ( #2178, #978, #993, #2768 ) ) ;
#2711 = FACE_OUTER_BOUND ( 'NONE', #1723, .T. ) ;
#2712 = FACE_OUTER_BOUND ( 'NONE', #1132, .T. ) ;
#2713 = EDGE_CURVE ( 'NONE', #1601, #108, #2671, .T. ) ;
#2714 = DIRECTION ( 'NONE',  ( -0.5807029557109352200, -0.0000000000000000000, -0.8141155183563223400 ) ) ;
#2715 = CARTESIAN_POINT ( 'NONE',  ( 3.310000000000002700, 0.3600000000000017100, -1.269999999999999800 ) ) ;
#2716 = LINE ( 'NONE', #1499, #1996 ) ;
#2717 = DIRECTION ( 'NONE',  ( 0.0000000000000000000, 1.000000000000000000, 0.0000000000000000000 ) ) ;
#2718 = ORIENTED_EDGE ( 'NONE', *, *, #1123, .F. ) ;
#2719 = DIRECTION ( 'NONE',  ( -0.0000000000000000000, -0.0000000000000000000, -1.000000000000000000 ) ) ;
#2720 = CARTESIAN_POINT ( 'NONE',  ( -2.950000000000003700, 1.048215887611519900E-014, 0.0000000000000000000 ) ) ;
#2721 = ORIENTED_EDGE ( 'NONE', *, *, #3257, .T. ) ;
#2722 = CARTESIAN_POINT ( 'NONE',  ( 5.412473837447319300E-016, 1.190000000000000600, 3.169999999999998600 ) ) ;
#2723 = VERTEX_POINT ( 'NONE', #1236 ) ;
#2724 = ORIENTED_EDGE ( 'NONE', *, *, #1931, .F. ) ;
#2725 = DIRECTION ( 'NONE',  ( 0.5807029557109360000, 0.0000000000000000000, -0.8141155183563219000 ) ) ;
#2726 = EDGE_CURVE ( 'NONE', #1333, #2189, #1262, .T. ) ;
#2727 = ORIENTED_EDGE ( 'NONE', *, *, #2554, .T. ) ;
#2728 = DIRECTION ( 'NONE',  ( 3.690901012716612800E-015, -1.000000000000000000, 2.306813132947883000E-016 ) ) ;
#2729 = CARTESIAN_POINT ( 'NONE',  ( 0.8900000000000004600, 1.300000000000000000, -1.000000000000002200 ) ) ;
#2730 = CARTESIAN_POINT ( 'NONE',  ( -2.665000000000000000, 1.300000000000000000, 1.669452815064587800 ) ) ;
#2731 = ORIENTED_EDGE ( 'NONE', *, *, #605, .T. ) ;
#2732 = ADVANCED_FACE ( 'NONE', ( #2039 ), #3403, .F. ) ;
#2733 = DIRECTION ( 'NONE',  ( 0.0000000000000000000, 0.0000000000000000000, 1.000000000000000000 ) ) ;
#2734 = DIRECTION ( 'NONE',  ( 1.000000000000000000, -2.212657494868377700E-016, -2.950209993157836900E-016 ) ) ;
#2735 = EDGE_LOOP ( 'NONE', ( #2580, #3359, #1343, #1458, #1246, #2218 ) ) ;
#2736 = EDGE_CURVE ( 'NONE', #2353, #930, #1122, .T. ) ;
#2737 = LINE ( 'NONE', #2312, #409 ) ;
#2738 = CARTESIAN_POINT ( 'NONE',  ( -3.031822598266388400, 2.052954890860758000E-015, 2.614231835623866300 ) ) ;
#2739 = ORIENTED_EDGE ( 'NONE', *, *, #1036, .T. ) ;
#2740 = ORIENTED_EDGE ( 'NONE', *, *, #1238, .T. ) ;
#2741 = ORIENTED_EDGE ( 'NONE', *, *, #1818, .T. ) ;
#2742 = AXIS2_PLACEMENT_3D ( 'NONE', #1776, #986, #3160 ) ;
#2743 = LINE ( 'NONE', #479, #2317 ) ;
#2744 = ORIENTED_EDGE ( 'NONE', *, *, #958, .T. ) ;
#2745 = DIRECTION ( 'NONE',  ( 0.0000000000000000000, 1.000000000000000000, 0.0000000000000000000 ) ) ;
#2746 = DIRECTION ( 'NONE',  ( -1.000000000000000000, 2.212657494868377700E-016, 0.0000000000000000000 ) ) ;
#2747 = FACE_OUTER_BOUND ( 'NONE', #384, .T. ) ;
#2748 = LINE ( 'NONE', #1519, #3451 ) ;
#2749 = CARTESIAN_POINT ( 'NONE',  ( 0.8900000000000004600, 1.291444861373810300, -0.8694738077799498700 ) ) ;
#2750 = AXIS2_PLACEMENT_3D ( 'NONE', #2767, #1975, #2802 ) ;
#2751 = CARTESIAN_POINT ( 'NONE',  ( -2.403456974834091000, 2.089094963276941700E-015, 3.369522406715955900 ) ) ;
#2752 = FACE_OUTER_BOUND ( 'NONE', #1335, .T. ) ;
#2753 = EDGE_CURVE ( 'NONE', #671, #1270, #1943, .T. ) ;
#2754 = ORIENTED_EDGE ( 'NONE', *, *, #958, .F. ) ;
#2755 = FACE_OUTER_BOUND ( 'NONE', #3486, .T. ) ;
#2756 = ADVANCED_FACE ( 'NONE', ( #76 ), #1278, .F. ) ;
#2757 = PLANE ( 'NONE',  #111 ) ;
#2758 = FACE_OUTER_BOUND ( 'NONE', #112, .T. ) ;
#2759 = DIRECTION ( 'NONE',  ( 0.0000000000000000000, 1.000000000000000000, 0.0000000000000000000 ) ) ;
#2760 = EDGE_CURVE ( 'NONE', #809, #2435, #503, .T. ) ;
#2761 = ORIENTED_EDGE ( 'NONE', *, *, #1661, .F. ) ;
#2762 = LINE ( 'NONE', #1157, #2044 ) ;
#2763 = DIRECTION ( 'NONE',  ( 1.000000000000000000, 0.0000000000000000000, 0.0000000000000000000 ) ) ;
#2764 = ORIENTED_EDGE ( 'NONE', *, *, #1989, .F. ) ;
#2765 = FACE_OUTER_BOUND ( 'NONE', #1513, .T. ) ;
#2766 = EDGE_CURVE ( 'NONE', #1861, #1514, #1346, .T. ) ;
#2767 = CARTESIAN_POINT ( 'NONE',  ( 2.950000000000003700, 1.048215887611519900E-014, 0.0000000000000000000 ) ) ;
#2768 = ORIENTED_EDGE ( 'NONE', *, *, #2082, .F. ) ;
#2769 = VECTOR ( 'NONE', #31, 1000.000000000000000 ) ;
#2770 = CARTESIAN_POINT ( 'NONE',  ( -2.665000000000000000, 1.300000000000000000, -1.909999999999999900 ) ) ;
#2771 = CARTESIAN_POINT ( 'NONE',  ( -1.765897552759736000, 1.300000000000000000, 2.595962211681773500 ) ) ;
#2772 = ORIENTED_EDGE ( 'NONE', *, *, #2222, .F. ) ;
#2773 = ADVANCED_FACE ( 'NONE', ( #2590 ), #2961, .F. ) ;
#2774 = DIRECTION ( 'NONE',  ( 1.994196738734802500E-016, 1.000000000000000000, 0.0000000000000000000 ) ) ;
#2775 = CARTESIAN_POINT ( 'NONE',  ( -0.05278323435324149700, 1.029999999999999800, 1.770000000000000200 ) ) ;
#2776 = ADVANCED_FACE ( 'NONE', ( #1853 ), #1007, .T. ) ;
#2777 = CARTESIAN_POINT ( 'NONE',  ( -0.8900000000000011200, 1.539306076717262800, -0.8368422597249367500 ) ) ;
#2778 = CARTESIAN_POINT ( 'NONE',  ( 2.839999999999999900, 1.300000000000000000, 1.270000000000000200 ) ) ;
#2779 = EDGE_CURVE ( 'NONE', #1008, #2574, #2706, .T. ) ;
#2780 = CARTESIAN_POINT ( 'NONE',  ( -2.949999999999999700, 1.190000000000000600, -1.269999999999998500 ) ) ;
#2781 = AXIS2_PLACEMENT_3D ( 'NONE', #2456, #2420, #2691 ) ;
#2782 = CARTESIAN_POINT ( 'NONE',  ( 3.310000000000002700, 0.2500000000000017200, -1.269999999999999800 ) ) ;
#2783 = VERTEX_POINT ( 'NONE', #3452 ) ;
#2784 = ORIENTED_EDGE ( 'NONE', *, *, #946, .F. ) ;
#2785 = DIRECTION ( 'NONE',  ( -1.000000000000000000, 0.0000000000000000000, 0.0000000000000000000 ) ) ;
#2786 = AXIS2_PLACEMENT_3D ( 'NONE', #393, #2289, #906 ) ;
#2787 = EDGE_CURVE ( 'NONE', #1880, #2092, #1602, .T. ) ;
#2788 = CARTESIAN_POINT ( 'NONE',  ( -1.269999999999987400, 1.190000000000000600, 2.809999999999999200 ) ) ;
#2789 = ORIENTED_EDGE ( 'NONE', *, *, #1382, .T. ) ;
#2790 = VERTEX_POINT ( 'NONE', #739 ) ;
#2791 = CARTESIAN_POINT ( 'NONE',  ( 2.949999999999999300, 1.190000000000000600, 1.270000000000000700 ) ) ;
#2792 = LINE ( 'NONE', #2004, #2032 ) ;
#2793 = CYLINDRICAL_SURFACE ( 'NONE', #2499, 0.3599999999999998800 ) ;
#2794 = CARTESIAN_POINT ( 'NONE',  ( -3.200000000000003700, 1.135502921082598000E-014, 0.0000000000000000000 ) ) ;
#2795 = DIRECTION ( 'NONE',  ( 8.394658748673983900E-017, 1.000000000000000000, -1.176887751541450900E-016 ) ) ;
#2796 = EDGE_LOOP ( 'NONE', ( #2764, #2049, #529, #224 ) ) ;
#2797 = VECTOR ( 'NONE', #2697, 1000.000000000000000 ) ;
#2798 = CARTESIAN_POINT ( 'NONE',  ( 3.200000000000002800, 1.761828530288944700E-015, 1.270000000000000700 ) ) ;
#2799 = CARTESIAN_POINT ( 'NONE',  ( 3.263434415835643300E-016, 0.2500000000000011100, 0.0000000000000000000 ) ) ;
#2800 = VECTOR ( 'NONE', #301, 1000.000000000000000 ) ;
#2801 = EDGE_CURVE ( 'NONE', #967, #1404, #682, .T. ) ;
#2802 = DIRECTION ( 'NONE',  ( 3.690901012716612800E-015, -1.000000000000000000, 0.0000000000000000000 ) ) ;
#2803 = AXIS2_PLACEMENT_3D ( 'NONE', #1276, #3155, #1541 ) ;
#2804 = ORIENTED_EDGE ( 'NONE', *, *, #2779, .F. ) ;
#2805 = DIRECTION ( 'NONE',  ( 1.000000000000000000, 0.0000000000000000000, 0.0000000000000000000 ) ) ;
#2806 = DIRECTION ( 'NONE',  ( -1.000000000000000000, -0.0000000000000000000, -0.0000000000000000000 ) ) ;
#2807 = CARTESIAN_POINT ( 'NONE',  ( 1.270000000000014200, 1.300000000000000000, 2.789999999999999100 ) ) ;
#2808 = FILL_AREA_STYLE_COLOUR ( '', #2890 ) ;
#2809 = PLANE ( 'NONE',  #1056 ) ;
#2810 = ORIENTED_EDGE ( 'NONE', *, *, #1512, .T. ) ;
#2811 = LINE ( 'NONE', #1000, #1092 ) ;
#2812 = ADVANCED_FACE ( 'NONE', ( #422 ), #2323, .T. ) ;
#2813 = DIRECTION ( 'NONE',  ( 2.212657494868377700E-016, -1.000000000000000000, -0.0000000000000000000 ) ) ;
#2814 = ORIENTED_EDGE ( 'NONE', *, *, #185, .T. ) ;
#2815 = EDGE_CURVE ( 'NONE', #3437, #2591, #869, .T. ) ;
#2816 = CARTESIAN_POINT ( 'NONE',  ( 1.911073291687471800, 0.3600000000000016000, 2.799491091270876400 ) ) ;
#2817 = CARTESIAN_POINT ( 'NONE',  ( 2.346600508470674000, 0.2500000000000019400, 3.410077730038119100 ) ) ;
#2818 = DIRECTION ( 'NONE',  ( -1.994196738734802500E-016, 1.000000000000000000, 0.0000000000000000000 ) ) ;
#2819 = DIRECTION ( 'NONE',  ( 0.8141155183563230100, -3.208924548677787500E-016, 0.5807029557109344400 ) ) ;
#2820 = ORIENTED_EDGE ( 'NONE', *, *, #720, .F. ) ;
#2821 = DIRECTION ( 'NONE',  ( -0.0000000000000000000, -0.0000000000000000000, 1.000000000000000000 ) ) ;
#2822 = DIRECTION ( 'NONE',  ( -1.000000000000000000, -2.212657494868377700E-016, -0.0000000000000000000 ) ) ;
#2823 = CARTESIAN_POINT ( 'NONE',  ( -1.702020227631533300, 1.300000000000000000, 2.506409504662578100 ) ) ;
#2824 = CARTESIAN_POINT ( 'NONE',  ( 2.735946935944063800, 1.189999999999999700, 1.768916750909709500 ) ) ;
#2825 = ORIENTED_EDGE ( 'NONE', *, *, #2328, .F. ) ;
#2826 = ADVANCED_FACE ( 'NONE', ( #3124 ), #2404, .T. ) ;
#2827 = EDGE_CURVE ( 'NONE', #2913, #568, #166, .T. ) ;
#2828 = CARTESIAN_POINT ( 'NONE',  ( -3.685000000000001800, 1.872461405032364000E-015, -1.269999999999998200 ) ) ;
#2829 = ORIENTED_EDGE ( 'NONE', *, *, #147, .T. ) ;
#2830 = ORIENTED_EDGE ( 'NONE', *, *, #2787, .T. ) ;
#2831 = ORIENTED_EDGE ( 'NONE', *, *, #987, .T. ) ;
#2832 = ORIENTED_EDGE ( 'NONE', *, *, #2801, .F. ) ;
#2833 = DIRECTION ( 'NONE',  ( 0.8141155183563225700, -0.0000000000000000000, -0.5807029557109350000 ) ) ;
#2834 = ORIENTED_EDGE ( 'NONE', *, *, #1621, .T. ) ;
#2835 = LINE ( 'NONE', #2053, #2876 ) ;
#2836 = CARTESIAN_POINT ( 'NONE',  ( 3.935000000000001800, 0.2500000000000019400, 1.270000000000000700 ) ) ;
#2837 = VECTOR ( 'NONE', #3321, 1000.000000000000000 ) ;
#2838 = EDGE_CURVE ( 'NONE', #649, #1331, #333, .T. ) ;
#2839 = CARTESIAN_POINT ( 'NONE',  ( -3.310000000000002700, 0.3600000000000017100, 1.270000000000002000 ) ) ;
#2840 = CIRCLE ( 'NONE', #1162, 0.2499999999999997800 ) ;
#2841 = ORIENTED_EDGE ( 'NONE', *, *, #2760, .T. ) ;
#2842 = LINE ( 'NONE', #1340, #1384 ) ;
#2843 = LINE ( 'NONE', #151, #2103 ) ;
#2844 = CARTESIAN_POINT ( 'NONE',  ( -3.199999999999999700, 1.190000000000001500, 1.270000000000001600 ) ) ;
#2845 = VECTOR ( 'NONE', #504, 1000.000000000000000 ) ;
#2846 = ADVANCED_FACE ( 'NONE', ( #3339 ), #2656, .T. ) ;
#2847 = LINE ( 'NONE', #860, #1438 ) ;
#2848 = DIRECTION ( 'NONE',  ( 0.8141155183563225700, -0.0000000000000000000, 0.5807029557109350000 ) ) ;
#2849 = VECTOR ( 'NONE', #3324, 1000.000000000000000 ) ;
#2850 = EDGE_CURVE ( 'NONE', #2983, #1626, #2250, .T. ) ;
#2851 = AXIS2_PLACEMENT_3D ( 'NONE', #2211, #3341, #3110 ) ;
#2852 = DIRECTION ( 'NONE',  ( 1.000000000000000000, 0.0000000000000000000, -0.0000000000000000000 ) ) ;
#2853 = CARTESIAN_POINT ( 'NONE',  ( -0.8900000000000011200, 1.300000000000000000, -0.8683475024126055000 ) ) ;
#2854 = VERTEX_POINT ( 'NONE', #13 ) ;
#2855 = EDGE_CURVE ( 'NONE', #266, #3055, #717, .T. ) ;
#2856 = VERTEX_POINT ( 'NONE', #2179 ) ;
#2857 = AXIS2_PLACEMENT_3D ( 'NONE', #942, #700, #2088 ) ;
#2858 = EDGE_LOOP ( 'NONE', ( #2718, #2784, #1954, #118 ) ) ;
#2859 = PRODUCT_CONTEXT ( 'NONE', #149, 'mechanical' ) ;
#2860 = DIRECTION ( 'NONE',  ( 0.8141155183563216800, -2.412891360787823600E-016, -0.5807029557109363300 ) ) ;
#2861 = ORIENTED_EDGE ( 'NONE', *, *, #905, .T. ) ;
#2862 = AXIS2_PLACEMENT_3D ( 'NONE', #1395, #2175, #808 ) ;
#2863 = VERTEX_POINT ( 'NONE', #560 ) ;
#2864 = CARTESIAN_POINT ( 'NONE',  ( -3.310000000000002700, 0.3600000000000017100, -1.269999999999998500 ) ) ;
#2865 = ORIENTED_EDGE ( 'NONE', *, *, #699, .T. ) ;
#2866 = AXIS2_PLACEMENT_3D ( 'NONE', #2794, #2570, #423 ) ;
#2867 = EDGE_LOOP ( 'NONE', ( #2820, #3353, #2841, #3296 ) ) ;
#2868 = ORIENTED_EDGE ( 'NONE', *, *, #648, .F. ) ;
#2869 = ORIENTED_EDGE ( 'NONE', *, *, #858, .F. ) ;
#2870 = CIRCLE ( 'NONE', #2363, 0.2500000000000002200 ) ;
#2871 = LINE ( 'NONE', #1526, #1065 ) ;
#2872 = DIRECTION ( 'NONE',  ( -0.5807029557109341100, 0.0000000000000000000, 0.8141155183563232300 ) ) ;
#2873 = ORIENTED_EDGE ( 'NONE', *, *, #2997, .T. ) ;
#2874 = CARTESIAN_POINT ( 'NONE',  ( 1.270000000000014200, 1.300000000000000000, 2.809999999999999200 ) ) ;
#2875 = ADVANCED_FACE ( 'NONE', ( #2292 ), #3269, .T. ) ;
#2876 = VECTOR ( 'NONE', #430, 1000.000000000000000 ) ;
#2877 = LINE ( 'NONE', #557, #2033 ) ;
#2878 = DIRECTION ( 'NONE',  ( -0.8141155183563224500, 3.208924548677786100E-016, 0.5807029557109353300 ) ) ;
#2879 = EDGE_CURVE ( 'NONE', #2938, #2560, #1689, .T. ) ;
#2880 = ORIENTED_EDGE ( 'NONE', *, *, #2647, .F. ) ;
#2881 = LINE ( 'NONE', #707, #2923 ) ;
#2882 = DIRECTION ( 'NONE',  ( -0.8141155183563219000, -0.0000000000000000000, 0.5807029557109360000 ) ) ;
#2883 = CYLINDRICAL_SURFACE ( 'NONE', #532, 0.2500000000000002200 ) ;
#2884 = AXIS2_PLACEMENT_3D ( 'NONE', #3030, #321, #354 ) ;
#2885 = CARTESIAN_POINT ( 'NONE',  ( 3.199999999999999300, 1.300000000000000700, -1.269999999999999800 ) ) ;
#2886 = DIRECTION ( 'NONE',  ( 0.0000000000000000000, 3.687389588912945500E-016, 1.000000000000000000 ) ) ;
#2887 = LINE ( 'NONE', #1762, #2079 ) ;
#2888 = CARTESIAN_POINT ( 'NONE',  ( -2.665000000000000000, 1.300000000000000000, -1.909999999999999900 ) ) ;
#2889 = CARTESIAN_POINT ( 'NONE',  ( 1.702020227631533700, 1.190000000000000200, 2.506409504662597600 ) ) ;
#2890 = COLOUR_RGB ( '',0.7921568627450980000, 0.8196078431372548800, 0.9333333333333333500 ) ;
#2891 = ORIENTED_EDGE ( 'NONE', *, *, #450, .F. ) ;
#2892 = LINE ( 'NONE', #3234, #3169 ) ;
#2893 = EDGE_CURVE ( 'NONE', #937, #763, #3416, .T. ) ;
#2894 = AXIS2_PLACEMENT_3D ( 'NONE', #2998, #1370, #326 ) ;
#2895 = ORIENTED_EDGE ( 'NONE', *, *, #1621, .F. ) ;
#2896 = CARTESIAN_POINT ( 'NONE',  ( 2.665000000000000000, 1.300000000000000000, -1.909999999999999900 ) ) ;
#2897 = VERTEX_POINT ( 'NONE', #269 ) ;
#2898 = EDGE_CURVE ( 'NONE', #2014, #2897, #819, .T. ) ;
#2899 = DIRECTION ( 'NONE',  ( -1.000000000000000000, 0.0000000000000000000, -0.0000000000000000000 ) ) ;
#2900 = VERTEX_POINT ( 'NONE', #1090 ) ;
#2901 = ORIENTED_EDGE ( 'NONE', *, *, #2787, .F. ) ;
#2902 = ORIENTED_EDGE ( 'NONE', *, *, #3099, .T. ) ;
#2903 = DIRECTION ( 'NONE',  ( 1.000000000000000000, 0.0000000000000000000, 0.0000000000000000000 ) ) ;
#2904 = ORIENTED_EDGE ( 'NONE', *, *, #2412, .F. ) ;
#2905 = CARTESIAN_POINT ( 'NONE',  ( 2.404953649132020900, 1.981986720085017000E-015, 3.061373111521304800 ) ) ;
#2906 = ADVANCED_FACE ( 'NONE', ( #755, #637 ), #547, .T. ) ;
#2907 = EDGE_LOOP ( 'NONE', ( #2973, #610, #1554, #1587 ) ) ;
#2908 = DIRECTION ( 'NONE',  ( -5.725628339140398200E-017, -1.000000000000000000, 8.027034884863352900E-017 ) ) ;
#2909 = ORIENTED_EDGE ( 'NONE', *, *, #1462, .T. ) ;
#2910 = ORIENTED_EDGE ( 'NONE', *, *, #3067, .F. ) ;
#2911 = EDGE_CURVE ( 'NONE', #1105, #2935, #2403, .T. ) ;
#2912 = AXIS2_PLACEMENT_3D ( 'NONE', #311, #3286, #1437 ) ;
#2913 = VERTEX_POINT ( 'NONE', #1099 ) ;
#2914 = CARTESIAN_POINT ( 'NONE',  ( 2.403456974834104800, 1.978668964786045600E-015, 3.369522406715965300 ) ) ;
#2915 = FACE_OUTER_BOUND ( 'NONE', #552, .T. ) ;
#2916 = DIRECTION ( 'NONE',  ( 0.0000000000000000000, 0.0000000000000000000, -1.000000000000000000 ) ) ;
#2917 = VECTOR ( 'NONE', #315, 1000.000000000000100 ) ;
#2918 = AXIS2_PLACEMENT_3D ( 'NONE', #2729, #201, #507 ) ;
#2919 = ORIENTED_EDGE ( 'NONE', *, *, #1495, .T. ) ;
#2920 = FACE_OUTER_BOUND ( 'NONE', #2184, .T. ) ;
#2921 = EDGE_CURVE ( 'NONE', #2863, #515, #3288, .T. ) ;
#2922 = ORIENTED_EDGE ( 'NONE', *, *, #3490, .F. ) ;
#2923 = VECTOR ( 'NONE', #3139, 1000.000000000000000 ) ;
#2924 = CARTESIAN_POINT ( 'NONE',  ( -3.235351477855469500, 2.039979199242691400E-015, 2.469056096696133500 ) ) ;
#2925 = AXIS2_PLACEMENT_3D ( 'NONE', #2839, #1990, #2264 ) ;
#2926 = VECTOR ( 'NONE', #802, 1000.000000000000000 ) ;
#2927 = LINE ( 'NONE', #1401, #3297 ) ;
#2928 = VECTOR ( 'NONE', #3022, 1000.000000000000000 ) ;
#2929 =( GEOMETRIC_REPRESENTATION_CONTEXT ( 3 ) GLOBAL_UNCERTAINTY_ASSIGNED_CONTEXT ( ( #727 ) ) GLOBAL_UNIT_ASSIGNED_CONTEXT ( ( #2569, #2555, #1192 ) ) REPRESENTATION_CONTEXT ( 'NONE', 'WORKASPACE' ) );
#2930 = EDGE_LOOP ( 'NONE', ( #88, #1623, #1585, #2869, #2623, #2699, #2865 ) ) ;
#2931 = DIRECTION ( 'NONE',  ( 1.000000000000000000, 0.0000000000000000000, -0.0000000000000000000 ) ) ;
#2932 = LINE ( 'NONE', #2722, #2214 ) ;
#2933 = EDGE_CURVE ( 'NONE', #2435, #2135, #126, .T. ) ;
#2934 = CARTESIAN_POINT ( 'NONE',  ( 3.199999999999999700, 1.190000000000001300, -1.269999999999999800 ) ) ;
#2935 = VERTEX_POINT ( 'NONE', #1660 ) ;
#2936 = PLANE ( 'NONE',  #822 ) ;
#2937 = EDGE_CURVE ( 'NONE', #949, #3070, #916, .T. ) ;
#2938 = VERTEX_POINT ( 'NONE', #1386 ) ;
#2939 = LINE ( 'NONE', #1957, #1336 ) ;
#2940 = ORIENTED_EDGE ( 'NONE', *, *, #1421, .T. ) ;
#2941 = DIRECTION ( 'NONE',  ( 0.0000000000000000000, -0.1305261922200527100, 0.9914448613738103800 ) ) ;
#2942 = ADVANCED_FACE ( 'NONE', ( #1562 ), #1881, .T. ) ;
#2943 = EDGE_CURVE ( 'NONE', #2723, #1112, #2202, .T. ) ;
#2944 = DIRECTION ( 'NONE',  ( -2.212657494868377700E-016, 1.000000000000000000, 0.0000000000000000000 ) ) ;
#2945 = ORIENTED_EDGE ( 'NONE', *, *, #2997, .F. ) ;
#2946 = DIRECTION ( 'NONE',  ( -8.394658748673983900E-017, -1.000000000000000000, 1.176887751541450900E-016 ) ) ;
#2947 = ORIENTED_EDGE ( 'NONE', *, *, #482, .F. ) ;
#2948 = VERTEX_POINT ( 'NONE', #2995 ) ;
#2949 = CARTESIAN_POINT ( 'NONE',  ( 3.935000000000001800, 1.927777842404073700E-015, 1.020000000000000700 ) ) ;
#2950 = ORIENTED_EDGE ( 'NONE', *, *, #3344, .F. ) ;
#2951 = EDGE_LOOP ( 'NONE', ( #1052, #416, #2727, #211, #2476, #195, #1766, #892, #1745, #2741, #259, #3016, #324, #983, #2830, #746, #1191, #2529, #775, #2739, #75, #3061 ) ) ;
#2952 = DIRECTION ( 'NONE',  ( 1.000000000000000000, 0.0000000000000000000, 0.0000000000000000000 ) ) ;
#2953 = ORIENTED_EDGE ( 'NONE', *, *, #1824, .T. ) ;
#2954 = EDGE_CURVE ( 'NONE', #2515, #3277, #957, .T. ) ;
#2955 = LINE ( 'NONE', #1479, #1427 ) ;
#2956 = VECTOR ( 'NONE', #2473, 1000.000000000000100 ) ;
#2957 = AXIS2_PLACEMENT_3D ( 'NONE', #3299, #1683, #70 ) ;
#2958 = DIRECTION ( 'NONE',  ( 2.478176394252584900E-015, -0.0000000000000000000, 1.000000000000000000 ) ) ;
#2959 = ORIENTED_EDGE ( 'NONE', *, *, #3460, .T. ) ;
#2960 = DIRECTION ( 'NONE',  ( -0.0000000000000000000, -1.000000000000000000, 0.0000000000000000000 ) ) ;
#2961 = CYLINDRICAL_SURFACE ( 'NONE', #955, 0.8900000000000001200 ) ;
#2962 = EDGE_CURVE ( 'NONE', #3184, #437, #2588, .T. ) ;
#2963 = ORIENTED_EDGE ( 'NONE', *, *, #2037, .F. ) ;
#2964 = CIRCLE ( 'NONE', #1254, 1.249999999999998900 ) ;
#2965 = CARTESIAN_POINT ( 'NONE',  ( 3.176998337194122600, 0.2500000000000019400, 2.817760715212964700 ) ) ;
#2966 = CARTESIAN_POINT ( 'NONE',  ( 2.839999999999999900, 1.190000000000000200, -1.269999999999999800 ) ) ;
#2967 = CARTESIAN_POINT ( 'NONE',  ( 2.404953649132020900, 1.978668964786045600E-015, 3.061373111521304800 ) ) ;
#2968 = DIRECTION ( 'NONE',  ( 0.5807029557109341100, -3.614007241618350000E-015, -0.8141155183563232300 ) ) ;
#2969 = ORIENTED_EDGE ( 'NONE', *, *, #1761, .T. ) ;
#2970 =( GEOMETRIC_REPRESENTATION_CONTEXT ( 3 ) GLOBAL_UNCERTAINTY_ASSIGNED_CONTEXT ( ( #2576 ) ) GLOBAL_UNIT_ASSIGNED_CONTEXT ( ( #1498, #947, #1756 ) ) REPRESENTATION_CONTEXT ( 'NONE', 'WORKASPACE' ) );
#2971 = LINE ( 'NONE', #1017, #1137 ) ;
#2972 = DIRECTION ( 'NONE',  ( 0.0000000000000000000, 0.0000000000000000000, -1.000000000000000000 ) ) ;
#2973 = ORIENTED_EDGE ( 'NONE', *, *, #736, .T. ) ;
#2974 = EDGE_CURVE ( 'NONE', #3261, #1582, #1118, .T. ) ;
#2975 = AXIS2_PLACEMENT_3D ( 'NONE', #1093, #2996, #2200 ) ;
#2976 = DIRECTION ( 'NONE',  ( 1.000000000000000000, 3.690901012716612800E-015, -0.0000000000000000000 ) ) ;
#2977 = ORIENTED_EDGE ( 'NONE', *, *, #1441, .T. ) ;
#2978 = ORIENTED_EDGE ( 'NONE', *, *, #2673, .F. ) ;
#2979 = ORIENTED_EDGE ( 'NONE', *, *, #2850, .T. ) ;
#2980 = DIRECTION ( 'NONE',  ( 1.734723475976808700E-015, 1.176887751541453400E-016, 1.000000000000000000 ) ) ;
#2981 = EDGE_CURVE ( 'NONE', #1057, #2278, #751, .T. ) ;
#2982 = DIRECTION ( 'NONE',  ( 0.5807029557109344400, -3.491481338843133700E-015, -0.8141155183563230100 ) ) ;
#2983 = VERTEX_POINT ( 'NONE', #849 ) ;
#2984 = CARTESIAN_POINT ( 'NONE',  ( -3.310000000000002700, 0.2500000000000018300, -1.269999999999998500 ) ) ;
#2985 = ORIENTED_EDGE ( 'NONE', *, *, #1364, .T. ) ;
#2986 = ORIENTED_EDGE ( 'NONE', *, *, #898, .F. ) ;
#2987 = AXIS2_PLACEMENT_3D ( 'NONE', #846, #2279, #701 ) ;
#2988 = CARTESIAN_POINT ( 'NONE',  ( 0.8900000000000004600, 1.300000000000000000, -0.8683475024126055000 ) ) ;
#2989 = EDGE_LOOP ( 'NONE', ( #1639, #636, #3407, #2045 ) ) ;
#2990 = FACE_OUTER_BOUND ( 'NONE', #511, .T. ) ;
#2991 = DIRECTION ( 'NONE',  ( -0.8141155183563224500, 3.208924548677786100E-016, 0.5807029557109353300 ) ) ;
#2992 = CARTESIAN_POINT ( 'NONE',  ( 1.270000000000014200, 1.300000000000000000, 2.789999999999999100 ) ) ;
#2993 = VERTEX_POINT ( 'NONE', #863 ) ;
#2994 = FACE_OUTER_BOUND ( 'NONE', #1038, .T. ) ;
#2995 = CARTESIAN_POINT ( 'NONE',  ( 2.945000000000001600, 0.3600000000000016000, 2.061998337517988700 ) ) ;
#2996 = DIRECTION ( 'NONE',  ( 0.0000000000000000000, 0.0000000000000000000, -1.000000000000000000 ) ) ;
#2997 = EDGE_CURVE ( 'NONE', #1259, #411, #2362, .T. ) ;
#2998 = CARTESIAN_POINT ( 'NONE',  ( -3.685000000000001800, 1.872461405032364000E-015, -1.019999999999998200 ) ) ;
#2999 = AXIS2_PLACEMENT_3D ( 'NONE', #2409, #554, #3511 ) ;
#3000 = LINE ( 'NONE', #174, #1305 ) ;
#3001 = LINE ( 'NONE', #2914, #1121 ) ;
#3002 = DIRECTION ( 'NONE',  ( 1.000000000000000000, -0.0000000000000000000, -4.956352788505169000E-015 ) ) ;
#3003 = VECTOR ( 'NONE', #666, 1000.000000000000000 ) ;
#3004 = EDGE_CURVE ( 'NONE', #99, #124, #3195, .T. ) ;
#3005 = PLANE ( 'NONE',  #1456 ) ;
#3006 = DIRECTION ( 'NONE',  ( 0.0000000000000000000, 1.000000000000000000, 0.0000000000000000000 ) ) ;
#3007 = VECTOR ( 'NONE', #928, 1000.000000000000000 ) ;
#3008 = CIRCLE ( 'NONE', #991, 0.8900000000000001200 ) ;
#3009 = VERTEX_POINT ( 'NONE', #1124 ) ;
#3010 = CARTESIAN_POINT ( 'NONE',  ( -1.765897552759738000, 0.3600000000000007100, 2.595962211681776200 ) ) ;
#3011 = ORIENTED_EDGE ( 'NONE', *, *, #587, .F. ) ;
#3012 = ADVANCED_FACE ( 'NONE', ( #818 ), #3326, .F. ) ;
#3013 = CARTESIAN_POINT ( 'NONE',  ( -0.8900000000000011200, 2.029999999999999800, 1.181940536066258000 ) ) ;
#3014 = CARTESIAN_POINT ( 'NONE',  ( -1.269999999999987400, 1.550000000000000000, 2.809999999999999200 ) ) ;
#3015 = EDGE_CURVE ( 'NONE', #1960, #3149, #1814, .T. ) ;
#3016 = ORIENTED_EDGE ( 'NONE', *, *, #1848, .T. ) ;
#3017 = DIRECTION ( 'NONE',  ( 0.0000000000000000000, -0.1305261922200527100, 0.9914448613738103800 ) ) ;
#3018 = AXIS2_PLACEMENT_3D ( 'NONE', #3123, #972, #1912 ) ;
#3019 = DIRECTION ( 'NONE',  ( -1.000000000000000000, 2.168404344971006900E-016, 0.0000000000000000000 ) ) ;
#3020 = CARTESIAN_POINT ( 'NONE',  ( -3.935000000000001800, 0.2500000000000019400, 1.020000000000001600 ) ) ;
#3021 = ADVANCED_FACE ( 'NONE', ( #1302 ), #3300, .T. ) ;
#3022 = DIRECTION ( 'NONE',  ( 0.0000000000000000000, 1.000000000000000000, 0.0000000000000000000 ) ) ;
#3023 = EDGE_CURVE ( 'NONE', #2092, #3055, #380, .T. ) ;
#3024 = DIRECTION ( 'NONE',  ( -0.5807029557109337800, 3.942553354492728800E-015, 0.8141155183563235600 ) ) ;
#3025 = DIRECTION ( 'NONE',  ( -1.000000000000000000, -1.182766006347824700E-014, 0.0000000000000000000 ) ) ;
#3026 = VERTEX_POINT ( 'NONE', #639 ) ;
#3027 = ORIENTED_EDGE ( 'NONE', *, *, #230, .T. ) ;
#3028 = AXIS2_PLACEMENT_3D ( 'NONE', #2364, #2946, #3443 ) ;
#3029 = ADVANCED_FACE ( 'NONE', ( #2920 ), #26, .T. ) ;
#3030 = CARTESIAN_POINT ( 'NONE',  ( 3.200000000000003700, 1.135502921082598000E-014, 0.0000000000000000000 ) ) ;
#3031 = EDGE_LOOP ( 'NONE', ( #3231, #3434, #2100, #1455 ) ) ;
#3032 = ORIENTED_EDGE ( 'NONE', *, *, #1248, .F. ) ;
#3033 = CARTESIAN_POINT ( 'NONE',  ( 2.735946935944062900, 1.300000000000000000, 1.768916750909710800 ) ) ;
#3034 = PLANE ( 'NONE',  #1616 ) ;
#3035 = CARTESIAN_POINT ( 'NONE',  ( -3.380527216783201900, 0.2500000000000021600, 2.672584976285214100 ) ) ;
#3036 = FACE_OUTER_BOUND ( 'NONE', #2126, .T. ) ;
#3037 = AXIS2_PLACEMENT_3D ( 'NONE', #1793, #1658, #307 ) ;
#3038 = DIRECTION ( 'NONE',  ( -1.000000000000000000, 0.0000000000000000000, 4.956352788505169000E-015 ) ) ;
#3039 = FACE_OUTER_BOUND ( 'NONE', #1973, .T. ) ;
#3040 = ORIENTED_EDGE ( 'NONE', *, *, #2879, .F. ) ;
#3041 = DIRECTION ( 'NONE',  ( 0.0000000000000000000, 0.0000000000000000000, -1.000000000000000000 ) ) ;
#3042 = LINE ( 'NONE', #1809, #1521 ) ;
#3043 = AXIS2_PLACEMENT_3D ( 'NONE', #3364, #2594, #1749 ) ;
#3044 = DIRECTION ( 'NONE',  ( -0.5807029557109353300, 0.0000000000000000000, -0.8141155183563224500 ) ) ;
#3045 = CIRCLE ( 'NONE', #358, 0.2499999999999997800 ) ;
#3046 = CARTESIAN_POINT ( 'NONE',  ( -2.201424769542938100, 2.056434064806272900E-015, 3.206548850449018900 ) ) ;
#3047 = DIRECTION ( 'NONE',  ( 1.218204688185959100E-016, 1.000000000000000000, -3.687389588912945500E-016 ) ) ;
#3048 = ORIENTED_EDGE ( 'NONE', *, *, #1211, .F. ) ;
#3049 = CARTESIAN_POINT ( 'NONE',  ( -2.665000000000000000, 1.300000000000000000, 1.669452815064587800 ) ) ;
#3050 = ADVANCED_FACE ( 'NONE', ( #286 ), #1956, .F. ) ;
#3051 = DIRECTION ( 'NONE',  ( 0.5807029557109353300, -0.0000000000000000000, 0.8141155183563222300 ) ) ;
#3052 = DIRECTION ( 'NONE',  ( 1.000000000000000000, 0.0000000000000000000, -1.084202172485525100E-014 ) ) ;
#3053 = VERTEX_POINT ( 'NONE', #890 ) ;
#3054 = EDGE_CURVE ( 'NONE', #1497, #985, #1940, .T. ) ;
#3055 = VERTEX_POINT ( 'NONE', #3312 ) ;
#3056 = FACE_OUTER_BOUND ( 'NONE', #140, .T. ) ;
#3057 = DIRECTION ( 'NONE',  ( -0.5807029557109364400, -4.366925416955500400E-015, -0.8141155183563215700 ) ) ;
#3058 = VERTEX_POINT ( 'NONE', #1446 ) ;
#3059 = AXIS2_PLACEMENT_3D ( 'NONE', #592, #1434, #364 ) ;
#3060 = ADVANCED_FACE ( 'NONE', ( #2631 ), #2757, .T. ) ;
#3061 = ORIENTED_EDGE ( 'NONE', *, *, #2037, .T. ) ;
#3062 = CARTESIAN_POINT ( 'NONE',  ( 3.935000000000001800, 1.924458856161770400E-015, -1.019999999999999600 ) ) ;
#3063 = CARTESIAN_POINT ( 'NONE',  ( 1.974950616815675400, 1.984152486586347300E-015, 2.889043798290073200 ) ) ;
#3064 = ORIENTED_EDGE ( 'NONE', *, *, #2452, .T. ) ;
#3065 = DIRECTION ( 'NONE',  ( -0.5807029557109351100, -0.0000000000000000000, -0.8141155183563225700 ) ) ;
#3066 = DIRECTION ( 'NONE',  ( 1.000000000000000000, 1.751623080406021300E-046, -1.707404996040164300E-016 ) ) ;
#3067 = EDGE_CURVE ( 'NONE', #2189, #1063, #3455, .T. ) ;
#3068 = DIRECTION ( 'NONE',  ( -1.000000000000000000, 2.212657494868377700E-016, 0.0000000000000000000 ) ) ;
#3069 = AXIS2_PLACEMENT_3D ( 'NONE', #634, #2763, #36 ) ;
#3070 = VERTEX_POINT ( 'NONE', #1182 ) ;
#3071 = PLANE ( 'NONE',  #2427 ) ;
#3072 = CARTESIAN_POINT ( 'NONE',  ( -0.8900000000000011200, 0.3000000000000007700, -1.000000000000002200 ) ) ;
#3073 = EDGE_CURVE ( 'NONE', #2651, #2083, #204, .T. ) ;
#3074 = DIRECTION ( 'NONE',  ( 1.000000000000000000, 0.0000000000000000000, -0.0000000000000000000 ) ) ;
#3075 = EDGE_LOOP ( 'NONE', ( #998, #327, #2344, #3381 ) ) ;
#3076 = CARTESIAN_POINT ( 'NONE',  ( -2.665000000000000000, 1.300000000000000000, -1.909999999999999900 ) ) ;
#3077 = ORIENTED_EDGE ( 'NONE', *, *, #2736, .T. ) ;
#3078 = DIRECTION ( 'NONE',  ( -0.5807029557109351100, 0.0000000000000000000, -0.8141155183563225700 ) ) ;
#3079 = ORIENTED_EDGE ( 'NONE', *, *, #406, .T. ) ;
#3080 = ADVANCED_FACE ( 'NONE', ( #2994 ), #591, .F. ) ;
#3081 = LINE ( 'NONE', #1515, #585 ) ;
#3082 = LINE ( 'NONE', #1925, #814 ) ;
#3083 = DIRECTION ( 'NONE',  ( -0.0000000000000000000, -0.0000000000000000000, 1.000000000000000000 ) ) ;
#3084 = LINE ( 'NONE', #624, #2917 ) ;
#3085 = ADVANCED_FACE ( 'NONE', ( #2288 ), #3362, .F. ) ;
#3086 = ORIENTED_EDGE ( 'NONE', *, *, #406, .F. ) ;
#3087 = LINE ( 'NONE', #2583, #162 ) ;
#3088 = ADVANCED_FACE ( 'NONE', ( #2752 ), #675, .T. ) ;
#3089 = VECTOR ( 'NONE', #312, 1000.000000000000000 ) ;
#3090 = EDGE_CURVE ( 'NONE', #3113, #2913, #1030, .T. ) ;
#3091 = DIRECTION ( 'NONE',  ( 1.000000000000000000, 0.0000000000000000000, 0.0000000000000000000 ) ) ;
#3092 = FACE_OUTER_BOUND ( 'NONE', #1383, .T. ) ;
#3093 = DIRECTION ( 'NONE',  ( -0.0000000000000000000, 1.000000000000000000, -0.0000000000000000000 ) ) ;
#3094 = CARTESIAN_POINT ( 'NONE',  ( -0.8900000000000011200, 1.029999999999998900, 1.181940536066257600 ) ) ;
#3095 = ORIENTED_EDGE ( 'NONE', *, *, #2160, .T. ) ;
#3096 = VECTOR ( 'NONE', #1152, 1000.000000000000000 ) ;
#3097 = VECTOR ( 'NONE', #261, 1000.000000000000000 ) ;
#3098 = AXIS2_PLACEMENT_3D ( 'NONE', #2438, #1077, #3496 ) ;
#3099 = EDGE_CURVE ( 'NONE', #1304, #3070, #2668, .T. ) ;
#3100 = CARTESIAN_POINT ( 'NONE',  ( -2.665000000000000000, 1.550000000000000000, -1.909999999999999900 ) ) ;
#3101 = LINE ( 'NONE', #2469, #2123 ) ;
#3102 = EDGE_LOOP ( 'NONE', ( #1292, #2534, #1318, #1244 ) ) ;
#3103 = AXIS2_PLACEMENT_3D ( 'NONE', #652, #912, #1464 ) ;
#3104 = ORIENTED_EDGE ( 'NONE', *, *, #296, .F. ) ;
#3105 = ORIENTED_EDGE ( 'NONE', *, *, #699, .F. ) ;
#3106 = CARTESIAN_POINT ( 'NONE',  ( 0.0000000000000000000, 1.550000000000000000, 1.949999999999997700 ) ) ;
#3107 = DIRECTION ( 'NONE',  ( 3.690901012716612800E-015, 1.000000000000000000, -2.306813132947883000E-016 ) ) ;
#3108 = CLOSED_SHELL ( 'NONE', ( #1629, #867, #3330, #117, #1234, #77, #2906, #2846, #3325, #103, #2243, #2776, #509, #2324, #86, #3290, #3021, #2826, #580, #3281, #1096, #3088, #2139, #888, #871, #2732, #3029, #3417, #3128, #1397, #1156, #2235, #2385, #655, #2002, #54, #1138, #3263, #3012, #3384, #177, #2698, #2684, #3366, #3468, #1964, #884, #847, #2009, #821, #22, #172, #908, #350, #35, #1148, #1707, #1376, #1987, #3187, #1983, #3181, #1134, #1889, #160, #604, #3492, #3268, #581, #527, #2614, #3085, #1664, #1682, #2652, #2173, #335, #442, #42, #1249, #3050, #2274, #2480, #2471, #1930, #1035, #3080, #2268, #1609, #2007, #2875, #2099, #3190, #3305, #845, #12, #1677, #2756, #459, #3060, #1193, #628, #1415, #2812, #2543, #1173, #3140, #2337, #3351, #2773, #2205, #2500, #1309, #2318, #1177, #1978, #1180, #2694, #3214, #1418, #1247, #408, #2510, #612, #2942, #62, #1584 ) ) ;
#3109 = DIRECTION ( 'NONE',  ( 0.5807029557109330000, -3.449734185181156600E-015, -0.8141155183563240100 ) ) ;
#3110 = DIRECTION ( 'NONE',  ( 0.5807029557109363300, 0.0000000000000000000, 0.8141155183563216800 ) ) ;
#3111 = DIRECTION ( 'NONE',  ( -2.105246936865057300E-016, 0.0000000000000000000, 1.000000000000000000 ) ) ;
#3112 = VERTEX_POINT ( 'NONE', #1487 ) ;
#3113 = VERTEX_POINT ( 'NONE', #917 ) ;
#3114 = CARTESIAN_POINT ( 'NONE',  ( 3.235351477855469500, 0.2500000000000019400, 2.469056096696150300 ) ) ;
#3115 =( NAMED_UNIT ( * ) SI_UNIT ( $, .STERADIAN. ) SOLID_ANGLE_UNIT ( ) );
#3116 = VERTEX_POINT ( 'NONE', #2828 ) ;
#3117 = DIRECTION ( 'NONE',  ( -1.000000000000000000, 0.0000000000000000000, -0.0000000000000000000 ) ) ;
#3118 = ORIENTED_EDGE ( 'NONE', *, *, #546, .T. ) ;
#3119 = EDGE_CURVE ( 'NONE', #2610, #627, #2197, .T. ) ;
#3120 = CARTESIAN_POINT ( 'NONE',  ( -2.404953649132019100, 0.2500000000000021100, 3.061373111521286100 ) ) ;
#3121 = LINE ( 'NONE', #1748, #2320 ) ;
#3122 = CARTESIAN_POINT ( 'NONE',  ( 2.219297210279067800E-016, 1.978668964786045600E-015, 3.111339938886864900E-016 ) ) ;
#3123 = CARTESIAN_POINT ( 'NONE',  ( 2.944999999999999400, 1.300000000000000700, 2.061998337517985600 ) ) ;
#3124 = FACE_OUTER_BOUND ( 'NONE', #1795, .T. ) ;
#3125 = CIRCLE ( 'NONE', #2185, 0.1100000000000000600 ) ;
#3126 = CARTESIAN_POINT ( 'NONE',  ( 2.839999999999999900, 1.300000000000000000, 1.270000000000000200 ) ) ;
#3127 = EDGE_CURVE ( 'NONE', #1377, #3318, #2843, .T. ) ;
#3128 = ADVANCED_FACE ( 'NONE', ( #1221 ), #2038, .F. ) ;
#3129 = AXIS2_PLACEMENT_3D ( 'NONE', #1874, #1345, #3225 ) ;
#3130 = LINE ( 'NONE', #3401, #608 ) ;
#3131 = ORIENTED_EDGE ( 'NONE', *, *, #381, .F. ) ;
#3132 = CIRCLE ( 'NONE', #1338, 0.1099999999999998500 ) ;
#3133 = CARTESIAN_POINT ( 'NONE',  ( 2.404953649132020900, 0.2500000000000019400, 3.311373111521304800 ) ) ;
#3134 = PLANE ( 'NONE',  #1269 ) ;
#3135 = CARTESIAN_POINT ( 'NONE',  ( 1.822754019123169300, 1.047757764258990800E-014, 2.555406888359643200 ) ) ;
#3136 = ORIENTED_EDGE ( 'NONE', *, *, #987, .F. ) ;
#3137 = LINE ( 'NONE', #1478, #258 ) ;
#3138 = EDGE_CURVE ( 'NONE', #985, #3149, #500, .T. ) ;
#3139 = DIRECTION ( 'NONE',  ( -0.0000000000000000000, -0.0000000000000000000, -1.000000000000000000 ) ) ;
#3140 = ADVANCED_FACE ( 'NONE', ( #1476 ), #679, .T. ) ;
#3141 = ORIENTED_EDGE ( 'NONE', *, *, #3505, .T. ) ;
#3142 = PLANE ( 'NONE',  #3399 ) ;
#3143 = ORIENTED_EDGE ( 'NONE', *, *, #502, .T. ) ;
#3144 = DIRECTION ( 'NONE',  ( -0.0000000000000000000, -1.000000000000000000, 0.0000000000000000000 ) ) ;
#3145 = ORIENTED_EDGE ( 'NONE', *, *, #587, .T. ) ;
#3146 = CARTESIAN_POINT ( 'NONE',  ( 3.008877325128204800, 1.958340174051942400E-015, 2.151551044537184600 ) ) ;
#3147 = CARTESIAN_POINT ( 'NONE',  ( -2.404953649132019100, 2.082377084649294400E-015, 3.311373111521286500 ) ) ;
#3148 = EDGE_CURVE ( 'NONE', #2515, #2083, #2036, .T. ) ;
#3149 = VERTEX_POINT ( 'NONE', #2844 ) ;
#3150 = ORIENTED_EDGE ( 'NONE', *, *, #1512, .F. ) ;
#3151 = ORIENTED_EDGE ( 'NONE', *, *, #106, .F. ) ;
#3152 = DIRECTION ( 'NONE',  ( 0.0000000000000000000, 0.9914448613738102700, 0.1305261922200529300 ) ) ;
#3153 = EDGE_CURVE ( 'NONE', #940, #2348, #2490, .T. ) ;
#3154 = CARTESIAN_POINT ( 'NONE',  ( 1.690406168517315300, 1.300000000000000000, 2.490127194295471500 ) ) ;
#3155 = DIRECTION ( 'NONE',  ( 0.0000000000000000000, -0.0000000000000000000, 1.000000000000000000 ) ) ;
#3156 = CARTESIAN_POINT ( 'NONE',  ( -3.200000000000002400, 0.3600000000000013700, 1.270000000000001800 ) ) ;
#3157 = CIRCLE ( 'NONE', #2635, 0.2500000000000002200 ) ;
#3158 = FACE_OUTER_BOUND ( 'NONE', #1768, .T. ) ;
#3159 = AXIS2_PLACEMENT_3D ( 'NONE', #383, #3074, #1744 ) ;
#3160 = DIRECTION ( 'NONE',  ( -1.000000000000000000, 2.212657494868379600E-016, 0.0000000000000000000 ) ) ;
#3161 = LINE ( 'NONE', #2068, #2447 ) ;
#3162 = DIRECTION ( 'NONE',  ( 0.0000000000000000000, 0.0000000000000000000, 1.000000000000000000 ) ) ;
#3163 = VECTOR ( 'NONE', #2479, 1000.000000000000000 ) ;
#3164 = LINE ( 'NONE', #1815, #664 ) ;
#3165 = FACE_OUTER_BOUND ( 'NONE', #190, .T. ) ;
#3166 = CARTESIAN_POINT ( 'NONE',  ( -1.974950616815674500, 0.3600000000000019900, 2.889043798290052800 ) ) ;
#3167 = VECTOR ( 'NONE', #582, 1000.000000000000000 ) ;
#3168 = VERTEX_POINT ( 'NONE', #938 ) ;
#3169 = VECTOR ( 'NONE', #287, 1000.000000000000000 ) ;
#3170 = EDGE_CURVE ( 'NONE', #672, #671, #3087, .T. ) ;
#3171 = DIRECTION ( 'NONE',  ( -0.5807029557109340000, 3.614007241618342100E-015, 0.8141155183563233400 ) ) ;
#3172 = AXIS2_PLACEMENT_3D ( 'NONE', #2715, #1632, #3515 ) ;
#3173 = VERTEX_POINT ( 'NONE', #2047 ) ;
#3174 = DIRECTION ( 'NONE',  ( 0.0000000000000000000, 5.402072150003185800E-018, 1.000000000000000000 ) ) ;
#3175 = EDGE_LOOP ( 'NONE', ( #2063, #1755, #2909, #265 ) ) ;
#3176 = EDGE_CURVE ( 'NONE', #2083, #963, #3121, .T. ) ;
#3177 = CARTESIAN_POINT ( 'NONE',  ( 2.665000000000000000, 1.300000000000000000, -1.909999999999999900 ) ) ;
#3178 = VERTEX_POINT ( 'NONE', #1586 ) ;
#3179 = CARTESIAN_POINT ( 'NONE',  ( 2.735946935944062900, 1.550000000000000000, 1.768916750909710800 ) ) ;
#3180 = DIRECTION ( 'NONE',  ( -1.000000000000000000, 0.0000000000000000000, 0.0000000000000000000 ) ) ;
#3181 = ADVANCED_FACE ( 'NONE', ( #3039 ), #772, .F. ) ;
#3182 = ORIENTED_EDGE ( 'NONE', *, *, #616, .F. ) ;
#3183 = DIRECTION ( 'NONE',  ( -0.0000000000000000000, 0.0000000000000000000, -1.000000000000000000 ) ) ;
#3184 = VERTEX_POINT ( 'NONE', #2058 ) ;
#3185 = ORIENTED_EDGE ( 'NONE', *, *, #2359, .T. ) ;
#3186 = DIRECTION ( 'NONE',  ( 1.000000000000000000, 0.0000000000000000000, -2.478176394252584500E-015 ) ) ;
#3187 = ADVANCED_FACE ( 'NONE', ( #2402 ), #465, .F. ) ;
#3188 = EDGE_CURVE ( 'NONE', #440, #165, #1894, .T. ) ;
#3189 = ORIENTED_EDGE ( 'NONE', *, *, #488, .F. ) ;
#3190 = ADVANCED_FACE ( 'NONE', ( #3284 ), #1610, .T. ) ;
#3191 = DIRECTION ( 'NONE',  ( -1.000000000000000000, -0.0000000000000000000, -0.0000000000000000000 ) ) ;
#3192 = CARTESIAN_POINT ( 'NONE',  ( -0.8900000000000011200, 1.038555138626189100, 1.051414343846206200 ) ) ;
#3193 = EDGE_LOOP ( 'NONE', ( #3502, #2731, #10, #3429 ) ) ;
#3194 = AXIS2_PLACEMENT_3D ( 'NONE', #2217, #870, #2785 ) ;
#3195 = LINE ( 'NONE', #1966, #3378 ) ;
#3196 = EDGE_CURVE ( 'NONE', #3338, #356, #995, .T. ) ;
#3197 = CARTESIAN_POINT ( 'NONE',  ( 0.0000000000000000000, 2.029999999999999800, 1.181940536066258000 ) ) ;
#3198 = CARTESIAN_POINT ( 'NONE',  ( 2.799824261072267000, 1.190000000000000200, 1.858469457928905400 ) ) ;
#3199 = VECTOR ( 'NONE', #1226, 1000.000000000000000 ) ;
#3200 = CARTESIAN_POINT ( 'NONE',  ( 0.0000000000000000000, -8.450000000000001100, 1.059999999999997600 ) ) ;
#3201 = AXIS2_PLACEMENT_3D ( 'NONE', #463, #3395, #154 ) ;
#3202 = CARTESIAN_POINT ( 'NONE',  ( -1.269999999999999800, 0.3800000000000003400, 2.920000000000002100 ) ) ;
#3203 = VECTOR ( 'NONE', #2498, 1000.000000000000000 ) ;
#3204 = DIRECTION ( 'NONE',  ( 1.000000000000000000, -0.0000000000000000000, 0.0000000000000000000 ) ) ;
#3205 = VECTOR ( 'NONE', #1655, 1000.000000000000000 ) ;
#3206 = CARTESIAN_POINT ( 'NONE',  ( 3.685000000000001800, 0.2500000000000019400, 1.270000000000000700 ) ) ;
#3207 = VECTOR ( 'NONE', #705, 1000.000000000000000 ) ;
#3208 = ORIENTED_EDGE ( 'NONE', *, *, #927, .T. ) ;
#3209 = CYLINDRICAL_SURFACE ( 'NONE', #1548, 0.2499999999999997800 ) ;
#3210 = CARTESIAN_POINT ( 'NONE',  ( 2.665000000000000000, 1.300000000000000000, 1.669452815064608400 ) ) ;
#3211 = AXIS2_PLACEMENT_3D ( 'NONE', #1459, #1905, #2028 ) ;
#3212 = ORIENTED_EDGE ( 'NONE', *, *, #2911, .T. ) ;
#3213 = FACE_OUTER_BOUND ( 'NONE', #2692, .T. ) ;
#3214 = ADVANCED_FACE ( 'NONE', ( #1171 ), #1813, .F. ) ;
#3215 = ORIENTED_EDGE ( 'NONE', *, *, #482, .T. ) ;
#3216 = ORIENTED_EDGE ( 'NONE', *, *, #1101, .T. ) ;
#3217 = CARTESIAN_POINT ( 'NONE',  ( -0.05278323435324149700, 1.029999999999999400, 0.8800000000000002300 ) ) ;
#3218 = DIRECTION ( 'NONE',  ( 1.555594421392246100E-014, 1.000000000000000000, -3.771137991253930200E-015 ) ) ;
#3219 = EDGE_CURVE ( 'NONE', #2014, #2313, #3161, .T. ) ;
#3220 = DIRECTION ( 'NONE',  ( -0.8141155183563216800, 2.412891360787823600E-016, 0.5807029557109363300 ) ) ;
#3221 = DIRECTION ( 'NONE',  ( 0.5807029557109083500, 0.0000000000000000000, 0.8141155183563416600 ) ) ;
#3222 = ORIENTED_EDGE ( 'NONE', *, *, #280, .F. ) ;
#3223 = ORIENTED_EDGE ( 'NONE', *, *, #2089, .T. ) ;
#3224 = AXIS2_PLACEMENT_3D ( 'NONE', #620, #2226, #1981 ) ;
#3225 = DIRECTION ( 'NONE',  ( 0.0000000000000000000, 0.0000000000000000000, 1.000000000000000000 ) ) ;
#3226 = EDGE_LOOP ( 'NONE', ( #179, #1091, #738, #2660 ) ) ;
#3227 = ORIENTED_EDGE ( 'NONE', *, *, #693, .F. ) ;
#3228 = DIRECTION ( 'NONE',  ( 0.0000000000000000000, 2.168404344971006900E-016, 1.000000000000000000 ) ) ;
#3229 = EDGE_LOOP ( 'NONE', ( #646, #3276, #3424, #851, #1750, #3435, #156 ) ) ;
#3230 = DIRECTION ( 'NONE',  ( -1.000000000000000000, -0.0000000000000000000, -0.0000000000000000000 ) ) ;
#3231 = ORIENTED_EDGE ( 'NONE', *, *, #147, .F. ) ;
#3232 = LINE ( 'NONE', #3126, #1161 ) ;
#3233 = DIRECTION ( 'NONE',  ( 1.000000000000000000, 0.0000000000000000000, 0.0000000000000000000 ) ) ;
#3234 = CARTESIAN_POINT ( 'NONE',  ( 2.735946935944062900, 1.300000000000000000, 1.768916750909710800 ) ) ;
#3235 = VECTOR ( 'NONE', #2642, 1000.000000000000000 ) ;
#3236 = CARTESIAN_POINT ( 'NONE',  ( 1.702020227631533700, 1.190000000000000200, 2.506409504662597600 ) ) ;
#3237 = EDGE_CURVE ( 'NONE', #1270, #1960, #2582, .T. ) ;
#3238 = DIRECTION ( 'NONE',  ( -0.0000000000000000000, 0.0000000000000000000, -1.000000000000000000 ) ) ;
#3239 = CYLINDRICAL_SURFACE ( 'NONE', #3201, 0.1099999999999998500 ) ;
#3240 = CIRCLE ( 'NONE', #144, 0.3599999999999992100 ) ;
#3241 = ORIENTED_EDGE ( 'NONE', *, *, #1576, .T. ) ;
#3242 = EDGE_CURVE ( 'NONE', #124, #2705, #674, .T. ) ;
#3243 = DIRECTION ( 'NONE',  ( -0.5807029557109323300, 1.445602896647339700E-016, 0.8141155183563244500 ) ) ;
#3244 = VERTEX_POINT ( 'NONE', #2949 ) ;
#3245 = FACE_OUTER_BOUND ( 'NONE', #66, .T. ) ;
#3246 = CARTESIAN_POINT ( 'NONE',  ( -1.269999999999985800, 1.550000000000000000, 2.789999999999999600 ) ) ;
#3247 = DIRECTION ( 'NONE',  ( 1.000000000000000000, -1.264902534566421400E-014, 0.0000000000000000000 ) ) ;
#3248 = VECTOR ( 'NONE', #594, 1000.000000000000100 ) ;
#3249 = CARTESIAN_POINT ( 'NONE',  ( 3.200000000000002400, 0.3600000000000013700, -1.269999999999999800 ) ) ;
#3250 = DIRECTION ( 'NONE',  ( 1.707404996040164300E-016, 3.771137991253927900E-015, 1.000000000000000000 ) ) ;
#3251 = ORIENTED_EDGE ( 'NONE', *, *, #575, .F. ) ;
#3252 = VECTOR ( 'NONE', #2424, 1000.000000000000000 ) ;
#3253 = ORIENTED_EDGE ( 'NONE', *, *, #1789, .T. ) ;
#3254 = VECTOR ( 'NONE', #1884, 1000.000000000000000 ) ;
#3255 = VERTEX_POINT ( 'NONE', #2685 ) ;
#3256 = CARTESIAN_POINT ( 'NONE',  ( -2.550129388059752400, 0.2500000000000021600, 3.264901991110367200 ) ) ;
#3257 = EDGE_CURVE ( 'NONE', #1110, #3113, #1342, .T. ) ;
#3258 = CARTESIAN_POINT ( 'NONE',  ( 0.8900000000000002400, 1.300000000000000000, 1.873669773809901500E-016 ) ) ;
#3259 = ORIENTED_EDGE ( 'NONE', *, *, #2425, .F. ) ;
#3260 = CARTESIAN_POINT ( 'NONE',  ( 0.0000000000000000000, 1.300000000000000700, 1.059999999999997600 ) ) ;
#3261 = VERTEX_POINT ( 'NONE', #3206 ) ;
#3262 = ORIENTED_EDGE ( 'NONE', *, *, #1557, .F. ) ;
#3263 = ADVANCED_FACE ( 'NONE', ( #1729 ), #435, .F. ) ;
#3264 = EDGE_CURVE ( 'NONE', #708, #949, #2748, .T. ) ;
#3265 = ORIENTED_EDGE ( 'NONE', *, *, #1421, .F. ) ;
#3266 = DIRECTION ( 'NONE',  ( -1.000000000000000000, 1.994196738734802000E-016, 0.0000000000000000000 ) ) ;
#3267 = DIRECTION ( 'NONE',  ( 1.000000000000000000, -1.532024808946909300E-014, -1.707404996039629300E-016 ) ) ;
#3268 = ADVANCED_FACE ( 'NONE', ( #198 ), #2793, .T. ) ;
#3269 = PLANE ( 'NONE',  #3098 ) ;
#3270 = DIRECTION ( 'NONE',  ( 0.5807029557109350000, 0.0000000000000000000, 0.8141155183563225700 ) ) ;
#3271 = CARTESIAN_POINT ( 'NONE',  ( 3.761983600519343400E-016, 1.057097118173366800E-015, 1.270000000000000700 ) ) ;
#3272 = ORIENTED_EDGE ( 'NONE', *, *, #720, .T. ) ;
#3273 = VERTEX_POINT ( 'NONE', #3133 ) ;
#3274 = DIRECTION ( 'NONE',  ( -0.5807029557109341100, 0.0000000000000000000, 0.8141155183563232300 ) ) ;
#3275 = DIRECTION ( 'NONE',  ( -0.8141155183563230100, 3.414809992080336900E-016, -0.5807029557109344400 ) ) ;
#3276 = ORIENTED_EDGE ( 'NONE', *, *, #139, .T. ) ;
#3277 = VERTEX_POINT ( 'NONE', #1644 ) ;
#3278 = ORIENTED_EDGE ( 'NONE', *, *, #2186, .F. ) ;
#3279 = FACE_OUTER_BOUND ( 'NONE', #1082, .T. ) ;
#3280 = VECTOR ( 'NONE', #2542, 1000.000000000000000 ) ;
#3281 = ADVANCED_FACE ( 'NONE', ( #990 ), #1242, .T. ) ;
#3282 = DIRECTION ( 'NONE',  ( 0.0000000000000000000, 0.0000000000000000000, -1.000000000000000000 ) ) ;
#3283 = LINE ( 'NONE', #1896, #2587 ) ;
#3284 = FACE_OUTER_BOUND ( 'NONE', #2549, .T. ) ;
#3285 = CARTESIAN_POINT ( 'NONE',  ( -2.839999999999999900, 1.190000000000000200, -1.269999999999998500 ) ) ;
#3286 = DIRECTION ( 'NONE',  ( 0.0000000000000000000, -0.0000000000000000000, 1.000000000000000000 ) ) ;
#3287 = DIRECTION ( 'NONE',  ( -1.000000000000000000, 0.0000000000000000000, 0.0000000000000000000 ) ) ;
#3288 = LINE ( 'NONE', #787, #1641 ) ;
#3289 = CARTESIAN_POINT ( 'NONE',  ( -3.935000000000001800, 1.924458856161770400E-015, -1.269999999999998200 ) ) ;
#3290 = ADVANCED_FACE ( 'NONE', ( #2990 ), #1878, .T. ) ;
#3291 = DIRECTION ( 'NONE',  ( -1.000000000000000000, 2.168404344971006900E-016, 0.0000000000000000000 ) ) ;
#3292 = CARTESIAN_POINT ( 'NONE',  ( -2.665000000000000000, 1.550000000000000000, -1.909999999999999900 ) ) ;
#3293 = LINE ( 'NONE', #3100, #1781 ) ;
#3294 = EDGE_CURVE ( 'NONE', #930, #1004, #2283, .T. ) ;
#3295 = PLANE ( 'NONE',  #2750 ) ;
#3296 = ORIENTED_EDGE ( 'NONE', *, *, #1642, .T. ) ;
#3297 = VECTOR ( 'NONE', #74, 1000.000000000000200 ) ;
#3298 = LINE ( 'NONE', #2751, #343 ) ;
#3299 = CARTESIAN_POINT ( 'NONE',  ( 4.985622588437285600E-016, 1.059689775542355200E-014, 2.920000000000003500 ) ) ;
#3300 = PLANE ( 'NONE',  #3224 ) ;
#3301 = LINE ( 'NONE', #1835, #3207 ) ;
#3302 = ORIENTED_EDGE ( 'NONE', *, *, #3421, .F. ) ;
#3303 = LINE ( 'NONE', #1534, #1006 ) ;
#3304 = LINE ( 'NONE', #104, #2338 ) ;
#3305 = ADVANCED_FACE ( 'NONE', ( #748 ), #1630, .F. ) ;
#3306 = DIRECTION ( 'NONE',  ( 0.0000000000000000000, 1.000000000000000000, 0.0000000000000000000 ) ) ;
#3307 = CARTESIAN_POINT ( 'NONE',  ( 2.665000000000000000, 1.550000000000000000, 1.270000000000000700 ) ) ;
#3308 = EDGE_LOOP ( 'NONE', ( #907, #3265, #2269, #2682 ) ) ;
#3309 = DIRECTION ( 'NONE',  ( 0.0000000000000000000, 0.0000000000000000000, -1.000000000000000000 ) ) ;
#3310 = PLANE ( 'NONE',  #2957 ) ;
#3311 = EDGE_CURVE ( 'NONE', #1404, #1112, #3082, .T. ) ;
#3312 = CARTESIAN_POINT ( 'NONE',  ( 1.702020227631532600, 1.550000000000000500, 2.506409504662595800 ) ) ;
#3313 = AXIS2_PLACEMENT_3D ( 'NONE', #1976, #638, #2530 ) ;
#3314 = CARTESIAN_POINT ( 'NONE',  ( -1.269999999999985800, 1.300000000000000000, 2.919999999999998600 ) ) ;
#3315 = CARTESIAN_POINT ( 'NONE',  ( -1.270000000000005800, 3.092648316376018100E-014, 3.170000000000003000 ) ) ;
#3316 = AXIS2_PLACEMENT_3D ( 'NONE', #2864, #1504, #449 ) ;
#3317 = DIRECTION ( 'NONE',  ( -1.000000000000000000, 1.218204688185959100E-016, 0.0000000000000000000 ) ) ;
#3318 = VERTEX_POINT ( 'NONE', #2208 ) ;
#3319 = EDGE_CURVE ( 'NONE', #493, #275, #460, .T. ) ;
#3320 = DIRECTION ( 'NONE',  ( -1.000000000000000000, -0.0000000000000000000, -0.0000000000000000000 ) ) ;
#3321 = DIRECTION ( 'NONE',  ( -0.0000000000000000000, -0.0000000000000000000, -1.000000000000000000 ) ) ;
#3322 = ORIENTED_EDGE ( 'NONE', *, *, #2299, .T. ) ;
#3323 = ORIENTED_EDGE ( 'NONE', *, *, #2145, .T. ) ;
#3324 = DIRECTION ( 'NONE',  ( -3.853260616876377700E-018, 1.000000000000000000, -5.402072150002732900E-018 ) ) ;
#3325 = ADVANCED_FACE ( 'NONE', ( #1379 ), #1108, .T. ) ;
#3326 = PLANE ( 'NONE',  #2884 ) ;
#3327 = VERTEX_POINT ( 'NONE', #3014 ) ;
#3328 = ORIENTED_EDGE ( 'NONE', *, *, #260, .F. ) ;
#3329 = DIRECTION ( 'NONE',  ( -7.120606872860915700E-017, -1.000000000000000000, 9.982722661043972400E-017 ) ) ;
#3330 = ADVANCED_FACE ( 'NONE', ( #3376 ), #3414, .T. ) ;
#3331 = CARTESIAN_POINT ( 'NONE',  ( 0.8900000000000004600, 1.291444861373810800, -0.8694738077799493100 ) ) ;
#3332 = FACE_OUTER_BOUND ( 'NONE', #2084, .T. ) ;
#3333 = CARTESIAN_POINT ( 'NONE',  ( -2.945000000000002900, 1.122665350273520100E-014, 2.061998337517971300 ) ) ;
#3334 = VECTOR ( 'NONE', #2434, 1000.000000000000000 ) ;
#3335 = CARTESIAN_POINT ( 'NONE',  ( -2.550129388059752900, 2.087089182034596000E-015, 3.264901991110367200 ) ) ;
#3336 = LINE ( 'NONE', #1145, #2401 ) ;
#3337 = EDGE_CURVE ( 'NONE', #2512, #2854, #2877, .T. ) ;
#3338 = VERTEX_POINT ( 'NONE', #281 ) ;
#3339 = FACE_OUTER_BOUND ( 'NONE', #691, .T. ) ;
#3340 = AXIS2_PLACEMENT_3D ( 'NONE', #1919, #300, #2429 ) ;
#3341 = DIRECTION ( 'NONE',  ( -0.8141155183563216800, 2.412891360787823600E-016, 0.5807029557109363300 ) ) ;
#3342 = CARTESIAN_POINT ( 'NONE',  ( 3.685000000000001800, 0.2500000000000018900, 1.020000000000000700 ) ) ;
#3343 = FACE_OUTER_BOUND ( 'NONE', #1425, .T. ) ;
#3344 = EDGE_CURVE ( 'NONE', #1004, #1339, #3240, .T. ) ;
#3345 = FACE_OUTER_BOUND ( 'NONE', #3361, .T. ) ;
#3346 = DIRECTION ( 'NONE',  ( 0.0000000000000000000, 1.000000000000000000, 0.0000000000000000000 ) ) ;
#3347 = LINE ( 'NONE', #2245, #1858 ) ;
#3348 = DIRECTION ( 'NONE',  ( 0.0000000000000000000, -0.0000000000000000000, 1.000000000000000000 ) ) ;
#3349 = ORIENTED_EDGE ( 'NONE', *, *, #3460, .F. ) ;
#3350 = LINE ( 'NONE', #2212, #2769 ) ;
#3351 = ADVANCED_FACE ( 'NONE', ( #2915 ), #2703, .T. ) ;
#3352 = DIRECTION ( 'NONE',  ( 0.0000000000000000000, 1.176887751541450900E-016, 1.000000000000000000 ) ) ;
#3353 = ORIENTED_EDGE ( 'NONE', *, *, #1281, .T. ) ;
#3354 = AXIS2_PLACEMENT_3D ( 'NONE', #3500, #1890, #3266 ) ;
#3355 = CARTESIAN_POINT ( 'NONE',  ( 3.200000000000002400, 0.3600000000000013700, 1.270000000000000700 ) ) ;
#3356 = ORIENTED_EDGE ( 'NONE', *, *, #2060, .T. ) ;
#3357 = DIRECTION ( 'NONE',  ( 0.0000000000000000000, 1.000000000000000000, 0.0000000000000000000 ) ) ;
#3358 = EDGE_CURVE ( 'NONE', #2783, #3168, #279, .T. ) ;
#3359 = ORIENTED_EDGE ( 'NONE', *, *, #417, .F. ) ;
#3360 = EDGE_CURVE ( 'NONE', #55, #1008, #1637, .T. ) ;
#3361 = EDGE_LOOP ( 'NONE', ( #678, #1245, #742, #1449 ) ) ;
#3362 = PLANE ( 'NONE',  #657 ) ;
#3363 = ORIENTED_EDGE ( 'NONE', *, *, #898, .T. ) ;
#3364 = CARTESIAN_POINT ( 'NONE',  ( 0.0000000000000000000, 2.029999999999999800, 1.181940536066258000 ) ) ;
#3365 = CARTESIAN_POINT ( 'NONE',  ( 3.008877325128204400, 0.2500000000000016700, 2.151551044537184600 ) ) ;
#3366 = ADVANCED_FACE ( 'NONE', ( #20 ), #1980, .F. ) ;
#3367 = ORIENTED_EDGE ( 'NONE', *, *, #2736, .F. ) ;
#3368 = EDGE_CURVE ( 'NONE', #2353, #3327, #120, .T. ) ;
#3369 = ORIENTED_EDGE ( 'NONE', *, *, #2695, .T. ) ;
#3370 = ORIENTED_EDGE ( 'NONE', *, *, #680, .T. ) ;
#3371 = EDGE_LOOP ( 'NONE', ( #3251, #2761, #1771, #834 ) ) ;
#3372 = ORIENTED_EDGE ( 'NONE', *, *, #3512, .F. ) ;
#3373 = DIRECTION ( 'NONE',  ( 1.000000000000000000, 0.0000000000000000000, -0.0000000000000000000 ) ) ;
#3374 = VERTEX_POINT ( 'NONE', #1992 ) ;
#3375 = LINE ( 'NONE', #367, #494 ) ;
#3376 = FACE_OUTER_BOUND ( 'NONE', #3102, .T. ) ;
#3377 = LINE ( 'NONE', #1678, #2035 ) ;
#3378 = VECTOR ( 'NONE', #3017, 999.9999999999998900 ) ;
#3379 = DIRECTION ( 'NONE',  ( -0.5807029557109355500, 0.0000000000000000000, -0.8141155183563222300 ) ) ;
#3380 = CARTESIAN_POINT ( 'NONE',  ( -2.201424769542938100, 0.2500000000000021100, 3.206548850449018900 ) ) ;
#3381 = ORIENTED_EDGE ( 'NONE', *, *, #3015, .T. ) ;
#3382 = LINE ( 'NONE', #722, #960 ) ;
#3383 = EDGE_CURVE ( 'NONE', #2938, #3070, #1472, .T. ) ;
#3384 = ADVANCED_FACE ( 'NONE', ( #2149 ), #3295, .T. ) ;
#3385 = DIRECTION ( 'NONE',  ( -1.000000000000000000, 1.207782778203454000E-016, 1.590076192935301400E-017 ) ) ;
#3386 = FACE_OUTER_BOUND ( 'NONE', #3075, .T. ) ;
#3387 = VECTOR ( 'NONE', #2466, 1000.000000000000100 ) ;
#3388 = DIRECTION ( 'NONE',  ( 0.0000000000000000000, -0.0000000000000000000, 1.000000000000000000 ) ) ;
#3389 = LINE ( 'NONE', #1640, #3462 ) ;
#3390 = AXIS2_PLACEMENT_3D ( 'NONE', #2108, #1291, #2952 ) ;
#3391 = EDGE_CURVE ( 'NONE', #175, #3112, #2192, .T. ) ;
#3392 = CARTESIAN_POINT ( 'NONE',  ( -3.200000000000002800, 0.3600000000000013700, 1.270000000000001800 ) ) ;
#3393 = CIRCLE ( 'NONE', #3442, 0.2499999999999997800 ) ;
#3394 = LINE ( 'NONE', #1299, #1953 ) ;
#3395 = DIRECTION ( 'NONE',  ( -0.0000000000000000000, -0.0000000000000000000, 1.000000000000000000 ) ) ;
#3396 = CARTESIAN_POINT ( 'NONE',  ( -1.269999999999987400, 1.190000000000000600, 3.169999999999998600 ) ) ;
#3397 = ORIENTED_EDGE ( 'NONE', *, *, #1130, .T. ) ;
#3398 = LINE ( 'NONE', #2370, #520 ) ;
#3399 = AXIS2_PLACEMENT_3D ( 'NONE', #3411, #1797, #977 ) ;
#3400 = ORIENTED_EDGE ( 'NONE', *, *, #1754, .F. ) ;
#3401 = CARTESIAN_POINT ( 'NONE',  ( 3.200000000000002800, 0.3600000000000013700, -1.269999999999999800 ) ) ;
#3402 = AXIS2_PLACEMENT_3D ( 'NONE', #2885, #2618, #1801 ) ;
#3403 = PLANE ( 'NONE',  #770 ) ;
#3404 = CARTESIAN_POINT ( 'NONE',  ( -2.665000000000000000, 1.300000000000000000, 1.669452815064587800 ) ) ;
#3405 = AXIS2_PLACEMENT_3D ( 'NONE', #446, #996, #3436 ) ;
#3406 = ORIENTED_EDGE ( 'NONE', *, *, #3138, .F. ) ;
#3407 = ORIENTED_EDGE ( 'NONE', *, *, #1829, .F. ) ;
#3408 = ORIENTED_EDGE ( 'NONE', *, *, #2625, .T. ) ;
#3409 = ORIENTED_EDGE ( 'NONE', *, *, #466, .F. ) ;
#3410 = EDGE_CURVE ( 'NONE', #1497, #671, #1556, .T. ) ;
#3411 = CARTESIAN_POINT ( 'NONE',  ( -2.119865569204552000E-016, 1.490777987167568600E-015, 2.971941919265469700E-016 ) ) ;
#3412 = VERTEX_POINT ( 'NONE', #602 ) ;
#3413 = VECTOR ( 'NONE', #2340, 1000.000000000000000 ) ;
#3414 = CYLINDRICAL_SURFACE ( 'NONE', #2862, 0.2500000000000002200 ) ;
#3415 = ORIENTED_EDGE ( 'NONE', *, *, #1468, .F. ) ;
#3416 = LINE ( 'NONE', #1917, #1985 ) ;
#3417 = ADVANCED_FACE ( 'NONE', ( #2072 ), #376, .F. ) ;
#3418 = VERTEX_POINT ( 'NONE', #1711 ) ;
#3419 = VECTOR ( 'NONE', #1937, 1000.000000000000000 ) ;
#3420 = CIRCLE ( 'NONE', #2532, 0.7500000000000005600 ) ;
#3421 = EDGE_CURVE ( 'NONE', #2948, #108, #2628, .T. ) ;
#3422 = CARTESIAN_POINT ( 'NONE',  ( -2.950000000000002800, 0.3600000000000004300, 1.270000000000001600 ) ) ;
#3423 = CARTESIAN_POINT ( 'NONE',  ( -2.945000000000002100, 0.3600000000000016000, 2.061998337517969600 ) ) ;
#3424 = ORIENTED_EDGE ( 'NONE', *, *, #331, .T. ) ;
#3425 = CARTESIAN_POINT ( 'NONE',  ( 3.685000000000001800, 0.2500000000000018900, -1.269999999999999600 ) ) ;
#3426 = VECTOR ( 'NONE', #306, 1000.000000000000000 ) ;
#3427 = EDGE_CURVE ( 'NONE', #1004, #1880, #1888, .T. ) ;
#3428 = CARTESIAN_POINT ( 'NONE',  ( -0.8900000000000011200, 1.286416353969641200, 1.084045891901219700 ) ) ;
#3429 = ORIENTED_EDGE ( 'NONE', *, *, #1761, .F. ) ;
#3430 = DIRECTION ( 'NONE',  ( -1.218204688185958800E-016, -0.9914448613738102700, -0.1305261922200526800 ) ) ;
#3431 = CARTESIAN_POINT ( 'NONE',  ( -3.176998337194122600, 2.089094963276941700E-015, 2.817760715212947800 ) ) ;
#3432 = EDGE_LOOP ( 'NONE', ( #2394, #874, #3064, #1412, #1399, #650, #1111 ) ) ;
#3433 = CARTESIAN_POINT ( 'NONE',  ( 0.8900000000000004600, 1.029999999999998700, 1.181940536066257600 ) ) ;
#3434 = ORIENTED_EDGE ( 'NONE', *, *, #139, .F. ) ;
#3435 = ORIENTED_EDGE ( 'NONE', *, *, #712, .T. ) ;
#3436 = DIRECTION ( 'NONE',  ( -0.8141155183563224500, 0.0000000000000000000, 0.5807029557109352200 ) ) ;
#3437 = VERTEX_POINT ( 'NONE', #2791 ) ;
#3438 = ORIENTED_EDGE ( 'NONE', *, *, #3294, .T. ) ;
#3439 = DIRECTION ( 'NONE',  ( 0.8141155183563225700, 0.0000000000000000000, -0.5807029557109352200 ) ) ;
#3440 = EDGE_CURVE ( 'NONE', #402, #536, #1936, .T. ) ;
#3441 = EDGE_LOOP ( 'NONE', ( #704, #3369, #2433, #299 ) ) ;
#3442 = AXIS2_PLACEMENT_3D ( 'NONE', #660, #676, #1532 ) ;
#3443 = DIRECTION ( 'NONE',  ( 0.0000000000000000000, 1.176887751541451400E-016, 1.000000000000000000 ) ) ;
#3444 = CARTESIAN_POINT ( 'NONE',  ( -3.031822598266388400, 2.039979199242691400E-015, 2.614231835623866300 ) ) ;
#3445 = ORIENTED_EDGE ( 'NONE', *, *, #3170, .F. ) ;
#3446 = AXIS2_PLACEMENT_3D ( 'NONE', #3154, #2632, #1854 ) ;
#3447 = EDGE_CURVE ( 'NONE', #2310, #2900, #586, .T. ) ;
#3448 = CARTESIAN_POINT ( 'NONE',  ( 0.8900000000000001200, 1.300000000000000700, 0.9808678567003081800 ) ) ;
#3449 = ORIENTED_EDGE ( 'NONE', *, *, #934, .T. ) ;
#3450 = LINE ( 'NONE', #3335, #71 ) ;
#3451 = VECTOR ( 'NONE', #1024, 1000.000000000000000 ) ;
#3452 = CARTESIAN_POINT ( 'NONE',  ( 3.235351477855469900, 1.978668964786045600E-015, 2.469056096696150800 ) ) ;
#3453 = EDGE_CURVE ( 'NONE', #1270, #1063, #2664, .T. ) ;
#3454 = ORIENTED_EDGE ( 'NONE', *, *, #153, .F. ) ;
#3455 = LINE ( 'NONE', #951, #1685 ) ;
#3456 = FACE_OUTER_BOUND ( 'NONE', #480, .T. ) ;
#3457 = AXIS2_PLACEMENT_3D ( 'NONE', #2468, #1380, #3228 ) ;
#3458 = CYLINDRICAL_SURFACE ( 'NONE', #714, 0.3600000000000001000 ) ;
#3459 = DIRECTION ( 'NONE',  ( 0.0000000000000000000, 1.000000000000000000, 0.0000000000000000000 ) ) ;
#3460 = EDGE_CURVE ( 'NONE', #2591, #1431, #496, .T. ) ;
#3461 = DIRECTION ( 'NONE',  ( 1.218204688185959100E-016, 1.000000000000000000, -3.687389588912945500E-016 ) ) ;
#3462 = VECTOR ( 'NONE', #292, 1000.000000000000100 ) ;
#3463 = DIRECTION ( 'NONE',  ( -0.0000000000000000000, -0.0000000000000000000, -1.000000000000000000 ) ) ;
#3464 = FACE_OUTER_BOUND ( 'NONE', #2349, .T. ) ;
#3465 = VECTOR ( 'NONE', #1899, 1000.000000000000000 ) ;
#3466 = CARTESIAN_POINT ( 'NONE',  ( -3.200000000000002800, 1.761828530288944700E-015, -1.269999999999998500 ) ) ;
#3467 = CARTESIAN_POINT ( 'NONE',  ( -3.310000000000002700, 0.3600000000000017100, 1.270000000000001600 ) ) ;
#3468 = ADVANCED_FACE ( 'NONE', ( #3158 ), #1963, .F. ) ;
#3469 = ORIENTED_EDGE ( 'NONE', *, *, #3344, .T. ) ;
#3470 = LINE ( 'NONE', #2934, #728 ) ;
#3471 = CARTESIAN_POINT ( 'NONE',  ( -2.404953649132019100, 2.052954890860758000E-015, 3.061373111521286100 ) ) ;
#3472 = EDGE_LOOP ( 'NONE', ( #2115, #2904, #1160, #571 ) ) ;
#3473 = EDGE_CURVE ( 'NONE', #1626, #903, #2442, .T. ) ;
#3474 = DIRECTION ( 'NONE',  ( 0.0000000000000000000, 0.0000000000000000000, 1.000000000000000000 ) ) ;
#3475 = ORIENTED_EDGE ( 'NONE', *, *, #43, .T. ) ;
#3476 = DIRECTION ( 'NONE',  ( -0.5807029557109354400, -6.635510597942382400E-018, -0.8141155183563223400 ) ) ;
#3477 = CARTESIAN_POINT ( 'NONE',  ( 2.550129388059754600, 1.978668964786045600E-015, 3.264901991110385800 ) ) ;
#3478 = DIRECTION ( 'NONE',  ( 2.212657494868377700E-016, -1.000000000000000000, -0.0000000000000000000 ) ) ;
#3479 = VERTEX_POINT ( 'NONE', #1668 ) ;
#3480 = DIRECTION ( 'NONE',  ( -1.000000000000000000, -0.0000000000000000000, -0.0000000000000000000 ) ) ;
#3481 = CARTESIAN_POINT ( 'NONE',  ( 1.270000000000014200, 1.550000000000000000, 2.789999999999999100 ) ) ;
#3482 = ORIENTED_EDGE ( 'NONE', *, *, #3410, .T. ) ;
#3483 = ORIENTED_EDGE ( 'NONE', *, *, #3196, .T. ) ;
#3484 = EDGE_CURVE ( 'NONE', #1543, #2897, #1166, .T. ) ;
#3485 = ORIENTED_EDGE ( 'NONE', *, *, #731, .T. ) ;
#3486 = EDGE_LOOP ( 'NONE', ( #1074, #2977, #2201, #2141 ) ) ;
#3487 = DIRECTION ( 'NONE',  ( 1.000000000000000000, 3.690901012716612800E-015, -4.600239226595271600E-032 ) ) ;
#3488 = CARTESIAN_POINT ( 'NONE',  ( 0.8900000000000002400, 1.550000000000000000, 1.873669773809901500E-016 ) ) ;
#3489 = CIRCLE ( 'NONE', #2029, 0.1099999999999998100 ) ;
#3490 = EDGE_CURVE ( 'NONE', #2705, #3184, #2246, .T. ) ;
#3491 = DIRECTION ( 'NONE',  ( 1.000000000000000000, 0.0000000000000000000, 0.0000000000000000000 ) ) ;
#3492 = ADVANCED_FACE ( 'NONE', ( #72 ), #654, .F. ) ;
#3493 = CARTESIAN_POINT ( 'NONE',  ( -2.945000000000002500, 0.3600000000000016000, 2.061998337517970000 ) ) ;
#3494 = ORIENTED_EDGE ( 'NONE', *, *, #1570, .F. ) ;
#3495 = FACE_OUTER_BOUND ( 'NONE', #2430, .T. ) ;
#3496 = DIRECTION ( 'NONE',  ( 0.0000000000000000000, -0.0000000000000000000, 1.000000000000000000 ) ) ;
#3497 = LINE ( 'NONE', #3049, #1694 ) ;
#3498 = DIRECTION ( 'NONE',  ( 0.0000000000000000000, 1.000000000000000000, 0.0000000000000000000 ) ) ;
#3499 = FACE_OUTER_BOUND ( 'NONE', #5, .T. ) ;
#3500 = CARTESIAN_POINT ( 'NONE',  ( -3.685000000000001800, 1.858547072117582300E-015, -1.019999999999998200 ) ) ;
#3501 = DIRECTION ( 'NONE',  ( 0.0000000000000000000, -0.9914448613738103800, -0.1305261922200518200 ) ) ;
#3502 = ORIENTED_EDGE ( 'NONE', *, *, #3054, .F. ) ;
#3503 = FACE_OUTER_BOUND ( 'NONE', #1372, .T. ) ;
#3504 = CARTESIAN_POINT ( 'NONE',  ( -2.735946935944063400, 1.550000000000000000, 1.768916750909691000 ) ) ;
#3505 = EDGE_CURVE ( 'NONE', #2519, #2615, #782, .T. ) ;
#3506 = DIRECTION ( 'NONE',  ( 0.0000000000000000000, 0.0000000000000000000, -1.000000000000000000 ) ) ;
#3507 = ORIENTED_EDGE ( 'NONE', *, *, #1557, .T. ) ;
#3508 = FACE_OUTER_BOUND ( 'NONE', #1659, .T. ) ;
#3509 = DIRECTION ( 'NONE',  ( -5.900419986315673800E-016, -1.176659829387636400E-031, 1.000000000000000000 ) ) ;
#3510 = ORIENTED_EDGE ( 'NONE', *, *, #1547, .F. ) ;
#3511 = DIRECTION ( 'NONE',  ( 0.5807029557109353300, 0.0000000000000000000, 0.8141155183563222300 ) ) ;
#3512 = EDGE_CURVE ( 'NONE', #809, #1861, #3489, .T. ) ;
#3513 = ORIENTED_EDGE ( 'NONE', *, *, #309, .F. ) ;
#3514 = CARTESIAN_POINT ( 'NONE',  ( 1.270000000000014500, 1.300000000000000000, 2.809999999999998700 ) ) ;
#3515 = DIRECTION ( 'NONE',  ( -1.000000000000000000, 0.0000000000000000000, 0.0000000000000000000 ) ) ;
ENDSEC;
END-ISO-10303-21;
