ISO-10303-21;
HEADER;
FILE_DESCRIPTION (( 'STEP AP214' ),
    '1' );
FILE_NAME ('HCMS-2901.STEP',
    '2019-05-17T22:24:43',
    ( '' ),
    ( '' ),
    'SwSTEP 2.0',
    'SolidWorks 2017',
    '' );
FILE_SCHEMA (( 'AUTOMOTIVE_DESIGN' ));
ENDSEC;

DATA;
#1 = ORIENTED_EDGE ( 'NONE', *, *, #422, .T. ) ;
#2 = EDGE_CURVE ( 'NONE', #2198, #1641, #2817, .T. ) ;
#3 = LINE ( 'NONE', #1248, #1691 ) ;
#4 = PRODUCT_DEFINITION_SHAPE ( 'NONE', 'NONE',  #1618 ) ;
#5 = DIRECTION ( 'NONE',  ( 1.000000000000000000, 0.0000000000000000000, -2.057114453060438900E-016 ) ) ;
#6 = ORIENTED_EDGE ( 'NONE', *, *, #3171, .F. ) ;
#7 = ORIENTED_EDGE ( 'NONE', *, *, #1065, .T. ) ;
#8 = CARTESIAN_POINT ( 'NONE',  ( 0.0000000000000000000, 0.1799999999999999900, 0.0000000000000000000 ) ) ;
#9 = CARTESIAN_POINT ( 'NONE',  ( 0.3500000000000001400, 0.2000000000000000100, 0.2000000000000000400 ) ) ;
#10 = VECTOR ( 'NONE', #2764, 39.37007874015748100 ) ;
#11 = DIRECTION ( 'NONE',  ( 0.0000000000000000000, 0.0000000000000000000, -1.000000000000000000 ) ) ;
#12 = CARTESIAN_POINT ( 'NONE',  ( 0.3500000000000001400, 0.1899999999999999700, -0.1699164635289651100 ) ) ;
#13 = LINE ( 'NONE', #803, #1396 ) ;
#14 = DIRECTION ( 'NONE',  ( -0.0000000000000000000, 1.000000000000000000, -0.0000000000000000000 ) ) ;
#15 = ADVANCED_FACE ( 'NONE', ( #812 ), #2179, .F. ) ;
#16 = CARTESIAN_POINT ( 'NONE',  ( 0.3500000000000001400, 0.0000000000000000000, -0.1999999999999999800 ) ) ;
#17 = VECTOR ( 'NONE', #61, 39.37007874015748100 ) ;
#18 = DIRECTION ( 'NONE',  ( 0.0000000000000000000, -0.0000000000000000000, 1.000000000000000000 ) ) ;
#19 = PLANE ( 'NONE',  #2381 ) ;
#20 = VECTOR ( 'NONE', #156, 39.37007874015748100 ) ;
#21 = DIRECTION ( 'NONE',  ( -0.0000000000000000000, -1.000000000000000000, -0.0000000000000000000 ) ) ;
#22 = ORIENTED_EDGE ( 'NONE', *, *, #1235, .F. ) ;
#23 = VECTOR ( 'NONE', #2022, 39.37007874015748100 ) ;
#24 = ORIENTED_EDGE ( 'NONE', *, *, #1462, .T. ) ;
#25 = UNCERTAINTY_MEASURE_WITH_UNIT (LENGTH_MEASURE( 1.000000000000000100E-005 ), #2229, 'distance_accuracy_value', 'NONE');
#26 = AXIS2_PLACEMENT_3D ( 'NONE', #166, #139, #1215 ) ;
#27 = DIRECTION ( 'NONE',  ( 0.0000000000000000000, 0.0000000000000000000, -1.000000000000000000 ) ) ;
#28 = ORIENTED_EDGE ( 'NONE', *, *, #960, .T. ) ;
#29 = FACE_OUTER_BOUND ( 'NONE', #2213, .T. ) ;
#30 = CARTESIAN_POINT ( 'NONE',  ( 0.2209999999999999700, 0.1899999999999999700, 0.07300000000000003700 ) ) ;
#31 = ADVANCED_FACE ( 'NONE', ( #2242 ), #648, .T. ) ;
#32 = VERTEX_POINT ( 'NONE', #405 ) ;
#33 = EDGE_LOOP ( 'NONE', ( #2493, #714, #895, #2324 ) ) ;
#34 = DIRECTION ( 'NONE',  ( 0.0000000000000000000, -0.0000000000000000000, 1.000000000000000000 ) ) ;
#35 = ORIENTED_EDGE ( 'NONE', *, *, #2257, .T. ) ;
#36 = STYLED_ITEM ( 'NONE', ( #1511 ), #335 ) ;
#37 = EDGE_LOOP ( 'NONE', ( #820, #7 ) ) ;
#38 = FACE_OUTER_BOUND ( 'NONE', #2390, .T. ) ;
#39 = CARTESIAN_POINT ( 'NONE',  ( -0.04599999999999996500, 0.1799999999999999900, 0.07300000000000000900 ) ) ;
#40 = DIRECTION ( 'NONE',  ( 0.0000000000000000000, 0.0000000000000000000, 1.000000000000000000 ) ) ;
#41 = PRESENTATION_LAYER_ASSIGNMENT (  '', '', ( #804 ) ) ;
#42 = SURFACE_STYLE_FILL_AREA ( #2537 ) ;
#43 = EDGE_CURVE ( 'NONE', #1220, #1577, #1884, .T. ) ;
#44 = ADVANCED_FACE ( 'NONE', ( #1427 ), #3192, .F. ) ;
#45 = LINE ( 'NONE', #196, #2006 ) ;
#46 = ORIENTED_EDGE ( 'NONE', *, *, #3086, .F. ) ;
#47 = DIRECTION ( 'NONE',  ( -0.0000000000000000000, 0.5885550900987861500, 0.8084571144586519800 ) ) ;
#48 = VECTOR ( 'NONE', #497, 39.37007874015748100 ) ;
#49 = LINE ( 'NONE', #780, #2421 ) ;
#50 = CARTESIAN_POINT ( 'NONE',  ( -0.04599999999999996500, 0.1799999999999999900, -0.07299999999999998200 ) ) ;
#51 = DIRECTION ( 'NONE',  ( 0.0000000000000000000, 0.0000000000000000000, 1.000000000000000000 ) ) ;
#52 =( NAMED_UNIT ( * ) SI_UNIT ( $, .STERADIAN. ) SOLID_ANGLE_UNIT ( ) );
#53 = FACE_OUTER_BOUND ( 'NONE', #1368, .T. ) ;
#54 = CARTESIAN_POINT ( 'NONE',  ( 0.04599999999999999900, 0.1899999999999999700, 0.07300000000000003700 ) ) ;
#55 = PLANE ( 'NONE',  #2160 ) ;
#56 = DIRECTION ( 'NONE',  ( 0.0000000000000000000, 0.0000000000000000000, 1.000000000000000000 ) ) ;
#57 = ADVANCED_FACE ( 'NONE', ( #122 ), #697, .T. ) ;
#58 = PLANE ( 'NONE',  #2542 ) ;
#59 = CARTESIAN_POINT ( 'NONE',  ( 0.0000000000000000000, 0.0000000000000000000, 0.0000000000000000000 ) ) ;
#60 = EDGE_CURVE ( 'NONE', #640, #2977, #2320, .T. ) ;
#61 = DIRECTION ( 'NONE',  ( -1.000000000000000000, 0.0000000000000000000, 2.057114453060438900E-016 ) ) ;
#62 = PRESENTATION_STYLE_ASSIGNMENT (( #1362 ) ) ;
#63 = ORIENTED_EDGE ( 'NONE', *, *, #3193, .F. ) ;
#64 = DIRECTION ( 'NONE',  ( 2.057114453060438900E-016, 0.0000000000000000000, 1.000000000000000000 ) ) ;
#65 = VERTEX_POINT ( 'NONE', #2432 ) ;
#66 = EDGE_CURVE ( 'NONE', #973, #2003, #531, .T. ) ;
#67 = CARTESIAN_POINT ( 'NONE',  ( 0.1290000000000000000, 0.1899999999999999700, -0.07299999999999998200 ) ) ;
#68 = VERTEX_POINT ( 'NONE', #2168 ) ;
#69 = VERTEX_POINT ( 'NONE', #1169 ) ;
#70 = DIRECTION ( 'NONE',  ( -0.0000000000000000000, -1.000000000000000000, -0.0000000000000000000 ) ) ;
#71 = ORIENTED_EDGE ( 'NONE', *, *, #1020, .F. ) ;
#72 = CARTESIAN_POINT ( 'NONE',  ( -0.2500000000000000000, -0.1699999999999999800, -0.1499999999999999900 ) ) ;
#73 = ORIENTED_EDGE ( 'NONE', *, *, #2385, .F. ) ;
#74 = ADVANCED_FACE ( 'NONE', ( #38 ), #2483, .T. ) ;
#75 = DIRECTION ( 'NONE',  ( 1.000000000000000000, 0.0000000000000000000, -2.057114453060438200E-016 ) ) ;
#76 = CARTESIAN_POINT ( 'NONE',  ( -0.2500000000000000000, 0.01999999999999993400, -0.1499999999999999900 ) ) ;
#77 = VERTEX_POINT ( 'NONE', #913 ) ;
#78 = VERTEX_POINT ( 'NONE', #1185 ) ;
#79 = CARTESIAN_POINT ( 'NONE',  ( -0.2500000000000000000, -0.1699999999999999800, -0.1499999999999999900 ) ) ;
#80 = VECTOR ( 'NONE', #302, 39.37007874015748100 ) ;
#81 = EDGE_CURVE ( 'NONE', #2868, #2074, #1058, .T. ) ;
#82 = VECTOR ( 'NONE', #1196, 39.37007874015748100 ) ;
#83 = LINE ( 'NONE', #3182, #1734 ) ;
#84 = APPLICATION_CONTEXT ( 'automotive_design' ) ;
#85 = AXIS2_PLACEMENT_3D ( 'NONE', #364, #90, #2101 ) ;
#86 = DIRECTION ( 'NONE',  ( -0.0000000000000000000, 1.000000000000000000, -0.0000000000000000000 ) ) ;
#87 = PLANE ( 'NONE',  #2214 ) ;
#88 = LENGTH_MEASURE_WITH_UNIT ( LENGTH_MEASURE( 0.02539999999999999900 ), #3222 );
#89 = EDGE_CURVE ( 'NONE', #2902, #921, #889, .T. ) ;
#90 = DIRECTION ( 'NONE',  ( -0.0000000000000000000, 1.000000000000000000, 0.0000000000000000000 ) ) ;
#91 = PLANE ( 'NONE',  #1782 ) ;
#92 = COLOUR_RGB ( '',0.5019607843137254800, 0.4078431372549019600, 0.5019607843137254800 ) ;
#93 = VECTOR ( 'NONE', #2824, 39.37007874015748100 ) ;
#94 = ADVANCED_FACE ( 'NONE', ( #1732 ), #3229, .F. ) ;
#95 = FILL_AREA_STYLE ('',( #859 ) ) ;
#96 = LINE ( 'NONE', #1448, #993 ) ;
#97 = DIRECTION ( 'NONE',  ( -0.7071067811865474600, 0.0000000000000000000, -0.7071067811865474600 ) ) ;
#98 = DIRECTION ( 'NONE',  ( 0.0000000000000000000, -0.0000000000000000000, 1.000000000000000000 ) ) ;
#99 = VECTOR ( 'NONE', #2059, 39.37007874015748100 ) ;
#100 = AXIS2_PLACEMENT_3D ( 'NONE', #2742, #2749, #2265 ) ;
#101 = VERTEX_POINT ( 'NONE', #2924 ) ;
#102 = PRESENTATION_LAYER_ASSIGNMENT (  '', '', ( #719 ) ) ;
#103 = LINE ( 'NONE', #2294, #3087 ) ;
#104 = CARTESIAN_POINT ( 'NONE',  ( 0.2500000000000000600, 0.01999999999999993400, -0.1499999999999999900 ) ) ;
#105 = CARTESIAN_POINT ( 'NONE',  ( -0.2500000000000000000, -0.1699999999999999800, -0.1600000000000000000 ) ) ;
#106 = EDGE_CURVE ( 'NONE', #1517, #2315, #1938, .T. ) ;
#107 = ORIENTED_EDGE ( 'NONE', *, *, #764, .T. ) ;
#108 = DIRECTION ( 'NONE',  ( 0.0000000000000000000, 0.0000000000000000000, 1.000000000000000000 ) ) ;
#109 = ORIENTED_EDGE ( 'NONE', *, *, #2433, .F. ) ;
#110 = ADVANCED_FACE ( 'NONE', ( #1151 ), #1972, .T. ) ;
#111 = PLANE ( 'NONE',  #85 ) ;
#112 = VERTEX_POINT ( 'NONE', #732 ) ;
#113 = DIRECTION ( 'NONE',  ( -1.000000000000000000, 0.0000000000000000000, 2.057114453060438200E-016 ) ) ;
#114 = DIRECTION ( 'NONE',  ( -0.0000000000000000000, 1.000000000000000000, -0.0000000000000000000 ) ) ;
#115 = ORIENTED_EDGE ( 'NONE', *, *, #1114, .T. ) ;
#116 = CARTESIAN_POINT ( 'NONE',  ( -0.1289999999999999800, 0.1899999999999999700, -0.07299999999999996800 ) ) ;
#117 = ORIENTED_EDGE ( 'NONE', *, *, #283, .F. ) ;
#118 = DIRECTION ( 'NONE',  ( 0.0000000000000000000, 0.0000000000000000000, -1.000000000000000000 ) ) ;
#119 = DIRECTION ( 'NONE',  ( -0.0000000000000000000, -1.000000000000000000, -0.0000000000000000000 ) ) ;
#120 = ORIENTED_EDGE ( 'NONE', *, *, #1804, .T. ) ;
#121 = CARTESIAN_POINT ( 'NONE',  ( 0.05000000000000001000, 0.01999999999999993400, 0.1399999999999999900 ) ) ;
#122 = FACE_OUTER_BOUND ( 'NONE', #2273, .T. ) ;
#123 = CARTESIAN_POINT ( 'NONE',  ( -0.3499999999999997600, 0.0000000000000000000, 0.1475458765538846500 ) ) ;
#124 = ORIENTED_EDGE ( 'NONE', *, *, #1277, .F. ) ;
#125 = DIRECTION ( 'NONE',  ( 0.0000000000000000000, 1.000000000000000000, 0.0000000000000000000 ) ) ;
#126 = CARTESIAN_POINT ( 'NONE',  ( -0.04999999999999998200, -0.1699999999999999800, -0.1499999999999999900 ) ) ;
#127 = LENGTH_MEASURE_WITH_UNIT ( LENGTH_MEASURE( 0.02539999999999999900 ), #2518 );
#128 = CARTESIAN_POINT ( 'NONE',  ( -0.2209999999999999200, 0.1899999999999999700, -0.07299999999999998200 ) ) ;
#129 = UNCERTAINTY_MEASURE_WITH_UNIT (LENGTH_MEASURE( 1.000000000000000100E-005 ), #1870, 'distance_accuracy_value', 'NONE');
#130 = EDGE_LOOP ( 'NONE', ( #2490, #846, #3269, #411, #3096, #1874, #3089, #446 ) ) ;
#131 = PRESENTATION_LAYER_ASSIGNMENT (  '', '', ( #235 ) ) ;
#132 = VECTOR ( 'NONE', #70, 39.37007874015748100 ) ;
#133 = FACE_OUTER_BOUND ( 'NONE', #1805, .T. ) ;
#134 = ADVANCED_FACE ( 'NONE', ( #539 ), #2745, .F. ) ;
#135 = EDGE_CURVE ( 'NONE', #454, #1014, #986, .T. ) ;
#136 = FACE_OUTER_BOUND ( 'NONE', #1261, .T. ) ;
#137 = CARTESIAN_POINT ( 'NONE',  ( 0.3500000000000001400, 0.0000000000000000000, 0.1374346730280381300 ) ) ;
#138 = AXIS2_PLACEMENT_3D ( 'NONE', #1067, #14, #1407 ) ;
#139 = DIRECTION ( 'NONE',  ( -0.0000000000000000000, 1.000000000000000000, -0.0000000000000000000 ) ) ;
#140 = CARTESIAN_POINT ( 'NONE',  ( 0.3500000000000001400, 0.01999999999999993400, -0.1228747148169490000 ) ) ;
#141 = EDGE_CURVE ( 'NONE', #68, #1006, #218, .T. ) ;
#142 = CIRCLE ( 'NONE', #2077, 0.01000000000000001200 ) ;
#143 = FILL_AREA_STYLE ('',( #1381 ) ) ;
#144 = CARTESIAN_POINT ( 'NONE',  ( -0.1289999999999999800, 0.1899999999999999700, 0.07300000000000003700 ) ) ;
#145 = FACE_OUTER_BOUND ( 'NONE', #2166, .T. ) ;
#146 = EDGE_LOOP ( 'NONE', ( #731, #1839, #528, #426 ) ) ;
#147 = LINE ( 'NONE', #345, #2766 ) ;
#148 = LINE ( 'NONE', #423, #193 ) ;
#149 = CARTESIAN_POINT ( 'NONE',  ( 0.2209999999999999700, 0.1899999999999999700, -0.07299999999999996800 ) ) ;
#150 = ORIENTED_EDGE ( 'NONE', *, *, #1071, .F. ) ;
#151 = ADVANCED_FACE ( 'NONE', ( #3183 ), #1265, .T. ) ;
#152 = DIRECTION ( 'NONE',  ( 0.0000000000000000000, -1.000000000000000000, 0.0000000000000000000 ) ) ;
#153 = SURFACE_STYLE_FILL_AREA ( #2427 ) ;
#154 = DIRECTION ( 'NONE',  ( 1.000000000000000000, -0.0000000000000000000, -2.057114453060438900E-016 ) ) ;
#155 = DIRECTION ( 'NONE',  ( -0.0000000000000000000, -1.000000000000000000, -0.0000000000000000000 ) ) ;
#156 = DIRECTION ( 'NONE',  ( -1.000000000000000000, 0.0000000000000000000, 2.057114453060438200E-016 ) ) ;
#157 = ORIENTED_EDGE ( 'NONE', *, *, #2955, .F. ) ;
#158 = ORIENTED_EDGE ( 'NONE', *, *, #2405, .T. ) ;
#159 = EDGE_CURVE ( 'NONE', #1695, #2416, #460, .T. ) ;
#160 = CARTESIAN_POINT ( 'NONE',  ( 0.05000000000000001000, -0.1699999999999999800, 0.1399999999999999900 ) ) ;
#161 = AXIS2_PLACEMENT_3D ( 'NONE', #2928, #114, #2195 ) ;
#162 = CARTESIAN_POINT ( 'NONE',  ( 0.2500000000000000600, 0.01999999999999993400, 0.1499999999999999900 ) ) ;
#163 = DIMENSIONAL_EXPONENTS ( 1.000000000000000000, 0.0000000000000000000, 0.0000000000000000000, 0.0000000000000000000, 0.0000000000000000000, 0.0000000000000000000, 0.0000000000000000000 ) ;
#164 = DIRECTION ( 'NONE',  ( 0.0000000000000000000, 1.000000000000000000, 0.0000000000000000000 ) ) ;
#165 = EDGE_CURVE ( 'NONE', #399, #2152, #1282, .T. ) ;
#166 = CARTESIAN_POINT ( 'NONE',  ( -0.2500000000000000000, -0.1699999999999999800, -0.1499999999999999900 ) ) ;
#167 = DIRECTION ( 'NONE',  ( 0.0000000000000000000, 0.0000000000000000000, -1.000000000000000000 ) ) ;
#168 = DIRECTION ( 'NONE',  ( -1.000000000000000000, 0.0000000000000000000, -0.0000000000000000000 ) ) ;
#169 =( NAMED_UNIT ( * ) SI_UNIT ( $, .STERADIAN. ) SOLID_ANGLE_UNIT ( ) );
#170 = ORIENTED_EDGE ( 'NONE', *, *, #2099, .T. ) ;
#171 = EDGE_LOOP ( 'NONE', ( #2237, #2502, #2447, #2686 ) ) ;
#172 =( NAMED_UNIT ( * ) SI_UNIT ( $, .STERADIAN. ) SOLID_ANGLE_UNIT ( ) );
#173 = VERTEX_POINT ( 'NONE', #710 ) ;
#174 = CARTESIAN_POINT ( 'NONE',  ( 0.05000000000000001000, 0.01999999999999993400, -0.1499999999999999900 ) ) ;
#175 = FACE_OUTER_BOUND ( 'NONE', #2526, .T. ) ;
#176 = VECTOR ( 'NONE', #272, 39.37007874015748100 ) ;
#177 = DIRECTION ( 'NONE',  ( -0.0000000000000000000, 1.000000000000000000, -0.0000000000000000000 ) ) ;
#178 = VERTEX_POINT ( 'NONE', #2997 ) ;
#179 =( CONVERSION_BASED_UNIT ( 'INCH', #2965 ) LENGTH_UNIT ( ) NAMED_UNIT ( #2698 ) );
#180 = LINE ( 'NONE', #2614, #132 ) ;
#181 = FACE_OUTER_BOUND ( 'NONE', #2241, .T. ) ;
#182 = AXIS2_PLACEMENT_3D ( 'NONE', #1914, #924, #421 ) ;
#183 = EDGE_CURVE ( 'NONE', #32, #1968, #2687, .T. ) ;
#184 = CARTESIAN_POINT ( 'NONE',  ( 0.2209999999999999700, 0.1799999999999999900, -0.07299999999999996800 ) ) ;
#185 = MECHANICAL_DESIGN_GEOMETRIC_PRESENTATION_REPRESENTATION (  '', ( #464 ), #1466 ) ;
#186 = VECTOR ( 'NONE', #785, 39.37007874015748100 ) ;
#187 =( NAMED_UNIT ( * ) PLANE_ANGLE_UNIT ( ) SI_UNIT ( $, .RADIAN. ) );
#188 = DIRECTION ( 'NONE',  ( -0.0000000000000000000, 1.000000000000000000, -0.0000000000000000000 ) ) ;
#189 = DIRECTION ( 'NONE',  ( -1.000000000000000000, 0.0000000000000000000, 2.057114453060438900E-016 ) ) ;
#190 = DIRECTION ( 'NONE',  ( 0.0000000000000000000, 1.000000000000000000, 0.0000000000000000000 ) ) ;
#191 = VECTOR ( 'NONE', #3177, 39.37007874015748100 ) ;
#192 = DIRECTION ( 'NONE',  ( 0.0000000000000000000, 0.0000000000000000000, -1.000000000000000000 ) ) ;
#193 = VECTOR ( 'NONE', #2464, 39.37007874015748100 ) ;
#194 = UNCERTAINTY_MEASURE_WITH_UNIT (LENGTH_MEASURE( 1.000000000000000100E-005 ), #1278, 'distance_accuracy_value', 'NONE');
#195 = VERTEX_POINT ( 'NONE', #453 ) ;
#196 = CARTESIAN_POINT ( 'NONE',  ( -0.1402753692885921600, 0.2185681639321020200, -0.02168249362825668700 ) ) ;
#197 = CIRCLE ( 'NONE', #2182, 0.01000000000000001200 ) ;
#198 =( NAMED_UNIT ( * ) PLANE_ANGLE_UNIT ( ) SI_UNIT ( $, .RADIAN. ) );
#199 = DIRECTION ( 'NONE',  ( 1.000000000000000000, -0.0000000000000000000, -9.756599977372368600E-017 ) ) ;
#200 = VERTEX_POINT ( 'NONE', #2244 ) ;
#201 =( NAMED_UNIT ( * ) SI_UNIT ( $, .STERADIAN. ) SOLID_ANGLE_UNIT ( ) );
#202 = AXIS2_PLACEMENT_3D ( 'NONE', #1880, #311, #2093 ) ;
#203 = EDGE_CURVE ( 'NONE', #2523, #3215, #2495, .T. ) ;
#204 = EDGE_LOOP ( 'NONE', ( #1311, #646, #1606, #574 ) ) ;
#205 =( GEOMETRIC_REPRESENTATION_CONTEXT ( 3 ) GLOBAL_UNCERTAINTY_ASSIGNED_CONTEXT ( ( #692 ) ) GLOBAL_UNIT_ASSIGNED_CONTEXT ( ( #1312, #3051, #2441 ) ) REPRESENTATION_CONTEXT ( 'NONE', 'WORKASPACE' ) );
#206 = VERTEX_POINT ( 'NONE', #1738 ) ;
#207 = CARTESIAN_POINT ( 'NONE',  ( -0.3039999999999999400, 0.1899999999999999700, -0.07299999999999996800 ) ) ;
#208 = DIRECTION ( 'NONE',  ( -2.057114453060438900E-016, 0.0000000000000000000, -1.000000000000000000 ) ) ;
#209 = EDGE_LOOP ( 'NONE', ( #2598, #1837, #2184, #975 ) ) ;
#210 = ORIENTED_EDGE ( 'NONE', *, *, #2854, .F. ) ;
#211 = DIRECTION ( 'NONE',  ( -1.000000000000000000, 0.0000000000000000000, 2.057114453060438200E-016 ) ) ;
#212 = EDGE_LOOP ( 'NONE', ( #1486, #2983, #124, #1770 ) ) ;
#213 = ORIENTED_EDGE ( 'NONE', *, *, #1965, .F. ) ;
#214 = FACE_OUTER_BOUND ( 'NONE', #2157, .T. ) ;
#215 = SURFACE_STYLE_USAGE ( .BOTH. , #966 ) ;
#216 = FACE_OUTER_BOUND ( 'NONE', #3209, .T. ) ;
#217 = ORIENTED_EDGE ( 'NONE', *, *, #1741, .F. ) ;
#218 = LINE ( 'NONE', #717, #1327 ) ;
#219 = CARTESIAN_POINT ( 'NONE',  ( 0.0000000000000000000, 0.01999999999999993400, -0.2000000000000000100 ) ) ;
#220 = DIRECTION ( 'NONE',  ( -0.0000000000000000000, -1.000000000000000000, -0.0000000000000000000 ) ) ;
#221 = CARTESIAN_POINT ( 'NONE',  ( 0.04599999999999999900, 0.1899999999999999700, 0.07300000000000003700 ) ) ;
#222 = AXIS2_PLACEMENT_3D ( 'NONE', #658, #620, #1428 ) ;
#223 = EDGE_CURVE ( 'NONE', #1654, #77, #1775, .T. ) ;
#224 = VECTOR ( 'NONE', #188, 39.37007874015748100 ) ;
#225 = VERTEX_POINT ( 'NONE', #1730 ) ;
#226 = LINE ( 'NONE', #786, #1519 ) ;
#227 = DIRECTION ( 'NONE',  ( -0.0000000000000000000, -1.000000000000000000, -0.0000000000000000000 ) ) ;
#228 = DIRECTION ( 'NONE',  ( -1.000000000000000000, -0.0000000000000000000, -0.0000000000000000000 ) ) ;
#229 = VECTOR ( 'NONE', #945, 39.37007874015748100 ) ;
#230 = VERTEX_POINT ( 'NONE', #2970 ) ;
#231 = CARTESIAN_POINT ( 'NONE',  ( 0.3039999999999999900, 0.1899999999999999700, 0.07300000000000000900 ) ) ;
#232 = FILL_AREA_STYLE_COLOUR ( '', #3102 ) ;
#233 = ORIENTED_EDGE ( 'NONE', *, *, #2527, .T. ) ;
#234 = ORIENTED_EDGE ( 'NONE', *, *, #1941, .F. ) ;
#235 = STYLED_ITEM ( 'NONE', ( #1336 ), #1198 ) ;
#236 = ORIENTED_EDGE ( 'NONE', *, *, #2594, .F. ) ;
#237 = ORIENTED_EDGE ( 'NONE', *, *, #89, .T. ) ;
#238 = DIRECTION ( 'NONE',  ( 0.0000000000000000000, 1.000000000000000000, 0.0000000000000000000 ) ) ;
#239 = EDGE_CURVE ( 'NONE', #327, #984, #2456, .T. ) ;
#240 = ORIENTED_EDGE ( 'NONE', *, *, #2275, .T. ) ;
#241 = AXIS2_PLACEMENT_3D ( 'NONE', #2851, #64, #1857 ) ;
#242 = CARTESIAN_POINT ( 'NONE',  ( 0.2659110967678854900, 0.01999999999999993400, -0.2000000000000000100 ) ) ;
#243 = EDGE_CURVE ( 'NONE', #2593, #2443, #2251, .T. ) ;
#244 = VERTEX_POINT ( 'NONE', #1567 ) ;
#245 = CARTESIAN_POINT ( 'NONE',  ( -0.2500000000000000000, -0.1699999999999999800, 0.1499999999999999900 ) ) ;
#246 = ORIENTED_EDGE ( 'NONE', *, *, #759, .T. ) ;
#247 = VERTEX_POINT ( 'NONE', #2569 ) ;
#248 =( NAMED_UNIT ( * ) SI_UNIT ( $, .STERADIAN. ) SOLID_ANGLE_UNIT ( ) );
#249 = PRESENTATION_STYLE_ASSIGNMENT (( #2162 ) ) ;
#250 = ORIENTED_EDGE ( 'NONE', *, *, #3262, .T. ) ;
#251 = LINE ( 'NONE', #3079, #3072 ) ;
#252 = FACE_OUTER_BOUND ( 'NONE', #1765, .T. ) ;
#253 = CARTESIAN_POINT ( 'NONE',  ( -0.1289999999999999800, 0.1799999999999999900, -0.07299999999999996800 ) ) ;
#254 = COLOUR_RGB ( '',1.000000000000000000, 1.000000000000000000, 1.000000000000000000 ) ;
#255 = SURFACE_SIDE_STYLE ('',( #991 ) ) ;
#256 = STYLED_ITEM ( 'NONE', ( #568 ), #833 ) ;
#257 = CARTESIAN_POINT ( 'NONE',  ( -0.1989297457605819500, 0.1258645033070232000, -0.2000000000000000100 ) ) ;
#258 = LINE ( 'NONE', #303, #752 ) ;
#259 = CARTESIAN_POINT ( 'NONE',  ( -0.04999999999999998200, 0.01999999999999993400, -0.1499999999999999900 ) ) ;
#260 = DIRECTION ( 'NONE',  ( 0.0000000000000000000, -1.000000000000000000, 0.0000000000000000000 ) ) ;
#261 = EDGE_CURVE ( 'NONE', #2593, #516, #496, .T. ) ;
#262 = AXIS2_PLACEMENT_3D ( 'NONE', #1301, #2319, #1073 ) ;
#263 = EDGE_CURVE ( 'NONE', #247, #1690, #746, .T. ) ;
#264 = VECTOR ( 'NONE', #1849, 39.37007874015748100 ) ;
#265 = CARTESIAN_POINT ( 'NONE',  ( -0.2659110967678854900, 0.01999999999999993400, -0.2000000000000000100 ) ) ;
#266 = CARTESIAN_POINT ( 'NONE',  ( 0.2659110967678854900, 0.01999999999999993400, -0.2000000000000000100 ) ) ;
#267 = VECTOR ( 'NONE', #3124, 39.37007874015748100 ) ;
#268 = CIRCLE ( 'NONE', #1956, 0.01000000000000001200 ) ;
#269 = DIRECTION ( 'NONE',  ( -0.0000000000000000000, 1.000000000000000000, -0.0000000000000000000 ) ) ;
#270 = CARTESIAN_POINT ( 'NONE',  ( -0.3499999999999997600, 0.01999999999999993400, 0.1228747148169490000 ) ) ;
#271 = EDGE_LOOP ( 'NONE', ( #2395, #763, #2899, #861 ) ) ;
#272 = DIRECTION ( 'NONE',  ( 0.0000000000000000000, 0.0000000000000000000, -1.000000000000000000 ) ) ;
#273 =( CONVERSION_BASED_UNIT ( 'INCH', #1587 ) LENGTH_UNIT ( ) NAMED_UNIT ( #1940 ) );
#274 = CARTESIAN_POINT ( 'NONE',  ( 0.0000000000000000000, 0.2000000000000000100, 0.0000000000000000000 ) ) ;
#275 = CARTESIAN_POINT ( 'NONE',  ( 0.2659110967678854900, 0.01999999999999993400, -0.2000000000000000100 ) ) ;
#276 = PLANE ( 'NONE',  #2071 ) ;
#277 = EDGE_LOOP ( 'NONE', ( #3210, #317, #2505, #3040 ) ) ;
#278 =( GEOMETRIC_REPRESENTATION_CONTEXT ( 3 ) GLOBAL_UNCERTAINTY_ASSIGNED_CONTEXT ( ( #3032 ) ) GLOBAL_UNIT_ASSIGNED_CONTEXT ( ( #1055, #532, #3268 ) ) REPRESENTATION_CONTEXT ( 'NONE', 'WORKASPACE' ) );
#279 = DIRECTION ( 'NONE',  ( -0.0000000000000000000, -1.000000000000000000, -0.0000000000000000000 ) ) ;
#280 = VERTEX_POINT ( 'NONE', #2555 ) ;
#281 = AXIS2_PLACEMENT_3D ( 'NONE', #1598, #2351, #819 ) ;
#282 = ORIENTED_EDGE ( 'NONE', *, *, #2508, .T. ) ;
#283 = EDGE_CURVE ( 'NONE', #2278, #3248, #3077, .T. ) ;
#284 = ORIENTED_EDGE ( 'NONE', *, *, #2807, .T. ) ;
#285 = ADVANCED_FACE ( 'NONE', ( #1896 ), #1283, .F. ) ;
#286 = PLANE ( 'NONE',  #1157 ) ;
#287 = AXIS2_PLACEMENT_3D ( 'NONE', #2875, #562, #582 ) ;
#288 = ORIENTED_EDGE ( 'NONE', *, *, #263, .F. ) ;
#289 = COLOUR_RGB ( '',0.7921568627450980000, 0.8196078431372548800, 0.9333333333333333500 ) ;
#290 = FACE_OUTER_BOUND ( 'NONE', #1536, .T. ) ;
#291 = ORIENTED_EDGE ( 'NONE', *, *, #1467, .F. ) ;
#292 = DIRECTION ( 'NONE',  ( 1.000000000000000000, 0.0000000000000000000, -2.057114453060438900E-016 ) ) ;
#293 = CYLINDRICAL_SURFACE ( 'NONE', #1017, 0.01000000000000001200 ) ;
#294 = DIRECTION ( 'NONE',  ( -0.0000000000000000000, 1.000000000000000000, -0.0000000000000000000 ) ) ;
#295 = PLANE ( 'NONE',  #1150 ) ;
#296 = LINE ( 'NONE', #995, #705 ) ;
#297 = FACE_OUTER_BOUND ( 'NONE', #130, .T. ) ;
#298 = CARTESIAN_POINT ( 'NONE',  ( -0.04599999999999996500, 0.1899999999999999700, 0.07300000000000000900 ) ) ;
#299 = VECTOR ( 'NONE', #1879, 39.37007874015748100 ) ;
#300 = FILL_AREA_STYLE ('',( #3113 ) ) ;
#301 = FACE_OUTER_BOUND ( 'NONE', #2806, .T. ) ;
#302 = DIRECTION ( 'NONE',  ( 0.0000000000000000000, 0.0000000000000000000, -1.000000000000000000 ) ) ;
#303 = CARTESIAN_POINT ( 'NONE',  ( 0.3500000000000001400, 0.0000000000000000000, 0.2000000000000000400 ) ) ;
#304 = ADVANCED_FACE ( 'NONE', ( #136 ), #1008, .T. ) ;
#305 = AXIS2_PLACEMENT_3D ( 'NONE', #980, #725, #2015 ) ;
#306 = DIRECTION ( 'NONE',  ( -1.000000000000000000, -0.0000000000000000000, -0.0000000000000000000 ) ) ;
#307 = EDGE_CURVE ( 'NONE', #3243, #1593, #2992, .T. ) ;
#308 = FACE_OUTER_BOUND ( 'NONE', #1542, .T. ) ;
#309 = AXIS2_PLACEMENT_3D ( 'NONE', #2373, #2619, #1111 ) ;
#310 = LINE ( 'NONE', #2194, #229 ) ;
#311 = DIRECTION ( 'NONE',  ( 2.057114453060438900E-016, 0.0000000000000000000, 1.000000000000000000 ) ) ;
#312 = EDGE_CURVE ( 'NONE', #1923, #1231, #2370, .T. ) ;
#313 = LINE ( 'NONE', #253, #3003 ) ;
#314 = CARTESIAN_POINT ( 'NONE',  ( 0.2785652629737283000, 0.0000000000000000000, -0.2000000000000000100 ) ) ;
#315 = ORIENTED_EDGE ( 'NONE', *, *, #1957, .F. ) ;
#316 = DIRECTION ( 'NONE',  ( -0.0000000000000000000, 0.0000000000000000000, 1.000000000000000000 ) ) ;
#317 = ORIENTED_EDGE ( 'NONE', *, *, #590, .F. ) ;
#318 = ADVANCED_FACE ( 'NONE', ( #2420 ), #667, .T. ) ;
#319 = ORIENTED_EDGE ( 'NONE', *, *, #370, .T. ) ;
#320 = DIRECTION ( 'NONE',  ( -1.000000000000000000, 0.0000000000000000000, 0.0000000000000000000 ) ) ;
#321 = ORIENTED_EDGE ( 'NONE', *, *, #2454, .F. ) ;
#322 = DIRECTION ( 'NONE',  ( 0.0000000000000000000, 0.0000000000000000000, 1.000000000000000000 ) ) ;
#323 = MECHANICAL_DESIGN_GEOMETRIC_PRESENTATION_REPRESENTATION (  '', ( #904 ), #1590 ) ;
#324 = ORIENTED_EDGE ( 'NONE', *, *, #439, .T. ) ;
#325 = EDGE_CURVE ( 'NONE', #2903, #1791, #13, .T. ) ;
#326 = CARTESIAN_POINT ( 'NONE',  ( 0.05000000000000001000, -0.1699999999999999800, -0.1600000000000000000 ) ) ;
#327 = VERTEX_POINT ( 'NONE', #3280 ) ;
#328 = ORIENTED_EDGE ( 'NONE', *, *, #3211, .F. ) ;
#329 = FACE_OUTER_BOUND ( 'NONE', #204, .T. ) ;
#330 = EDGE_CURVE ( 'NONE', #2617, #2449, #1701, .T. ) ;
#331 = VERTEX_POINT ( 'NONE', #270 ) ;
#332 = CARTESIAN_POINT ( 'NONE',  ( -0.2209999999999999200, 0.1899999999999999700, 0.07300000000000000900 ) ) ;
#333 = SURFACE_STYLE_FILL_AREA ( #1615 ) ;
#334 = CIRCLE ( 'NONE', #3061, 0.01000000000000001200 ) ;
#335 = MANIFOLD_SOLID_BREP ( 'Boss-Extrude3[11]', #887 ) ;
#336 = COLOUR_RGB ( '',1.000000000000000000, 1.000000000000000000, 1.000000000000000000 ) ;
#337 = ADVANCED_FACE ( 'NONE', ( #2648 ), #3053, .F. ) ;
#338 = DIRECTION ( 'NONE',  ( -0.0000000000000000000, -0.0000000000000000000, 1.000000000000000000 ) ) ;
#339 = CARTESIAN_POINT ( 'NONE',  ( -0.2785652629737283000, 0.0000000000000000000, 0.1374346730280381300 ) ) ;
#340 = VECTOR ( 'NONE', #3266, 39.37007874015748100 ) ;
#341 = DIRECTION ( 'NONE',  ( -1.000000000000000000, -0.0000000000000000000, -0.0000000000000000000 ) ) ;
#342 = LINE ( 'NONE', #50, #17 ) ;
#343 = DIRECTION ( 'NONE',  ( -1.000000000000000000, 0.0000000000000000000, 2.057114453060438900E-016 ) ) ;
#344 = CARTESIAN_POINT ( 'NONE',  ( 0.2500000000000000600, -0.1699999999999999800, 0.1499999999999999900 ) ) ;
#345 = CARTESIAN_POINT ( 'NONE',  ( -0.2209999999999999200, 0.1799999999999999900, 0.07300000000000000900 ) ) ;
#346 = ADVANCED_FACE ( 'NONE', ( #2831 ), #2308, .F. ) ;
#347 = DIRECTION ( 'NONE',  ( -1.000000000000000000, 0.0000000000000000000, 0.0000000000000000000 ) ) ;
#348 = SURFACE_STYLE_FILL_AREA ( #948 ) ;
#349 = LINE ( 'NONE', #1166, #2100 ) ;
#350 = AXIS2_PLACEMENT_3D ( 'NONE', #3191, #633, #167 ) ;
#351 = CARTESIAN_POINT ( 'NONE',  ( 0.2785652629737283000, 0.0000000000000000000, 0.2000000000000000900 ) ) ;
#352 =( LENGTH_UNIT ( ) NAMED_UNIT ( * ) SI_UNIT ( $, .METRE. ) );
#353 = EDGE_CURVE ( 'NONE', #1380, #1883, #822, .T. ) ;
#354 = AXIS2_PLACEMENT_3D ( 'NONE', #3017, #2535, #27 ) ;
#355 = DIRECTION ( 'NONE',  ( 1.000000000000000000, 0.0000000000000000000, 0.0000000000000000000 ) ) ;
#356 = ADVANCED_FACE ( 'NONE', ( #2758 ), #2849, .F. ) ;
#357 = CARTESIAN_POINT ( 'NONE',  ( -0.3039999999999999400, 0.1799999999999999900, 0.07300000000000003700 ) ) ;
#358 =( NAMED_UNIT ( * ) PLANE_ANGLE_UNIT ( ) SI_UNIT ( $, .RADIAN. ) );
#359 = CARTESIAN_POINT ( 'NONE',  ( 0.2209999999999999700, 0.1799999999999999900, 0.07300000000000003700 ) ) ;
#360 = ORIENTED_EDGE ( 'NONE', *, *, #2295, .T. ) ;
#361 = SURFACE_SIDE_STYLE ('',( #2599 ) ) ;
#362 = DIRECTION ( 'NONE',  ( 0.0000000000000000000, 0.8084571144586518700, 0.5885550900987860400 ) ) ;
#363 = CARTESIAN_POINT ( 'NONE',  ( -0.2209999999999999200, 0.1799999999999999900, -0.07299999999999998200 ) ) ;
#364 = CARTESIAN_POINT ( 'NONE',  ( -0.1499999999999999900, -0.1699999999999999800, -0.1499999999999999900 ) ) ;
#365 = DIRECTION ( 'NONE',  ( -0.0000000000000000000, 1.000000000000000000, -0.0000000000000000000 ) ) ;
#366 = ORIENTED_EDGE ( 'NONE', *, *, #2, .T. ) ;
#367 = VECTOR ( 'NONE', #2444, 39.37007874015748100 ) ;
#368 = STYLED_ITEM ( 'NONE', ( #2743 ), #1148 ) ;
#369 = ADVANCED_FACE ( 'NONE', ( #297 ), #295, .F. ) ;
#370 = EDGE_CURVE ( 'NONE', #2750, #1695, #535, .T. ) ;
#371 = CARTESIAN_POINT ( 'NONE',  ( 0.2785652629737283000, 0.0000000000000000000, -0.2000000000000000100 ) ) ;
#372 = VECTOR ( 'NONE', #2380, 39.37007874015748100 ) ;
#373 = ORIENTED_EDGE ( 'NONE', *, *, #325, .F. ) ;
#374 = STYLED_ITEM ( 'NONE', ( #2876 ), #2561 ) ;
#375 = CARTESIAN_POINT ( 'NONE',  ( -0.2659110967678854900, 0.01999999999999993400, -0.2000000000000000100 ) ) ;
#376 = CARTESIAN_POINT ( 'NONE',  ( -0.3039999999999999400, 0.1799999999999999900, -0.07299999999999996800 ) ) ;
#377 = AXIS2_PLACEMENT_3D ( 'NONE', #686, #1925, #395 ) ;
#378 = EDGE_LOOP ( 'NONE', ( #157, #1414, #1998, #2635 ) ) ;
#379 = CIRCLE ( 'NONE', #2409, 0.01000000000000001200 ) ;
#380 = CARTESIAN_POINT ( 'NONE',  ( 0.05000000000000001000, -0.1699999999999999800, -0.1499999999999999900 ) ) ;
#381 = CARTESIAN_POINT ( 'NONE',  ( 0.1290000000000000000, 0.1799999999999999900, -0.07299999999999998200 ) ) ;
#382 = LINE ( 'NONE', #1242, #468 ) ;
#383 = ADVANCED_FACE ( 'NONE', ( #2908 ), #58, .F. ) ;
#384 = PRESENTATION_LAYER_ASSIGNMENT (  '', '', ( #256 ) ) ;
#385 = DIRECTION ( 'NONE',  ( 0.0000000000000000000, -1.000000000000000000, 0.0000000000000000000 ) ) ;
#386 = ORIENTED_EDGE ( 'NONE', *, *, #3262, .F. ) ;
#387 = LINE ( 'NONE', #1471, #2842 ) ;
#388 = AXIS2_PLACEMENT_3D ( 'NONE', #2549, #1787, #1581 ) ;
#389 = FACE_OUTER_BOUND ( 'NONE', #2785, .T. ) ;
#390 = CARTESIAN_POINT ( 'NONE',  ( -0.2209999999999999200, 0.1899999999999999700, 0.07300000000000000900 ) ) ;
#391 = DIRECTION ( 'NONE',  ( 0.0000000000000000000, 1.000000000000000000, 0.0000000000000000000 ) ) ;
#392 = EDGE_CURVE ( 'NONE', #1968, #32, #334, .T. ) ;
#393 = ORIENTED_EDGE ( 'NONE', *, *, #1982, .T. ) ;
#394 = ORIENTED_EDGE ( 'NONE', *, *, #2291, .F. ) ;
#395 = DIRECTION ( 'NONE',  ( 0.0000000000000000000, 0.0000000000000000000, 1.000000000000000000 ) ) ;
#396 = ORIENTED_EDGE ( 'NONE', *, *, #2492, .T. ) ;
#397 = CARTESIAN_POINT ( 'NONE',  ( 0.0000000000000000000, 0.01999999999999993400, -0.2000000000000000100 ) ) ;
#398 =( NAMED_UNIT ( * ) SI_UNIT ( $, .STERADIAN. ) SOLID_ANGLE_UNIT ( ) );
#399 = VERTEX_POINT ( 'NONE', #39 ) ;
#400 = ADVANCED_FACE ( 'NONE', ( #1507 ), #1338, .F. ) ;
#401 = CARTESIAN_POINT ( 'NONE',  ( -0.1989297457605819500, 0.1258645033070232000, -0.2000000000000000100 ) ) ;
#402 = EDGE_LOOP ( 'NONE', ( #1274, #1719, #2628, #730 ) ) ;
#403 = CARTESIAN_POINT ( 'NONE',  ( -0.3175458765538843900, 0.2000000000000000100, 0.1799999999999999900 ) ) ;
#404 = CARTESIAN_POINT ( 'NONE',  ( 0.0000000000000000000, 0.1799999999999999900, 0.0000000000000000000 ) ) ;
#405 = CARTESIAN_POINT ( 'NONE',  ( 0.1500000000000000500, -0.1699999999999999800, -0.1600000000000000000 ) ) ;
#406 = ORIENTED_EDGE ( 'NONE', *, *, #764, .F. ) ;
#407 = CYLINDRICAL_SURFACE ( 'NONE', #431, 0.01000000000000001200 ) ;
#408 = DIRECTION ( 'NONE',  ( 0.0000000000000000000, -0.7100418144732112400, 0.7041595143854763000 ) ) ;
#409 = CARTESIAN_POINT ( 'NONE',  ( -0.2209999999999999200, 0.1799999999999999900, 0.07300000000000000900 ) ) ;
#410 = DIMENSIONAL_EXPONENTS ( 1.000000000000000000, 0.0000000000000000000, 0.0000000000000000000, 0.0000000000000000000, 0.0000000000000000000, 0.0000000000000000000, 0.0000000000000000000 ) ;
#411 = ORIENTED_EDGE ( 'NONE', *, *, #422, .F. ) ;
#412 = VERTEX_POINT ( 'NONE', #1074 ) ;
#413 = AXIS2_PLACEMENT_3D ( 'NONE', #455, #2987, #192 ) ;
#414 = LINE ( 'NONE', #1210, #2044 ) ;
#415 = ORIENTED_EDGE ( 'NONE', *, *, #2385, .T. ) ;
#416 = EDGE_CURVE ( 'NONE', #1484, #755, #817, .T. ) ;
#417 = DIRECTION ( 'NONE',  ( 0.0000000000000000000, 0.0000000000000000000, -1.000000000000000000 ) ) ;
#418 = VECTOR ( 'NONE', #2226, 39.37007874015748100 ) ;
#419 = DIRECTION ( 'NONE',  ( 0.0000000000000000000, -0.0000000000000000000, 1.000000000000000000 ) ) ;
#420 = AXIS2_PLACEMENT_3D ( 'NONE', #59, #1397, #1833 ) ;
#421 = DIRECTION ( 'NONE',  ( 0.0000000000000000000, 0.0000000000000000000, 1.000000000000000000 ) ) ;
#422 = EDGE_CURVE ( 'NONE', #1380, #2074, #180, .T. ) ;
#423 = CARTESIAN_POINT ( 'NONE',  ( -0.1289999999999999800, 0.1799999999999999900, 0.07300000000000003700 ) ) ;
#424 = VECTOR ( 'NONE', #1820, 39.37007874015748100 ) ;
#425 = CYLINDRICAL_SURFACE ( 'NONE', #161, 0.01000000000000001200 ) ;
#426 = ORIENTED_EDGE ( 'NONE', *, *, #1002, .T. ) ;
#427 = LINE ( 'NONE', #332, #2960 ) ;
#428 = DIRECTION ( 'NONE',  ( 1.000000000000000000, -0.0000000000000000000, -2.057114453060438900E-016 ) ) ;
#429 = CARTESIAN_POINT ( 'NONE',  ( 0.3500000000000001400, 0.0000000000000000000, 0.2000000000000000400 ) ) ;
#430 = DIRECTION ( 'NONE',  ( 0.0000000000000000000, -1.000000000000000000, 0.0000000000000000000 ) ) ;
#431 = AXIS2_PLACEMENT_3D ( 'NONE', #507, #2993, #2763 ) ;
#432 = DIRECTION ( 'NONE',  ( -0.0000000000000000000, 1.000000000000000000, -0.0000000000000000000 ) ) ;
#433 = ORIENTED_EDGE ( 'NONE', *, *, #2955, .T. ) ;
#434 = COLOUR_RGB ( '',1.000000000000000000, 1.000000000000000000, 1.000000000000000000 ) ;
#435 = ORIENTED_EDGE ( 'NONE', *, *, #1977, .T. ) ;
#436 = CARTESIAN_POINT ( 'NONE',  ( -0.2659110967678855500, 0.01999999999999993400, -0.1228747148169490000 ) ) ;
#437 = ORIENTED_EDGE ( 'NONE', *, *, #505, .T. ) ;
#438 = UNCERTAINTY_MEASURE_WITH_UNIT (LENGTH_MEASURE( 1.000000000000000100E-005 ), #2279, 'distance_accuracy_value', 'NONE');
#439 = EDGE_CURVE ( 'NONE', #2439, #2958, #1617, .T. ) ;
#440 = DIRECTION ( 'NONE',  ( 0.0000000000000000000, 0.8084571144586518700, 0.5885550900987860400 ) ) ;
#441 = VERTEX_POINT ( 'NONE', #326 ) ;
#442 = CARTESIAN_POINT ( 'NONE',  ( 0.2785652629737283000, 0.0000000000000000000, 0.1374346730280381300 ) ) ;
#443 = ORIENTED_EDGE ( 'NONE', *, *, #656, .F. ) ;
#444 = ORIENTED_EDGE ( 'NONE', *, *, #703, .F. ) ;
#445 = ORIENTED_EDGE ( 'NONE', *, *, #2594, .T. ) ;
#446 = ORIENTED_EDGE ( 'NONE', *, *, #1376, .F. ) ;
#447 = CARTESIAN_POINT ( 'NONE',  ( 0.0000000000000000000, 0.01999999999999993400, -0.2000000000000000100 ) ) ;
#448 = ORIENTED_EDGE ( 'NONE', *, *, #1341, .T. ) ;
#449 = ORIENTED_EDGE ( 'NONE', *, *, #3171, .T. ) ;
#450 = CARTESIAN_POINT ( 'NONE',  ( -0.04999999999999998200, 0.01999999999999993400, 0.1499999999999999900 ) ) ;
#451 = AXIS2_PLACEMENT_3D ( 'NONE', #740, #190, #997 ) ;
#452 = LINE ( 'NONE', #265, #2600 ) ;
#453 = CARTESIAN_POINT ( 'NONE',  ( 0.3500000000000001400, 0.0000000000000000000, -0.1999999999999999800 ) ) ;
#454 = VERTEX_POINT ( 'NONE', #572 ) ;
#455 = CARTESIAN_POINT ( 'NONE',  ( 0.0000000000000000000, 0.1799999999999999900, 0.0000000000000000000 ) ) ;
#456 = VECTOR ( 'NONE', #1063, 39.37007874015748100 ) ;
#457 = LINE ( 'NONE', #949, #1473 ) ;
#458 = ORIENTED_EDGE ( 'NONE', *, *, #940, .F. ) ;
#459 = PRESENTATION_LAYER_ASSIGNMENT (  '', '', ( #3166 ) ) ;
#460 = LINE ( 'NONE', #2522, #709 ) ;
#461 = FACE_OUTER_BOUND ( 'NONE', #1374, .T. ) ;
#462 = DIRECTION ( 'NONE',  ( -1.000000000000000000, -0.0000000000000000000, -0.0000000000000000000 ) ) ;
#463 = EDGE_CURVE ( 'NONE', #1121, #1961, #742, .T. ) ;
#464 = STYLED_ITEM ( 'NONE', ( #2458 ), #2708 ) ;
#465 = LINE ( 'NONE', #1561, #2224 ) ;
#466 = CARTESIAN_POINT ( 'NONE',  ( -0.2785652629737283000, 8.537024980200822600E-018, -0.2000000000000000100 ) ) ;
#467 = DIRECTION ( 'NONE',  ( 0.0000000000000000000, 0.0000000000000000000, 1.000000000000000000 ) ) ;
#468 = VECTOR ( 'NONE', #2898, 39.37007874015748100 ) ;
#469 = ORIENTED_EDGE ( 'NONE', *, *, #2144, .F. ) ;
#470 = CARTESIAN_POINT ( 'NONE',  ( 0.1290000000000000000, 0.1899999999999999700, 0.07300000000000000900 ) ) ;
#471 = VECTOR ( 'NONE', #2888, 39.37007874015748100 ) ;
#472 = DIRECTION ( 'NONE',  ( -0.0000000000000000000, -0.0000000000000000000, 1.000000000000000000 ) ) ;
#473 = VECTOR ( 'NONE', #3216, 39.37007874015748100 ) ;
#474 = DIRECTION ( 'NONE',  ( 0.0000000000000000000, 1.000000000000000000, 0.0000000000000000000 ) ) ;
#475 = ORIENTED_EDGE ( 'NONE', *, *, #2719, .F. ) ;
#476 = MECHANICAL_DESIGN_GEOMETRIC_PRESENTATION_REPRESENTATION (  '', ( #235 ), #3012 ) ;
#477 = DIRECTION ( 'NONE',  ( 0.0000000000000000000, 1.000000000000000000, 0.0000000000000000000 ) ) ;
#478 = EDGE_CURVE ( 'NONE', #2003, #3215, #2216, .T. ) ;
#479 = ORIENTED_EDGE ( 'NONE', *, *, #2142, .T. ) ;
#480 = DIRECTION ( 'NONE',  ( -0.0000000000000000000, 1.000000000000000000, -0.0000000000000000000 ) ) ;
#481 = AXIS2_PLACEMENT_3D ( 'NONE', #1913, #630, #3162 ) ;
#482 = DIRECTION ( 'NONE',  ( -0.0000000000000000000, -1.000000000000000000, -0.0000000000000000000 ) ) ;
#483 = EDGE_LOOP ( 'NONE', ( #1539, #724, #734, #3123 ) ) ;
#484 = EDGE_CURVE ( 'NONE', #32, #247, #251, .T. ) ;
#485 = CARTESIAN_POINT ( 'NONE',  ( 0.3039999999999999900, 0.1799999999999999900, -0.07299999999999998200 ) ) ;
#486 = VERTEX_POINT ( 'NONE', #2597 ) ;
#487 = DIRECTION ( 'NONE',  ( -0.0000000000000000000, -1.000000000000000000, -0.0000000000000000000 ) ) ;
#488 = DIRECTION ( 'NONE',  ( 0.0000000000000000000, -1.000000000000000000, 0.0000000000000000000 ) ) ;
#489 = ORIENTED_EDGE ( 'NONE', *, *, #2, .F. ) ;
#490 = ORIENTED_EDGE ( 'NONE', *, *, #677, .T. ) ;
#491 = SURFACE_STYLE_USAGE ( .BOTH. , #748 ) ;
#492 = VERTEX_POINT ( 'NONE', #2838 ) ;
#493 = DIRECTION ( 'NONE',  ( 2.057114453060438900E-016, -0.0000000000000000000, 1.000000000000000000 ) ) ;
#494 = VECTOR ( 'NONE', #533, 39.37007874015748100 ) ;
#495 = AXIS2_PLACEMENT_3D ( 'NONE', #2132, #868, #1158 ) ;
#496 = LINE ( 'NONE', #781, #2090 ) ;
#497 = DIRECTION ( 'NONE',  ( -1.000000000000000000, -0.0000000000000000000, -0.0000000000000000000 ) ) ;
#498 = LINE ( 'NONE', #3271, #2688 ) ;
#499 = SURFACE_STYLE_USAGE ( .BOTH. , #3029 ) ;
#500 = EDGE_CURVE ( 'NONE', #78, #1350, #2131, .T. ) ;
#501 = DIRECTION ( 'NONE',  ( 1.000000000000000000, -0.0000000000000000000, 0.0000000000000000000 ) ) ;
#502 = VECTOR ( 'NONE', #3225, 39.37007874015748100 ) ;
#503 = AXIS2_PLACEMENT_3D ( 'NONE', #2988, #477, #3254 ) ;
#504 = DIRECTION ( 'NONE',  ( 2.057114453060438900E-016, -0.0000000000000000000, 1.000000000000000000 ) ) ;
#505 = EDGE_CURVE ( 'NONE', #2721, #2315, #2989, .T. ) ;
#506 = CIRCLE ( 'NONE', #3246, 0.01000000000000001200 ) ;
#507 = CARTESIAN_POINT ( 'NONE',  ( -0.04999999999999998200, -0.1699999999999999800, 0.1499999999999999900 ) ) ;
#508 = DIRECTION ( 'NONE',  ( 0.0000000000000000000, -1.000000000000000000, 0.0000000000000000000 ) ) ;
#509 = VERTEX_POINT ( 'NONE', #2884 ) ;
#510 = CARTESIAN_POINT ( 'NONE',  ( -0.2659110967678854900, 0.01999999999999993400, -0.2000000000000000100 ) ) ;
#511 = VECTOR ( 'NONE', #1905, 39.37007874015748100 ) ;
#512 = ORIENTED_EDGE ( 'NONE', *, *, #1679, .F. ) ;
#513 = CARTESIAN_POINT ( 'NONE',  ( 0.0000000000000000000, 0.1899999999999999700, 0.0000000000000000000 ) ) ;
#514 = CARTESIAN_POINT ( 'NONE',  ( 0.3039999999999999900, 0.1899999999999999700, -0.07299999999999998200 ) ) ;
#515 = VERTEX_POINT ( 'NONE', #351 ) ;
#516 = VERTEX_POINT ( 'NONE', #627 ) ;
#517 = DIRECTION ( 'NONE',  ( 0.0000000000000000000, 0.0000000000000000000, 1.000000000000000000 ) ) ;
#518 = VECTOR ( 'NONE', #1555, 39.37007874015748100 ) ;
#519 = CARTESIAN_POINT ( 'NONE',  ( 0.3039999999999999900, 0.1799999999999999900, -0.07299999999999998200 ) ) ;
#520 = AXIS2_PLACEMENT_3D ( 'NONE', #2474, #1228, #708 ) ;
#521 = FILL_AREA_STYLE ('',( #1986 ) ) ;
#522 = ORIENTED_EDGE ( 'NONE', *, *, #1207, .T. ) ;
#523 = ORIENTED_EDGE ( 'NONE', *, *, #2975, .T. ) ;
#524 = DIRECTION ( 'NONE',  ( 0.0000000000000000000, -1.000000000000000000, 0.0000000000000000000 ) ) ;
#525 = EDGE_CURVE ( 'NONE', #112, #68, #2417, .T. ) ;
#526 = ADVANCED_FACE ( 'NONE', ( #2790 ), #293, .T. ) ;
#527 = DIRECTION ( 'NONE',  ( 0.0000000000000000000, 0.0000000000000000000, 1.000000000000000000 ) ) ;
#528 = ORIENTED_EDGE ( 'NONE', *, *, #2033, .F. ) ;
#529 = MECHANICAL_DESIGN_GEOMETRIC_PRESENTATION_REPRESENTATION (  '', ( #983 ), #2530 ) ;
#530 = ORIENTED_EDGE ( 'NONE', *, *, #1725, .T. ) ;
#531 = LINE ( 'NONE', #1915, #3143 ) ;
#532 =( NAMED_UNIT ( * ) PLANE_ANGLE_UNIT ( ) SI_UNIT ( $, .RADIAN. ) );
#533 = DIRECTION ( 'NONE',  ( -0.0000000000000000000, -1.000000000000000000, -0.0000000000000000000 ) ) ;
#534 = VECTOR ( 'NONE', #2907, 39.37007874015748100 ) ;
#535 = LINE ( 'NONE', #1345, #456 ) ;
#536 = LINE ( 'NONE', #1991, #663 ) ;
#537 = CARTESIAN_POINT ( 'NONE',  ( -0.2209999999999999200, 0.1799999999999999900, -0.07299999999999998200 ) ) ;
#538 = DIRECTION ( 'NONE',  ( 1.000000000000000000, -0.0000000000000000000, -2.057114453060438900E-016 ) ) ;
#539 = FACE_OUTER_BOUND ( 'NONE', #2934, .T. ) ;
#540 = DIRECTION ( 'NONE',  ( -0.0000000000000000000, 1.000000000000000000, -0.0000000000000000000 ) ) ;
#541 = LINE ( 'NONE', #597, #299 ) ;
#542 = DIRECTION ( 'NONE',  ( 0.0000000000000000000, -0.0000000000000000000, -1.000000000000000000 ) ) ;
#543 = DIRECTION ( 'NONE',  ( 0.0000000000000000000, 0.0000000000000000000, -1.000000000000000000 ) ) ;
#544 = CYLINDRICAL_SURFACE ( 'NONE', #888, 0.01000000000000001200 ) ;
#545 = EDGE_CURVE ( 'NONE', #3272, #1641, #779, .T. ) ;
#546 = MECHANICAL_DESIGN_GEOMETRIC_PRESENTATION_REPRESENTATION (  '', ( #374 ), #3207 ) ;
#547 = LINE ( 'NONE', #144, #2837 ) ;
#548 = CARTESIAN_POINT ( 'NONE',  ( -0.2500000000000000000, -0.1699999999999999800, 0.1600000000000000000 ) ) ;
#549 = CARTESIAN_POINT ( 'NONE',  ( 0.3500000000000001400, 0.0000000000000000000, 0.2000000000000000400 ) ) ;
#550 = VECTOR ( 'NONE', #2792, 39.37007874015748100 ) ;
#551 = ORIENTED_EDGE ( 'NONE', *, *, #203, .T. ) ;
#552 = CARTESIAN_POINT ( 'NONE',  ( -0.2487729382769421600, 0.0000000000000000000, 0.2487729382769421600 ) ) ;
#553 = COLOUR_RGB ( '',1.000000000000000000, 1.000000000000000000, 1.000000000000000000 ) ;
#554 = CARTESIAN_POINT ( 'NONE',  ( -0.1499999999999999900, -0.1699999999999999800, 0.1499999999999999900 ) ) ;
#555 = ADVANCED_FACE ( 'NONE', ( #1655 ), #1886, .F. ) ;
#556 = EDGE_LOOP ( 'NONE', ( #650, #962 ) ) ;
#557 = DIRECTION ( 'NONE',  ( 0.0000000000000000000, 0.0000000000000000000, -1.000000000000000000 ) ) ;
#558 = ORIENTED_EDGE ( 'NONE', *, *, #1785, .T. ) ;
#559 = MECHANICAL_DESIGN_GEOMETRIC_PRESENTATION_REPRESENTATION (  '', ( #256 ), #739 ) ;
#560 = CARTESIAN_POINT ( 'NONE',  ( 0.05000000000000001000, 0.01999999999999993400, 0.1600000000000000000 ) ) ;
#561 = VERTEX_POINT ( 'NONE', #1900 ) ;
#562 = DIRECTION ( 'NONE',  ( -0.0000000000000000000, 1.000000000000000000, -0.0000000000000000000 ) ) ;
#563 = AXIS2_PLACEMENT_3D ( 'NONE', #912, #891, #1183 ) ;
#564 = EDGE_LOOP ( 'NONE', ( #120, #2754, #2205, #2159, #1798, #698 ) ) ;
#565 = EDGE_CURVE ( 'NONE', #2231, #2823, #2646, .T. ) ;
#566 = ORIENTED_EDGE ( 'NONE', *, *, #325, .T. ) ;
#567 = ORIENTED_EDGE ( 'NONE', *, *, #223, .T. ) ;
#568 = PRESENTATION_STYLE_ASSIGNMENT (( #2774 ) ) ;
#569 = LENGTH_MEASURE_WITH_UNIT ( LENGTH_MEASURE( 0.02539999999999999900 ), #352 );
#570 = ORIENTED_EDGE ( 'NONE', *, *, #3105, .F. ) ;
#571 = CIRCLE ( 'NONE', #2500, 0.01000000000000001200 ) ;
#572 = CARTESIAN_POINT ( 'NONE',  ( 0.1290000000000000000, 0.1899999999999999700, 0.07300000000000000900 ) ) ;
#573 = LINE ( 'NONE', #2776, #2866 ) ;
#574 = ORIENTED_EDGE ( 'NONE', *, *, #2316, .T. ) ;
#575 = VECTOR ( 'NONE', #543, 39.37007874015748100 ) ;
#576 = FACE_BOUND ( 'NONE', #2353, .T. ) ;
#577 = CARTESIAN_POINT ( 'NONE',  ( 0.3500000000000001400, 0.2000000000000000100, -0.1799999999999999400 ) ) ;
#578 = DIRECTION ( 'NONE',  ( 0.0000000000000000000, 0.0000000000000000000, 1.000000000000000000 ) ) ;
#579 = UNCERTAINTY_MEASURE_WITH_UNIT (LENGTH_MEASURE( 1.000000000000000100E-005 ), #2629, 'distance_accuracy_value', 'NONE');
#580 = FACE_OUTER_BOUND ( 'NONE', #1963, .T. ) ;
#581 = CARTESIAN_POINT ( 'NONE',  ( 0.3500000000000001400, 0.01999999999999993400, 0.1228747148169490000 ) ) ;
#582 = DIRECTION ( 'NONE',  ( 0.0000000000000000000, 0.0000000000000000000, 1.000000000000000000 ) ) ;
#583 = EDGE_CURVE ( 'NONE', #1482, #2410, #981, .T. ) ;
#584 = LINE ( 'NONE', #548, #550 ) ;
#585 = AXIS2_PLACEMENT_3D ( 'NONE', #72, #1356, #1106 ) ;
#586 = ADVANCED_FACE ( 'NONE', ( #2247 ), #1922, .F. ) ;
#587 = CIRCLE ( 'NONE', #700, 0.01000000000000001200 ) ;
#588 = DIRECTION ( 'NONE',  ( 0.0000000000000000000, -0.0000000000000000000, -1.000000000000000000 ) ) ;
#589 = ORIENTED_EDGE ( 'NONE', *, *, #1621, .T. ) ;
#590 = EDGE_CURVE ( 'NONE', #733, #2449, #1613, .T. ) ;
#591 = EDGE_LOOP ( 'NONE', ( #3238, #1346, #109, #2517 ) ) ;
#592 = VECTOR ( 'NONE', #2276, 39.37007874015748100 ) ;
#593 = CARTESIAN_POINT ( 'NONE',  ( 0.05000000000000001000, -0.1699999999999999800, -0.1499999999999999900 ) ) ;
#594 = VERTEX_POINT ( 'NONE', #2675 ) ;
#595 = ORIENTED_EDGE ( 'NONE', *, *, #159, .T. ) ;
#596 = DIRECTION ( 'NONE',  ( -0.0000000000000000000, -0.0000000000000000000, 1.000000000000000000 ) ) ;
#597 = CARTESIAN_POINT ( 'NONE',  ( 0.3500000000000001400, 0.0000000000000000000, -0.1374346730280381300 ) ) ;
#598 = CARTESIAN_POINT ( 'NONE',  ( 0.3039999999999999900, 0.1899999999999999700, 0.07300000000000000900 ) ) ;
#599 = PLANE ( 'NONE',  #1594 ) ;
#600 = ORIENTED_EDGE ( 'NONE', *, *, #1024, .F. ) ;
#601 = DIRECTION ( 'NONE',  ( 0.0000000000000000000, -1.000000000000000000, 0.0000000000000000000 ) ) ;
#602 = AXIS2_PLACEMENT_3D ( 'NONE', #1200, #164, #419 ) ;
#603 = ORIENTED_EDGE ( 'NONE', *, *, #3111, .F. ) ;
#604 = ORIENTED_EDGE ( 'NONE', *, *, #1595, .F. ) ;
#605 = ADVANCED_FACE ( 'NONE', ( #858 ), #3153, .F. ) ;
#606 = EDGE_CURVE ( 'NONE', #1872, #441, #774, .T. ) ;
#607 = DIRECTION ( 'NONE',  ( -0.0000000000000000000, -0.0000000000000000000, 1.000000000000000000 ) ) ;
#608 = ORIENTED_EDGE ( 'NONE', *, *, #1300, .T. ) ;
#609 = VERTEX_POINT ( 'NONE', #390 ) ;
#610 = AXIS2_PLACEMENT_3D ( 'NONE', #2422, #2667, #661 ) ;
#611 = VECTOR ( 'NONE', #3082, 39.37007874015748100 ) ;
#612 = DIRECTION ( 'NONE',  ( 0.0000000000000000000, 1.000000000000000000, 0.0000000000000000000 ) ) ;
#613 = CARTESIAN_POINT ( 'NONE',  ( 0.2500000000000000600, 0.01999999999999993400, -0.1499999999999999900 ) ) ;
#614 = ORIENTED_EDGE ( 'NONE', *, *, #2811, .F. ) ;
#615 = EDGE_CURVE ( 'NONE', #2349, #1824, #2284, .T. ) ;
#616 = ORIENTED_EDGE ( 'NONE', *, *, #1479, .F. ) ;
#617 = CARTESIAN_POINT ( 'NONE',  ( 0.04599999999999999900, 0.1799999999999999900, 0.07300000000000003700 ) ) ;
#618 = PLANE ( 'NONE',  #2054 ) ;
#619 = VECTOR ( 'NONE', #2382, 39.37007874015748100 ) ;
#620 = DIRECTION ( 'NONE',  ( -0.0000000000000000000, -1.000000000000000000, -0.0000000000000000000 ) ) ;
#621 = CARTESIAN_POINT ( 'NONE',  ( -0.1499999999999999900, -0.1699999999999999800, 0.1399999999999999900 ) ) ;
#622 = LINE ( 'NONE', #1533, #424 ) ;
#623 = ADVANCED_FACE ( 'NONE', ( #175 ), #3148, .T. ) ;
#624 = DIRECTION ( 'NONE',  ( -0.7071067811865474600, -0.0000000000000000000, -0.7071067811865474600 ) ) ;
#625 = AXIS2_PLACEMENT_3D ( 'NONE', #1557, #2030, #1018 ) ;
#626 = MANIFOLD_SOLID_BREP ( 'Boss-Extrude4[2]', #773 ) ;
#627 = CARTESIAN_POINT ( 'NONE',  ( 0.2209999999999999700, 0.1799999999999999900, -0.07299999999999996800 ) ) ;
#628 = CLOSED_SHELL ( 'NONE', ( #1596, #1894, #134, #57 ) ) ;
#629 = DIRECTION ( 'NONE',  ( -1.000000000000000000, -0.0000000000000000000, -0.0000000000000000000 ) ) ;
#630 = DIRECTION ( 'NONE',  ( 0.0000000000000000000, -1.000000000000000000, 0.0000000000000000000 ) ) ;
#631 = EDGE_CURVE ( 'NONE', #230, #1768, #3068, .T. ) ;
#632 = VECTOR ( 'NONE', #629, 39.37007874015748100 ) ;
#633 = DIRECTION ( 'NONE',  ( 0.0000000000000000000, -1.000000000000000000, 0.0000000000000000000 ) ) ;
#634 = AXIS2_PLACEMENT_3D ( 'NONE', #401, #2096, #1749 ) ;
#635 = ORIENTED_EDGE ( 'NONE', *, *, #505, .F. ) ;
#636 = SURFACE_STYLE_FILL_AREA ( #1434 ) ;
#637 = CARTESIAN_POINT ( 'NONE',  ( -0.04599999999999996500, 0.1799999999999999900, -0.07299999999999998200 ) ) ;
#638 = DIRECTION ( 'NONE',  ( -0.0000000000000000000, 1.000000000000000000, -0.0000000000000000000 ) ) ;
#639 = EDGE_LOOP ( 'NONE', ( #2078, #2509, #3088, #2819 ) ) ;
#640 = VERTEX_POINT ( 'NONE', #436 ) ;
#641 = ADVANCED_FACE ( 'NONE', ( #1191 ), #934, .T. ) ;
#642 = ORIENTED_EDGE ( 'NONE', *, *, #2873, .F. ) ;
#643 =( LENGTH_UNIT ( ) NAMED_UNIT ( * ) SI_UNIT ( $, .METRE. ) );
#644 = DIRECTION ( 'NONE',  ( -0.0000000000000000000, 1.000000000000000000, -0.0000000000000000000 ) ) ;
#645 = CARTESIAN_POINT ( 'NONE',  ( 0.1500000000000000500, -0.1699999999999999800, 0.1399999999999999900 ) ) ;
#646 = ORIENTED_EDGE ( 'NONE', *, *, #2752, .F. ) ;
#647 = EDGE_LOOP ( 'NONE', ( #2720, #448, #2364, #2116 ) ) ;
#648 = PLANE ( 'NONE',  #2476 ) ;
#649 = DIRECTION ( 'NONE',  ( 1.000000000000000000, 0.0000000000000000000, -2.057114453060438200E-016 ) ) ;
#650 = ORIENTED_EDGE ( 'NONE', *, *, #1256, .F. ) ;
#651 = EDGE_LOOP ( 'NONE', ( #1351, #1806, #2623, #489, #1888, #2668, #1756, #737 ) ) ;
#652 = AXIS2_PLACEMENT_3D ( 'NONE', #2009, #487, #40 ) ;
#653 = ORIENTED_EDGE ( 'NONE', *, *, #1525, .T. ) ;
#654 = FILL_AREA_STYLE ('',( #1951 ) ) ;
#655 = EDGE_LOOP ( 'NONE', ( #2210, #696 ) ) ;
#656 = EDGE_CURVE ( 'NONE', #2369, #244, #1933, .T. ) ;
#657 = DIRECTION ( 'NONE',  ( 0.0000000000000000000, -1.000000000000000000, 0.0000000000000000000 ) ) ;
#658 = CARTESIAN_POINT ( 'NONE',  ( 0.1500000000000000500, 0.01999999999999993400, 0.1499999999999999900 ) ) ;
#659 = ORIENTED_EDGE ( 'NONE', *, *, #684, .T. ) ;
#660 = PRESENTATION_LAYER_ASSIGNMENT (  '', '', ( #464 ) ) ;
#661 = DIRECTION ( 'NONE',  ( 0.0000000000000000000, 0.0000000000000000000, 1.000000000000000000 ) ) ;
#662 = CYLINDRICAL_SURFACE ( 'NONE', #1930, 0.01000000000000001200 ) ;
#663 = VECTOR ( 'NONE', #1504, 39.37007874015748100 ) ;
#664 = DIRECTION ( 'NONE',  ( -0.5346750552740207100, -0.8450577407891859400, 0.0000000000000000000 ) ) ;
#665 = ADVANCED_FACE ( 'NONE', ( #1650 ), #662, .T. ) ;
#666 = CARTESIAN_POINT ( 'NONE',  ( 0.3500000000000001400, 0.1999999999999999800, -0.1799999999999999400 ) ) ;
#667 = CYLINDRICAL_SURFACE ( 'NONE', #2376, 0.01000000000000001200 ) ;
#668 = DIRECTION ( 'NONE',  ( -0.0000000000000000000, -1.000000000000000000, -0.0000000000000000000 ) ) ;
#669 = CARTESIAN_POINT ( 'NONE',  ( 0.3500000000000001400, 0.2000000000000000100, 0.2000000000000000400 ) ) ;
#670 = CYLINDRICAL_SURFACE ( 'NONE', #1563, 0.01000000000000001200 ) ;
#671 = CARTESIAN_POINT ( 'NONE',  ( 0.2209999999999999700, 0.1899999999999999700, -0.07299999999999996800 ) ) ;
#672 = LINE ( 'NONE', #1714, #2052 ) ;
#673 = CARTESIAN_POINT ( 'NONE',  ( -0.1499999999999999900, -0.1699999999999999800, -0.1499999999999999900 ) ) ;
#674 = CARTESIAN_POINT ( 'NONE',  ( -0.2500000000000000000, -0.1699999999999999800, 0.1499999999999999900 ) ) ;
#675 = EDGE_LOOP ( 'NONE', ( #2310, #2406, #3218, #396 ) ) ;
#676 = DIRECTION ( 'NONE',  ( 0.0000000000000000000, 1.000000000000000000, 0.0000000000000000000 ) ) ;
#677 = EDGE_CURVE ( 'NONE', #1484, #744, #976, .T. ) ;
#678 = LINE ( 'NONE', #1605, #1291 ) ;
#679 = AXIS2_PLACEMENT_3D ( 'NONE', #1653, #2457, #1686 ) ;
#680 = VECTOR ( 'NONE', #472, 39.37007874015748100 ) ;
#681 = FACE_OUTER_BOUND ( 'NONE', #1680, .T. ) ;
#682 = CARTESIAN_POINT ( 'NONE',  ( 0.1290000000000000000, 0.1799999999999999900, -0.07299999999999998200 ) ) ;
#683 = ORIENTED_EDGE ( 'NONE', *, *, #1467, .T. ) ;
#684 = EDGE_CURVE ( 'NONE', #1014, #486, #1279, .T. ) ;
#685 = CARTESIAN_POINT ( 'NONE',  ( 0.1500000000000000500, 0.01999999999999993400, 0.1399999999999999900 ) ) ;
#686 = CARTESIAN_POINT ( 'NONE',  ( 0.05000000000000001000, -0.1699999999999999800, -0.1499999999999999900 ) ) ;
#687 = ORIENTED_EDGE ( 'NONE', *, *, #2356, .F. ) ;
#688 = DIRECTION ( 'NONE',  ( 0.0000000000000000000, 0.0000000000000000000, -1.000000000000000000 ) ) ;
#689 = ORIENTED_EDGE ( 'NONE', *, *, #1642, .T. ) ;
#690 = ORIENTED_EDGE ( 'NONE', *, *, #1325, .F. ) ;
#691 = VERTEX_POINT ( 'NONE', #1980 ) ;
#692 = UNCERTAINTY_MEASURE_WITH_UNIT (LENGTH_MEASURE( 1.000000000000000100E-005 ), #1312, 'distance_accuracy_value', 'NONE');
#693 = ORIENTED_EDGE ( 'NONE', *, *, #3250, .T. ) ;
#694 = DIRECTION ( 'NONE',  ( 0.0000000000000000000, 0.0000000000000000000, 1.000000000000000000 ) ) ;
#695 = DIRECTION ( 'NONE',  ( 0.0000000000000000000, 0.0000000000000000000, -1.000000000000000000 ) ) ;
#696 = ORIENTED_EDGE ( 'NONE', *, *, #1996, .T. ) ;
#697 = PLANE ( 'NONE',  #1186 ) ;
#698 = ORIENTED_EDGE ( 'NONE', *, *, #463, .F. ) ;
#699 = VERTEX_POINT ( 'NONE', #946 ) ;
#700 = AXIS2_PLACEMENT_3D ( 'NONE', #1871, #3134, #2425 ) ;
#701 = LINE ( 'NONE', #2696, #82 ) ;
#702 = VECTOR ( 'NONE', #1028, 39.37007874015748100 ) ;
#703 = EDGE_CURVE ( 'NONE', #1568, #331, #414, .T. ) ;
#704 =( NAMED_UNIT ( * ) PLANE_ANGLE_UNIT ( ) SI_UNIT ( $, .RADIAN. ) );
#705 = VECTOR ( 'NONE', #1262, 39.37007874015748100 ) ;
#706 = PRODUCT_DEFINITION_FORMATION_WITH_SPECIFIED_SOURCE ( 'ANY', '', #2235, .NOT_KNOWN. ) ;
#707 = DIRECTION ( 'NONE',  ( -0.0000000000000000000, -1.000000000000000000, -0.0000000000000000000 ) ) ;
#708 = DIRECTION ( 'NONE',  ( 0.0000000000000000000, 0.0000000000000000000, 1.000000000000000000 ) ) ;
#709 = VECTOR ( 'NONE', #220, 39.37007874015748100 ) ;
#710 = CARTESIAN_POINT ( 'NONE',  ( 0.3039999999999999900, 0.1799999999999999900, 0.07300000000000000900 ) ) ;
#711 = VECTOR ( 'NONE', #2089, 39.37007874015748100 ) ;
#712 = CARTESIAN_POINT ( 'NONE',  ( -0.3499999999999997600, 0.2000000000000000100, 0.2000000000000001200 ) ) ;
#713 = LINE ( 'NONE', #1285, #3080 ) ;
#714 = ORIENTED_EDGE ( 'NONE', *, *, #312, .T. ) ;
#715 = FACE_OUTER_BOUND ( 'NONE', #209, .T. ) ;
#716 = CARTESIAN_POINT ( 'NONE',  ( -0.1499999999999999900, -0.1699999999999999800, 0.1499999999999999900 ) ) ;
#717 = CARTESIAN_POINT ( 'NONE',  ( 0.2209999999999999700, 0.1899999999999999700, 0.07300000000000003700 ) ) ;
#718 = LINE ( 'NONE', #137, #632 ) ;
#719 = STYLED_ITEM ( 'NONE', ( #2386 ), #1442 ) ;
#720 = CARTESIAN_POINT ( 'NONE',  ( 0.2500000000000000600, -0.1699999999999999800, -0.1399999999999999900 ) ) ;
#721 = VERTEX_POINT ( 'NONE', #2440 ) ;
#722 = EDGE_CURVE ( 'NONE', #2626, #101, #1390, .T. ) ;
#723 = LINE ( 'NONE', #1394, #2507 ) ;
#724 = ORIENTED_EDGE ( 'NONE', *, *, #1977, .F. ) ;
#725 = DIRECTION ( 'NONE',  ( -2.057114453060438900E-016, 0.0000000000000000000, -1.000000000000000000 ) ) ;
#726 = ORIENTED_EDGE ( 'NONE', *, *, #500, .T. ) ;
#727 = DIRECTION ( 'NONE',  ( -0.0000000000000000000, 1.000000000000000000, -0.0000000000000000000 ) ) ;
#728 = EDGE_CURVE ( 'NONE', #1490, #1076, #571, .T. ) ;
#729 = DIRECTION ( 'NONE',  ( 0.0000000000000000000, 0.0000000000000000000, 1.000000000000000000 ) ) ;
#730 = ORIENTED_EDGE ( 'NONE', *, *, #826, .T. ) ;
#731 = ORIENTED_EDGE ( 'NONE', *, *, #870, .T. ) ;
#732 = CARTESIAN_POINT ( 'NONE',  ( 0.2209999999999999700, 0.1899999999999999700, -0.07299999999999996800 ) ) ;
#733 = VERTEX_POINT ( 'NONE', #2957 ) ;
#734 = ORIENTED_EDGE ( 'NONE', *, *, #1867, .T. ) ;
#735 = CARTESIAN_POINT ( 'NONE',  ( 0.2843148106163107500, -0.009087201083114787200, -0.1440501364293339200 ) ) ;
#736 = VERTEX_POINT ( 'NONE', #1713 ) ;
#737 = ORIENTED_EDGE ( 'NONE', *, *, #2099, .F. ) ;
#738 = CARTESIAN_POINT ( 'NONE',  ( -0.04999999999999998200, 0.01999999999999993400, -0.1499999999999999900 ) ) ;
#739 =( GEOMETRIC_REPRESENTATION_CONTEXT ( 3 ) GLOBAL_UNCERTAINTY_ASSIGNED_CONTEXT ( ( #194 ) ) GLOBAL_UNIT_ASSIGNED_CONTEXT ( ( #1278, #2979, #3009 ) ) REPRESENTATION_CONTEXT ( 'NONE', 'WORKASPACE' ) );
#740 = CARTESIAN_POINT ( 'NONE',  ( 0.0000000000000000000, 0.01999999999999993400, -0.2000000000000000100 ) ) ;
#741 = CARTESIAN_POINT ( 'NONE',  ( -0.04599999999999996500, 0.1799999999999999900, -0.07299999999999998200 ) ) ;
#742 = LINE ( 'NONE', #552, #942 ) ;
#743 = CYLINDRICAL_SURFACE ( 'NONE', #2233, 0.01000000000000001200 ) ;
#744 = VERTEX_POINT ( 'NONE', #2187 ) ;
#745 = MECHANICAL_DESIGN_GEOMETRIC_PRESENTATION_REPRESENTATION (  '', ( #719 ), #1275 ) ;
#746 = CIRCLE ( 'NONE', #2155, 0.01000000000000001200 ) ;
#747 = CIRCLE ( 'NONE', #1960, 0.01000000000000001200 ) ;
#748 = SURFACE_SIDE_STYLE ('',( #3085 ) ) ;
#749 = EDGE_CURVE ( 'NONE', #1750, #2243, #2787, .T. ) ;
#750 = CARTESIAN_POINT ( 'NONE',  ( 0.0000000000000000000, 0.01999999999999993400, -0.2000000000000000100 ) ) ;
#751 = CARTESIAN_POINT ( 'NONE',  ( 0.2209999999999999700, 0.1799999999999999900, -0.07299999999999996800 ) ) ;
#752 = VECTOR ( 'NONE', #1840, 39.37007874015748100 ) ;
#753 = VECTOR ( 'NONE', #2001, 39.37007874015748100 ) ;
#754 = FILL_AREA_STYLE_COLOUR ( '', #2171 ) ;
#755 = VERTEX_POINT ( 'NONE', #2451 ) ;
#756 = ORIENTED_EDGE ( 'NONE', *, *, #2487, .F. ) ;
#757 = AXIS2_PLACEMENT_3D ( 'NONE', #2935, #391, #1443 ) ;
#758 = DIRECTION ( 'NONE',  ( 1.000000000000000000, 0.0000000000000000000, -2.057114453060438900E-016 ) ) ;
#759 = EDGE_CURVE ( 'NONE', #516, #1333, #1320, .T. ) ;
#760 = EDGE_LOOP ( 'NONE', ( #2103, #1454, #1523, #600 ) ) ;
#761 = AXIS2_PLACEMENT_3D ( 'NONE', #1088, #474, #2220 ) ;
#762 = CARTESIAN_POINT ( 'NONE',  ( 0.3500000000000001400, 0.1999999999999999800, 0.1799999999999999400 ) ) ;
#763 = ORIENTED_EDGE ( 'NONE', *, *, #2807, .F. ) ;
#764 = EDGE_CURVE ( 'NONE', #2958, #2439, #1545, .T. ) ;
#765 = CARTESIAN_POINT ( 'NONE',  ( -0.3039999999999999400, 0.1799999999999999900, -0.07299999999999996800 ) ) ;
#766 = CARTESIAN_POINT ( 'NONE',  ( 0.1500000000000000500, -0.1699999999999999800, -0.1499999999999999900 ) ) ;
#767 = EDGE_LOOP ( 'NONE', ( #1955, #2563, #1497, #2676 ) ) ;
#768 = CARTESIAN_POINT ( 'NONE',  ( -0.3039999999999999400, 0.1899999999999999700, 0.07300000000000003700 ) ) ;
#769 = CARTESIAN_POINT ( 'NONE',  ( 0.3500000000000001400, 0.01999999999999993400, 0.1228747148169490000 ) ) ;
#770 = CARTESIAN_POINT ( 'NONE',  ( 0.0000000000000000000, 0.1799999999999999900, 0.0000000000000000000 ) ) ;
#771 = ORIENTED_EDGE ( 'NONE', *, *, #2056, .F. ) ;
#772 = CIRCLE ( 'NONE', #2996, 0.01000000000000001200 ) ;
#773 = CLOSED_SHELL ( 'NONE', ( #863, #1610, #844, #1097, #2591, #555 ) ) ;
#774 = CIRCLE ( 'NONE', #2887, 0.01000000000000001200 ) ;
#775 = CIRCLE ( 'NONE', #585, 0.01000000000000001200 ) ;
#776 = ORIENTED_EDGE ( 'NONE', *, *, #1663, .T. ) ;
#777 = SURFACE_STYLE_USAGE ( .BOTH. , #255 ) ;
#778 = AXIS2_PLACEMENT_3D ( 'NONE', #2595, #47, #1102 ) ;
#779 = LINE ( 'NONE', #1405, #2327 ) ;
#780 = CARTESIAN_POINT ( 'NONE',  ( -0.04599999999999996500, 0.1899999999999999700, -0.07299999999999998200 ) ) ;
#781 = CARTESIAN_POINT ( 'NONE',  ( 0.3039999999999999900, 0.1799999999999999900, -0.07299999999999998200 ) ) ;
#782 = VECTOR ( 'NONE', #727, 39.37007874015748100 ) ;
#783 = DIRECTION ( 'NONE',  ( 0.0000000000000000000, -0.0000000000000000000, -1.000000000000000000 ) ) ;
#784 = EDGE_CURVE ( 'NONE', #2779, #733, #701, .T. ) ;
#785 = DIRECTION ( 'NONE',  ( -1.000000000000000000, 0.0000000000000000000, 2.057114453060438900E-016 ) ) ;
#786 = CARTESIAN_POINT ( 'NONE',  ( -0.04599999999999996500, 0.1899999999999999700, 0.07300000000000000900 ) ) ;
#787 = EDGE_CURVE ( 'NONE', #1593, #1380, #2641, .T. ) ;
#788 = LINE ( 'NONE', #751, #2462 ) ;
#789 = CARTESIAN_POINT ( 'NONE',  ( -0.2209999999999999200, 0.1799999999999999900, -0.07299999999999998200 ) ) ;
#790 = VECTOR ( 'NONE', #951, 39.37007874015748100 ) ;
#791 = DIRECTION ( 'NONE',  ( 0.0000000000000000000, 0.0000000000000000000, 1.000000000000000000 ) ) ;
#792 = MANIFOLD_SOLID_BREP ( 'Boss-Extrude3[3]', #3245 ) ;
#793 = VECTOR ( 'NONE', #1529, 39.37007874015748100 ) ;
#794 = ADVANCED_FACE ( 'NONE', ( #1928 ), #407, .T. ) ;
#795 = ORIENTED_EDGE ( 'NONE', *, *, #1213, .T. ) ;
#796 = DIRECTION ( 'NONE',  ( 0.0000000000000000000, 0.0000000000000000000, -1.000000000000000000 ) ) ;
#797 = FACE_OUTER_BOUND ( 'NONE', #2552, .T. ) ;
#798 = AXIS2_PLACEMENT_3D ( 'NONE', #257, #2784, #1814 ) ;
#799 = CARTESIAN_POINT ( 'NONE',  ( 0.2659110967678855500, 0.01999999999999991400, 0.1228747148169490200 ) ) ;
#800 = EDGE_LOOP ( 'NONE', ( #854, #3214, #1500, #616 ) ) ;
#801 = DIRECTION ( 'NONE',  ( 0.0000000000000000000, 0.0000000000000000000, 1.000000000000000000 ) ) ;
#802 = ORIENTED_EDGE ( 'NONE', *, *, #183, .F. ) ;
#803 = CARTESIAN_POINT ( 'NONE',  ( 0.3039999999999999900, 0.1899999999999999700, -0.07299999999999998200 ) ) ;
#804 = STYLED_ITEM ( 'NONE', ( #3159 ), #1771 ) ;
#805 = DIRECTION ( 'NONE',  ( 0.0000000000000000000, 0.0000000000000000000, 1.000000000000000000 ) ) ;
#806 = EDGE_CURVE ( 'NONE', #486, #691, #3, .T. ) ;
#807 = ORIENTED_EDGE ( 'NONE', *, *, #3043, .F. ) ;
#808 = AXIS2_PLACEMENT_3D ( 'NONE', #275, #2060, #1513 ) ;
#809 = PLANE ( 'NONE',  #1105 ) ;
#810 = ORIENTED_EDGE ( 'NONE', *, *, #2011, .T. ) ;
#811 = CARTESIAN_POINT ( 'NONE',  ( 0.3039999999999999900, 0.1799999999999999900, -0.07299999999999998200 ) ) ;
#812 = FACE_OUTER_BOUND ( 'NONE', #848, .T. ) ;
#813 = DIRECTION ( 'NONE',  ( 0.0000000000000000000, 0.0000000000000000000, 1.000000000000000000 ) ) ;
#814 = ORIENTED_EDGE ( 'NONE', *, *, #484, .T. ) ;
#815 = FACE_OUTER_BOUND ( 'NONE', #2711, .T. ) ;
#816 = VERTEX_POINT ( 'NONE', #470 ) ;
#817 = LINE ( 'NONE', #2859, #2285 ) ;
#818 =( NAMED_UNIT ( * ) PLANE_ANGLE_UNIT ( ) SI_UNIT ( $, .RADIAN. ) );
#819 = DIRECTION ( 'NONE',  ( 0.0000000000000000000, 0.0000000000000000000, 1.000000000000000000 ) ) ;
#820 = ORIENTED_EDGE ( 'NONE', *, *, #1543, .T. ) ;
#821 = CARTESIAN_POINT ( 'NONE',  ( 0.2209999999999999700, 0.1799999999999999900, 0.07300000000000003700 ) ) ;
#822 = LINE ( 'NONE', #3095, #1197 ) ;
#823 = STYLED_ITEM ( 'NONE', ( #2722 ), #935 ) ;
#824 = DIRECTION ( 'NONE',  ( -0.0000000000000000000, 1.000000000000000000, -0.0000000000000000000 ) ) ;
#825 = LINE ( 'NONE', #3242, #2258 ) ;
#826 = EDGE_CURVE ( 'NONE', #936, #225, #772, .T. ) ;
#827 = AXIS2_PLACEMENT_3D ( 'NONE', #219, #2236, #2260 ) ;
#828 = LINE ( 'NONE', #1944, #20 ) ;
#829 = ADVANCED_FACE ( 'NONE', ( #214 ), #1521, .T. ) ;
#830 = DIRECTION ( 'NONE',  ( 1.000000000000000000, 0.0000000000000000000, -2.057114453060438900E-016 ) ) ;
#831 = EDGE_CURVE ( 'NONE', #2783, #1768, #1579, .T. ) ;
#832 = LINE ( 'NONE', #3047, #23 ) ;
#833 = MANIFOLD_SOLID_BREP ( 'Boss-Extrude3[10]', #2318 ) ;
#834 = CYLINDRICAL_SURFACE ( 'NONE', #1339, 0.01000000000000001200 ) ;
#835 = CIRCLE ( 'NONE', #2506, 0.01000000000000001200 ) ;
#836 = DIRECTION ( 'NONE',  ( 1.000000000000000000, 0.0000000000000000000, 0.0000000000000000000 ) ) ;
#837 = FACE_OUTER_BOUND ( 'NONE', #556, .T. ) ;
#838 = ORIENTED_EDGE ( 'NONE', *, *, #2337, .F. ) ;
#839 = DIRECTION ( 'NONE',  ( -0.0000000000000000000, 1.000000000000000000, -0.0000000000000000000 ) ) ;
#840 = DIRECTION ( 'NONE',  ( 0.0000000000000000000, 0.0000000000000000000, 1.000000000000000000 ) ) ;
#841 = PLANE ( 'NONE',  #778 ) ;
#842 = ORIENTED_EDGE ( 'NONE', *, *, #3001, .T. ) ;
#843 = AXIS2_PLACEMENT_3D ( 'NONE', #593, #2086, #2827 ) ;
#844 = ADVANCED_FACE ( 'NONE', ( #2366 ), #2255, .F. ) ;
#845 = EDGE_CURVE ( 'NONE', #412, #2903, #2637, .T. ) ;
#846 = ORIENTED_EDGE ( 'NONE', *, *, #1024, .T. ) ;
#847 = CARTESIAN_POINT ( 'NONE',  ( 0.1290000000000000000, 0.1799999999999999900, 0.07300000000000000900 ) ) ;
#848 = EDGE_LOOP ( 'NONE', ( #3198, #2567, #2713, #3057 ) ) ;
#849 = AXIS2_PLACEMENT_3D ( 'NONE', #513, #238, #2281 ) ;
#850 = ORIENTED_EDGE ( 'NONE', *, *, #3244, .T. ) ;
#851 = EDGE_CURVE ( 'NONE', #1333, #3052, #1016, .T. ) ;
#852 = CARTESIAN_POINT ( 'NONE',  ( 0.2785652629737283000, 0.0000000000000000000, -0.1999999999999999800 ) ) ;
#853 = CARTESIAN_POINT ( 'NONE',  ( 0.04599999999999999900, 0.1799999999999999900, -0.07299999999999996800 ) ) ;
#854 = ORIENTED_EDGE ( 'NONE', *, *, #1982, .F. ) ;
#855 = EDGE_LOOP ( 'NONE', ( #3008, #2636, #2419, #236 ) ) ;
#856 = CYLINDRICAL_SURFACE ( 'NONE', #1314, 0.01000000000000001200 ) ;
#857 = ORIENTED_EDGE ( 'NONE', *, *, #1525, .F. ) ;
#858 = FACE_OUTER_BOUND ( 'NONE', #1281, .T. ) ;
#859 = FILL_AREA_STYLE_COLOUR ( '', #938 ) ;
#860 = LINE ( 'NONE', #3133, #534 ) ;
#861 = ORIENTED_EDGE ( 'NONE', *, *, #1256, .T. ) ;
#862 = CARTESIAN_POINT ( 'NONE',  ( -0.3499999999999997600, 0.01999999999999993400, -0.1228747148169490000 ) ) ;
#863 = ADVANCED_FACE ( 'NONE', ( #1188 ), #1735, .F. ) ;
#864 = CARTESIAN_POINT ( 'NONE',  ( -0.3499999999999997600, 0.1899999999999999700, -0.1699164635289651100 ) ) ;
#865 = LINE ( 'NONE', #1086, #1554 ) ;
#866 = DIRECTION ( 'NONE',  ( -1.000000000000000000, -0.0000000000000000000, -0.0000000000000000000 ) ) ;
#867 = STYLED_ITEM ( 'NONE', ( #2057 ), #1976 ) ;
#868 = DIRECTION ( 'NONE',  ( -0.0000000000000000000, -1.000000000000000000, -0.0000000000000000000 ) ) ;
#869 =( LENGTH_UNIT ( ) NAMED_UNIT ( * ) SI_UNIT ( $, .METRE. ) );
#870 = EDGE_CURVE ( 'NONE', #280, #2617, #1313, .T. ) ;
#871 = CIRCLE ( 'NONE', #1722, 0.01000000000000001200 ) ;
#872 = CARTESIAN_POINT ( 'NONE',  ( 0.1500000000000000500, 0.01999999999999993400, 0.1600000000000000000 ) ) ;
#873 = DIRECTION ( 'NONE',  ( -0.0000000000000000000, -1.000000000000000000, -0.0000000000000000000 ) ) ;
#874 = LINE ( 'NONE', #1161, #1862 ) ;
#875 = ORIENTED_EDGE ( 'NONE', *, *, #2878, .T. ) ;
#876 = ADVANCED_FACE ( 'NONE', ( #815 ), #994, .T. ) ;
#877 = LINE ( 'NONE', #1966, #473 ) ;
#878 = PLANE ( 'NONE',  #1682 ) ;
#879 = CARTESIAN_POINT ( 'NONE',  ( -0.2500000000000000000, -0.1699999999999999800, 0.1499999999999999900 ) ) ;
#880 = DIRECTION ( 'NONE',  ( 0.0000000000000000000, 0.0000000000000000000, -1.000000000000000000 ) ) ;
#881 = CARTESIAN_POINT ( 'NONE',  ( 0.1500000000000000500, -0.1699999999999999800, 0.1399999999999999900 ) ) ;
#882 = CARTESIAN_POINT ( 'NONE',  ( 0.3500000000000001400, 0.1999999999999999800, 0.1799999999999999400 ) ) ;
#883 = ORIENTED_EDGE ( 'NONE', *, *, #2230, .F. ) ;
#884 = AXIS2_PLACEMENT_3D ( 'NONE', #2511, #2980, #18 ) ;
#885 = EDGE_CURVE ( 'NONE', #594, #244, #2121, .T. ) ;
#886 = CARTESIAN_POINT ( 'NONE',  ( -0.3039999999999999400, 0.1799999999999999900, 0.07300000000000003700 ) ) ;
#887 = CLOSED_SHELL ( 'NONE', ( #2070, #318, #605, #2639 ) ) ;
#888 = AXIS2_PLACEMENT_3D ( 'NONE', #879, #1147, #108 ) ;
#889 = LINE ( 'NONE', #1253, #2560 ) ;
#890 = CARTESIAN_POINT ( 'NONE',  ( 0.04599999999999999900, 0.1899999999999999700, 0.07300000000000003700 ) ) ;
#891 = DIRECTION ( 'NONE',  ( 0.0000000000000000000, 1.000000000000000000, 0.0000000000000000000 ) ) ;
#892 = EDGE_LOOP ( 'NONE', ( #3048, #1648, #3058, #2660, #570, #756, #776, #1687, #2164, #1461, #1422, #1375 ) ) ;
#893 = EDGE_CURVE ( 'NONE', #1134, #1168, #2862, .T. ) ;
#894 = ADVANCED_FACE ( 'NONE', ( #329 ), #856, .T. ) ;
#895 = ORIENTED_EDGE ( 'NONE', *, *, #1399, .F. ) ;
#896 = LINE ( 'NONE', #1727, #10 ) ;
#897 = ORIENTED_EDGE ( 'NONE', *, *, #590, .T. ) ;
#898 = CARTESIAN_POINT ( 'NONE',  ( 0.2500000000000000600, -0.1699999999999999800, -0.1499999999999999900 ) ) ;
#899 = LINE ( 'NONE', #357, #3154 ) ;
#900 = ADVANCED_FACE ( 'NONE', ( #2206 ), #809, .F. ) ;
#901 = CARTESIAN_POINT ( 'NONE',  ( -0.1289999999999999800, 0.1899999999999999700, 0.07300000000000003700 ) ) ;
#902 = SURFACE_SIDE_STYLE ('',( #989 ) ) ;
#903 = DIRECTION ( 'NONE',  ( 2.057114453060438200E-016, -0.0000000000000000000, 1.000000000000000000 ) ) ;
#904 = STYLED_ITEM ( 'NONE', ( #249 ), #626 ) ;
#905 = CARTESIAN_POINT ( 'NONE',  ( 0.3500000000000001400, 0.01999999999999993400, 0.1228747148169490000 ) ) ;
#906 = SURFACE_SIDE_STYLE ('',( #153 ) ) ;
#907 = ADVANCED_FACE ( 'NONE', ( #1388 ), #276, .F. ) ;
#908 = LINE ( 'NONE', #735, #2180 ) ;
#909 = EDGE_CURVE ( 'NONE', #3199, #1350, #2681, .T. ) ;
#910 = COLOUR_RGB ( '',1.000000000000000000, 1.000000000000000000, 1.000000000000000000 ) ;
#911 = LINE ( 'NONE', #943, #1752 ) ;
#912 = CARTESIAN_POINT ( 'NONE',  ( 0.0000000000000000000, 0.0000000000000000000, 0.0000000000000000000 ) ) ;
#913 = CARTESIAN_POINT ( 'NONE',  ( -0.04599999999999996500, 0.1899999999999999700, 0.07300000000000000900 ) ) ;
#914 = LINE ( 'NONE', #1260, #592 ) ;
#915 = CYLINDRICAL_SURFACE ( 'NONE', #1635, 0.01000000000000001200 ) ;
#916 = CARTESIAN_POINT ( 'NONE',  ( 0.2209999999999999700, 0.1799999999999999900, -0.07299999999999996800 ) ) ;
#917 = VERTEX_POINT ( 'NONE', #2782 ) ;
#918 = ORIENTED_EDGE ( 'NONE', *, *, #1941, .T. ) ;
#919 = CARTESIAN_POINT ( 'NONE',  ( -0.2209999999999999200, 0.1899999999999999700, -0.07299999999999998200 ) ) ;
#920 = FILL_AREA_STYLE_COLOUR ( '', #1696 ) ;
#921 = VERTEX_POINT ( 'NONE', #1818 ) ;
#922 = VERTEX_POINT ( 'NONE', #266 ) ;
#923 = DIRECTION ( 'NONE',  ( 0.0000000000000000000, -1.000000000000000000, 0.0000000000000000000 ) ) ;
#924 = DIRECTION ( 'NONE',  ( -0.0000000000000000000, 1.000000000000000000, -0.0000000000000000000 ) ) ;
#925 = ORIENTED_EDGE ( 'NONE', *, *, #1399, .T. ) ;
#926 = CARTESIAN_POINT ( 'NONE',  ( 0.05000000000000001000, -0.1699999999999999800, 0.1499999999999999900 ) ) ;
#927 = CARTESIAN_POINT ( 'NONE',  ( 0.1500000000000000500, 0.01999999999999993400, -0.1399999999999999900 ) ) ;
#928 = DIRECTION ( 'NONE',  ( 0.0000000000000000000, 0.0000000000000000000, -1.000000000000000000 ) ) ;
#929 = ORIENTED_EDGE ( 'NONE', *, *, #1809, .T. ) ;
#930 = ORIENTED_EDGE ( 'NONE', *, *, #722, .T. ) ;
#931 = ORIENTED_EDGE ( 'NONE', *, *, #703, .T. ) ;
#932 = EDGE_CURVE ( 'NONE', #917, #1357, #1469, .T. ) ;
#933 = VECTOR ( 'NONE', #2510, 39.37007874015748100 ) ;
#934 = PLANE ( 'NONE',  #2332 ) ;
#935 = MANIFOLD_SOLID_BREP ( 'Cut-Extrude4', #3146 ) ;
#936 = VERTEX_POINT ( 'NONE', #1789 ) ;
#937 = DIRECTION ( 'NONE',  ( 0.0000000000000000000, 1.000000000000000000, 0.0000000000000000000 ) ) ;
#938 = COLOUR_RGB ( '',0.5019607843137254800, 0.4078431372549019600, 0.5019607843137254800 ) ;
#939 = FACE_OUTER_BOUND ( 'NONE', #760, .T. ) ;
#940 = EDGE_CURVE ( 'NONE', #454, #1384, #1638, .T. ) ;
#941 = VERTEX_POINT ( 'NONE', #549 ) ;
#942 = VECTOR ( 'NONE', #1602, 39.37007874015748900 ) ;
#943 = CARTESIAN_POINT ( 'NONE',  ( -0.2209999999999999200, 0.1899999999999999700, -0.07299999999999998200 ) ) ;
#944 = LINE ( 'NONE', #1044, #2650 ) ;
#945 = DIRECTION ( 'NONE',  ( -0.0000000000000000000, 1.000000000000000000, -0.0000000000000000000 ) ) ;
#946 = CARTESIAN_POINT ( 'NONE',  ( -0.1289999999999999800, 0.1899999999999999700, 0.07300000000000003700 ) ) ;
#947 = FACE_OUTER_BOUND ( 'NONE', #271, .T. ) ;
#948 = FILL_AREA_STYLE ('',( #2904 ) ) ;
#949 = CARTESIAN_POINT ( 'NONE',  ( -0.2209999999999999200, 0.1799999999999999900, -0.07299999999999998200 ) ) ;
#950 = AXIS2_PLACEMENT_3D ( 'NONE', #1633, #347, #1115 ) ;
#951 = DIRECTION ( 'NONE',  ( -0.0000000000000000000, -1.000000000000000000, -0.0000000000000000000 ) ) ;
#952 = COLOUR_RGB ( '',1.000000000000000000, 1.000000000000000000, 1.000000000000000000 ) ;
#953 = EDGE_CURVE ( 'NONE', #1408, #3019, #103, .T. ) ;
#954 = VERTEX_POINT ( 'NONE', #1343 ) ;
#955 = CARTESIAN_POINT ( 'NONE',  ( 0.1290000000000000000, 0.1899999999999999700, -0.07299999999999998200 ) ) ;
#956 = AXIS2_PLACEMENT_3D ( 'NONE', #712, #501, #2348 ) ;
#957 = DIRECTION ( 'NONE',  ( -0.0000000000000000000, -1.000000000000000000, -0.0000000000000000000 ) ) ;
#958 = FACE_OUTER_BOUND ( 'NONE', #1273, .T. ) ;
#959 = VERTEX_POINT ( 'NONE', #2317 ) ;
#960 = EDGE_CURVE ( 'NONE', #1690, #247, #1754, .T. ) ;
#961 = DIRECTION ( 'NONE',  ( -0.0000000000000000000, 1.000000000000000000, -0.0000000000000000000 ) ) ;
#962 = ORIENTED_EDGE ( 'NONE', *, *, #631, .F. ) ;
#963 = DIRECTION ( 'NONE',  ( 0.0000000000000000000, -0.0000000000000000000, -1.000000000000000000 ) ) ;
#964 = ORIENTED_EDGE ( 'NONE', *, *, #1846, .F. ) ;
#965 = ORIENTED_EDGE ( 'NONE', *, *, #370, .F. ) ;
#966 = SURFACE_SIDE_STYLE ('',( #1099 ) ) ;
#967 = ORIENTED_EDGE ( 'NONE', *, *, #2930, .F. ) ;
#968 = VERTEX_POINT ( 'NONE', #2821 ) ;
#969 = DIRECTION ( 'NONE',  ( -1.000000000000000000, 0.0000000000000000000, 2.057114453060438900E-016 ) ) ;
#970 = DIRECTION ( 'NONE',  ( 0.0000000000000000000, -0.0000000000000000000, 1.000000000000000000 ) ) ;
#971 = DIRECTION ( 'NONE',  ( -0.0000000000000000000, 1.000000000000000000, 0.0000000000000000000 ) ) ;
#972 = ORIENTED_EDGE ( 'NONE', *, *, #787, .T. ) ;
#973 = VERTEX_POINT ( 'NONE', #3275 ) ;
#974 = ORIENTED_EDGE ( 'NONE', *, *, #416, .F. ) ;
#975 = ORIENTED_EDGE ( 'NONE', *, *, #1046, .T. ) ;
#976 = LINE ( 'NONE', #1441, #3255 ) ;
#977 = FACE_OUTER_BOUND ( 'NONE', #3006, .T. ) ;
#978 = DIRECTION ( 'NONE',  ( 0.0000000000000000000, -1.000000000000000000, 0.0000000000000000000 ) ) ;
#979 = EDGE_CURVE ( 'NONE', #968, #200, #313, .T. ) ;
#980 = CARTESIAN_POINT ( 'NONE',  ( -0.1289999999999999800, 0.1899999999999999700, 0.07300000000000003700 ) ) ;
#981 = LINE ( 'NONE', #371, #1547 ) ;
#982 = PRESENTATION_STYLE_ASSIGNMENT (( #1271 ) ) ;
#983 = STYLED_ITEM ( 'NONE', ( #2945 ), #2108 ) ;
#984 = VERTEX_POINT ( 'NONE', #1326 ) ;
#985 = CARTESIAN_POINT ( 'NONE',  ( -0.04999999999999998200, -0.1699999999999999800, 0.1399999999999999900 ) ) ;
#986 = LINE ( 'NONE', #2261, #1816 ) ;
#987 = DIRECTION ( 'NONE',  ( -0.0000000000000000000, -1.000000000000000000, -0.0000000000000000000 ) ) ;
#988 = CARTESIAN_POINT ( 'NONE',  ( -0.04999999999999998200, -0.1699999999999999800, -0.1499999999999999900 ) ) ;
#989 = SURFACE_STYLE_FILL_AREA ( #2124 ) ;
#990 = CARTESIAN_POINT ( 'NONE',  ( -0.3499999999999997600, 0.0000000000000000000, -0.1374346730280381300 ) ) ;
#991 = SURFACE_STYLE_FILL_AREA ( #1334 ) ;
#992 =( NAMED_UNIT ( * ) SI_UNIT ( $, .STERADIAN. ) SOLID_ANGLE_UNIT ( ) );
#993 = VECTOR ( 'NONE', #1702, 39.37007874015748100 ) ;
#994 = PLANE ( 'NONE',  #1907 ) ;
#995 = CARTESIAN_POINT ( 'NONE',  ( 0.1500000000000000500, -0.1699999999999999800, 0.1600000000000000000 ) ) ;
#996 = FACE_OUTER_BOUND ( 'NONE', #1967, .T. ) ;
#997 = DIRECTION ( 'NONE',  ( 0.0000000000000000000, -0.0000000000000000000, 1.000000000000000000 ) ) ;
#998 = EDGE_LOOP ( 'NONE', ( #3167, #2861, #689, #2346 ) ) ;
#999 = CIRCLE ( 'NONE', #222, 0.01000000000000001200 ) ;
#1000 = CARTESIAN_POINT ( 'NONE',  ( -0.1499999999999999900, -0.1699999999999999800, -0.1600000000000000000 ) ) ;
#1001 = CARTESIAN_POINT ( 'NONE',  ( 0.05000000000000001000, 0.01999999999999993400, 0.1499999999999999900 ) ) ;
#1002 = EDGE_CURVE ( 'NONE', #2306, #280, #1796, .T. ) ;
#1003 = FACE_OUTER_BOUND ( 'NONE', #1932, .T. ) ;
#1004 = AXIS2_PLACEMENT_3D ( 'NONE', #716, #430, #695 ) ;
#1005 =( LENGTH_UNIT ( ) NAMED_UNIT ( * ) SI_UNIT ( $, .METRE. ) );
#1006 = VERTEX_POINT ( 'NONE', #821 ) ;
#1007 = AXIS2_PLACEMENT_3D ( 'NONE', #1698, #168, #2204 ) ;
#1008 = PLANE ( 'NONE',  #3103 ) ;
#1009 = CARTESIAN_POINT ( 'NONE',  ( 0.05000000000000001000, -0.1699999999999999800, -0.1499999999999999900 ) ) ;
#1010 = ORIENTED_EDGE ( 'NONE', *, *, #2789, .T. ) ;
#1011 = ORIENTED_EDGE ( 'NONE', *, *, #565, .T. ) ;
#1012 = DIRECTION ( 'NONE',  ( 0.0000000000000000000, 0.0000000000000000000, 1.000000000000000000 ) ) ;
#1013 = EDGE_LOOP ( 'NONE', ( #1217, #2678, #2718, #3092 ) ) ;
#1014 = VERTEX_POINT ( 'NONE', #2038 ) ;
#1015 = DIRECTION ( 'NONE',  ( 0.0000000000000000000, -0.8084571144586518700, 0.5885550900987860400 ) ) ;
#1016 = LINE ( 'NONE', #1988, #1502 ) ;
#1017 = AXIS2_PLACEMENT_3D ( 'NONE', #1083, #1592, #51 ) ;
#1018 = DIRECTION ( 'NONE',  ( 0.0000000000000000000, 0.0000000000000000000, -1.000000000000000000 ) ) ;
#1019 = EDGE_LOOP ( 'NONE', ( #2748, #1774 ) ) ;
#1020 = EDGE_CURVE ( 'NONE', #917, #816, #1869, .T. ) ;
#1021 = PRESENTATION_STYLE_ASSIGNMENT (( #215 ) ) ;
#1022 = AXIS2_PLACEMENT_3D ( 'NONE', #1797, #524, #688 ) ;
#1023 = LENGTH_MEASURE_WITH_UNIT ( LENGTH_MEASURE( 0.02539999999999999900 ), #1171 );
#1024 = EDGE_CURVE ( 'NONE', #2616, #2868, #723, .T. ) ;
#1025 = SURFACE_SIDE_STYLE ('',( #42 ) ) ;
#1026 = VECTOR ( 'NONE', #2239, 39.37007874015748100 ) ;
#1027 = CARTESIAN_POINT ( 'NONE',  ( -0.3039999999999999400, 0.1799999999999999900, 0.07300000000000003700 ) ) ;
#1028 = DIRECTION ( 'NONE',  ( 0.0000000000000000000, 0.0000000000000000000, 1.000000000000000000 ) ) ;
#1029 = VECTOR ( 'NONE', #432, 39.37007874015748100 ) ;
#1030 = CARTESIAN_POINT ( 'NONE',  ( -0.2209999999999999200, 0.1799999999999999900, 0.07300000000000000900 ) ) ;
#1031 =( LENGTH_UNIT ( ) NAMED_UNIT ( * ) SI_UNIT ( $, .METRE. ) );
#1032 = CARTESIAN_POINT ( 'NONE',  ( 0.3500000000000001400, 0.2000000000000000100, 0.2000000000000000400 ) ) ;
#1033 = LINE ( 'NONE', #882, #1668 ) ;
#1034 = ADVANCED_FACE ( 'NONE', ( #2435 ), #3164, .T. ) ;
#1035 = DIRECTION ( 'NONE',  ( 2.057114453060438900E-016, -0.0000000000000000000, 1.000000000000000000 ) ) ;
#1036 = LINE ( 'NONE', #2865, #264 ) ;
#1037 = FACE_OUTER_BOUND ( 'NONE', #2311, .T. ) ;
#1038 = CARTESIAN_POINT ( 'NONE',  ( 0.05000000000000001000, 0.01999999999999993400, -0.1499999999999999900 ) ) ;
#1039 = CARTESIAN_POINT ( 'NONE',  ( 0.3500000000000001400, 0.2000000000000000100, 0.2000000000000000400 ) ) ;
#1040 = VECTOR ( 'NONE', #228, 39.37007874015748100 ) ;
#1041 = CARTESIAN_POINT ( 'NONE',  ( 0.0000000000000000000, 0.01999999999999993400, -0.2000000000000000100 ) ) ;
#1042 = PRESENTATION_LAYER_ASSIGNMENT (  '', '', ( #867 ) ) ;
#1043 = CARTESIAN_POINT ( 'NONE',  ( -0.04599999999999996500, 0.1899999999999999700, 0.07300000000000000900 ) ) ;
#1044 = CARTESIAN_POINT ( 'NONE',  ( -0.04999999999999998200, -0.1699999999999999800, -0.1600000000000000000 ) ) ;
#1045 = VECTOR ( 'NONE', #365, 39.37007874015748100 ) ;
#1046 = EDGE_CURVE ( 'NONE', #1384, #486, #1080, .T. ) ;
#1047 = ORIENTED_EDGE ( 'NONE', *, *, #2694, .F. ) ;
#1048 = PRODUCT_RELATED_PRODUCT_CATEGORY ( 'part', '', ( #2235 ) ) ;
#1049 = DIRECTION ( 'NONE',  ( 0.0000000000000000000, -1.000000000000000000, -0.0000000000000000000 ) ) ;
#1050 = ORIENTED_EDGE ( 'NONE', *, *, #3111, .T. ) ;
#1051 = EDGE_LOOP ( 'NONE', ( #233, #2580, #319, #1723 ) ) ;
#1052 = PLANE ( 'NONE',  #262 ) ;
#1053 = ADVANCED_FACE ( 'NONE', ( #2665 ), #841, .F. ) ;
#1054 = VERTEX_POINT ( 'NONE', #2855 ) ;
#1055 =( CONVERSION_BASED_UNIT ( 'INCH', #1066 ) LENGTH_UNIT ( ) NAMED_UNIT ( #1439 ) );
#1056 = EDGE_LOOP ( 'NONE', ( #1143, #24 ) ) ;
#1057 = ORIENTED_EDGE ( 'NONE', *, *, #3206, .F. ) ;
#1058 = LINE ( 'NONE', #1672, #367 ) ;
#1059 = DIRECTION ( 'NONE',  ( -0.0000000000000000000, -0.0000000000000000000, 1.000000000000000000 ) ) ;
#1060 = CARTESIAN_POINT ( 'NONE',  ( 0.1500000000000000500, 0.01999999999999993400, -0.1499999999999999900 ) ) ;
#1061 = VECTOR ( 'NONE', #2644, 39.37007874015748100 ) ;
#1062 =( GEOMETRIC_REPRESENTATION_CONTEXT ( 3 ) GLOBAL_UNCERTAINTY_ASSIGNED_CONTEXT ( ( #2889 ) ) GLOBAL_UNIT_ASSIGNED_CONTEXT ( ( #2931, #358, #1127 ) ) REPRESENTATION_CONTEXT ( 'NONE', 'WORKASPACE' ) );
#1063 = DIRECTION ( 'NONE',  ( 0.0000000000000000000, 0.0000000000000000000, 1.000000000000000000 ) ) ;
#1064 = EDGE_LOOP ( 'NONE', ( #2148, #3251, #2482, #2519, #2717 ) ) ;
#1065 = EDGE_CURVE ( 'NONE', #1643, #1772, #197, .T. ) ;
#1066 = LENGTH_MEASURE_WITH_UNIT ( LENGTH_MEASURE( 0.02539999999999999900 ), #1534 );
#1067 = CARTESIAN_POINT ( 'NONE',  ( 0.05000000000000001000, -0.1699999999999999800, 0.1499999999999999900 ) ) ;
#1068 = VECTOR ( 'NONE', #758, 39.37007874015748100 ) ;
#1069 = AXIS2_PLACEMENT_3D ( 'NONE', #2299, #1551, #3283 ) ;
#1070 = ADVANCED_FACE ( 'NONE', ( #389 ), #2389, .F. ) ;
#1071 = EDGE_CURVE ( 'NONE', #1517, #917, #2347, .T. ) ;
#1072 = FILL_AREA_STYLE_COLOUR ( '', #289 ) ;
#1073 = DIRECTION ( 'NONE',  ( 0.0000000000000000000, -0.0000000000000000000, -1.000000000000000000 ) ) ;
#1074 = CARTESIAN_POINT ( 'NONE',  ( 0.3039999999999999900, 0.1899999999999999700, 0.07300000000000000900 ) ) ;
#1075 = CARTESIAN_POINT ( 'NONE',  ( -0.04599999999999996500, 0.1899999999999999700, 0.07300000000000000900 ) ) ;
#1076 = VERTEX_POINT ( 'NONE', #1838 ) ;
#1077 = LINE ( 'NONE', #1404, #471 ) ;
#1078 = DIRECTION ( 'NONE',  ( -0.0000000000000000000, -1.000000000000000000, -0.0000000000000000000 ) ) ;
#1079 = SURFACE_SIDE_STYLE ('',( #2181 ) ) ;
#1080 = LINE ( 'NONE', #67, #1830 ) ;
#1081 = ADVANCED_FACE ( 'NONE', ( #2064 ), #1674, .T. ) ;
#1082 = ORIENTED_EDGE ( 'NONE', *, *, #2433, .T. ) ;
#1083 = CARTESIAN_POINT ( 'NONE',  ( -0.1499999999999999900, -0.1699999999999999800, -0.1499999999999999900 ) ) ;
#1084 = AXIS2_PLACEMENT_3D ( 'NONE', #3120, #1917, #2659 ) ;
#1085 = ORIENTED_EDGE ( 'NONE', *, *, #353, .F. ) ;
#1086 = CARTESIAN_POINT ( 'NONE',  ( 0.3039999999999999900, 0.1899999999999999700, -0.07299999999999998200 ) ) ;
#1087 = ORIENTED_EDGE ( 'NONE', *, *, #1867, .F. ) ;
#1088 = CARTESIAN_POINT ( 'NONE',  ( 0.0000000000000000000, 0.01999999999999993400, -0.2000000000000000100 ) ) ;
#1089 = EDGE_CURVE ( 'NONE', #941, #973, #2267, .T. ) ;
#1090 =( NAMED_UNIT ( * ) PLANE_ANGLE_UNIT ( ) SI_UNIT ( $, .RADIAN. ) );
#1091 = VERTEX_POINT ( 'NONE', #2612 ) ;
#1092 = ORIENTED_EDGE ( 'NONE', *, *, #2211, .F. ) ;
#1093 = VERTEX_POINT ( 'NONE', #2365 ) ;
#1094 = ORIENTED_EDGE ( 'NONE', *, *, #1277, .T. ) ;
#1095 = DIRECTION ( 'NONE',  ( 0.0000000000000000000, 0.0000000000000000000, -1.000000000000000000 ) ) ;
#1096 = ORIENTED_EDGE ( 'NONE', *, *, #1213, .F. ) ;
#1097 = ADVANCED_FACE ( 'NONE', ( #1003 ), #2900, .F. ) ;
#1098 = CARTESIAN_POINT ( 'NONE',  ( 0.2500000000000000600, 0.01999999999999993400, 0.1600000000000000000 ) ) ;
#1099 = SURFACE_STYLE_FILL_AREA ( #2498 ) ;
#1100 = PLANE ( 'NONE',  #2288 ) ;
#1101 = DIRECTION ( 'NONE',  ( 0.0000000000000000000, -1.000000000000000000, 0.0000000000000000000 ) ) ;
#1102 = DIRECTION ( 'NONE',  ( 0.0000000000000000000, -0.8084571144586518700, 0.5885550900987860400 ) ) ;
#1103 = VECTOR ( 'NONE', #199, 39.37007874015748100 ) ;
#1104 = FACE_OUTER_BOUND ( 'NONE', #2520, .T. ) ;
#1105 = AXIS2_PLACEMENT_3D ( 'NONE', #1299, #1544, #3035 ) ;
#1106 = DIRECTION ( 'NONE',  ( 0.0000000000000000000, 0.0000000000000000000, 1.000000000000000000 ) ) ;
#1107 = SURFACE_STYLE_FILL_AREA ( #521 ) ;
#1108 = EDGE_CURVE ( 'NONE', #1054, #1014, #914, .T. ) ;
#1109 = AXIS2_PLACEMENT_3D ( 'NONE', #1943, #408, #2145 ) ;
#1110 = CYLINDRICAL_SURFACE ( 'NONE', #26, 0.01000000000000001200 ) ;
#1111 = DIRECTION ( 'NONE',  ( -0.0000000000000000000, 0.0000000000000000000, 1.000000000000000000 ) ) ;
#1112 = CARTESIAN_POINT ( 'NONE',  ( 0.3500000000000001400, 0.01999999999999993400, -0.1228747148169490000 ) ) ;
#1113 = DIRECTION ( 'NONE',  ( 0.0000000000000000000, -1.000000000000000000, 0.0000000000000000000 ) ) ;
#1114 = EDGE_CURVE ( 'NONE', #2315, #816, #1340, .T. ) ;
#1115 = DIRECTION ( 'NONE',  ( 0.0000000000000000000, 0.0000000000000000000, 1.000000000000000000 ) ) ;
#1116 = CIRCLE ( 'NONE', #1885, 0.01000000000000001200 ) ;
#1117 = EDGE_LOOP ( 'NONE', ( #2178, #1920, #415, #512 ) ) ;
#1118 = ADVANCED_FACE ( 'NONE', ( #29 ), #1412, .F. ) ;
#1119 = DIRECTION ( 'NONE',  ( 0.0000000000000000000, -0.0000000000000000000, 1.000000000000000000 ) ) ;
#1120 =( NAMED_UNIT ( * ) PLANE_ANGLE_UNIT ( ) SI_UNIT ( $, .RADIAN. ) );
#1121 = VERTEX_POINT ( 'NONE', #2436 ) ;
#1122 = DIRECTION ( 'NONE',  ( 0.0000000000000000000, 0.5885550900987861500, -0.8084571144586519800 ) ) ;
#1123 = DIRECTION ( 'NONE',  ( 1.000000000000000000, 0.0000000000000000000, 0.0000000000000000000 ) ) ;
#1124 = ORIENTED_EDGE ( 'NONE', *, *, #615, .F. ) ;
#1125 = CARTESIAN_POINT ( 'NONE',  ( 0.1500000000000000500, -0.1699999999999999800, 0.1499999999999999900 ) ) ;
#1126 = FACE_OUTER_BOUND ( 'NONE', #1056, .T. ) ;
#1127 =( NAMED_UNIT ( * ) SI_UNIT ( $, .STERADIAN. ) SOLID_ANGLE_UNIT ( ) );
#1128 =( CONVERSION_BASED_UNIT ( 'INCH', #1337 ) LENGTH_UNIT ( ) NAMED_UNIT ( #1901 ) );
#1129 = DIMENSIONAL_EXPONENTS ( 1.000000000000000000, 0.0000000000000000000, 0.0000000000000000000, 0.0000000000000000000, 0.0000000000000000000, 0.0000000000000000000, 0.0000000000000000000 ) ;
#1130 = ORIENTED_EDGE ( 'NONE', *, *, #135, .F. ) ;
#1131 = EDGE_CURVE ( 'NONE', #561, #515, #1910, .T. ) ;
#1132 = ORIENTED_EDGE ( 'NONE', *, *, #2120, .F. ) ;
#1133 = AXIS2_PLACEMENT_3D ( 'NONE', #1721, #3045, #2290 ) ;
#1134 = VERTEX_POINT ( 'NONE', #637 ) ;
#1135 = DIRECTION ( 'NONE',  ( 0.0000000000000000000, 0.0000000000000000000, 1.000000000000000000 ) ) ;
#1136 = ORIENTED_EDGE ( 'NONE', *, *, #416, .T. ) ;
#1137 = EDGE_CURVE ( 'NONE', #173, #2978, #3127, .T. ) ;
#1138 = ADVANCED_FACE ( 'NONE', ( #2473 ), #2413, .F. ) ;
#1139 = FILL_AREA_STYLE_COLOUR ( '', #553 ) ;
#1140 = DIRECTION ( 'NONE',  ( -0.0000000000000000000, 0.0000000000000000000, 1.000000000000000000 ) ) ;
#1141 = LENGTH_MEASURE_WITH_UNIT ( LENGTH_MEASURE( 0.02539999999999999900 ), #2551 );
#1142 = EDGE_LOOP ( 'NONE', ( #237, #3126, #2469, #170, #2966, #2747, #1625, #1136, #2579, #1455, #1527, #2158 ) ) ;
#1143 = ORIENTED_EDGE ( 'NONE', *, *, #3016, .T. ) ;
#1144 = CARTESIAN_POINT ( 'NONE',  ( 0.2500000000000000600, -0.1699999999999999800, -0.1499999999999999900 ) ) ;
#1145 = LINE ( 'NONE', #1795, #702 ) ;
#1146 = CARTESIAN_POINT ( 'NONE',  ( 0.2209999999999999700, 0.1899999999999999700, 0.07300000000000003700 ) ) ;
#1147 = DIRECTION ( 'NONE',  ( -0.0000000000000000000, 1.000000000000000000, -0.0000000000000000000 ) ) ;
#1148 = MANIFOLD_SOLID_BREP ( 'Boss-Extrude3[8]', #3239 ) ;
#1149 = CARTESIAN_POINT ( 'NONE',  ( 0.0000000000000000000, 0.01999999999999993400, -0.2000000000000000100 ) ) ;
#1150 = AXIS2_PLACEMENT_3D ( 'NONE', #2115, #2073, #2354 ) ;
#1151 = FACE_OUTER_BOUND ( 'NONE', #1383, .T. ) ;
#1152 = CARTESIAN_POINT ( 'NONE',  ( 0.3500000000000001400, 0.2000000000000000100, -0.1999999999999999800 ) ) ;
#1153 = PLANE ( 'NONE',  #3109 ) ;
#1154 = CIRCLE ( 'NONE', #1402, 0.01000000000000001200 ) ;
#1155 = FACE_OUTER_BOUND ( 'NONE', #2680, .T. ) ;
#1156 = ADVANCED_FACE ( 'NONE', ( #3235 ), #2682, .F. ) ;
#1157 = AXIS2_PLACEMENT_3D ( 'NONE', #2329, #2867, #3150 ) ;
#1158 = DIRECTION ( 'NONE',  ( 0.0000000000000000000, 0.0000000000000000000, 1.000000000000000000 ) ) ;
#1159 = EDGE_CURVE ( 'NONE', #3215, #561, #877, .T. ) ;
#1160 = FACE_OUTER_BOUND ( 'NONE', #2589, .T. ) ;
#1161 = CARTESIAN_POINT ( 'NONE',  ( 0.3500000000000001400, 0.2000000000000000100, 0.2000000000000000400 ) ) ;
#1162 =( CONVERSION_BASED_UNIT ( 'INCH', #2882 ) LENGTH_UNIT ( ) NAMED_UNIT ( #1707 ) );
#1163 = ORIENTED_EDGE ( 'NONE', *, *, #392, .F. ) ;
#1164 = DIMENSIONAL_EXPONENTS ( 1.000000000000000000, 0.0000000000000000000, 0.0000000000000000000, 0.0000000000000000000, 0.0000000000000000000, 0.0000000000000000000, 0.0000000000000000000 ) ;
#1165 = ORIENTED_EDGE ( 'NONE', *, *, #3211, .T. ) ;
#1166 = CARTESIAN_POINT ( 'NONE',  ( -0.3499999999999997600, 0.0000000000000000000, 0.2000000000000001200 ) ) ;
#1167 = DIRECTION ( 'NONE',  ( 0.0000000000000000000, 0.0000000000000000000, 1.000000000000000000 ) ) ;
#1168 = VERTEX_POINT ( 'NONE', #2707 ) ;
#1169 = CARTESIAN_POINT ( 'NONE',  ( 0.04599999999999999900, 0.1799999999999999900, -0.07299999999999996800 ) ) ;
#1170 = ADVANCED_FACE ( 'NONE', ( #797 ), #1475, .F. ) ;
#1171 =( LENGTH_UNIT ( ) NAMED_UNIT ( * ) SI_UNIT ( $, .METRE. ) );
#1172 = CLOSED_SHELL ( 'NONE', ( #3278, #623, #586, #304 ) ) ;
#1173 = CARTESIAN_POINT ( 'NONE',  ( 0.0000000000000000000, 0.0000000000000000000, 0.0000000000000000000 ) ) ;
#1174 = CARTESIAN_POINT ( 'NONE',  ( 0.2659110967678854900, 0.01999999999999993400, -0.2000000000000000100 ) ) ;
#1175 = CARTESIAN_POINT ( 'NONE',  ( -0.2785652629737283000, 8.537024980200822600E-018, -0.2000000000000000100 ) ) ;
#1176 = ORIENTED_EDGE ( 'NONE', *, *, #851, .F. ) ;
#1177 = EDGE_CURVE ( 'NONE', #509, #78, #2146, .T. ) ;
#1178 = DIRECTION ( 'NONE',  ( 0.0000000000000000000, 1.000000000000000000, 0.0000000000000000000 ) ) ;
#1179 = ORIENTED_EDGE ( 'NONE', *, *, #2211, .T. ) ;
#1180 = DIMENSIONAL_EXPONENTS ( 1.000000000000000000, 0.0000000000000000000, 0.0000000000000000000, 0.0000000000000000000, 0.0000000000000000000, 0.0000000000000000000, 0.0000000000000000000 ) ;
#1181 = ORIENTED_EDGE ( 'NONE', *, *, #2550, .F. ) ;
#1182 = MECHANICAL_DESIGN_GEOMETRIC_PRESENTATION_REPRESENTATION (  '', ( #1239 ), #3132 ) ;
#1183 = DIRECTION ( 'NONE',  ( 0.0000000000000000000, -0.0000000000000000000, 1.000000000000000000 ) ) ;
#1184 = EDGE_LOOP ( 'NONE', ( #1223, #3217, #2684, #469 ) ) ;
#1185 = CARTESIAN_POINT ( 'NONE',  ( -0.3276294130249189900, 0.1899999999999999700, 0.1699164635289651100 ) ) ;
#1186 = AXIS2_PLACEMENT_3D ( 'NONE', #1964, #125, #2475 ) ;
#1187 = ORIENTED_EDGE ( 'NONE', *, *, #307, .T. ) ;
#1188 = FACE_OUTER_BOUND ( 'NONE', #1657, .T. ) ;
#1189 = DIRECTION ( 'NONE',  ( -0.0000000000000000000, 0.7041595143854763000, 0.7100418144732112400 ) ) ;
#1190 = ORIENTED_EDGE ( 'NONE', *, *, #2270, .F. ) ;
#1191 = FACE_OUTER_BOUND ( 'NONE', #2863, .T. ) ;
#1192 = VECTOR ( 'NONE', #538, 39.37007874015748100 ) ;
#1193 = DIRECTION ( 'NONE',  ( 1.000000000000000000, 0.0000000000000000000, 0.0000000000000000000 ) ) ;
#1194 = ADVANCED_FACE ( 'NONE', ( #1126 ), #1492, .T. ) ;
#1195 = ORIENTED_EDGE ( 'NONE', *, *, #893, .F. ) ;
#1196 = DIRECTION ( 'NONE',  ( -0.0000000000000000000, -0.0000000000000000000, 1.000000000000000000 ) ) ;
#1197 = VECTOR ( 'NONE', #338, 39.37007874015748100 ) ;
#1198 = MANIFOLD_SOLID_BREP ( 'Boss-Extrude3[1]', #2040 ) ;
#1199 = VECTOR ( 'NONE', #343, 39.37007874015748100 ) ;
#1200 = CARTESIAN_POINT ( 'NONE',  ( 0.0000000000000000000, 0.01999999999999993400, -0.2000000000000000100 ) ) ;
#1201 = CARTESIAN_POINT ( 'NONE',  ( 0.2209999999999999700, 0.1799999999999999900, 0.07300000000000003700 ) ) ;
#1202 = CARTESIAN_POINT ( 'NONE',  ( -0.2209999999999999200, 0.1799999999999999900, 0.07300000000000000900 ) ) ;
#1203 = LINE ( 'NONE', #720, #502 ) ;
#1204 = CARTESIAN_POINT ( 'NONE',  ( -0.04999999999999998200, -0.1699999999999999800, -0.1399999999999999900 ) ) ;
#1205 = DIMENSIONAL_EXPONENTS ( 1.000000000000000000, 0.0000000000000000000, 0.0000000000000000000, 0.0000000000000000000, 0.0000000000000000000, 0.0000000000000000000, 0.0000000000000000000 ) ;
#1206 = FACE_OUTER_BOUND ( 'NONE', #1919, .T. ) ;
#1207 = EDGE_CURVE ( 'NONE', #921, #78, #2804, .T. ) ;
#1208 = AXIS2_PLACEMENT_3D ( 'NONE', #12, #260, #783 ) ;
#1209 = VECTOR ( 'NONE', #2800, 39.37007874015748100 ) ;
#1210 = CARTESIAN_POINT ( 'NONE',  ( -0.3499999999999997600, 0.01999999999999993400, 0.1228747148169490000 ) ) ;
#1211 = ORIENTED_EDGE ( 'NONE', *, *, #2916, .T. ) ;
#1212 = PRODUCT_DEFINITION_CONTEXT ( 'detailed design', #1603, 'design' ) ;
#1213 = EDGE_CURVE ( 'NONE', #225, #936, #1950, .T. ) ;
#1214 = COLOUR_RGB ( '',0.5019607843137254800, 0.4078431372549019600, 0.5019607843137254800 ) ;
#1215 = DIRECTION ( 'NONE',  ( 0.0000000000000000000, 0.0000000000000000000, 1.000000000000000000 ) ) ;
#1216 = CARTESIAN_POINT ( 'NONE',  ( 0.3500000000000001400, 0.01999999999999993400, -0.1228747148169490000 ) ) ;
#1217 = ORIENTED_EDGE ( 'NONE', *, *, #3071, .T. ) ;
#1218 = VECTOR ( 'NONE', #1693, 39.37007874015748100 ) ;
#1219 = LINE ( 'NONE', #853, #2301 ) ;
#1220 = VERTEX_POINT ( 'NONE', #1030 ) ;
#1221 = ORIENTED_EDGE ( 'NONE', *, *, #1131, .F. ) ;
#1222 = VECTOR ( 'NONE', #2339, 39.37007874015748100 ) ;
#1223 = ORIENTED_EDGE ( 'NONE', *, *, #2608, .F. ) ;
#1224 = DIRECTION ( 'NONE',  ( -0.0000000000000000000, 1.000000000000000000, -0.0000000000000000000 ) ) ;
#1225 = ORIENTED_EDGE ( 'NONE', *, *, #2250, .T. ) ;
#1226 = ORIENTED_EDGE ( 'NONE', *, *, #2531, .F. ) ;
#1227 = DIRECTION ( 'NONE',  ( 0.0000000000000000000, 0.0000000000000000000, 1.000000000000000000 ) ) ;
#1228 = DIRECTION ( 'NONE',  ( -0.0000000000000000000, -1.000000000000000000, -0.0000000000000000000 ) ) ;
#1229 = EDGE_LOOP ( 'NONE', ( #1601, #2917 ) ) ;
#1230 = DIRECTION ( 'NONE',  ( 0.0000000000000000000, -0.0000000000000000000, 1.000000000000000000 ) ) ;
#1231 = VERTEX_POINT ( 'NONE', #990 ) ;
#1232 = MECHANICAL_DESIGN_GEOMETRIC_PRESENTATION_REPRESENTATION (  '', ( #867 ), #1558 ) ;
#1233 = EDGE_LOOP ( 'NONE', ( #2112, #931, #2480, #2709 ) ) ;
#1234 = EDGE_LOOP ( 'NONE', ( #807, #386, #1211, #2193 ) ) ;
#1235 = EDGE_CURVE ( 'NONE', #1724, #3230, #2541, .T. ) ;
#1236 = VECTOR ( 'NONE', #1664, 39.37007874015748100 ) ;
#1237 = DIRECTION ( 'NONE',  ( 0.0000000000000000000, 0.0000000000000000000, 1.000000000000000000 ) ) ;
#1238 = CARTESIAN_POINT ( 'NONE',  ( 0.04599999999999999900, 0.1799999999999999900, 0.07300000000000003700 ) ) ;
#1239 = STYLED_ITEM ( 'NONE', ( #982 ), #2832 ) ;
#1240 = CARTESIAN_POINT ( 'NONE',  ( -0.3499999999999997600, 0.01999999999999993400, -0.1228747148169490000 ) ) ;
#1241 = DIRECTION ( 'NONE',  ( 1.000000000000000000, 0.0000000000000000000, 0.0000000000000000000 ) ) ;
#1242 = CARTESIAN_POINT ( 'NONE',  ( -0.2209999999999999200, 0.1899999999999999700, 0.07300000000000000900 ) ) ;
#1243 = LINE ( 'NONE', #1629, #2788 ) ;
#1244 = CARTESIAN_POINT ( 'NONE',  ( 0.1888664045339451000, 0.1417696859368992600, 0.03422663788601351700 ) ) ;
#1245 = VECTOR ( 'NONE', #2893, 39.37007874015748100 ) ;
#1246 = VECTOR ( 'NONE', #1999, 39.37007874015748100 ) ;
#1247 = FACE_OUTER_BOUND ( 'NONE', #1019, .T. ) ;
#1248 = CARTESIAN_POINT ( 'NONE',  ( 0.1290000000000000000, 0.1799999999999999900, -0.07299999999999998200 ) ) ;
#1249 = CARTESIAN_POINT ( 'NONE',  ( 0.3039999999999999900, 0.1899999999999999700, -0.07299999999999998200 ) ) ;
#1250 = CARTESIAN_POINT ( 'NONE',  ( -0.04599999999999996500, 0.1799999999999999900, -0.07299999999999998200 ) ) ;
#1251 = CYLINDRICAL_SURFACE ( 'NONE', #138, 0.01000000000000001200 ) ;
#1252 = CARTESIAN_POINT ( 'NONE',  ( -0.3039999999999999400, 0.1899999999999999700, -0.07299999999999996800 ) ) ;
#1253 = CARTESIAN_POINT ( 'NONE',  ( 0.3500000000000001400, 0.1899999999999999700, -0.1699164635289651100 ) ) ;
#1254 = AXIS2_PLACEMENT_3D ( 'NONE', #116, #355, #2135 ) ;
#1255 = CARTESIAN_POINT ( 'NONE',  ( -0.04599999999999996500, 0.1899999999999999700, -0.07299999999999998200 ) ) ;
#1256 = EDGE_CURVE ( 'NONE', #1768, #230, #2741, .T. ) ;
#1257 = FACE_OUTER_BOUND ( 'NONE', #2826, .T. ) ;
#1258 = AXIS2_PLACEMENT_3D ( 'NONE', #3155, #1123, #1095 ) ;
#1259 = CIRCLE ( 'NONE', #1459, 0.01000000000000001200 ) ;
#1260 = CARTESIAN_POINT ( 'NONE',  ( 0.04599999999999999900, 0.1799999999999999900, 0.07300000000000003700 ) ) ;
#1261 = EDGE_LOOP ( 'NONE', ( #1092, #2034 ) ) ;
#1262 = DIRECTION ( 'NONE',  ( -0.0000000000000000000, 1.000000000000000000, -0.0000000000000000000 ) ) ;
#1263 = AXIS2_PLACEMENT_3D ( 'NONE', #3005, #971, #2501 ) ;
#1264 = PLANE ( 'NONE',  #2575 ) ;
#1265 = PLANE ( 'NONE',  #451 ) ;
#1266 = ORIENTED_EDGE ( 'NONE', *, *, #1235, .T. ) ;
#1267 = ORIENTED_EDGE ( 'NONE', *, *, #1996, .F. ) ;
#1268 = VERTEX_POINT ( 'NONE', #2524 ) ;
#1269 = CARTESIAN_POINT ( 'NONE',  ( 0.2209999999999999700, 0.1799999999999999900, 0.07300000000000003700 ) ) ;
#1270 = PRESENTATION_LAYER_ASSIGNMENT (  '', '', ( #904 ) ) ;
#1271 = SURFACE_STYLE_USAGE ( .BOTH. , #2737 ) ;
#1272 = ORIENTED_EDGE ( 'NONE', *, *, #2982, .T. ) ;
#1273 = EDGE_LOOP ( 'NONE', ( #1831, #1297, #795, #475 ) ) ;
#1274 = ORIENTED_EDGE ( 'NONE', *, *, #2574, .F. ) ;
#1275 =( GEOMETRIC_REPRESENTATION_CONTEXT ( 3 ) GLOBAL_UNCERTAINTY_ASSIGNED_CONTEXT ( ( #129 ) ) GLOBAL_UNIT_ASSIGNED_CONTEXT ( ( #1870, #818, #1620 ) ) REPRESENTATION_CONTEXT ( 'NONE', 'WORKASPACE' ) );
#1276 = VECTOR ( 'NONE', #1767, 39.37007874015748100 ) ;
#1277 = EDGE_CURVE ( 'NONE', #77, #2516, #2300, .T. ) ;
#1278 =( CONVERSION_BASED_UNIT ( 'INCH', #127 ) LENGTH_UNIT ( ) NAMED_UNIT ( #3194 ) );
#1279 = LINE ( 'NONE', #2215, #2864 ) ;
#1280 = LINE ( 'NONE', #2134, #2643 ) ;
#1281 = EDGE_LOOP ( 'NONE', ( #3011, #2066 ) ) ;
#1282 = LINE ( 'NONE', #1992, #418 ) ;
#1283 = PLANE ( 'NONE',  #798 ) ;
#1284 = LINE ( 'NONE', #2786, #3257 ) ;
#1285 = CARTESIAN_POINT ( 'NONE',  ( 0.3039999999999999900, 0.1799999999999999900, 0.07300000000000000900 ) ) ;
#1286 = CARTESIAN_POINT ( 'NONE',  ( 0.3039999999999999900, 0.1799999999999999900, -0.07299999999999998200 ) ) ;
#1287 = FACE_OUTER_BOUND ( 'NONE', #998, .T. ) ;
#1288 = CARTESIAN_POINT ( 'NONE',  ( 0.0000000000000000000, 0.01999999999999993400, -0.2000000000000000100 ) ) ;
#1289 = LENGTH_MEASURE_WITH_UNIT ( LENGTH_MEASURE( 0.02539999999999999900 ), #2919 );
#1290 =( GEOMETRIC_REPRESENTATION_CONTEXT ( 3 ) GLOBAL_UNCERTAINTY_ASSIGNED_CONTEXT ( ( #1866 ) ) GLOBAL_UNIT_ASSIGNED_CONTEXT ( ( #2801, #2793, #2082 ) ) REPRESENTATION_CONTEXT ( 'NONE', 'WORKASPACE' ) );
#1291 = VECTOR ( 'NONE', #2111, 39.37007874015748900 ) ;
#1292 = ORIENTED_EDGE ( 'NONE', *, *, #3264, .F. ) ;
#1293 = CARTESIAN_POINT ( 'NONE',  ( 0.05000000000000001000, 0.01999999999999993400, -0.1399999999999999900 ) ) ;
#1294 = EDGE_CURVE ( 'NONE', #2076, #2369, #1634, .T. ) ;
#1295 = LINE ( 'NONE', #3253, #1865 ) ;
#1296 = AXIS2_PLACEMENT_3D ( 'NONE', #769, #2546, #1015 ) ;
#1297 = ORIENTED_EDGE ( 'NONE', *, *, #2574, .T. ) ;
#1298 = EDGE_LOOP ( 'NONE', ( #2045, #3270, #653, #1307 ) ) ;
#1299 = CARTESIAN_POINT ( 'NONE',  ( -0.04599999999999996500, 0.1799999999999999900, -0.07299999999999998200 ) ) ;
#1300 = EDGE_CURVE ( 'NONE', #441, #65, #1295, .T. ) ;
#1301 = CARTESIAN_POINT ( 'NONE',  ( -0.1499999999999999900, -0.1699999999999999800, 0.1499999999999999900 ) ) ;
#1302 = ADVANCED_FACE ( 'NONE', ( #837 ), #1948, .T. ) ;
#1303 = ORIENTED_EDGE ( 'NONE', *, *, #1766, .T. ) ;
#1304 = FILL_AREA_STYLE ('',( #754 ) ) ;
#1305 = CARTESIAN_POINT ( 'NONE',  ( 0.3500000000000001400, 0.1899999999999999700, 0.1699164635289651100 ) ) ;
#1306 = PLANE ( 'NONE',  #1069 ) ;
#1307 = ORIENTED_EDGE ( 'NONE', *, *, #2936, .F. ) ;
#1308 = ORIENTED_EDGE ( 'NONE', *, *, #223, .F. ) ;
#1309 = DIRECTION ( 'NONE',  ( 0.0000000000000000000, 0.0000000000000000000, 1.000000000000000000 ) ) ;
#1310 = ORIENTED_EDGE ( 'NONE', *, *, #826, .F. ) ;
#1311 = ORIENTED_EDGE ( 'NONE', *, *, #1294, .F. ) ;
#1312 =( CONVERSION_BASED_UNIT ( 'INCH', #1552 ) LENGTH_UNIT ( ) NAMED_UNIT ( #2913 ) );
#1313 = LINE ( 'NONE', #1745, #933 ) ;
#1314 = AXIS2_PLACEMENT_3D ( 'NONE', #1829, #3060, #1309 ) ;
#1315 = DIRECTION ( 'NONE',  ( 0.0000000000000000000, -1.000000000000000000, 0.0000000000000000000 ) ) ;
#1316 = CARTESIAN_POINT ( 'NONE',  ( 0.3500000000000001400, 0.0000000000000000000, -0.1374346730280381300 ) ) ;
#1317 = DIRECTION ( 'NONE',  ( -0.0000000000000000000, 1.000000000000000000, -0.0000000000000000000 ) ) ;
#1318 = CARTESIAN_POINT ( 'NONE',  ( -0.1289999999999999800, 0.1899999999999999700, -0.07299999999999996800 ) ) ;
#1319 = EDGE_CURVE ( 'NONE', #3272, #1568, #718, .T. ) ;
#1320 = LINE ( 'NONE', #184, #3022 ) ;
#1321 = AXIS2_PLACEMENT_3D ( 'NONE', #554, #2312, #1588 ) ;
#1322 = ADVANCED_FACE ( 'NONE', ( #2581 ), #2949, .T. ) ;
#1323 = LINE ( 'NONE', #1662, #619 ) ;
#1324 = PLANE ( 'NONE',  #1495 ) ;
#1325 = EDGE_CURVE ( 'NONE', #1753, #2750, #2186, .T. ) ;
#1326 = CARTESIAN_POINT ( 'NONE',  ( 0.3500000000000001400, 0.2000000000000000100, 0.2000000000000000400 ) ) ;
#1327 = VECTOR ( 'NONE', #1491, 39.37007874015748100 ) ;
#1328 = FACE_OUTER_BOUND ( 'NONE', #2029, .T. ) ;
#1329 = DIRECTION ( 'NONE',  ( -1.000000000000000000, 0.0000000000000000000, 2.057114453060438900E-016 ) ) ;
#1330 = LINE ( 'NONE', #811, #93 ) ;
#1331 = CARTESIAN_POINT ( 'NONE',  ( -0.1499999999999999900, -0.1699999999999999800, -0.1499999999999999900 ) ) ;
#1332 = CARTESIAN_POINT ( 'NONE',  ( -0.2500000000000000000, 0.01999999999999993400, 0.1600000000000000000 ) ) ;
#1333 = VERTEX_POINT ( 'NONE', #671 ) ;
#1334 = FILL_AREA_STYLE ('',( #1546 ) ) ;
#1335 = ADVANCED_FACE ( 'NONE', ( #1372 ), #1465, .T. ) ;
#1336 = PRESENTATION_STYLE_ASSIGNMENT (( #499 ) ) ;
#1337 = LENGTH_MEASURE_WITH_UNIT ( LENGTH_MEASURE( 0.02539999999999999900 ), #1371 );
#1338 = PLANE ( 'NONE',  #843 ) ;
#1339 = AXIS2_PLACEMENT_3D ( 'NONE', #2126, #839, #1425 ) ;
#1340 = LINE ( 'NONE', #2886, #2304 ) ;
#1341 = EDGE_CURVE ( 'NONE', #69, #1517, #3231, .T. ) ;
#1342 = EDGE_LOOP ( 'NONE', ( #445, #1835, #687, #2478 ) ) ;
#1343 = CARTESIAN_POINT ( 'NONE',  ( 0.04599999999999999900, 0.1899999999999999700, 0.07300000000000003700 ) ) ;
#1344 = CARTESIAN_POINT ( 'NONE',  ( 0.3039999999999999900, 0.1899999999999999700, -0.07299999999999998200 ) ) ;
#1345 = CARTESIAN_POINT ( 'NONE',  ( -0.3039999999999999400, 0.1899999999999999700, -0.07299999999999996800 ) ) ;
#1346 = ORIENTED_EDGE ( 'NONE', *, *, #1792, .F. ) ;
#1347 = DIRECTION ( 'NONE',  ( -0.0000000000000000000, -0.0000000000000000000, 1.000000000000000000 ) ) ;
#1348 = ORIENTED_EDGE ( 'NONE', *, *, #1046, .F. ) ;
#1349 = ORIENTED_EDGE ( 'NONE', *, *, #2316, .F. ) ;
#1350 = VERTEX_POINT ( 'NONE', #403 ) ;
#1351 = ORIENTED_EDGE ( 'NONE', *, *, #239, .F. ) ;
#1352 = ORIENTED_EDGE ( 'NONE', *, *, #312, .F. ) ;
#1353 = AXIS2_PLACEMENT_3D ( 'NONE', #128, #903, #649 ) ;
#1354 = DIRECTION ( 'NONE',  ( 0.5789445863236143400, 0.5741483535926564800, 0.5789445863236143400 ) ) ;
#1355 = CIRCLE ( 'NONE', #481, 0.01000000000000001200 ) ;
#1356 = DIRECTION ( 'NONE',  ( 0.0000000000000000000, -1.000000000000000000, 0.0000000000000000000 ) ) ;
#1357 = VERTEX_POINT ( 'NONE', #682 ) ;
#1358 = EDGE_CURVE ( 'NONE', #2443, #1333, #3122, .T. ) ;
#1359 = CARTESIAN_POINT ( 'NONE',  ( 0.1290000000000000000, 0.1899999999999999700, -0.07299999999999998200 ) ) ;
#1360 = AXIS2_PLACEMENT_3D ( 'NONE', #750, #2256, #970 ) ;
#1361 = CARTESIAN_POINT ( 'NONE',  ( -0.2500000000000000000, 0.01999999999999993400, -0.1399999999999999900 ) ) ;
#1362 = SURFACE_STYLE_USAGE ( .BOTH. , #1079 ) ;
#1363 = EDGE_CURVE ( 'NONE', #2068, #65, #1259, .T. ) ;
#1364 = DIRECTION ( 'NONE',  ( -0.0000000000000000000, 1.000000000000000000, -0.0000000000000000000 ) ) ;
#1365 = LINE ( 'NONE', #862, #2424 ) ;
#1366 = ADVANCED_FACE ( 'NONE', ( #1406 ), #2202, .F. ) ;
#1367 = SURFACE_STYLE_USAGE ( .BOTH. , #1844 ) ;
#1368 = EDGE_LOOP ( 'NONE', ( #2586, #1493, #2981, #3015 ) ) ;
#1369 = VECTOR ( 'NONE', #1858, 39.37007874015748100 ) ;
#1370 = CARTESIAN_POINT ( 'NONE',  ( 0.3039999999999999900, 0.1799999999999999900, 0.07300000000000000900 ) ) ;
#1371 =( LENGTH_UNIT ( ) NAMED_UNIT ( * ) SI_UNIT ( $, .METRE. ) );
#1372 = FACE_OUTER_BOUND ( 'NONE', #2341, .T. ) ;
#1373 = AXIS2_PLACEMENT_3D ( 'NONE', #847, #836, #1842 ) ;
#1374 = EDGE_LOOP ( 'NONE', ( #693, #2803, #2513, #2023, #929 ) ) ;
#1375 = ORIENTED_EDGE ( 'NONE', *, *, #3091, .T. ) ;
#1376 = EDGE_CURVE ( 'NONE', #922, #1482, #3196, .T. ) ;
#1377 = DIRECTION ( 'NONE',  ( 0.0000000000000000000, 0.0000000000000000000, -1.000000000000000000 ) ) ;
#1378 = EDGE_CURVE ( 'NONE', #2554, #331, #1526, .T. ) ;
#1379 = ADVANCED_FACE ( 'NONE', ( #1451 ), #915, .T. ) ;
#1380 = VERTEX_POINT ( 'NONE', #1636 ) ;
#1381 = FILL_AREA_STYLE_COLOUR ( '', #1450 ) ;
#1382 = ORIENTED_EDGE ( 'NONE', *, *, #2165, .T. ) ;
#1383 = EDGE_LOOP ( 'NONE', ( #1226, #2404 ) ) ;
#1384 = VERTEX_POINT ( 'NONE', #1609 ) ;
#1385 = CARTESIAN_POINT ( 'NONE',  ( 0.2209999999999999700, 0.1899999999999999700, -0.07299999999999996800 ) ) ;
#1386 =( NAMED_UNIT ( * ) PLANE_ANGLE_UNIT ( ) SI_UNIT ( $, .RADIAN. ) );
#1387 = ORIENTED_EDGE ( 'NONE', *, *, #784, .T. ) ;
#1388 = FACE_OUTER_BOUND ( 'NONE', #647, .T. ) ;
#1389 = CARTESIAN_POINT ( 'NONE',  ( -0.2659110967678854900, 0.01999999999999993400, 0.2000000000000000900 ) ) ;
#1390 = CIRCLE ( 'NONE', #1819, 0.01000000000000001200 ) ;
#1391 = LINE ( 'NONE', #1043, #176 ) ;
#1392 = CARTESIAN_POINT ( 'NONE',  ( 0.1500000000000000500, -0.1699999999999999800, 0.1499999999999999900 ) ) ;
#1393 = VERTEX_POINT ( 'NONE', #2638 ) ;
#1394 = CARTESIAN_POINT ( 'NONE',  ( -0.1989297457605819500, 0.1258645033070232000, -0.2000000000000000100 ) ) ;
#1395 = ADVANCED_FACE ( 'NONE', ( #1628 ), #1416, .F. ) ;
#1396 = VECTOR ( 'NONE', #1548, 39.37007874015748100 ) ;
#1397 = DIRECTION ( 'NONE',  ( 0.0000000000000000000, 0.0000000000000000000, 1.000000000000000000 ) ) ;
#1398 = DIRECTION ( 'NONE',  ( 0.0000000000000000000, 0.0000000000000000000, -1.000000000000000000 ) ) ;
#1399 = EDGE_CURVE ( 'NONE', #2074, #1231, #349, .T. ) ;
#1400 = CARTESIAN_POINT ( 'NONE',  ( -0.2500000000000000000, 0.01999999999999993400, 0.1399999999999999900 ) ) ;
#1401 = MANIFOLD_SOLID_BREP ( 'Boss-Extrude4[1]', #2084 ) ;
#1402 = AXIS2_PLACEMENT_3D ( 'NONE', #3065, #1315, #3279 ) ;
#1403 = CIRCLE ( 'NONE', #1022, 0.01000000000000001200 ) ;
#1404 = CARTESIAN_POINT ( 'NONE',  ( -0.3499999999999997600, -0.1699999999999999800, 0.1475458765538846500 ) ) ;
#1405 = CARTESIAN_POINT ( 'NONE',  ( -0.2785652629737283000, 8.537024980200822600E-018, -0.2000000000000000100 ) ) ;
#1406 = FACE_OUTER_BOUND ( 'NONE', #33, .T. ) ;
#1407 = DIRECTION ( 'NONE',  ( 0.0000000000000000000, 0.0000000000000000000, 1.000000000000000000 ) ) ;
#1408 = VERTEX_POINT ( 'NONE', #160 ) ;
#1409 = ADVANCED_FACE ( 'NONE', ( #1906 ), #1836, .F. ) ;
#1410 = DIRECTION ( 'NONE',  ( 0.0000000000000000000, -1.000000000000000000, 0.0000000000000000000 ) ) ;
#1411 = SURFACE_STYLE_FILL_AREA ( #3282 ) ;
#1412 = PLANE ( 'NONE',  #2246 ) ;
#1413 = CARTESIAN_POINT ( 'NONE',  ( 0.2500000000000000600, -0.1699999999999999800, -0.1600000000000000000 ) ) ;
#1414 = ORIENTED_EDGE ( 'NONE', *, *, #979, .F. ) ;
#1415 = AXIS2_PLACEMENT_3D ( 'NONE', #2652, #1193, #118 ) ;
#1416 = PLANE ( 'NONE',  #1415 ) ;
#1417 = EDGE_CURVE ( 'NONE', #1393, #959, #2018, .T. ) ;
#1418 = CLOSED_SHELL ( 'NONE', ( #2840, #2394, #1813, #337, #3112, #1841 ) ) ;
#1419 = DIRECTION ( 'NONE',  ( -0.0000000000000000000, 1.000000000000000000, -0.0000000000000000000 ) ) ;
#1420 = EDGE_LOOP ( 'NONE', ( #802, #814, #2039, #217 ) ) ;
#1421 = ORIENTED_EDGE ( 'NONE', *, *, #1562, .T. ) ;
#1422 = ORIENTED_EDGE ( 'NONE', *, *, #1159, .T. ) ;
#1423 = DIRECTION ( 'NONE',  ( 0.0000000000000000000, 0.0000000000000000000, -1.000000000000000000 ) ) ;
#1424 = DIRECTION ( 'NONE',  ( 0.0000000000000000000, 0.0000000000000000000, 1.000000000000000000 ) ) ;
#1425 = DIRECTION ( 'NONE',  ( 0.0000000000000000000, 0.0000000000000000000, 1.000000000000000000 ) ) ;
#1426 = ORIENTED_EDGE ( 'NONE', *, *, #909, .F. ) ;
#1427 = FACE_OUTER_BOUND ( 'NONE', #277, .T. ) ;
#1428 = DIRECTION ( 'NONE',  ( 0.0000000000000000000, 0.0000000000000000000, 1.000000000000000000 ) ) ;
#1429 = ADVANCED_FACE ( 'NONE', ( #2503 ), #91, .F. ) ;
#1430 = CLOSED_SHELL ( 'NONE', ( #1034, #2890, #1586, #2825 ) ) ;
#1431 = VECTOR ( 'NONE', #3228, 39.37007874015748100 ) ;
#1432 = CARTESIAN_POINT ( 'NONE',  ( 0.1500000000000000500, -0.1699999999999999800, -0.1499999999999999900 ) ) ;
#1433 = VECTOR ( 'NONE', #3249, 39.37007874015748100 ) ;
#1434 = FILL_AREA_STYLE ('',( #1139 ) ) ;
#1435 = AXIS2_PLACEMENT_3D ( 'NONE', #3106, #1832, #1377 ) ;
#1436 = VECTOR ( 'NONE', #3039, 39.37007874015748100 ) ;
#1437 = DIRECTION ( 'NONE',  ( -1.000000000000000000, 0.0000000000000000000, -0.0000000000000000000 ) ) ;
#1438 = DIRECTION ( 'NONE',  ( -9.756599977372368600E-017, 0.0000000000000000000, -1.000000000000000000 ) ) ;
#1439 = DIMENSIONAL_EXPONENTS ( 1.000000000000000000, 0.0000000000000000000, 0.0000000000000000000, 0.0000000000000000000, 0.0000000000000000000, 0.0000000000000000000, 0.0000000000000000000 ) ;
#1440 = LINE ( 'NONE', #2069, #2222 ) ;
#1441 = CARTESIAN_POINT ( 'NONE',  ( 0.3500000000000001400, 0.01999999999999993400, -0.1228747148169490000 ) ) ;
#1442 = MANIFOLD_SOLID_BREP ( 'Boss-Extrude3[2]', #1505 ) ;
#1443 = DIRECTION ( 'NONE',  ( 0.0000000000000000000, -0.0000000000000000000, 1.000000000000000000 ) ) ;
#1444 = EDGE_CURVE ( 'NONE', #733, #1220, #1449, .T. ) ;
#1445 = CIRCLE ( 'NONE', #2606, 0.01000000000000001200 ) ;
#1446 = CARTESIAN_POINT ( 'NONE',  ( -0.3499999999999997600, 0.1999999999999999800, -0.1799999999999999400 ) ) ;
#1447 = ADVANCED_FACE ( 'NONE', ( #2466 ), #1100, .F. ) ;
#1448 = CARTESIAN_POINT ( 'NONE',  ( -0.3039999999999999400, 0.1799999999999999900, -0.07299999999999996800 ) ) ;
#1449 = LINE ( 'NONE', #2611, #1670 ) ;
#1450 = COLOUR_RGB ( '',0.5019607843137254800, 0.4078431372549019600, 0.5019607843137254800 ) ;
#1451 = FACE_OUTER_BOUND ( 'NONE', #2991, .T. ) ;
#1452 = DIRECTION ( 'NONE',  ( 0.0000000000000000000, 0.0000000000000000000, 1.000000000000000000 ) ) ;
#1453 = DIMENSIONAL_EXPONENTS ( 1.000000000000000000, 0.0000000000000000000, 0.0000000000000000000, 0.0000000000000000000, 0.0000000000000000000, 0.0000000000000000000, 0.0000000000000000000 ) ;
#1454 = ORIENTED_EDGE ( 'NONE', *, *, #1616, .T. ) ;
#1455 = ORIENTED_EDGE ( 'NONE', *, *, #1637, .F. ) ;
#1456 = DIRECTION ( 'NONE',  ( 0.0000000000000000000, 0.0000000000000000000, -1.000000000000000000 ) ) ;
#1457 =( NAMED_UNIT ( * ) PLANE_ANGLE_UNIT ( ) SI_UNIT ( $, .RADIAN. ) );
#1458 = CLOSED_SHELL ( 'NONE', ( #3026, #2176, #31, #110 ) ) ;
#1459 = AXIS2_PLACEMENT_3D ( 'NONE', #1038, #2049, #1564 ) ;
#1460 = DIRECTION ( 'NONE',  ( 0.0000000000000000000, -0.0000000000000000000, 1.000000000000000000 ) ) ;
#1461 = ORIENTED_EDGE ( 'NONE', *, *, #478, .T. ) ;
#1462 = EDGE_CURVE ( 'NONE', #1268, #1935, #2298, .T. ) ;
#1463 = DIRECTION ( 'NONE',  ( -1.000000000000000000, -0.0000000000000000000, -0.0000000000000000000 ) ) ;
#1464 = ORIENTED_EDGE ( 'NONE', *, *, #940, .T. ) ;
#1465 = PLANE ( 'NONE',  #602 ) ;
#1466 =( GEOMETRIC_REPRESENTATION_CONTEXT ( 3 ) GLOBAL_UNCERTAINTY_ASSIGNED_CONTEXT ( ( #3178 ) ) GLOBAL_UNIT_ASSIGNED_CONTEXT ( ( #2941, #187, #1985 ) ) REPRESENTATION_CONTEXT ( 'NONE', 'WORKASPACE' ) );
#1467 = EDGE_CURVE ( 'NONE', #1268, #101, #2536, .T. ) ;
#1468 = ORIENTED_EDGE ( 'NONE', *, *, #2873, .T. ) ;
#1469 = LINE ( 'NONE', #1810, #80 ) ;
#1470 = CARTESIAN_POINT ( 'NONE',  ( -0.3499999999999997600, 0.0000000000000000000, -0.1999999999999999300 ) ) ;
#1471 = CARTESIAN_POINT ( 'NONE',  ( 0.1500000000000000500, -0.1699999999999999800, -0.1399999999999999900 ) ) ;
#1472 = VECTOR ( 'NONE', #1354, 39.37007874015748900 ) ;
#1473 = VECTOR ( 'NONE', #2962, 39.37007874015748100 ) ;
#1474 = DIRECTION ( 'NONE',  ( -0.0000000000000000000, 1.000000000000000000, -0.0000000000000000000 ) ) ;
#1475 = PLANE ( 'NONE',  #413 ) ;
#1476 = FACE_OUTER_BOUND ( 'NONE', #1064, .T. ) ;
#1477 = AXIS2_PLACEMENT_3D ( 'NONE', #2937, #937, #1480 ) ;
#1478 = LINE ( 'NONE', #1175, #191 ) ;
#1479 = EDGE_CURVE ( 'NONE', #1577, #280, #427, .T. ) ;
#1480 = DIRECTION ( 'NONE',  ( 0.0000000000000000000, -0.0000000000000000000, 1.000000000000000000 ) ) ;
#1481 = CARTESIAN_POINT ( 'NONE',  ( 0.04599999999999999900, 0.1799999999999999900, 0.07300000000000003700 ) ) ;
#1482 = VERTEX_POINT ( 'NONE', #852 ) ;
#1483 = VECTOR ( 'NONE', #2746, 39.37007874015748900 ) ;
#1484 = VERTEX_POINT ( 'NONE', #1112 ) ;
#1485 = DIRECTION ( 'NONE',  ( 0.0000000000000000000, 0.0000000000000000000, 1.000000000000000000 ) ) ;
#1486 = ORIENTED_EDGE ( 'NONE', *, *, #2545, .T. ) ;
#1487 = DIRECTION ( 'NONE',  ( -0.0000000000000000000, -0.0000000000000000000, 1.000000000000000000 ) ) ;
#1488 = AXIS2_PLACEMENT_3D ( 'NONE', #1706, #2712, #1237 ) ;
#1489 = CARTESIAN_POINT ( 'NONE',  ( -0.2500000000000000000, -0.1699999999999999800, -0.1399999999999999900 ) ) ;
#1490 = VERTEX_POINT ( 'NONE', #1361 ) ;
#1491 = DIRECTION ( 'NONE',  ( -0.0000000000000000000, -1.000000000000000000, -0.0000000000000000000 ) ) ;
#1492 = PLANE ( 'NONE',  #2847 ) ;
#1493 = ORIENTED_EDGE ( 'NONE', *, *, #2129, .F. ) ;
#1494 = ORIENTED_EDGE ( 'NONE', *, *, #1792, .T. ) ;
#1495 = AXIS2_PLACEMENT_3D ( 'NONE', #514, #1035, #5 ) ;
#1496 = VERTEX_POINT ( 'NONE', #864 ) ;
#1497 = ORIENTED_EDGE ( 'NONE', *, *, #2185, .F. ) ;
#1498 = EDGE_CURVE ( 'NONE', #954, #1054, #2918, .T. ) ;
#1499 = CARTESIAN_POINT ( 'NONE',  ( -0.1499999999999999900, -0.1699999999999999800, 0.1600000000000000000 ) ) ;
#1500 = ORIENTED_EDGE ( 'NONE', *, *, #870, .F. ) ;
#1501 = ORIENTED_EDGE ( 'NONE', *, *, #2016, .F. ) ;
#1502 = VECTOR ( 'NONE', #2025, 39.37007874015748100 ) ;
#1503 = DIRECTION ( 'NONE',  ( -0.0000000000000000000, -1.000000000000000000, -0.0000000000000000000 ) ) ;
#1504 = DIRECTION ( 'NONE',  ( 1.000000000000000000, 0.0000000000000000000, -2.057114453060438200E-016 ) ) ;
#1505 = CLOSED_SHELL ( 'NONE', ( #665, #2153, #2434, #1302 ) ) ;
#1506 = ORIENTED_EDGE ( 'NONE', *, *, #106, .F. ) ;
#1507 = FACE_OUTER_BOUND ( 'NONE', #1229, .T. ) ;
#1508 = LINE ( 'NONE', #1524, #2570 ) ;
#1509 = ORIENTED_EDGE ( 'NONE', *, *, #2527, .F. ) ;
#1510 = CARTESIAN_POINT ( 'NONE',  ( -0.3039999999999999400, 0.1899999999999999700, -0.07299999999999996800 ) ) ;
#1511 = PRESENTATION_STYLE_ASSIGNMENT (( #2797 ) ) ;
#1512 = LINE ( 'NONE', #1868, #2252 ) ;
#1513 = DIRECTION ( 'NONE',  ( 0.5346750552740207100, -0.8450577407891859400, 0.0000000000000000000 ) ) ;
#1514 = VECTOR ( 'NONE', #2952, 39.37007874015748100 ) ;
#1515 = FACE_OUTER_BOUND ( 'NONE', #1420, .T. ) ;
#1516 = DIRECTION ( 'NONE',  ( 0.0000000000000000000, 0.0000000000000000000, -1.000000000000000000 ) ) ;
#1517 = VERTEX_POINT ( 'NONE', #617 ) ;
#1518 = EDGE_CURVE ( 'NONE', #1568, #1961, #1036, .T. ) ;
#1519 = VECTOR ( 'NONE', #2562, 39.37007874015748100 ) ;
#1520 = SURFACE_STYLE_FILL_AREA ( #2852 ) ;
#1521 = PLANE ( 'NONE',  #100 ) ;
#1522 = VECTOR ( 'NONE', #2175, 39.37007874015748100 ) ;
#1523 = ORIENTED_EDGE ( 'NONE', *, *, #2037, .F. ) ;
#1524 = CARTESIAN_POINT ( 'NONE',  ( 0.1290000000000000000, 0.1799999999999999900, -0.07299999999999998200 ) ) ;
#1525 = EDGE_CURVE ( 'NONE', #3248, #2278, #999, .T. ) ;
#1526 = LINE ( 'NONE', #2664, #2770 ) ;
#1527 = ORIENTED_EDGE ( 'NONE', *, *, #307, .F. ) ;
#1528 =( NAMED_UNIT ( * ) PLANE_ANGLE_UNIT ( ) SI_UNIT ( $, .RADIAN. ) );
#1529 = DIRECTION ( 'NONE',  ( -0.0000000000000000000, -1.000000000000000000, -0.0000000000000000000 ) ) ;
#1530 = CARTESIAN_POINT ( 'NONE',  ( 0.3039999999999999900, 0.1899999999999999700, 0.07300000000000000900 ) ) ;
#1531 = ORIENTED_EDGE ( 'NONE', *, *, #2916, .F. ) ;
#1532 = CARTESIAN_POINT ( 'NONE',  ( 0.2500000000000000600, -0.1699999999999999800, 0.1499999999999999900 ) ) ;
#1533 = CARTESIAN_POINT ( 'NONE',  ( 0.04599999999999999900, 0.1799999999999999900, -0.07299999999999996800 ) ) ;
#1534 =( LENGTH_UNIT ( ) NAMED_UNIT ( * ) SI_UNIT ( $, .METRE. ) );
#1535 = UNCERTAINTY_MEASURE_WITH_UNIT (LENGTH_MEASURE( 1.000000000000000100E-005 ), #1997, 'distance_accuracy_value', 'NONE');
#1536 = EDGE_LOOP ( 'NONE', ( #1878, #1464, #2943, #479 ) ) ;
#1537 = CARTESIAN_POINT ( 'NONE',  ( 0.3039999999999999900, 0.1799999999999999900, -0.07299999999999998200 ) ) ;
#1538 = PLANE ( 'NONE',  #849 ) ;
#1539 = ORIENTED_EDGE ( 'NONE', *, *, #2075, .F. ) ;
#1540 = PRESENTATION_LAYER_ASSIGNMENT (  '', '', ( #2808 ) ) ;
#1541 = ADVANCED_FACE ( 'NONE', ( #2841 ), #834, .T. ) ;
#1542 = EDGE_LOOP ( 'NONE', ( #2130, #2472, #2848, #2266 ) ) ;
#1543 = EDGE_CURVE ( 'NONE', #1772, #1643, #1751, .T. ) ;
#1544 = DIRECTION ( 'NONE',  ( -2.057114453060438900E-016, 0.0000000000000000000, -1.000000000000000000 ) ) ;
#1545 = CIRCLE ( 'NONE', #2822, 0.01000000000000001200 ) ;
#1546 = FILL_AREA_STYLE_COLOUR ( '', #254 ) ;
#1547 = VECTOR ( 'NONE', #1911, 39.37007874015748100 ) ;
#1548 = DIRECTION ( 'NONE',  ( -0.0000000000000000000, -1.000000000000000000, -0.0000000000000000000 ) ) ;
#1549 = LINE ( 'NONE', #1489, #782 ) ;
#1550 = DIRECTION ( 'NONE',  ( 0.0000000000000000000, 0.0000000000000000000, 1.000000000000000000 ) ) ;
#1551 = DIRECTION ( 'NONE',  ( 0.0000000000000000000, 1.000000000000000000, 0.0000000000000000000 ) ) ;
#1552 = LENGTH_MEASURE_WITH_UNIT ( LENGTH_MEASURE( 0.02539999999999999900 ), #2553 );
#1553 = PLANE ( 'NONE',  #388 ) ;
#1554 = VECTOR ( 'NONE', #3097, 39.37007874015748100 ) ;
#1555 = DIRECTION ( 'NONE',  ( 0.0000000000000000000, 0.0000000000000000000, -1.000000000000000000 ) ) ;
#1556 = CARTESIAN_POINT ( 'NONE',  ( 0.05000000000000001000, -0.1699999999999999800, -0.1399999999999999900 ) ) ;
#1557 = CARTESIAN_POINT ( 'NONE',  ( 0.04599999999999999900, 0.1899999999999999700, -0.07299999999999996800 ) ) ;
#1558 =( GEOMETRIC_REPRESENTATION_CONTEXT ( 3 ) GLOBAL_UNCERTAINTY_ASSIGNED_CONTEXT ( ( #2314 ) ) GLOBAL_UNIT_ASSIGNED_CONTEXT ( ( #1162, #1457, #169 ) ) REPRESENTATION_CONTEXT ( 'NONE', 'WORKASPACE' ) );
#1559 = DIRECTION ( 'NONE',  ( -0.0000000000000000000, 1.000000000000000000, -0.0000000000000000000 ) ) ;
#1560 = FACE_OUTER_BOUND ( 'NONE', #146, .T. ) ;
#1561 = CARTESIAN_POINT ( 'NONE',  ( 0.04599999999999999900, 0.1899999999999999700, -0.07299999999999996800 ) ) ;
#1562 = EDGE_CURVE ( 'NONE', #1220, #2306, #147, .T. ) ;
#1563 = AXIS2_PLACEMENT_3D ( 'NONE', #2321, #294, #801 ) ;
#1564 = DIRECTION ( 'NONE',  ( 0.0000000000000000000, 0.0000000000000000000, 1.000000000000000000 ) ) ;
#1565 = DIRECTION ( 'NONE',  ( -1.000000000000000000, 0.0000000000000000000, 0.0000000000000000000 ) ) ;
#1566 = ORIENTED_EDGE ( 'NONE', *, *, #43, .F. ) ;
#1567 = CARTESIAN_POINT ( 'NONE',  ( -0.1499999999999999900, 0.01999999999999993400, -0.1399999999999999900 ) ) ;
#1568 = VERTEX_POINT ( 'NONE', #2634 ) ;
#1569 = ORIENTED_EDGE ( 'NONE', *, *, #2448, .T. ) ;
#1570 = DIRECTION ( 'NONE',  ( -0.0000000000000000000, 1.000000000000000000, -0.0000000000000000000 ) ) ;
#1571 = MANIFOLD_SOLID_BREP ( 'Boss-Extrude3[9]', #628 ) ;
#1572 = ORIENTED_EDGE ( 'NONE', *, *, #1498, .T. ) ;
#1573 = VECTOR ( 'NONE', #177, 39.37007874015748100 ) ;
#1574 = AXIS2_PLACEMENT_3D ( 'NONE', #79, #1364, #2102 ) ;
#1575 = PLANE ( 'NONE',  #2013 ) ;
#1576 = ORIENTED_EDGE ( 'NONE', *, *, #1679, .T. ) ;
#1577 = VERTEX_POINT ( 'NONE', #2128 ) ;
#1578 = EDGE_CURVE ( 'NONE', #69, #2721, #1219, .T. ) ;
#1579 = LINE ( 'NONE', #1499, #1431 ) ;
#1580 = LINE ( 'NONE', #207, #2756 ) ;
#1581 = DIRECTION ( 'NONE',  ( 0.0000000000000000000, -0.0000000000000000000, 1.000000000000000000 ) ) ;
#1582 = EDGE_CURVE ( 'NONE', #1076, #1490, #268, .T. ) ;
#1583 = ORIENTED_EDGE ( 'NONE', *, *, #2120, .T. ) ;
#1584 = VECTOR ( 'NONE', #961, 39.37007874015748100 ) ;
#1585 = VECTOR ( 'NONE', #1317, 39.37007874015748100 ) ;
#1586 = ADVANCED_FACE ( 'NONE', ( #681 ), #599, .T. ) ;
#1587 = LENGTH_MEASURE_WITH_UNIT ( LENGTH_MEASURE( 0.02539999999999999900 ), #1031 );
#1588 = DIRECTION ( 'NONE',  ( 0.0000000000000000000, 0.0000000000000000000, 1.000000000000000000 ) ) ;
#1589 = CARTESIAN_POINT ( 'NONE',  ( 0.1500000000000000500, -0.1699999999999999800, 0.1499999999999999900 ) ) ;
#1590 =( GEOMETRIC_REPRESENTATION_CONTEXT ( 3 ) GLOBAL_UNCERTAINTY_ASSIGNED_CONTEXT ( ( #2357 ) ) GLOBAL_UNIT_ASSIGNED_CONTEXT ( ( #2874, #704, #172 ) ) REPRESENTATION_CONTEXT ( 'NONE', 'WORKASPACE' ) );
#1591 = CARTESIAN_POINT ( 'NONE',  ( -0.1289999999999999800, 0.1899999999999999700, -0.07299999999999996800 ) ) ;
#1592 = DIRECTION ( 'NONE',  ( -0.0000000000000000000, 1.000000000000000000, -0.0000000000000000000 ) ) ;
#1593 = VERTEX_POINT ( 'NONE', #2094 ) ;
#1594 = AXIS2_PLACEMENT_3D ( 'NONE', #1392, #1113, #588 ) ;
#1595 = EDGE_CURVE ( 'NONE', #2439, #959, #3233, .T. ) ;
#1596 = ADVANCED_FACE ( 'NONE', ( #958 ), #2700, .T. ) ;
#1597 = DIRECTION ( 'NONE',  ( 0.0000000000000000000, 0.0000000000000000000, -1.000000000000000000 ) ) ;
#1598 = CARTESIAN_POINT ( 'NONE',  ( -0.04999999999999998200, -0.1699999999999999800, -0.1499999999999999900 ) ) ;
#1599 = EDGE_LOOP ( 'NONE', ( #2203, #373, #2169, #1494 ) ) ;
#1600 = EDGE_LOOP ( 'NONE', ( #1176, #2088, #1292, #63 ) ) ;
#1601 = ORIENTED_EDGE ( 'NONE', *, *, #606, .T. ) ;
#1602 = DIRECTION ( 'NONE',  ( -0.7071067811865474600, 0.0000000000000000000, -0.7071067811865474600 ) ) ;
#1603 = APPLICATION_CONTEXT ( 'automotive_design' ) ;
#1604 = VERTEX_POINT ( 'NONE', #2338 ) ;
#1605 = CARTESIAN_POINT ( 'NONE',  ( -0.2357237753709578200, 0.06771127691208797500, -0.08814100491506371400 ) ) ;
#1606 = ORIENTED_EDGE ( 'NONE', *, *, #885, .T. ) ;
#1607 = ORIENTED_EDGE ( 'NONE', *, *, #2833, .F. ) ;
#1608 = ORIENTED_EDGE ( 'NONE', *, *, #1065, .F. ) ;
#1609 = CARTESIAN_POINT ( 'NONE',  ( 0.1290000000000000000, 0.1899999999999999700, -0.07299999999999998200 ) ) ;
#1610 = ADVANCED_FACE ( 'NONE', ( #2228 ), #55, .F. ) ;
#1611 = ORIENTED_EDGE ( 'NONE', *, *, #2740, .T. ) ;
#1612 = MECHANICAL_DESIGN_GEOMETRIC_PRESENTATION_REPRESENTATION (  '', ( #3166 ), #2336 ) ;
#1613 = LINE ( 'NONE', #886, #2212 ) ;
#1614 = FACE_OUTER_BOUND ( 'NONE', #2408, .T. ) ;
#1615 = FILL_AREA_STYLE ('',( #2368 ) ) ;
#1616 = EDGE_CURVE ( 'NONE', #640, #1923, #678, .T. ) ;
#1617 = CIRCLE ( 'NONE', #1435, 0.01000000000000001200 ) ;
#1618 = PRODUCT_DEFINITION ( 'UNKNOWN', '', #706, #1212 ) ;
#1619 = CARTESIAN_POINT ( 'NONE',  ( -0.3499999999999997600, 0.01999999999999993400, 0.1228747148169490000 ) ) ;
#1620 =( NAMED_UNIT ( * ) SI_UNIT ( $, .STERADIAN. ) SOLID_ANGLE_UNIT ( ) );
#1621 = EDGE_CURVE ( 'NONE', #3019, #2243, #587, .T. ) ;
#1622 = DIRECTION ( 'NONE',  ( -0.0000000000000000000, -1.000000000000000000, -0.0000000000000000000 ) ) ;
#1623 = APPLICATION_PROTOCOL_DEFINITION ( 'draft international standard', 'automotive_design', 1998, #1603 ) ;
#1624 = FACE_OUTER_BOUND ( 'NONE', #651, .T. ) ;
#1625 = ORIENTED_EDGE ( 'NONE', *, *, #1861, .T. ) ;
#1626 = MANIFOLD_SOLID_BREP ( 'Boss-Extrude4[4]', #1418 ) ;
#1627 = ADVANCED_FACE ( 'NONE', ( #2883 ), #2388, .F. ) ;
#1628 = FACE_OUTER_BOUND ( 'NONE', #639, .T. ) ;
#1629 = CARTESIAN_POINT ( 'NONE',  ( 0.0000000000000000000, 0.01999999999999993400, 0.2000000000000000900 ) ) ;
#1630 = CARTESIAN_POINT ( 'NONE',  ( 0.2500000000000000600, -0.1699999999999999800, 0.1399999999999999900 ) ) ;
#1631 = CARTESIAN_POINT ( 'NONE',  ( 0.2500000000000000600, -0.1699999999999999800, -0.1499999999999999900 ) ) ;
#1632 = ORIENTED_EDGE ( 'NONE', *, *, #1965, .T. ) ;
#1633 = CARTESIAN_POINT ( 'NONE',  ( -0.2209999999999999200, 0.1899999999999999700, 0.07300000000000000900 ) ) ;
#1634 = LINE ( 'NONE', #1000, #2021 ) ;
#1635 = AXIS2_PLACEMENT_3D ( 'NONE', #1532, #540, #2624 ) ;
#1636 = CARTESIAN_POINT ( 'NONE',  ( -0.3499999999999997600, 0.2000000000000000100, -0.1999999999999999300 ) ) ;
#1637 = EDGE_CURVE ( 'NONE', #1593, #195, #1790, .T. ) ;
#1638 = LINE ( 'NONE', #2565, #518 ) ;
#1639 = DIRECTION ( 'NONE',  ( 0.0000000000000000000, 0.0000000000000000000, 1.000000000000000000 ) ) ;
#1640 = AXIS2_PLACEMENT_3D ( 'NONE', #2259, #2521, #1800 ) ;
#1641 = VERTEX_POINT ( 'NONE', #3184 ) ;
#1642 = EDGE_CURVE ( 'NONE', #984, #3199, #874, .T. ) ;
#1643 = VERTEX_POINT ( 'NONE', #1413 ) ;
#1644 = VERTEX_POINT ( 'NONE', #881 ) ;
#1645 = ADVANCED_FACE ( 'NONE', ( #1827 ), #1675, .F. ) ;
#1646 = CARTESIAN_POINT ( 'NONE',  ( 0.04599999999999999900, 0.1899999999999999700, 0.07300000000000003700 ) ) ;
#1647 = ORIENTED_EDGE ( 'NONE', *, *, #484, .F. ) ;
#1648 = ORIENTED_EDGE ( 'NONE', *, *, #1378, .T. ) ;
#1649 = ORIENTED_EDGE ( 'NONE', *, *, #2833, .T. ) ;
#1650 = FACE_OUTER_BOUND ( 'NONE', #2672, .T. ) ;
#1651 = AXIS2_PLACEMENT_3D ( 'NONE', #2177, #1659, #1119 ) ;
#1652 = LINE ( 'NONE', #2143, #494 ) ;
#1653 = CARTESIAN_POINT ( 'NONE',  ( -0.2500000000000000000, -0.1699999999999999800, 0.1499999999999999900 ) ) ;
#1654 = VERTEX_POINT ( 'NONE', #2138 ) ;
#1655 = FACE_OUTER_BOUND ( 'NONE', #378, .T. ) ;
#1656 = CYLINDRICAL_SURFACE ( 'NONE', #1893, 0.01000000000000001200 ) ;
#1657 = EDGE_LOOP ( 'NONE', ( #433, #2857, #1308, #2065 ) ) ;
#1658 = AXIS2_PLACEMENT_3D ( 'NONE', #404, #2915, #1710 ) ;
#1659 = DIRECTION ( 'NONE',  ( 0.0000000000000000000, 1.000000000000000000, 0.0000000000000000000 ) ) ;
#1660 = CIRCLE ( 'NONE', #2590, 0.01000000000000001200 ) ;
#1661 = DIRECTION ( 'NONE',  ( 0.0000000000000000000, 1.000000000000000000, 0.0000000000000000000 ) ) ;
#1662 = CARTESIAN_POINT ( 'NONE',  ( 0.2209999999999999700, 0.1899999999999999700, -0.07299999999999996800 ) ) ;
#1663 = EDGE_CURVE ( 'NONE', #922, #744, #3044, .T. ) ;
#1664 = DIRECTION ( 'NONE',  ( -1.000000000000000000, -0.0000000000000000000, -0.0000000000000000000 ) ) ;
#1665 = LINE ( 'NONE', #2026, #340 ) ;
#1666 = ADVANCED_FACE ( 'NONE', ( #1037 ), #2156, .F. ) ;
#1667 = CARTESIAN_POINT ( 'NONE',  ( 0.3039999999999999900, 0.1799999999999999900, 0.07300000000000000900 ) ) ;
#1668 = VECTOR ( 'NONE', #1189, 39.37007874015748900 ) ;
#1669 = CARTESIAN_POINT ( 'NONE',  ( 0.1290000000000000000, 0.1899999999999999700, 0.07300000000000000900 ) ) ;
#1670 = VECTOR ( 'NONE', #2834, 39.37007874015748100 ) ;
#1671 = DIRECTION ( 'NONE',  ( 0.0000000000000000000, -1.000000000000000000, 0.0000000000000000000 ) ) ;
#1672 = CARTESIAN_POINT ( 'NONE',  ( 0.3500000000000001400, 0.0000000000000000000, -0.1999999999999999800 ) ) ;
#1673 = ORIENTED_EDGE ( 'NONE', *, *, #631, .T. ) ;
#1674 = CYLINDRICAL_SURFACE ( 'NONE', #1574, 0.01000000000000001200 ) ;
#1675 = PLANE ( 'NONE',  #1764 ) ;
#1676 = DIRECTION ( 'NONE',  ( -0.0000000000000000000, 1.000000000000000000, -0.0000000000000000000 ) ) ;
#1677 = EDGE_LOOP ( 'NONE', ( #659, #1348, #458, #1949 ) ) ;
#1678 = ADVANCED_FACE ( 'NONE', ( #1560 ), #618, .F. ) ;
#1679 = EDGE_CURVE ( 'NONE', #2958, #1393, #2767, .T. ) ;
#1680 = EDGE_LOOP ( 'NONE', ( #2438, #2558 ) ) ;
#1681 = DIRECTION ( 'NONE',  ( -0.0000000000000000000, -1.000000000000000000, -0.0000000000000000000 ) ) ;
#1682 = AXIS2_PLACEMENT_3D ( 'NONE', #381, #1889, #2391 ) ;
#1683 = ORIENTED_EDGE ( 'NONE', *, *, #1002, .F. ) ;
#1684 = EDGE_CURVE ( 'NONE', #1961, #509, #1077, .T. ) ;
#1685 = DIRECTION ( 'NONE',  ( 0.0000000000000000000, 0.0000000000000000000, -1.000000000000000000 ) ) ;
#1686 = DIRECTION ( 'NONE',  ( 0.0000000000000000000, 0.0000000000000000000, 1.000000000000000000 ) ) ;
#1687 = ORIENTED_EDGE ( 'NONE', *, *, #677, .F. ) ;
#1688 = ORIENTED_EDGE ( 'NONE', *, *, #3043, .T. ) ;
#1689 = EDGE_LOOP ( 'NONE', ( #1647, #1163, #2714, #28 ) ) ;
#1690 = VERTEX_POINT ( 'NONE', #927 ) ;
#1691 = VECTOR ( 'NONE', #2755, 39.37007874015748100 ) ;
#1692 = CARTESIAN_POINT ( 'NONE',  ( -0.04999999999999998200, -0.1699999999999999800, 0.1499999999999999900 ) ) ;
#1693 = DIRECTION ( 'NONE',  ( -1.000000000000000000, 0.0000000000000000000, 2.057114453060438200E-016 ) ) ;
#1694 = EDGE_LOOP ( 'NONE', ( #604, #406, #1576, #3101 ) ) ;
#1695 = VERTEX_POINT ( 'NONE', #2209 ) ;
#1696 = COLOUR_RGB ( '',1.000000000000000000, 1.000000000000000000, 1.000000000000000000 ) ;
#1697 = DIRECTION ( 'NONE',  ( -0.0000000000000000000, -0.0000000000000000000, 1.000000000000000000 ) ) ;
#1698 = CARTESIAN_POINT ( 'NONE',  ( -0.3039999999999999400, 0.1799999999999999900, 0.07300000000000003700 ) ) ;
#1699 = ORIENTED_EDGE ( 'NONE', *, *, #1582, .T. ) ;
#1700 = AXIS2_PLACEMENT_3D ( 'NONE', #2946, #957, #2461 ) ;
#1701 = LINE ( 'NONE', #2532, #1436 ) ;
#1702 = DIRECTION ( 'NONE',  ( 0.0000000000000000000, 0.0000000000000000000, 1.000000000000000000 ) ) ;
#1703 = FACE_OUTER_BOUND ( 'NONE', #3141, .T. ) ;
#1704 = EDGE_CURVE ( 'NONE', #721, #699, #148, .T. ) ;
#1705 = AXIS2_PLACEMENT_3D ( 'NONE', #770, #2768, #3014 ) ;
#1706 = CARTESIAN_POINT ( 'NONE',  ( -0.1499999999999999900, 0.01999999999999993400, -0.1499999999999999900 ) ) ;
#1707 = DIMENSIONAL_EXPONENTS ( 1.000000000000000000, 0.0000000000000000000, 0.0000000000000000000, 0.0000000000000000000, 0.0000000000000000000, 0.0000000000000000000, 0.0000000000000000000 ) ;
#1708 = EDGE_CURVE ( 'NONE', #1753, #3230, #911, .T. ) ;
#1709 = FACE_OUTER_BOUND ( 'NONE', #3140, .T. ) ;
#1710 = DIRECTION ( 'NONE',  ( 0.0000000000000000000, 0.0000000000000000000, -1.000000000000000000 ) ) ;
#1711 = LINE ( 'NONE', #1032, #790 ) ;
#1712 = VECTOR ( 'NONE', #638, 39.37007874015748100 ) ;
#1713 = CARTESIAN_POINT ( 'NONE',  ( -0.04999999999999998200, -0.1699999999999999800, -0.1399999999999999900 ) ) ;
#1714 = CARTESIAN_POINT ( 'NONE',  ( -0.04599999999999996500, 0.1799999999999999900, 0.07300000000000000900 ) ) ;
#1715 = VECTOR ( 'NONE', #2836, 39.37007874015748100 ) ;
#1716 = DIRECTION ( 'NONE',  ( -0.0000000000000000000, 1.000000000000000000, -0.0000000000000000000 ) ) ;
#1717 =( LENGTH_UNIT ( ) NAMED_UNIT ( * ) SI_UNIT ( $, .METRE. ) );
#1718 = DIRECTION ( 'NONE',  ( -0.0000000000000000000, 1.000000000000000000, -0.0000000000000000000 ) ) ;
#1719 = ORIENTED_EDGE ( 'NONE', *, *, #2704, .F. ) ;
#1720 = CARTESIAN_POINT ( 'NONE',  ( 0.04599999999999999900, 0.1899999999999999700, -0.07299999999999996800 ) ) ;
#1721 = CARTESIAN_POINT ( 'NONE',  ( -0.04999999999999998200, -0.1699999999999999800, 0.1499999999999999900 ) ) ;
#1722 = AXIS2_PLACEMENT_3D ( 'NONE', #674, #3165, #928 ) ;
#1723 = ORIENTED_EDGE ( 'NONE', *, *, #2850, .T. ) ;
#1724 = VERTEX_POINT ( 'NONE', #409 ) ;
#1725 = EDGE_CURVE ( 'NONE', #1935, #2626, #310, .T. ) ;
#1726 = EDGE_LOOP ( 'NONE', ( #1759, #1924, #1352, #3273 ) ) ;
#1727 = CARTESIAN_POINT ( 'NONE',  ( -0.1289999999999999800, 0.1799999999999999900, 0.07300000000000003700 ) ) ;
#1728 = CARTESIAN_POINT ( 'NONE',  ( 0.1500000000000000500, -0.1699999999999999800, 0.1499999999999999900 ) ) ;
#1729 = CARTESIAN_POINT ( 'NONE',  ( -0.2209999999999999200, 0.1899999999999999700, 0.07300000000000000900 ) ) ;
#1730 = CARTESIAN_POINT ( 'NONE',  ( -0.04999999999999998200, 0.01999999999999993400, -0.1600000000000000000 ) ) ;
#1731 = EDGE_LOOP ( 'NONE', ( #2392, #3179, #1010, #2820 ) ) ;
#1732 = FACE_OUTER_BOUND ( 'NONE', #3013, .T. ) ;
#1733 = EDGE_LOOP ( 'NONE', ( #35, #2860, #1047, #3117 ) ) ;
#1734 = VECTOR ( 'NONE', #341, 39.37007874015748100 ) ;
#1735 = PLANE ( 'NONE',  #305 ) ;
#1736 = FACE_OUTER_BOUND ( 'NONE', #2085, .T. ) ;
#1737 = ORIENTED_EDGE ( 'NONE', *, *, #106, .T. ) ;
#1738 = CARTESIAN_POINT ( 'NONE',  ( 0.2209999999999999700, 0.1799999999999999900, 0.07300000000000003700 ) ) ;
#1739 = MECHANICAL_DESIGN_GEOMETRIC_PRESENTATION_REPRESENTATION (  '', ( #823 ), #1290 ) ;
#1740 = VECTOR ( 'NONE', #1676, 39.37007874015748100 ) ;
#1741 = EDGE_CURVE ( 'NONE', #1968, #1690, #387, .T. ) ;
#1742 = PLANE ( 'NONE',  #1936 ) ;
#1743 = AXIS2_PLACEMENT_3D ( 'NONE', #519, #2814, #3277 ) ;
#1744 = FACE_OUTER_BOUND ( 'NONE', #1815, .T. ) ;
#1745 = CARTESIAN_POINT ( 'NONE',  ( -0.2209999999999999200, 0.1899999999999999700, -0.07299999999999998200 ) ) ;
#1746 = PLANE ( 'NONE',  #1360 ) ;
#1747 = EDGE_CURVE ( 'NONE', #1384, #1604, #2183, .T. ) ;
#1748 = CARTESIAN_POINT ( 'NONE',  ( 0.2500000000000000600, -0.1699999999999999800, 0.1499999999999999900 ) ) ;
#1749 = DIRECTION ( 'NONE',  ( -0.5346750552740207100, -0.8450577407891859400, 0.0000000000000000000 ) ) ;
#1750 = VERTEX_POINT ( 'NONE', #2733 ) ;
#1751 = CIRCLE ( 'NONE', #2467, 0.01000000000000001200 ) ;
#1752 = VECTOR ( 'NONE', #155, 39.37007874015748100 ) ;
#1753 = VERTEX_POINT ( 'NONE', #919 ) ;
#1754 = CIRCLE ( 'NONE', #2751, 0.01000000000000001200 ) ;
#1755 = CARTESIAN_POINT ( 'NONE',  ( 0.3500000000000001400, 0.1899999999999999700, -0.1699164635289651100 ) ) ;
#1756 = ORIENTED_EDGE ( 'NONE', *, *, #2454, .T. ) ;
#1757 = DIRECTION ( 'NONE',  ( -1.000000000000000000, 0.0000000000000000000, 9.756599977372368600E-017 ) ) ;
#1758 = CARTESIAN_POINT ( 'NONE',  ( 0.1290000000000000000, 0.1899999999999999700, -0.07299999999999998200 ) ) ;
#1759 = ORIENTED_EDGE ( 'NONE', *, *, #60, .T. ) ;
#1760 = STYLED_ITEM ( 'NONE', ( #1021 ), #792 ) ;
#1761 = DIRECTION ( 'NONE',  ( -0.4553979250405419400, 0.7197596706613034200, -0.5239835363427947100 ) ) ;
#1762 = CARTESIAN_POINT ( 'NONE',  ( -0.04599999999999996500, 0.1799999999999999900, 0.07300000000000000900 ) ) ;
#1763 = ORIENTED_EDGE ( 'NONE', *, *, #1578, .T. ) ;
#1764 = AXIS2_PLACEMENT_3D ( 'NONE', #2172, #2683, #1685 ) ;
#1765 = EDGE_LOOP ( 'NONE', ( #1803, #1130, #1181, #1572 ) ) ;
#1766 = EDGE_CURVE ( 'NONE', #2024, #736, #835, .T. ) ;
#1767 = DIRECTION ( 'NONE',  ( 0.0000000000000000000, 0.0000000000000000000, -1.000000000000000000 ) ) ;
#1768 = VERTEX_POINT ( 'NONE', #1987 ) ;
#1769 = CARTESIAN_POINT ( 'NONE',  ( 0.3039999999999999900, 0.1899999999999999700, 0.07300000000000000900 ) ) ;
#1770 = ORIENTED_EDGE ( 'NONE', *, *, #1825, .T. ) ;
#1771 = MANIFOLD_SOLID_BREP ( 'Boss-Extrude3[5]', #1458 ) ;
#1772 = VERTEX_POINT ( 'NONE', #3236 ) ;
#1773 = SHAPE_DEFINITION_REPRESENTATION ( #4, #2108 ) ;
#1774 = ORIENTED_EDGE ( 'NONE', *, *, #1582, .F. ) ;
#1775 = LINE ( 'NONE', #3240, #1246 ) ;
#1776 = CARTESIAN_POINT ( 'NONE',  ( -0.04599999999999996500, 0.1899999999999999700, -0.07299999999999998200 ) ) ;
#1777 = CARTESIAN_POINT ( 'NONE',  ( 0.2659110967678854900, 0.01999999999999993400, -0.2000000000000000100 ) ) ;
#1778 = FACE_OUTER_BOUND ( 'NONE', #2829, .T. ) ;
#1779 = ADVANCED_FACE ( 'NONE', ( #2340 ), #1742, .F. ) ;
#1780 = DIRECTION ( 'NONE',  ( 0.0000000000000000000, 0.0000000000000000000, 1.000000000000000000 ) ) ;
#1781 = LINE ( 'NONE', #645, #2576 ) ;
#1782 = AXIS2_PLACEMENT_3D ( 'NONE', #598, #2620, #2374 ) ;
#1783 = PLANE ( 'NONE',  #1296 ) ;
#1784 = DIRECTION ( 'NONE',  ( -0.0000000000000000000, -1.000000000000000000, -0.0000000000000000000 ) ) ;
#1785 = EDGE_CURVE ( 'NONE', #744, #2410, #908, .T. ) ;
#1786 = EDGE_LOOP ( 'NONE', ( #1927, #2268, #6, #1860 ) ) ;
#1787 = DIRECTION ( 'NONE',  ( 0.0000000000000000000, 1.000000000000000000, 0.0000000000000000000 ) ) ;
#1788 = AXIS2_PLACEMENT_3D ( 'NONE', #673, #923, #694 ) ;
#1789 = CARTESIAN_POINT ( 'NONE',  ( -0.04999999999999998200, 0.01999999999999993400, -0.1399999999999999900 ) ) ;
#1790 = LINE ( 'NONE', #1152, #2343 ) ;
#1791 = VERTEX_POINT ( 'NONE', #1286 ) ;
#1792 = EDGE_CURVE ( 'NONE', #412, #178, #3000, .T. ) ;
#1793 = VECTOR ( 'NONE', #969, 39.37007874015748100 ) ;
#1794 = ORIENTED_EDGE ( 'NONE', *, *, #545, .F. ) ;
#1795 = CARTESIAN_POINT ( 'NONE',  ( -0.1289999999999999800, 0.1899999999999999700, -0.07299999999999996800 ) ) ;
#1796 = LINE ( 'NONE', #789, #1222 ) ;
#1797 = CARTESIAN_POINT ( 'NONE',  ( 0.05000000000000001000, -0.1699999999999999800, 0.1499999999999999900 ) ) ;
#1798 = ORIENTED_EDGE ( 'NONE', *, *, #1684, .F. ) ;
#1799 = EDGE_LOOP ( 'NONE', ( #3020, #2352, #603, #1632 ) ) ;
#1800 = DIRECTION ( 'NONE',  ( 0.0000000000000000000, 0.0000000000000000000, 1.000000000000000000 ) ) ;
#1801 = STYLED_ITEM ( 'NONE', ( #3267 ), #1401 ) ;
#1802 = ORIENTED_EDGE ( 'NONE', *, *, #2757, .F. ) ;
#1803 = ORIENTED_EDGE ( 'NONE', *, *, #1108, .T. ) ;
#1804 = EDGE_CURVE ( 'NONE', #1121, #327, #2613, .T. ) ;
#1805 = EDGE_LOOP ( 'NONE', ( #558, #2398, #974, #490 ) ) ;
#1806 = ORIENTED_EDGE ( 'NONE', *, *, #1804, .F. ) ;
#1807 = CARTESIAN_POINT ( 'NONE',  ( 0.1290000000000000000, 0.1899999999999999700, -0.07299999999999998200 ) ) ;
#1808 = ORIENTED_EDGE ( 'NONE', *, *, #1578, .F. ) ;
#1809 = EDGE_CURVE ( 'NONE', #2902, #1496, #2429, .T. ) ;
#1810 = CARTESIAN_POINT ( 'NONE',  ( 0.1290000000000000000, 0.1799999999999999900, 0.07300000000000000900 ) ) ;
#1811 = LINE ( 'NONE', #2133, #1061 ) ;
#1812 = PLANE ( 'NONE',  #1743 ) ;
#1813 = ADVANCED_FACE ( 'NONE', ( #715 ), #3033, .F. ) ;
#1814 = DIRECTION ( 'NONE',  ( -0.5346750552740207100, -0.8450577407891859400, 0.0000000000000000000 ) ) ;
#1815 = EDGE_LOOP ( 'NONE', ( #2564, #3063, #1050, #2940 ) ) ;
#1816 = VECTOR ( 'NONE', #227, 39.37007874015748100 ) ;
#1817 = CIRCLE ( 'NONE', #2292, 0.01000000000000001200 ) ;
#1818 = CARTESIAN_POINT ( 'NONE',  ( 0.3500000000000001400, 0.1899999999999999700, 0.1699164635289651100 ) ) ;
#1819 = AXIS2_PLACEMENT_3D ( 'NONE', #162, #1681, #3208 ) ;
#1820 = DIRECTION ( 'NONE',  ( 0.0000000000000000000, 0.0000000000000000000, 1.000000000000000000 ) ) ;
#1821 = CYLINDRICAL_SURFACE ( 'NONE', #182, 0.01000000000000001200 ) ;
#1822 = PLANE ( 'NONE',  #761 ) ;
#1823 = DIRECTION ( 'NONE',  ( 0.0000000000000000000, -0.8084571144586517600, -0.5885550900987860400 ) ) ;
#1824 = VERTEX_POINT ( 'NONE', #1332 ) ;
#1825 = EDGE_CURVE ( 'NONE', #77, #1093, #226, .T. ) ;
#1826 = ADVANCED_FACE ( 'NONE', ( #1160 ), #3274, .T. ) ;
#1827 = FACE_OUTER_BOUND ( 'NONE', #1786, .T. ) ;
#1828 = ORIENTED_EDGE ( 'NONE', *, *, #2337, .T. ) ;
#1829 = CARTESIAN_POINT ( 'NONE',  ( -0.1499999999999999900, -0.1699999999999999800, -0.1499999999999999900 ) ) ;
#1830 = VECTOR ( 'NONE', #1622, 39.37007874015748100 ) ;
#1831 = ORIENTED_EDGE ( 'NONE', *, *, #1766, .F. ) ;
#1832 = DIRECTION ( 'NONE',  ( 0.0000000000000000000, -1.000000000000000000, 0.0000000000000000000 ) ) ;
#1833 = DIRECTION ( 'NONE',  ( 1.000000000000000000, 0.0000000000000000000, 0.0000000000000000000 ) ) ;
#1834 = ORIENTED_EDGE ( 'NONE', *, *, #261, .F. ) ;
#1835 = ORIENTED_EDGE ( 'NONE', *, *, #165, .F. ) ;
#1836 = PLANE ( 'NONE',  #202 ) ;
#1837 = ORIENTED_EDGE ( 'NONE', *, *, #2492, .F. ) ;
#1838 = CARTESIAN_POINT ( 'NONE',  ( -0.2500000000000000000, 0.01999999999999993400, -0.1600000000000000000 ) ) ;
#1839 = ORIENTED_EDGE ( 'NONE', *, *, #2724, .F. ) ;
#1840 = DIRECTION ( 'NONE',  ( 0.0000000000000000000, 0.0000000000000000000, -1.000000000000000000 ) ) ;
#1841 = ADVANCED_FACE ( 'NONE', ( #308 ), #1553, .F. ) ;
#1842 = DIRECTION ( 'NONE',  ( 0.0000000000000000000, 0.0000000000000000000, -1.000000000000000000 ) ) ;
#1843 = EDGE_LOOP ( 'NONE', ( #107, #324 ) ) ;
#1844 = SURFACE_SIDE_STYLE ('',( #333 ) ) ;
#1845 = ORIENTED_EDGE ( 'NONE', *, *, #283, .T. ) ;
#1846 = EDGE_CURVE ( 'NONE', #195, #1482, #2839, .T. ) ;
#1847 = AXIS2_PLACEMENT_3D ( 'NONE', #1945, #676, #1460 ) ;
#1848 = VECTOR ( 'NONE', #1224, 39.37007874015748100 ) ;
#1849 = DIRECTION ( 'NONE',  ( -0.0000000000000000000, -0.0000000000000000000, 1.000000000000000000 ) ) ;
#1850 = LINE ( 'NONE', #2048, #1192 ) ;
#1851 = DIRECTION ( 'NONE',  ( -0.0000000000000000000, -1.000000000000000000, -0.0000000000000000000 ) ) ;
#1852 = EDGE_CURVE ( 'NONE', #2516, #2534, #2533, .T. ) ;
#1853 = CARTESIAN_POINT ( 'NONE',  ( 0.2500000000000000600, -0.1699999999999999800, -0.1499999999999999900 ) ) ;
#1854 = FACE_OUTER_BOUND ( 'NONE', #2264, .T. ) ;
#1855 = FACE_OUTER_BOUND ( 'NONE', #1843, .T. ) ;
#1856 = ADVANCED_FACE ( 'NONE', ( #996 ), #1324, .F. ) ;
#1857 = DIRECTION ( 'NONE',  ( 1.000000000000000000, 0.0000000000000000000, -2.057114453060438900E-016 ) ) ;
#1858 = DIRECTION ( 'NONE',  ( -0.0000000000000000000, 1.000000000000000000, -0.0000000000000000000 ) ) ;
#1859 = CARTESIAN_POINT ( 'NONE',  ( -0.04599999999999996500, 0.1899999999999999700, 0.07300000000000000900 ) ) ;
#1860 = ORIENTED_EDGE ( 'NONE', *, *, #165, .T. ) ;
#1861 = EDGE_CURVE ( 'NONE', #2003, #1484, #832, .T. ) ;
#1862 = VECTOR ( 'NONE', #1881, 39.37007874015748100 ) ;
#1863 = DIRECTION ( 'NONE',  ( -1.000000000000000000, 0.0000000000000000000, -0.0000000000000000000 ) ) ;
#1864 = ORIENTED_EDGE ( 'NONE', *, *, #2854, .T. ) ;
#1865 = VECTOR ( 'NONE', #2163, 39.37007874015748100 ) ;
#1866 = UNCERTAINTY_MEASURE_WITH_UNIT (LENGTH_MEASURE( 1.000000000000000100E-005 ), #2801, 'distance_accuracy_value', 'NONE');
#1867 = EDGE_CURVE ( 'NONE', #2072, #1824, #584, .T. ) ;
#1868 = CARTESIAN_POINT ( 'NONE',  ( -0.3499999999999997600, 0.2000000000000000100, 0.1475458765538846500 ) ) ;
#1869 = LINE ( 'NONE', #2845, #1715 ) ;
#1870 =( CONVERSION_BASED_UNIT ( 'INCH', #2431 ) LENGTH_UNIT ( ) NAMED_UNIT ( #1453 ) );
#1871 = CARTESIAN_POINT ( 'NONE',  ( 0.05000000000000001000, 0.01999999999999993400, 0.1499999999999999900 ) ) ;
#1872 = VERTEX_POINT ( 'NONE', #3074 ) ;
#1873 = ADVANCED_FACE ( 'NONE', ( #1257 ), #286, .F. ) ;
#1874 = ORIENTED_EDGE ( 'NONE', *, *, #1637, .T. ) ;
#1875 =( NAMED_UNIT ( * ) SI_UNIT ( $, .STERADIAN. ) SOLID_ANGLE_UNIT ( ) );
#1876 = DIRECTION ( 'NONE',  ( 0.7071067811865475700, 0.0000000000000000000, -0.7071067811865475700 ) ) ;
#1877 = ORIENTED_EDGE ( 'NONE', *, *, #2033, .T. ) ;
#1878 = ORIENTED_EDGE ( 'NONE', *, *, #2550, .T. ) ;
#1879 = DIRECTION ( 'NONE',  ( -1.000000000000000000, -0.0000000000000000000, -0.0000000000000000000 ) ) ;
#1880 = CARTESIAN_POINT ( 'NONE',  ( 0.1290000000000000000, 0.1799999999999999900, 0.07300000000000000900 ) ) ;
#1881 = DIRECTION ( 'NONE',  ( 0.0000000000000000000, 0.0000000000000000000, -1.000000000000000000 ) ) ;
#1882 = EDGE_LOOP ( 'NONE', ( #2775, #288 ) ) ;
#1883 = VERTEX_POINT ( 'NONE', #1446 ) ;
#1884 = LINE ( 'NONE', #1202, #1573 ) ;
#1885 = AXIS2_PLACEMENT_3D ( 'NONE', #1952, #385, #2671 ) ;
#1886 = PLANE ( 'NONE',  #1651 ) ;
#1887 = CIRCLE ( 'NONE', #354, 0.01000000000000001200 ) ;
#1888 = ORIENTED_EDGE ( 'NONE', *, *, #3091, .F. ) ;
#1889 = DIRECTION ( 'NONE',  ( -2.057114453060438900E-016, 0.0000000000000000000, -1.000000000000000000 ) ) ;
#1890 = EDGE_CURVE ( 'NONE', #2240, #699, #2426, .T. ) ;
#1891 = DIRECTION ( 'NONE',  ( 0.0000000000000000000, -0.8084571144586517600, -0.5885550900987860400 ) ) ;
#1892 = FACE_OUTER_BOUND ( 'NONE', #2362, .T. ) ;
#1893 = AXIS2_PLACEMENT_3D ( 'NONE', #1728, #1716, #1227 ) ;
#1894 = ADVANCED_FACE ( 'NONE', ( #2139 ), #1821, .T. ) ;
#1895 = DIRECTION ( 'NONE',  ( -1.000000000000000000, 0.0000000000000000000, 0.0000000000000000000 ) ) ;
#1896 = FACE_OUTER_BOUND ( 'NONE', #3213, .T. ) ;
#1897 = CARTESIAN_POINT ( 'NONE',  ( -0.04999999999999998200, -0.1699999999999999800, 0.1600000000000000000 ) ) ;
#1898 = LINE ( 'NONE', #3118, #1199 ) ;
#1899 = LINE ( 'NONE', #3144, #2136 ) ;
#1900 = CARTESIAN_POINT ( 'NONE',  ( 0.2659110967678854900, 0.01999999999999993400, 0.2000000000000000900 ) ) ;
#1901 = DIMENSIONAL_EXPONENTS ( 1.000000000000000000, 0.0000000000000000000, 0.0000000000000000000, 0.0000000000000000000, 0.0000000000000000000, 0.0000000000000000000, 0.0000000000000000000 ) ;
#1902 = LINE ( 'NONE', #1201, #224 ) ;
#1903 = ORIENTED_EDGE ( 'NONE', *, *, #2508, .F. ) ;
#1904 = DIRECTION ( 'NONE',  ( 0.0000000000000000000, 0.7041595143854763000, -0.7100418144732112400 ) ) ;
#1905 = DIRECTION ( 'NONE',  ( -0.0000000000000000000, -0.0000000000000000000, 1.000000000000000000 ) ) ;
#1906 = FACE_OUTER_BOUND ( 'NONE', #2538, .T. ) ;
#1907 = AXIS2_PLACEMENT_3D ( 'NONE', #242, #2283, #2061 ) ;
#1908 = ORIENTED_EDGE ( 'NONE', *, *, #1708, .T. ) ;
#1909 = ADVANCED_FACE ( 'NONE', ( #1744 ), #2702, .F. ) ;
#1910 = LINE ( 'NONE', #2170, #3200 ) ;
#1911 = DIRECTION ( 'NONE',  ( -0.0000000000000000000, -0.0000000000000000000, 1.000000000000000000 ) ) ;
#1912 = PRESENTATION_LAYER_ASSIGNMENT (  '', '', ( #374 ) ) ;
#1913 = CARTESIAN_POINT ( 'NONE',  ( 0.2500000000000000600, -0.1699999999999999800, 0.1499999999999999900 ) ) ;
#1914 = CARTESIAN_POINT ( 'NONE',  ( -0.04999999999999998200, -0.1699999999999999800, -0.1499999999999999900 ) ) ;
#1915 = CARTESIAN_POINT ( 'NONE',  ( 0.3500000000000001400, 0.01999999999999993400, 0.1228747148169490000 ) ) ;
#1916 = ORIENTED_EDGE ( 'NONE', *, *, #2470, .F. ) ;
#1917 = DIRECTION ( 'NONE',  ( 0.0000000000000000000, 1.000000000000000000, 0.0000000000000000000 ) ) ;
#1918 = CLOSED_SHELL ( 'NONE', ( #1779, #1429, #1856, #15, #2540, #1627 ) ) ;
#1919 = EDGE_LOOP ( 'NONE', ( #2355, #1683, #2939, #2201 ) ) ;
#1920 = ORIENTED_EDGE ( 'NONE', *, *, #1595, .T. ) ;
#1921 = FILL_AREA_STYLE_COLOUR ( '', #1214 ) ;
#1922 = PLANE ( 'NONE',  #3220 ) ;
#1923 = VERTEX_POINT ( 'NONE', #2938 ) ;
#1924 = ORIENTED_EDGE ( 'NONE', *, *, #2218, .T. ) ;
#1925 = DIRECTION ( 'NONE',  ( -0.0000000000000000000, 1.000000000000000000, -0.0000000000000000000 ) ) ;
#1926 = ADVANCED_FACE ( 'NONE', ( #145 ), #2423, .F. ) ;
#1927 = ORIENTED_EDGE ( 'NONE', *, *, #3130, .T. ) ;
#1928 = FACE_OUTER_BOUND ( 'NONE', #1694, .T. ) ;
#1929 = SURFACE_STYLE_USAGE ( .BOTH. , #3176 ) ;
#1930 = AXIS2_PLACEMENT_3D ( 'NONE', #2666, #2642, #1452 ) ;
#1931 = DIRECTION ( 'NONE',  ( -0.0000000000000000000, -1.000000000000000000, -0.0000000000000000000 ) ) ;
#1932 = EDGE_LOOP ( 'NONE', ( #2453, #771, #328, #2081 ) ) ;
#1933 = CIRCLE ( 'NONE', #1488, 0.01000000000000001200 ) ;
#1934 = FACE_OUTER_BOUND ( 'NONE', #1726, .T. ) ;
#1935 = VERTEX_POINT ( 'NONE', #3163 ) ;
#1936 = AXIS2_PLACEMENT_3D ( 'NONE', #3258, #2771, #2253 ) ;
#1937 = DIRECTION ( 'NONE',  ( 0.0000000000000000000, 0.0000000000000000000, 1.000000000000000000 ) ) ;
#1938 = LINE ( 'NONE', #1481, #2528 ) ;
#1939 = FACE_OUTER_BOUND ( 'NONE', #1117, .T. ) ;
#1940 = DIMENSIONAL_EXPONENTS ( 1.000000000000000000, 0.0000000000000000000, 0.0000000000000000000, 0.0000000000000000000, 0.0000000000000000000, 0.0000000000000000000, 0.0000000000000000000 ) ;
#1941 = EDGE_CURVE ( 'NONE', #3094, #2072, #3157, .T. ) ;
#1942 = FACE_OUTER_BOUND ( 'NONE', #1954, .T. ) ;
#1943 = CARTESIAN_POINT ( 'NONE',  ( 0.3500000000000001400, 0.1999999999999999800, 0.1799999999999999400 ) ) ;
#1944 = CARTESIAN_POINT ( 'NONE',  ( -0.2209999999999999200, 0.1799999999999999900, -0.07299999999999998200 ) ) ;
#1945 = CARTESIAN_POINT ( 'NONE',  ( 0.0000000000000000000, 0.1899999999999999700, 0.0000000000000000000 ) ) ;
#1946 = VECTOR ( 'NONE', #480, 39.37007874015748100 ) ;
#1947 = DIRECTION ( 'NONE',  ( 0.0000000000000000000, -1.000000000000000000, 0.0000000000000000000 ) ) ;
#1948 = PLANE ( 'NONE',  #1974 ) ;
#1949 = ORIENTED_EDGE ( 'NONE', *, *, #135, .T. ) ;
#1950 = CIRCLE ( 'NONE', #2010, 0.01000000000000001200 ) ;
#1951 = FILL_AREA_STYLE_COLOUR ( '', #2504 ) ;
#1952 = CARTESIAN_POINT ( 'NONE',  ( 0.05000000000000001000, -0.1699999999999999800, 0.1499999999999999900 ) ) ;
#1953 = DIMENSIONAL_EXPONENTS ( 1.000000000000000000, 0.0000000000000000000, 0.0000000000000000000, 0.0000000000000000000, 0.0000000000000000000, 0.0000000000000000000, 0.0000000000000000000 ) ;
#1954 = EDGE_LOOP ( 'NONE', ( #284, #1649 ) ) ;
#1955 = ORIENTED_EDGE ( 'NONE', *, *, #1890, .T. ) ;
#1956 = AXIS2_PLACEMENT_3D ( 'NONE', #76, #1851, #840 ) ;
#1957 = EDGE_CURVE ( 'NONE', #1824, #2349, #2956, .T. ) ;
#1958 = CARTESIAN_POINT ( 'NONE',  ( -0.2500000000000000000, 0.01999999999999993400, -0.1499999999999999900 ) ) ;
#1959 = ORIENTED_EDGE ( 'NONE', *, *, #3049, .T. ) ;
#1960 = AXIS2_PLACEMENT_3D ( 'NONE', #126, #152, #1424 ) ;
#1961 = VERTEX_POINT ( 'NONE', #123 ) ;
#1962 =( CONVERSION_BASED_UNIT ( 'INCH', #88 ) LENGTH_UNIT ( ) NAMED_UNIT ( #2403 ) );
#1963 = EDGE_LOOP ( 'NONE', ( #1802, #1688, #1699, #1531 ) ) ;
#1964 = CARTESIAN_POINT ( 'NONE',  ( 0.0000000000000000000, 0.01999999999999993400, -0.2000000000000000100 ) ) ;
#1965 = EDGE_CURVE ( 'NONE', #206, #3052, #1902, .T. ) ;
#1966 = CARTESIAN_POINT ( 'NONE',  ( 0.2659110967678854900, 0.01999999999999993400, -0.2000000000000000100 ) ) ;
#1967 = EDGE_LOOP ( 'NONE', ( #158, #3202, #2118, #566 ) ) ;
#1968 = VERTEX_POINT ( 'NONE', #2167 ) ;
#1969 = ORIENTED_EDGE ( 'NONE', *, *, #759, .F. ) ;
#1970 = DIRECTION ( 'NONE',  ( 0.0000000000000000000, 0.5885550900987861500, -0.8084571144586519800 ) ) ;
#1971 = DIRECTION ( 'NONE',  ( 0.0000000000000000000, 0.0000000000000000000, 1.000000000000000000 ) ) ;
#1972 = PLANE ( 'NONE',  #2363 ) ;
#1973 = CARTESIAN_POINT ( 'NONE',  ( 0.2500000000000000600, -0.1699999999999999800, 0.1499999999999999900 ) ) ;
#1974 = AXIS2_PLACEMENT_3D ( 'NONE', #2452, #1661, #3169 ) ;
#1975 = PLANE ( 'NONE',  #503 ) ;
#1976 = MANIFOLD_SOLID_BREP ( 'Boss-Extrude3[4]', #3062 ) ;
#1977 = EDGE_CURVE ( 'NONE', #2072, #3094, #871, .T. ) ;
#1978 = SURFACE_STYLE_FILL_AREA ( #1304 ) ;
#1979 = AXIS2_PLACEMENT_3D ( 'NONE', #613, #873, #1135 ) ;
#1980 = CARTESIAN_POINT ( 'NONE',  ( 0.04599999999999999900, 0.1799999999999999900, -0.07299999999999996800 ) ) ;
#1981 = DIRECTION ( 'NONE',  ( 0.4553979250405419400, 0.7197596706613034200, -0.5239835363427947100 ) ) ;
#1982 = EDGE_CURVE ( 'NONE', #2449, #1577, #382, .T. ) ;
#1983 = LINE ( 'NONE', #30, #2605 ) ;
#1984 =( NAMED_UNIT ( * ) SI_UNIT ( $, .STERADIAN. ) SOLID_ANGLE_UNIT ( ) );
#1985 =( NAMED_UNIT ( * ) SI_UNIT ( $, .STERADIAN. ) SOLID_ANGLE_UNIT ( ) );
#1986 = FILL_AREA_STYLE_COLOUR ( '', #92 ) ;
#1987 = CARTESIAN_POINT ( 'NONE',  ( -0.1499999999999999900, 0.01999999999999993400, 0.1600000000000000000 ) ) ;
#1988 = CARTESIAN_POINT ( 'NONE',  ( 0.2209999999999999700, 0.1899999999999999700, 0.07300000000000003700 ) ) ;
#1989 = VECTOR ( 'NONE', #557, 39.37007874015748100 ) ;
#1990 = MECHANICAL_DESIGN_GEOMETRIC_PRESENTATION_REPRESENTATION (  '', ( #36 ), #278 ) ;
#1991 = CARTESIAN_POINT ( 'NONE',  ( -0.3039999999999999400, 0.1899999999999999700, 0.07300000000000003700 ) ) ;
#1992 = CARTESIAN_POINT ( 'NONE',  ( -0.04599999999999996500, 0.1799999999999999900, 0.07300000000000000900 ) ) ;
#1993 = DIRECTION ( 'NONE',  ( 0.0000000000000000000, 1.000000000000000000, 0.0000000000000000000 ) ) ;
#1994 = CARTESIAN_POINT ( 'NONE',  ( -0.3039999999999999400, 0.1799999999999999900, -0.07299999999999996800 ) ) ;
#1995 = PRESENTATION_LAYER_ASSIGNMENT (  '', '', ( #2272 ) ) ;
#1996 = EDGE_CURVE ( 'NONE', #1408, #1750, #1116, .T. ) ;
#1997 =( CONVERSION_BASED_UNIT ( 'INCH', #2944 ) LENGTH_UNIT ( ) NAMED_UNIT ( #2948 ) );
#1998 = ORIENTED_EDGE ( 'NONE', *, *, #2257, .F. ) ;
#1999 = DIRECTION ( 'NONE',  ( 1.000000000000000000, 0.0000000000000000000, -2.057114453060438900E-016 ) ) ;
#2000 = VERTEX_POINT ( 'NONE', #916 ) ;
#2001 = DIRECTION ( 'NONE',  ( 0.0000000000000000000, 0.0000000000000000000, -1.000000000000000000 ) ) ;
#2002 = DIRECTION ( 'NONE',  ( -0.0000000000000000000, -1.000000000000000000, -0.0000000000000000000 ) ) ;
#2003 = VERTEX_POINT ( 'NONE', #905 ) ;
#2004 = VECTOR ( 'NONE', #2584, 39.37007874015748100 ) ;
#2005 =( NAMED_UNIT ( * ) SI_UNIT ( $, .STERADIAN. ) SOLID_ANGLE_UNIT ( ) );
#2006 = VECTOR ( 'NONE', #1981, 39.37007874015748900 ) ;
#2007 = ORIENTED_EDGE ( 'NONE', *, *, #2588, .F. ) ;
#2008 = DIRECTION ( 'NONE',  ( 0.0000000000000000000, 0.0000000000000000000, 1.000000000000000000 ) ) ;
#2009 = CARTESIAN_POINT ( 'NONE',  ( -0.1499999999999999900, 0.01999999999999993400, 0.1499999999999999900 ) ) ;
#2010 = AXIS2_PLACEMENT_3D ( 'NONE', #259, #3041, #1550 ) ;
#2011 = EDGE_CURVE ( 'NONE', #2189, #2416, #96, .T. ) ;
#2012 = CARTESIAN_POINT ( 'NONE',  ( -0.04999999999999998200, -0.1699999999999999800, -0.1499999999999999900 ) ) ;
#2013 = AXIS2_PLACEMENT_3D ( 'NONE', #3142, #1122, #362 ) ;
#2014 = LINE ( 'NONE', #2107, #1740 ) ;
#2015 = DIRECTION ( 'NONE',  ( -1.000000000000000000, 0.0000000000000000000, 2.057114453060438900E-016 ) ) ;
#2016 = EDGE_CURVE ( 'NONE', #921, #3199, #1033, .T. ) ;
#2017 = ORIENTED_EDGE ( 'NONE', *, *, #2773, .T. ) ;
#2018 = CIRCLE ( 'NONE', #3151, 0.01000000000000001200 ) ;
#2019 = CARTESIAN_POINT ( 'NONE',  ( 0.2500000000000000600, 0.01999999999999993400, 0.1499999999999999900 ) ) ;
#2020 = ADVANCED_FACE ( 'NONE', ( #1624 ), #1153, .F. ) ;
#2021 = VECTOR ( 'NONE', #2571, 39.37007874015748100 ) ;
#2022 = DIRECTION ( 'NONE',  ( 0.0000000000000000000, 0.0000000000000000000, -1.000000000000000000 ) ) ;
#2023 = ORIENTED_EDGE ( 'NONE', *, *, #89, .F. ) ;
#2024 = VERTEX_POINT ( 'NONE', #2173 ) ;
#2025 = DIRECTION ( 'NONE',  ( -0.0000000000000000000, -0.0000000000000000000, 1.000000000000000000 ) ) ;
#2026 = CARTESIAN_POINT ( 'NONE',  ( 0.3500000000000001400, 0.0000000000000000000, 0.2000000000000000400 ) ) ;
#2027 = ORIENTED_EDGE ( 'NONE', *, *, #1363, .F. ) ;
#2028 = AXIS2_PLACEMENT_3D ( 'NONE', #104, #119, #1167 ) ;
#2029 = EDGE_LOOP ( 'NONE', ( #2151, #614, #3205, #595 ) ) ;
#2030 = DIRECTION ( 'NONE',  ( 1.000000000000000000, 0.0000000000000000000, 0.0000000000000000000 ) ) ;
#2031 =( LENGTH_UNIT ( ) NAMED_UNIT ( * ) SI_UNIT ( $, .METRE. ) );
#2032 = PLANE ( 'NONE',  #2547 ) ;
#2033 = EDGE_CURVE ( 'NONE', #2306, #2779, #828, .T. ) ;
#2034 = ORIENTED_EDGE ( 'NONE', *, *, #565, .F. ) ;
#2035 = PLANE ( 'NONE',  #1133 ) ;
#2036 = ORIENTED_EDGE ( 'NONE', *, *, #583, .F. ) ;
#2037 = EDGE_CURVE ( 'NONE', #2868, #1923, #1478, .T. ) ;
#2038 = CARTESIAN_POINT ( 'NONE',  ( 0.1290000000000000000, 0.1799999999999999900, 0.07300000000000000900 ) ) ;
#2039 = ORIENTED_EDGE ( 'NONE', *, *, #263, .T. ) ;
#2040 = CLOSED_SHELL ( 'NONE', ( #2326, #2058, #2459, #151 ) ) ;
#2041 = DIRECTION ( 'NONE',  ( -1.000000000000000000, 0.0000000000000000000, 2.057114453060438900E-016 ) ) ;
#2042 = CLOSED_SHELL ( 'NONE', ( #526, #894, #2658, #1335 ) ) ;
#2043 = ORIENTED_EDGE ( 'NONE', *, *, #203, .F. ) ;
#2044 = VECTOR ( 'NONE', #2232, 39.37007874015748900 ) ;
#2045 = ORIENTED_EDGE ( 'NONE', *, *, #2653, .F. ) ;
#2046 = VECTOR ( 'NONE', #2150, 39.37007874015748100 ) ;
#2047 = FACE_OUTER_BOUND ( 'NONE', #3108, .T. ) ;
#2048 = CARTESIAN_POINT ( 'NONE',  ( 0.3039999999999999900, 0.1799999999999999900, 0.07300000000000000900 ) ) ;
#2049 = DIRECTION ( 'NONE',  ( -0.0000000000000000000, -1.000000000000000000, -0.0000000000000000000 ) ) ;
#2050 = LINE ( 'NONE', #1762, #1026 ) ;
#2051 = CARTESIAN_POINT ( 'NONE',  ( 0.1500000000000000500, 0.01999999999999993400, 0.1499999999999999900 ) ) ;
#2052 = VECTOR ( 'NONE', #428, 39.37007874015748100 ) ;
#2053 = DIRECTION ( 'NONE',  ( 0.0000000000000000000, 0.0000000000000000000, -1.000000000000000000 ) ) ;
#2054 = AXIS2_PLACEMENT_3D ( 'NONE', #2396, #2649, #113 ) ;
#2055 = CARTESIAN_POINT ( 'NONE',  ( 0.2209999999999999700, 0.1799999999999999900, 0.07300000000000003700 ) ) ;
#2056 = EDGE_CURVE ( 'NONE', #1654, #200, #547, .T. ) ;
#2057 = PRESENTATION_STYLE_ASSIGNMENT (( #3212 ) ) ;
#2058 = ADVANCED_FACE ( 'NONE', ( #2762 ), #2097, .T. ) ;
#2059 = DIRECTION ( 'NONE',  ( -0.0000000000000000000, -1.000000000000000000, -0.0000000000000000000 ) ) ;
#2060 = DIRECTION ( 'NONE',  ( -0.8450577407891859400, -0.5346750552740207100, 0.0000000000000000000 ) ) ;
#2061 = DIRECTION ( 'NONE',  ( 0.5346750552740207100, -0.8450577407891859400, 0.0000000000000000000 ) ) ;
#2062 = VECTOR ( 'NONE', #462, 39.37007874015748100 ) ;
#2063 = EDGE_LOOP ( 'NONE', ( #522, #726, #1426, #1501 ) ) ;
#2064 = FACE_OUTER_BOUND ( 'NONE', #1234, .T. ) ;
#2065 = ORIENTED_EDGE ( 'NONE', *, *, #2056, .T. ) ;
#2066 = ORIENTED_EDGE ( 'NONE', *, *, #183, .T. ) ;
#2067 = SURFACE_STYLE_USAGE ( .BOTH. , #1025 ) ;
#2068 = VERTEX_POINT ( 'NONE', #1293 ) ;
#2069 = CARTESIAN_POINT ( 'NONE',  ( 0.3500000000000001400, 0.1999999999999999800, -0.1799999999999999400 ) ) ;
#2070 = ADVANCED_FACE ( 'NONE', ( #1515 ), #425, .T. ) ;
#2071 = AXIS2_PLACEMENT_3D ( 'NONE', #8, #1049, #796 ) ;
#2072 = VERTEX_POINT ( 'NONE', #2716 ) ;
#2073 = DIRECTION ( 'NONE',  ( 9.756599977372368600E-017, -0.0000000000000000000, 1.000000000000000000 ) ) ;
#2074 = VERTEX_POINT ( 'NONE', #1470 ) ;
#2075 = EDGE_CURVE ( 'NONE', #3094, #2349, #2383, .T. ) ;
#2076 = VERTEX_POINT ( 'NONE', #3204 ) ;
#2077 = AXIS2_PLACEMENT_3D ( 'NONE', #1001, #2002, #3232 ) ;
#2078 = ORIENTED_EDGE ( 'NONE', *, *, #3264, .T. ) ;
#2079 = DIRECTION ( 'NONE',  ( -0.0000000000000000000, 1.000000000000000000, -0.0000000000000000000 ) ) ;
#2080 = AXIS2_PLACEMENT_3D ( 'NONE', #988, #3252, #467 ) ;
#2081 = ORIENTED_EDGE ( 'NONE', *, *, #3227, .T. ) ;
#2082 =( NAMED_UNIT ( * ) SI_UNIT ( $, .STERADIAN. ) SOLID_ANGLE_UNIT ( ) );
#2083 = VECTOR ( 'NONE', #2331, 39.37007874015748100 ) ;
#2084 = CLOSED_SHELL ( 'NONE', ( #1070, #1138, #2880, #2618, #2104, #2091 ) ) ;
#2085 = EDGE_LOOP ( 'NONE', ( #394, #1057, #2815, #1845 ) ) ;
#2086 = DIRECTION ( 'NONE',  ( -0.0000000000000000000, 1.000000000000000000, 0.0000000000000000000 ) ) ;
#2087 = VECTOR ( 'NONE', #1487, 39.37007874015748100 ) ;
#2088 = ORIENTED_EDGE ( 'NONE', *, *, #1358, .F. ) ;
#2089 = DIRECTION ( 'NONE',  ( -0.0000000000000000000, 1.000000000000000000, -0.0000000000000000000 ) ) ;
#2090 = VECTOR ( 'NONE', #1329, 39.37007874015748100 ) ;
#2091 = ADVANCED_FACE ( 'NONE', ( #2497 ), #2730, .F. ) ;
#2092 = DIRECTION ( 'NONE',  ( 0.0000000000000000000, -1.000000000000000000, 0.0000000000000000000 ) ) ;
#2093 = DIRECTION ( 'NONE',  ( 1.000000000000000000, 0.0000000000000000000, -2.057114453060438900E-016 ) ) ;
#2094 = CARTESIAN_POINT ( 'NONE',  ( 0.3500000000000001400, 0.2000000000000000100, -0.1999999999999999800 ) ) ;
#2095 = PRESENTATION_STYLE_ASSIGNMENT (( #777 ) ) ;
#2096 = DIRECTION ( 'NONE',  ( -0.8450577407891859400, 0.5346750552740207100, 0.0000000000000000000 ) ) ;
#2097 = CYLINDRICAL_SURFACE ( 'NONE', #679, 0.01000000000000001200 ) ;
#2098 = CARTESIAN_POINT ( 'NONE',  ( -0.09379996307848854900, 0.4218923034771690000, 0.4037459134753957900 ) ) ;
#2099 = EDGE_CURVE ( 'NONE', #984, #941, #1711, .T. ) ;
#2100 = VECTOR ( 'NONE', #2910, 39.37007874015748100 ) ;
#2101 = DIRECTION ( 'NONE',  ( 0.0000000000000000000, 0.0000000000000000000, 1.000000000000000000 ) ) ;
#2102 = DIRECTION ( 'NONE',  ( 0.0000000000000000000, 0.0000000000000000000, 1.000000000000000000 ) ) ;
#2103 = ORIENTED_EDGE ( 'NONE', *, *, #3105, .T. ) ;
#2104 = ADVANCED_FACE ( 'NONE', ( #3037 ), #1538, .T. ) ;
#2105 = ORIENTED_EDGE ( 'NONE', *, *, #2011, .F. ) ;
#2106 = ORIENTED_EDGE ( 'NONE', *, *, #2757, .T. ) ;
#2107 = CARTESIAN_POINT ( 'NONE',  ( -0.1289999999999999800, 0.1799999999999999900, -0.07299999999999996800 ) ) ;
#2108 = ADVANCED_BREP_SHAPE_REPRESENTATION ( 'HCMS-2901', ( #1198, #1442, #792, #1976, #1771, #2465, #2832, #1148, #1571, #833, #335, #2708, #935, #1401, #626, #2561, #1626, #420 ), #2959 ) ;
#2109 = PLANE ( 'NONE',  #309 ) ;
#2110 = DIRECTION ( 'NONE',  ( 0.0000000000000000000, -1.000000000000000000, 0.0000000000000000000 ) ) ;
#2111 = DIRECTION ( 'NONE',  ( -0.4553979250405419400, -0.7197596706613034200, -0.5239835363427947100 ) ) ;
#2112 = ORIENTED_EDGE ( 'NONE', *, *, #1319, .T. ) ;
#2113 = ORIENTED_EDGE ( 'NONE', *, *, #1543, .F. ) ;
#2114 = MECHANICAL_DESIGN_GEOMETRIC_PRESENTATION_REPRESENTATION (  '', ( #804 ), #2625 ) ;
#2115 = CARTESIAN_POINT ( 'NONE',  ( 0.3500000000000001400, 0.2000000000000000100, -0.1999999999999999800 ) ) ;
#2116 = ORIENTED_EDGE ( 'NONE', *, *, #932, .T. ) ;
#2117 = CARTESIAN_POINT ( 'NONE',  ( 0.3039999999999999900, 0.1899999999999999700, 0.07300000000000000900 ) ) ;
#2118 = ORIENTED_EDGE ( 'NONE', *, *, #2275, .F. ) ;
#2119 = CARTESIAN_POINT ( 'NONE',  ( 0.1500000000000000500, -0.1699999999999999800, 0.1600000000000000000 ) ) ;
#2120 = EDGE_CURVE ( 'NONE', #101, #2626, #506, .T. ) ;
#2121 = LINE ( 'NONE', #3076, #611 ) ;
#2122 = PRESENTATION_LAYER_ASSIGNMENT (  '', '', ( #1239 ) ) ;
#2123 = ADVANCED_FACE ( 'NONE', ( #1855 ), #2035, .T. ) ;
#2124 = FILL_AREA_STYLE ('',( #2610 ) ) ;
#2125 = VECTOR ( 'NONE', #1757, 39.37007874015748100 ) ;
#2126 = CARTESIAN_POINT ( 'NONE',  ( 0.05000000000000001000, -0.1699999999999999800, -0.1499999999999999900 ) ) ;
#2127 = LINE ( 'NONE', #2572, #3149 ) ;
#2128 = CARTESIAN_POINT ( 'NONE',  ( -0.2209999999999999200, 0.1899999999999999700, 0.07300000000000000900 ) ) ;
#2129 = EDGE_CURVE ( 'NONE', #1750, #1408, #1403, .T. ) ;
#2130 = ORIENTED_EDGE ( 'NONE', *, *, #1108, .F. ) ;
#2131 = LINE ( 'NONE', #2098, #1472 ) ;
#2132 = CARTESIAN_POINT ( 'NONE',  ( -0.2500000000000000000, 0.01999999999999993400, 0.1499999999999999900 ) ) ;
#2133 = CARTESIAN_POINT ( 'NONE',  ( -0.3499999999999997600, 0.1899999999999999700, -0.1699164635289651100 ) ) ;
#2134 = CARTESIAN_POINT ( 'NONE',  ( -0.04599999999999996500, 0.1799999999999999900, 0.07300000000000000900 ) ) ;
#2135 = DIRECTION ( 'NONE',  ( 0.0000000000000000000, 0.0000000000000000000, -1.000000000000000000 ) ) ;
#2136 = VECTOR ( 'NONE', #2407, 39.37007874015748900 ) ;
#2137 = DIRECTION ( 'NONE',  ( 0.0000000000000000000, 0.0000000000000000000, -1.000000000000000000 ) ) ;
#2138 = CARTESIAN_POINT ( 'NONE',  ( -0.1289999999999999800, 0.1899999999999999700, 0.07300000000000003700 ) ) ;
#2139 = FACE_OUTER_BOUND ( 'NONE', #402, .T. ) ;
#2140 = PRESENTATION_LAYER_ASSIGNMENT (  '', '', ( #1801 ) ) ;
#2141 = ADVANCED_FACE ( 'NONE', ( #1155 ), #3284, .F. ) ;
#2142 = EDGE_CURVE ( 'NONE', #1604, #954, #465, .T. ) ;
#2143 = CARTESIAN_POINT ( 'NONE',  ( -0.1289999999999999800, 0.1899999999999999700, -0.07299999999999996800 ) ) ;
#2144 = EDGE_CURVE ( 'NONE', #178, #1791, #713, .T. ) ;
#2145 = DIRECTION ( 'NONE',  ( 0.0000000000000000000, -0.7041595143854763000, -0.7100418144732112400 ) ) ;
#2146 = LINE ( 'NONE', #2971, #1483 ) ;
#2147 = EDGE_LOOP ( 'NONE', ( #2043, #1225, #1221, #2974 ) ) ;
#2148 = ORIENTED_EDGE ( 'NONE', *, *, #2911, .F. ) ;
#2149 = ORIENTED_EDGE ( 'NONE', *, *, #2448, .F. ) ;
#2150 = DIRECTION ( 'NONE',  ( -0.0000000000000000000, -0.0000000000000000000, 1.000000000000000000 ) ) ;
#2151 = ORIENTED_EDGE ( 'NONE', *, *, #2677, .T. ) ;
#2152 = VERTEX_POINT ( 'NONE', #298 ) ;
#2153 = ADVANCED_FACE ( 'NONE', ( #947 ), #2798, .T. ) ;
#2154 = DIRECTION ( 'NONE',  ( 0.5346750552740207100, -0.8450577407891859400, 0.0000000000000000000 ) ) ;
#2155 = AXIS2_PLACEMENT_3D ( 'NONE', #2805, #279, #791 ) ;
#2156 = PLANE ( 'NONE',  #3067 ) ;
#2157 = EDGE_LOOP ( 'NONE', ( #1387, #3234, #1421, #1877 ) ) ;
#2158 = ORIENTED_EDGE ( 'NONE', *, *, #2309, .T. ) ;
#2159 = ORIENTED_EDGE ( 'NONE', *, *, #1177, .F. ) ;
#2160 = AXIS2_PLACEMENT_3D ( 'NONE', #1859, #320, #578 ) ;
#2161 = SURFACE_STYLE_FILL_AREA ( #3247 ) ;
#2162 = SURFACE_STYLE_USAGE ( .BOTH. , #361 ) ;
#2163 = DIRECTION ( 'NONE',  ( -0.0000000000000000000, 1.000000000000000000, -0.0000000000000000000 ) ) ;
#2164 = ORIENTED_EDGE ( 'NONE', *, *, #1861, .F. ) ;
#2165 = EDGE_CURVE ( 'NONE', #2973, #2721, #2879, .T. ) ;
#2166 = EDGE_LOOP ( 'NONE', ( #2710, #2813, #2274, #321 ) ) ;
#2167 = CARTESIAN_POINT ( 'NONE',  ( 0.1500000000000000500, -0.1699999999999999800, -0.1399999999999999900 ) ) ;
#2168 = CARTESIAN_POINT ( 'NONE',  ( 0.2209999999999999700, 0.1899999999999999700, 0.07300000000000003700 ) ) ;
#2169 = ORIENTED_EDGE ( 'NONE', *, *, #845, .F. ) ;
#2170 = CARTESIAN_POINT ( 'NONE',  ( 0.2659110967678854900, 0.01999999999999993400, 0.2000000000000000900 ) ) ;
#2171 = COLOUR_RGB ( '',1.000000000000000000, 1.000000000000000000, 1.000000000000000000 ) ;
#2172 = CARTESIAN_POINT ( 'NONE',  ( -0.04599999999999996500, 0.1799999999999999900, 0.07300000000000000900 ) ) ;
#2173 = CARTESIAN_POINT ( 'NONE',  ( -0.04999999999999998200, -0.1699999999999999800, -0.1600000000000000000 ) ) ;
#2174 = LINE ( 'NONE', #1619, #2760 ) ;
#2175 = DIRECTION ( 'NONE',  ( -1.000000000000000000, 0.0000000000000000000, 2.057114453060438900E-016 ) ) ;
#2176 = ADVANCED_FACE ( 'NONE', ( #53 ), #1251, .T. ) ;
#2177 = CARTESIAN_POINT ( 'NONE',  ( 0.0000000000000000000, 0.1799999999999999900, 0.0000000000000000000 ) ) ;
#2178 = ORIENTED_EDGE ( 'NONE', *, *, #439, .F. ) ;
#2179 = PLANE ( 'NONE',  #2191 ) ;
#2180 = VECTOR ( 'NONE', #2753, 39.37007874015748900 ) ;
#2181 = SURFACE_STYLE_FILL_AREA ( #300 ) ;
#2182 = AXIS2_PLACEMENT_3D ( 'NONE', #1853, #601, #322 ) ;
#2183 = LINE ( 'NONE', #955, #1522 ) ;
#2184 = ORIENTED_EDGE ( 'NONE', *, *, #1747, .F. ) ;
#2185 = EDGE_CURVE ( 'NONE', #1168, #721, #3115, .T. ) ;
#2186 = LINE ( 'NONE', #3188, #1218 ) ;
#2187 = CARTESIAN_POINT ( 'NONE',  ( 0.2659110967678854900, 0.01999999999999993400, -0.1228747148169490000 ) ) ;
#2188 = PRESENTATION_LAYER_ASSIGNMENT (  '', '', ( #983 ) ) ;
#2189 = VERTEX_POINT ( 'NONE', #376 ) ;
#2190 = ORIENTED_EDGE ( 'NONE', *, *, #1663, .F. ) ;
#2191 = AXIS2_PLACEMENT_3D ( 'NONE', #149, #2463, #1423 ) ;
#2192 = ADVANCED_FACE ( 'NONE', ( #1206 ), #2607, .F. ) ;
#2193 = ORIENTED_EDGE ( 'NONE', *, *, #728, .T. ) ;
#2194 = CARTESIAN_POINT ( 'NONE',  ( 0.2500000000000000600, -0.1699999999999999800, 0.1600000000000000000 ) ) ;
#2195 = DIRECTION ( 'NONE',  ( 0.0000000000000000000, 0.0000000000000000000, 1.000000000000000000 ) ) ;
#2196 = ORIENTED_EDGE ( 'NONE', *, *, #2894, .T. ) ;
#2197 = ORIENTED_EDGE ( 'NONE', *, *, #159, .F. ) ;
#2198 = VERTEX_POINT ( 'NONE', #1389 ) ;
#2199 = CARTESIAN_POINT ( 'NONE',  ( 0.3500000000000001400, 0.2000000000000000100, -0.1999999999999999800 ) ) ;
#2200 = ORIENTED_EDGE ( 'NONE', *, *, #1358, .T. ) ;
#2201 = ORIENTED_EDGE ( 'NONE', *, *, #43, .T. ) ;
#2202 = PLANE ( 'NONE',  #884 ) ;
#2203 = ORIENTED_EDGE ( 'NONE', *, *, #2144, .T. ) ;
#2204 = DIRECTION ( 'NONE',  ( -0.0000000000000000000, 0.0000000000000000000, 1.000000000000000000 ) ) ;
#2205 = ORIENTED_EDGE ( 'NONE', *, *, #500, .F. ) ;
#2206 = FACE_OUTER_BOUND ( 'NONE', #2778, .T. ) ;
#2207 = CARTESIAN_POINT ( 'NONE',  ( 0.04599999999999999900, 0.1899999999999999700, -0.07299999999999996800 ) ) ;
#2208 = PRESENTATION_LAYER_ASSIGNMENT (  '', '', ( #1760 ) ) ;
#2209 = CARTESIAN_POINT ( 'NONE',  ( -0.3039999999999999400, 0.1899999999999999700, 0.07300000000000003700 ) ) ;
#2210 = ORIENTED_EDGE ( 'NONE', *, *, #2129, .T. ) ;
#2211 = EDGE_CURVE ( 'NONE', #2823, #2231, #2293, .T. ) ;
#2212 = VECTOR ( 'NONE', #3128, 39.37007874015748100 ) ;
#2213 = EDGE_LOOP ( 'NONE', ( #2196, #2249, #2853, #1569 ) ) ;
#2214 = AXIS2_PLACEMENT_3D ( 'NONE', #2384, #612, #3172 ) ;
#2215 = CARTESIAN_POINT ( 'NONE',  ( 0.1290000000000000000, 0.1799999999999999900, 0.07300000000000000900 ) ) ;
#2216 = LINE ( 'NONE', #581, #2871 ) ;
#2217 = CIRCLE ( 'NONE', #1788, 0.01000000000000001200 ) ;
#2218 = EDGE_CURVE ( 'NONE', #2977, #1231, #1365, .T. ) ;
#2219 = DIRECTION ( 'NONE',  ( 1.000000000000000000, -0.0000000000000000000, -9.756599977372368600E-017 ) ) ;
#2220 = DIRECTION ( 'NONE',  ( 0.0000000000000000000, -0.0000000000000000000, 1.000000000000000000 ) ) ;
#2221 = CARTESIAN_POINT ( 'NONE',  ( -0.1989297457605819500, 0.1258645033070232000, 0.2000000000000000900 ) ) ;
#2222 = VECTOR ( 'NONE', #2568, 39.37007874015748100 ) ;
#2223 = UNCERTAINTY_MEASURE_WITH_UNIT (LENGTH_MEASURE( 1.000000000000000100E-005 ), #1962, 'distance_accuracy_value', 'NONE');
#2224 = VECTOR ( 'NONE', #805, 39.37007874015748100 ) ;
#2225 = VECTOR ( 'NONE', #1078, 39.37007874015748100 ) ;
#2226 = DIRECTION ( 'NONE',  ( -0.0000000000000000000, 1.000000000000000000, -0.0000000000000000000 ) ) ;
#2227 =( NAMED_UNIT ( * ) PLANE_ANGLE_UNIT ( ) SI_UNIT ( $, .RADIAN. ) );
#2228 = FACE_OUTER_BOUND ( 'NONE', #212, .T. ) ;
#2229 =( CONVERSION_BASED_UNIT ( 'INCH', #2695 ) LENGTH_UNIT ( ) NAMED_UNIT ( #1205 ) );
#2230 = EDGE_CURVE ( 'NONE', #1168, #2240, #2014, .T. ) ;
#2231 = VERTEX_POINT ( 'NONE', #2342 ) ;
#2232 = DIRECTION ( 'NONE',  ( -0.0000000000000000000, 0.8084571144586517600, -0.5885550900987860400 ) ) ;
#2233 = AXIS2_PLACEMENT_3D ( 'NONE', #2645, #86, #2914 ) ;
#2234 = DIRECTION ( 'NONE',  ( -0.0000000000000000000, -1.000000000000000000, -0.0000000000000000000 ) ) ;
#2235 = PRODUCT ( 'HCMS-2901', 'HCMS-2901', '', ( #3129 ) ) ;
#2236 = DIRECTION ( 'NONE',  ( 0.0000000000000000000, 1.000000000000000000, 0.0000000000000000000 ) ) ;
#2237 = ORIENTED_EDGE ( 'NONE', *, *, #2878, .F. ) ;
#2238 = CARTESIAN_POINT ( 'NONE',  ( 0.0000000000000000000, 0.01999999999999993400, -0.2000000000000000100 ) ) ;
#2239 = DIRECTION ( 'NONE',  ( 0.0000000000000000000, 0.0000000000000000000, -1.000000000000000000 ) ) ;
#2240 = VERTEX_POINT ( 'NONE', #1591 ) ;
#2241 = EDGE_LOOP ( 'NONE', ( #810, #2197, #965, #1468 ) ) ;
#2242 = FACE_OUTER_BOUND ( 'NONE', #655, .T. ) ;
#2243 = VERTEX_POINT ( 'NONE', #560 ) ;
#2244 = CARTESIAN_POINT ( 'NONE',  ( -0.1289999999999999800, 0.1799999999999999900, 0.07300000000000003700 ) ) ;
#2245 = CARTESIAN_POINT ( 'NONE',  ( -0.2209999999999999200, 0.1799999999999999900, 0.07300000000000000900 ) ) ;
#2246 = AXIS2_PLACEMENT_3D ( 'NONE', #666, #2445, #1904 ) ;
#2247 = FACE_OUTER_BOUND ( 'NONE', #37, .T. ) ;
#2248 = VECTOR ( 'NONE', #2219, 39.37007874015748100 ) ;
#2249 = ORIENTED_EDGE ( 'NONE', *, *, #1809, .F. ) ;
#2250 = EDGE_CURVE ( 'NONE', #2523, #515, #3034, .T. ) ;
#2251 = LINE ( 'NONE', #485, #1584 ) ;
#2252 = VECTOR ( 'NONE', #624, 39.37007874015748900 ) ;
#2253 = DIRECTION ( 'NONE',  ( -1.000000000000000000, 0.0000000000000000000, 2.057114453060438900E-016 ) ) ;
#2254 = MECHANICAL_DESIGN_GEOMETRIC_PRESENTATION_REPRESENTATION (  '', ( #2808 ), #205 ) ;
#2255 = PLANE ( 'NONE',  #2972 ) ;
#2256 = DIRECTION ( 'NONE',  ( 0.0000000000000000000, 1.000000000000000000, 0.0000000000000000000 ) ) ;
#2257 = EDGE_CURVE ( 'NONE', #2534, #968, #342, .T. ) ;
#2258 = VECTOR ( 'NONE', #1516, 39.37007874015748100 ) ;
#2259 = CARTESIAN_POINT ( 'NONE',  ( 0.1290000000000000000, 0.1899999999999999700, 0.07300000000000000900 ) ) ;
#2260 = DIRECTION ( 'NONE',  ( 0.0000000000000000000, -0.0000000000000000000, 1.000000000000000000 ) ) ;
#2261 = CARTESIAN_POINT ( 'NONE',  ( 0.1290000000000000000, 0.1899999999999999700, 0.07300000000000000900 ) ) ;
#2262 = UNCERTAINTY_MEASURE_WITH_UNIT (LENGTH_MEASURE( 1.000000000000000100E-005 ), #2437, 'distance_accuracy_value', 'NONE');
#2263 = VECTOR ( 'NONE', #1697, 39.37007874015748100 ) ;
#2264 = EDGE_LOOP ( 'NONE', ( #3276, #875 ) ) ;
#2265 = DIRECTION ( 'NONE',  ( 0.0000000000000000000, -0.0000000000000000000, 1.000000000000000000 ) ) ;
#2266 = ORIENTED_EDGE ( 'NONE', *, *, #684, .F. ) ;
#2267 = LINE ( 'NONE', #2622, #1989 ) ;
#2268 = ORIENTED_EDGE ( 'NONE', *, *, #2975, .F. ) ;
#2269 = CARTESIAN_POINT ( 'NONE',  ( -0.2659110967678854900, 0.01999999999999994800, 0.1228747148169489500 ) ) ;
#2270 = EDGE_CURVE ( 'NONE', #755, #195, #258, .T. ) ;
#2271 = ORIENTED_EDGE ( 'NONE', *, *, #851, .T. ) ;
#2272 = STYLED_ITEM ( 'NONE', ( #62 ), #1571 ) ;
#2273 = EDGE_LOOP ( 'NONE', ( #1310, #1096 ) ) ;
#2274 = ORIENTED_EDGE ( 'NONE', *, *, #1089, .F. ) ;
#2275 = EDGE_CURVE ( 'NONE', #2903, #112, #865, .T. ) ;
#2276 = DIRECTION ( 'NONE',  ( 1.000000000000000000, 0.0000000000000000000, -2.057114453060438900E-016 ) ) ;
#2277 = ADVANCED_FACE ( 'NONE', ( #1476 ), #87, .F. ) ;
#2278 = VERTEX_POINT ( 'NONE', #872 ) ;
#2279 =( CONVERSION_BASED_UNIT ( 'INCH', #2661 ) LENGTH_UNIT ( ) NAMED_UNIT ( #3136 ) );
#2280 = CARTESIAN_POINT ( 'NONE',  ( -0.3039999999999999400, 0.1899999999999999700, -0.07299999999999996800 ) ) ;
#2281 = DIRECTION ( 'NONE',  ( 0.0000000000000000000, -0.0000000000000000000, 1.000000000000000000 ) ) ;
#2282 = DIRECTION ( 'NONE',  ( 0.0000000000000000000, 1.000000000000000000, 0.0000000000000000000 ) ) ;
#2283 = DIRECTION ( 'NONE',  ( -0.8450577407891859400, -0.5346750552740207100, 0.0000000000000000000 ) ) ;
#2284 = CIRCLE ( 'NONE', #495, 0.01000000000000001200 ) ;
#2285 = VECTOR ( 'NONE', #1823, 39.37007874015748900 ) ;
#2286 = CYLINDRICAL_SURFACE ( 'NONE', #2358, 0.01000000000000001200 ) ;
#2287 =( NAMED_UNIT ( * ) SI_UNIT ( $, .STERADIAN. ) SOLID_ANGLE_UNIT ( ) );
#2288 = AXIS2_PLACEMENT_3D ( 'NONE', #1370, #3099, #830 ) ;
#2289 = SURFACE_SIDE_STYLE ('',( #1107 ) ) ;
#2290 = DIRECTION ( 'NONE',  ( 0.0000000000000000000, -0.0000000000000000000, -1.000000000000000000 ) ) ;
#2291 = EDGE_CURVE ( 'NONE', #1644, #3248, #1781, .T. ) ;
#2292 = AXIS2_PLACEMENT_3D ( 'NONE', #1331, #2092, #527 ) ;
#2293 = CIRCLE ( 'NONE', #1979, 0.01000000000000001200 ) ;
#2294 = CARTESIAN_POINT ( 'NONE',  ( 0.05000000000000001000, -0.1699999999999999800, 0.1399999999999999900 ) ) ;
#2295 = EDGE_CURVE ( 'NONE', #2554, #2198, #2377, .T. ) ;
#2296 = CARTESIAN_POINT ( 'NONE',  ( -0.1499999999999999900, -0.1699999999999999800, 0.1600000000000000000 ) ) ;
#2297 = DIRECTION ( 'NONE',  ( 0.0000000000000000000, 0.0000000000000000000, 1.000000000000000000 ) ) ;
#2298 = CIRCLE ( 'NONE', #2400, 0.01000000000000001200 ) ;
#2299 = CARTESIAN_POINT ( 'NONE',  ( 0.0000000000000000000, 0.1899999999999999700, 0.0000000000000000000 ) ) ;
#2300 = LINE ( 'NONE', #1075, #2846 ) ;
#2301 = VECTOR ( 'NONE', #2079, 39.37007874015748100 ) ;
#2302 = PLANE ( 'NONE',  #808 ) ;
#2303 = DIRECTION ( 'NONE',  ( -0.0000000000000000000, -1.000000000000000000, -0.0000000000000000000 ) ) ;
#2304 = VECTOR ( 'NONE', #154, 39.37007874015748100 ) ;
#2305 = ADVANCED_FACE ( 'NONE', ( #2953 ), #2631, .F. ) ;
#2306 = VERTEX_POINT ( 'NONE', #363 ) ;
#2307 = MECHANICAL_DESIGN_GEOMETRIC_PRESENTATION_REPRESENTATION (  '', ( #368 ), #3241 ) ;
#2308 = PLANE ( 'NONE',  #3038 ) ;
#2309 = EDGE_CURVE ( 'NONE', #3243, #2902, #1899, .T. ) ;
#2310 = ORIENTED_EDGE ( 'NONE', *, *, #2428, .T. ) ;
#2311 = EDGE_LOOP ( 'NONE', ( #2271, #213, #967, #246 ) ) ;
#2312 = DIRECTION ( 'NONE',  ( -0.0000000000000000000, 1.000000000000000000, -0.0000000000000000000 ) ) ;
#2313 = AXIS2_PLACEMENT_3D ( 'NONE', #2877, #1876, #97 ) ;
#2314 = UNCERTAINTY_MEASURE_WITH_UNIT (LENGTH_MEASURE( 1.000000000000000100E-005 ), #1162, 'distance_accuracy_value', 'NONE');
#2315 = VERTEX_POINT ( 'NONE', #890 ) ;
#2316 = EDGE_CURVE ( 'NONE', #244, #2369, #3261, .T. ) ;
#2317 = CARTESIAN_POINT ( 'NONE',  ( -0.04999999999999998200, 0.01999999999999993400, 0.1399999999999999900 ) ) ;
#2318 = CLOSED_SHELL ( 'NONE', ( #74, #1541, #400, #641 ) ) ;
#2319 = DIRECTION ( 'NONE',  ( 0.0000000000000000000, -1.000000000000000000, 0.0000000000000000000 ) ) ;
#2320 = LINE ( 'NONE', #140, #1236 ) ;
#2321 = CARTESIAN_POINT ( 'NONE',  ( -0.04999999999999998200, -0.1699999999999999800, 0.1499999999999999900 ) ) ;
#2322 = DIRECTION ( 'NONE',  ( -0.0000000000000000000, 1.000000000000000000, -0.0000000000000000000 ) ) ;
#2323 = VERTEX_POINT ( 'NONE', #621 ) ;
#2324 = ORIENTED_EDGE ( 'NONE', *, *, #81, .F. ) ;
#2325 = DIRECTION ( 'NONE',  ( 0.0000000000000000000, 0.0000000000000000000, -1.000000000000000000 ) ) ;
#2326 = ADVANCED_FACE ( 'NONE', ( #2609 ), #544, .T. ) ;
#2327 = VECTOR ( 'NONE', #607, 39.37007874015748100 ) ;
#2328 = CIRCLE ( 'NONE', #1004, 0.01000000000000001200 ) ;
#2329 = CARTESIAN_POINT ( 'NONE',  ( -0.2209999999999999200, 0.1799999999999999900, 0.07300000000000000900 ) ) ;
#2330 = ORIENTED_EDGE ( 'NONE', *, *, #2356, .T. ) ;
#2331 = DIRECTION ( 'NONE',  ( -1.000000000000000000, 0.0000000000000000000, 2.057114453060438900E-016 ) ) ;
#2332 = AXIS2_PLACEMENT_3D ( 'NONE', #447, #1178, #3197 ) ;
#2333 = VECTOR ( 'NONE', #1761, 39.37007874015748900 ) ;
#2334 = FACE_BOUND ( 'NONE', #855, .T. ) ;
#2335 = DIRECTION ( 'NONE',  ( 0.0000000000000000000, -0.0000000000000000000, 1.000000000000000000 ) ) ;
#2336 =( GEOMETRIC_REPRESENTATION_CONTEXT ( 3 ) GLOBAL_UNCERTAINTY_ASSIGNED_CONTEXT ( ( #2262 ) ) GLOBAL_UNIT_ASSIGNED_CONTEXT ( ( #2437, #2446, #398 ) ) REPRESENTATION_CONTEXT ( 'NONE', 'WORKASPACE' ) );
#2337 = EDGE_CURVE ( 'NONE', #65, #2068, #1445, .T. ) ;
#2338 = CARTESIAN_POINT ( 'NONE',  ( 0.04599999999999999900, 0.1899999999999999700, -0.07299999999999996800 ) ) ;
#2339 = DIRECTION ( 'NONE',  ( -0.0000000000000000000, 1.000000000000000000, -0.0000000000000000000 ) ) ;
#2340 = FACE_OUTER_BOUND ( 'NONE', #591, .T. ) ;
#2341 = EDGE_LOOP ( 'NONE', ( #1349, #443 ) ) ;
#2342 = CARTESIAN_POINT ( 'NONE',  ( 0.2500000000000000600, 0.01999999999999993400, -0.1600000000000000000 ) ) ;
#2343 = VECTOR ( 'NONE', #668, 39.37007874015748100 ) ;
#2344 = CARTESIAN_POINT ( 'NONE',  ( -0.1289999999999999800, 0.1799999999999999900, 0.07300000000000003700 ) ) ;
#2345 =( CONVERSION_BASED_UNIT ( 'INCH', #569 ) LENGTH_UNIT ( ) NAMED_UNIT ( #1180 ) );
#2346 = ORIENTED_EDGE ( 'NONE', *, *, #909, .T. ) ;
#2347 = LINE ( 'NONE', #2869, #2921 ) ;
#2348 = DIRECTION ( 'NONE',  ( 0.0000000000000000000, 0.0000000000000000000, -1.000000000000000000 ) ) ;
#2349 = VERTEX_POINT ( 'NONE', #1400 ) ;
#2350 = SURFACE_STYLE_USAGE ( .BOTH. , #3119 ) ;
#2351 = DIRECTION ( 'NONE',  ( -0.0000000000000000000, 1.000000000000000000, -0.0000000000000000000 ) ) ;
#2352 = ORIENTED_EDGE ( 'NONE', *, *, #1137, .F. ) ;
#2353 = EDGE_LOOP ( 'NONE', ( #635, #2967, #2781, #3025 ) ) ;
#2354 = DIRECTION ( 'NONE',  ( 1.000000000000000000, 0.0000000000000000000, -9.756599977372368600E-017 ) ) ;
#2355 = ORIENTED_EDGE ( 'NONE', *, *, #1479, .T. ) ;
#2356 = EDGE_CURVE ( 'NONE', #721, #399, #672, .T. ) ;
#2357 = UNCERTAINTY_MEASURE_WITH_UNIT (LENGTH_MEASURE( 1.000000000000000100E-005 ), #2874, 'distance_accuracy_value', 'NONE');
#2358 = AXIS2_PLACEMENT_3D ( 'NONE', #1748, #1718, #1971 ) ;
#2359 = ADVANCED_FACE ( 'NONE', ( #1287 ), #2699, .T. ) ;
#2360 = PLANE ( 'NONE',  #241 ) ;
#2361 = DIRECTION ( 'NONE',  ( -0.0000000000000000000, -1.000000000000000000, -0.0000000000000000000 ) ) ;
#2362 = EDGE_LOOP ( 'NONE', ( #291, #2548, #530, #930 ) ) ;
#2363 = AXIS2_PLACEMENT_3D ( 'NONE', #2238, #2986, #1230 ) ;
#2364 = ORIENTED_EDGE ( 'NONE', *, *, #1071, .T. ) ;
#2365 = CARTESIAN_POINT ( 'NONE',  ( -0.04599999999999996500, 0.1799999999999999900, 0.07300000000000000900 ) ) ;
#2366 = FACE_OUTER_BOUND ( 'NONE', #1733, .T. ) ;
#2367 = ORIENTED_EDGE ( 'NONE', *, *, #353, .T. ) ;
#2368 = FILL_AREA_STYLE_COLOUR ( '', #3107 ) ;
#2369 = VERTEX_POINT ( 'NONE', #2950 ) ;
#2370 = LINE ( 'NONE', #1316, #48 ) ;
#2371 = CARTESIAN_POINT ( 'NONE',  ( -0.1289999999999999800, 0.1799999999999999900, 0.07300000000000003700 ) ) ;
#2372 = FACE_BOUND ( 'NONE', #800, .T. ) ;
#2373 = CARTESIAN_POINT ( 'NONE',  ( 0.04599999999999999900, 0.1799999999999999900, 0.07300000000000003700 ) ) ;
#2374 = DIRECTION ( 'NONE',  ( 0.0000000000000000000, 0.0000000000000000000, 1.000000000000000000 ) ) ;
#2375 = DIRECTION ( 'NONE',  ( -0.0000000000000000000, 1.000000000000000000, -0.0000000000000000000 ) ) ;
#2376 = AXIS2_PLACEMENT_3D ( 'NONE', #766, #2322, #2297 ) ;
#2377 = LINE ( 'NONE', #375, #3226 ) ;
#2378 = ADVANCED_FACE ( 'NONE', ( #580 ), #1110, .T. ) ;
#2379 = EDGE_CURVE ( 'NONE', #2000, #1006, #788, .T. ) ;
#2380 = DIRECTION ( 'NONE',  ( 0.0000000000000000000, 0.0000000000000000000, -1.000000000000000000 ) ) ;
#2381 = AXIS2_PLACEMENT_3D ( 'NONE', #245, #508, #542 ) ;
#2382 = DIRECTION ( 'NONE',  ( -0.0000000000000000000, -1.000000000000000000, -0.0000000000000000000 ) ) ;
#2383 = LINE ( 'NONE', #3030, #1029 ) ;
#2384 = CARTESIAN_POINT ( 'NONE',  ( 0.0000000000000000000, 0.0000000000000000000, 0.0000000000000000000 ) ) ;
#2385 = EDGE_CURVE ( 'NONE', #959, #1393, #2651, .T. ) ;
#2386 = PRESENTATION_STYLE_ASSIGNMENT (( #2350 ) ) ;
#2387 = CARTESIAN_POINT ( 'NONE',  ( -0.04999999999999998200, 0.01999999999999993400, 0.1499999999999999900 ) ) ;
#2388 = PLANE ( 'NONE',  #1084 ) ;
#2389 = PLANE ( 'NONE',  #950 ) ;
#2390 = EDGE_LOOP ( 'NONE', ( #1916, #608, #1828, #2397 ) ) ;
#2391 = DIRECTION ( 'NONE',  ( -1.000000000000000000, 0.0000000000000000000, 2.057114453060438900E-016 ) ) ;
#2392 = ORIENTED_EDGE ( 'NONE', *, *, #1300, .F. ) ;
#2393 = CARTESIAN_POINT ( 'NONE',  ( -0.1499999999999999900, -0.1699999999999999800, 0.1499999999999999900 ) ) ;
#2394 = ADVANCED_FACE ( 'NONE', ( #3189 ), #2923, .F. ) ;
#2395 = ORIENTED_EDGE ( 'NONE', *, *, #3049, .F. ) ;
#2396 = CARTESIAN_POINT ( 'NONE',  ( -0.2209999999999999200, 0.1799999999999999900, -0.07299999999999998200 ) ) ;
#2397 = ORIENTED_EDGE ( 'NONE', *, *, #2789, .F. ) ;
#2398 = ORIENTED_EDGE ( 'NONE', *, *, #2740, .F. ) ;
#2399 = ORIENTED_EDGE ( 'NONE', *, *, #243, .T. ) ;
#2400 = AXIS2_PLACEMENT_3D ( 'NONE', #344, #2110, #2137 ) ;
#2401 = DIRECTION ( 'NONE',  ( -0.0000000000000000000, 1.000000000000000000, 0.0000000000000000000 ) ) ;
#2402 = ORIENTED_EDGE ( 'NONE', *, *, #1341, .F. ) ;
#2403 = DIMENSIONAL_EXPONENTS ( 1.000000000000000000, 0.0000000000000000000, 0.0000000000000000000, 0.0000000000000000000, 0.0000000000000000000, 0.0000000000000000000, 0.0000000000000000000 ) ;
#2404 = ORIENTED_EDGE ( 'NONE', *, *, #1621, .F. ) ;
#2405 = EDGE_CURVE ( 'NONE', #1791, #2000, #1330, .T. ) ;
#2406 = ORIENTED_EDGE ( 'NONE', *, *, #1498, .F. ) ;
#2407 = DIRECTION ( 'NONE',  ( 0.0000000000000000000, -0.7041595143854763000, 0.7100418144732112400 ) ) ;
#2408 = EDGE_LOOP ( 'NONE', ( #551, #3131, #2583, #850 ) ) ;
#2409 = AXIS2_PLACEMENT_3D ( 'NONE', #2393, #1671, #1456 ) ;
#2410 = VERTEX_POINT ( 'NONE', #2577 ) ;
#2411 = DIRECTION ( 'NONE',  ( 0.0000000000000000000, 0.0000000000000000000, -1.000000000000000000 ) ) ;
#2412 = LENGTH_MEASURE_WITH_UNIT ( LENGTH_MEASURE( 0.02539999999999999900 ), #643 );
#2413 = PLANE ( 'NONE',  #1353 ) ;
#2414 = FACE_OUTER_BOUND ( 'NONE', #2442, .T. ) ;
#2415 = SURFACE_SIDE_STYLE ('',( #2468 ) ) ;
#2416 = VERTEX_POINT ( 'NONE', #1027 ) ;
#2417 = LINE ( 'NONE', #1385, #2729 ) ;
#2418 = ADVANCED_FACE ( 'NONE', ( #1709 ), #1812, .F. ) ;
#2419 = ORIENTED_EDGE ( 'NONE', *, *, #3130, .F. ) ;
#2420 = FACE_OUTER_BOUND ( 'NONE', #1689, .T. ) ;
#2421 = VECTOR ( 'NONE', #2041, 39.37007874015748100 ) ;
#2422 = CARTESIAN_POINT ( 'NONE',  ( -0.1499999999999999900, 0.01999999999999993400, -0.1499999999999999900 ) ) ;
#2423 = PLANE ( 'NONE',  #563 ) ;
#2424 = VECTOR ( 'NONE', #1891, 39.37007874015748900 ) ;
#2425 = DIRECTION ( 'NONE',  ( 0.0000000000000000000, 0.0000000000000000000, 1.000000000000000000 ) ) ;
#2426 = LINE ( 'NONE', #901, #2263 ) ;
#2427 = FILL_AREA_STYLE ('',( #1921 ) ) ;
#2428 = EDGE_CURVE ( 'NONE', #691, #1054, #622, .T. ) ;
#2429 = LINE ( 'NONE', #1755, #2062 ) ;
#2430 = AXIS2_PLACEMENT_3D ( 'NONE', #1149, #2633, #98 ) ;
#2431 = LENGTH_MEASURE_WITH_UNIT ( LENGTH_MEASURE( 0.02539999999999999900 ), #3090 );
#2432 = CARTESIAN_POINT ( 'NONE',  ( 0.05000000000000001000, 0.01999999999999993400, -0.1600000000000000000 ) ) ;
#2433 = EDGE_CURVE ( 'NONE', #68, #412, #1983, .T. ) ;
#2434 = ADVANCED_FACE ( 'NONE', ( #1942 ), #1052, .T. ) ;
#2435 = FACE_OUTER_BOUND ( 'NONE', #1298, .T. ) ;
#2436 = CARTESIAN_POINT ( 'NONE',  ( -0.2975458765538842600, 0.0000000000000000000, 0.2000000000000001200 ) ) ;
#2437 =( CONVERSION_BASED_UNIT ( 'INCH', #2802 ) LENGTH_UNIT ( ) NAMED_UNIT ( #163 ) );
#2438 = ORIENTED_EDGE ( 'NONE', *, *, #3206, .T. ) ;
#2439 = VERTEX_POINT ( 'NONE', #985 ) ;
#2440 = CARTESIAN_POINT ( 'NONE',  ( -0.1289999999999999800, 0.1799999999999999900, 0.07300000000000003700 ) ) ;
#2441 =( NAMED_UNIT ( * ) SI_UNIT ( $, .STERADIAN. ) SOLID_ANGLE_UNIT ( ) );
#2442 = EDGE_LOOP ( 'NONE', ( #1608, #2942, #1011, #1903 ) ) ;
#2443 = VERTEX_POINT ( 'NONE', #1344 ) ;
#2444 = DIRECTION ( 'NONE',  ( -1.000000000000000000, 0.0000000000000000000, 9.756599977372368600E-017 ) ) ;
#2445 = DIRECTION ( 'NONE',  ( 0.0000000000000000000, -0.7100418144732112400, -0.7041595143854763000 ) ) ;
#2446 =( NAMED_UNIT ( * ) PLANE_ANGLE_UNIT ( ) SI_UNIT ( $, .RADIAN. ) );
#2447 = ORIENTED_EDGE ( 'NONE', *, *, #656, .T. ) ;
#2448 = EDGE_CURVE ( 'NONE', #3243, #1883, #1440, .T. ) ;
#2449 = VERTEX_POINT ( 'NONE', #3036 ) ;
#2450 = ADVANCED_FACE ( 'NONE', ( #3031 ), #3064, .F. ) ;
#2451 = CARTESIAN_POINT ( 'NONE',  ( 0.3500000000000001400, 0.0000000000000000000, -0.1374346730280381300 ) ) ;
#2452 = CARTESIAN_POINT ( 'NONE',  ( 0.0000000000000000000, 0.01999999999999993400, -0.2000000000000000100 ) ) ;
#2453 = ORIENTED_EDGE ( 'NONE', *, *, #979, .T. ) ;
#2454 = EDGE_CURVE ( 'NONE', #515, #941, #1665, .T. ) ;
#2455 = FILL_AREA_STYLE_COLOUR ( '', #434 ) ;
#2456 = LINE ( 'NONE', #2514, #1103 ) ;
#2457 = DIRECTION ( 'NONE',  ( -0.0000000000000000000, 1.000000000000000000, -0.0000000000000000000 ) ) ;
#2458 = PRESENTATION_STYLE_ASSIGNMENT (( #2705 ) ) ;
#2459 = ADVANCED_FACE ( 'NONE', ( #301 ), #19, .T. ) ;
#2460 = VECTOR ( 'NONE', #2998, 39.37007874015748100 ) ;
#2461 = DIRECTION ( 'NONE',  ( 0.0000000000000000000, 0.0000000000000000000, 1.000000000000000000 ) ) ;
#2462 = VECTOR ( 'NONE', #729, 39.37007874015748100 ) ;
#2463 = DIRECTION ( 'NONE',  ( 1.000000000000000000, 0.0000000000000000000, 0.0000000000000000000 ) ) ;
#2464 = DIRECTION ( 'NONE',  ( -0.0000000000000000000, 1.000000000000000000, -0.0000000000000000000 ) ) ;
#2465 = MANIFOLD_SOLID_BREP ( 'Boss-Extrude3[6]', #2042 ) ;
#2466 = FACE_OUTER_BOUND ( 'NONE', #1799, .T. ) ;
#2467 = AXIS2_PLACEMENT_3D ( 'NONE', #1631, #1101, #2601 ) ;
#2468 = SURFACE_STYLE_FILL_AREA ( #143 ) ;
#2469 = ORIENTED_EDGE ( 'NONE', *, *, #1642, .F. ) ;
#2470 = EDGE_CURVE ( 'NONE', #441, #1872, #2995, .T. ) ;
#2471 = DIRECTION ( 'NONE',  ( -0.0000000000000000000, -1.000000000000000000, -0.0000000000000000000 ) ) ;
#2472 = ORIENTED_EDGE ( 'NONE', *, *, #2428, .F. ) ;
#2473 = FACE_OUTER_BOUND ( 'NONE', #3174, .T. ) ;
#2474 = CARTESIAN_POINT ( 'NONE',  ( -0.2500000000000000000, 0.01999999999999993400, 0.1499999999999999900 ) ) ;
#2475 = DIRECTION ( 'NONE',  ( 0.0000000000000000000, -0.0000000000000000000, 1.000000000000000000 ) ) ;
#2476 = AXIS2_PLACEMENT_3D ( 'NONE', #926, #3201, #2689 ) ;
#2477 = EDGE_LOOP ( 'NONE', ( #315, #1124 ) ) ;
#2478 = ORIENTED_EDGE ( 'NONE', *, *, #1704, .T. ) ;
#2479 = DIRECTION ( 'NONE',  ( -0.0000000000000000000, 1.000000000000000000, -0.0000000000000000000 ) ) ;
#2480 = ORIENTED_EDGE ( 'NONE', *, *, #1378, .F. ) ;
#2481 = CARTESIAN_POINT ( 'NONE',  ( 0.3039999999999999900, 0.1899999999999999700, -0.07299999999999998200 ) ) ;
#2482 = ORIENTED_EDGE ( 'NONE', *, *, #1518, .F. ) ;
#2483 = CYLINDRICAL_SURFACE ( 'NONE', #377, 0.01000000000000001200 ) ;
#2484 = DIRECTION ( 'NONE',  ( 0.0000000000000000000, -1.000000000000000000, 0.0000000000000000000 ) ) ;
#2485 = MECHANICAL_DESIGN_GEOMETRIC_PRESENTATION_REPRESENTATION (  '', ( #1801 ), #1062 ) ;
#2486 = DIRECTION ( 'NONE',  ( 0.0000000000000000000, 0.0000000000000000000, 1.000000000000000000 ) ) ;
#2487 = EDGE_CURVE ( 'NONE', #922, #2616, #3114, .T. ) ;
#2488 = FACE_OUTER_BOUND ( 'NONE', #2147, .T. ) ;
#2489 =( LENGTH_UNIT ( ) NAMED_UNIT ( * ) SI_UNIT ( $, .METRE. ) );
#2490 = ORIENTED_EDGE ( 'NONE', *, *, #2487, .T. ) ;
#2491 = LINE ( 'NONE', #1729, #2828 ) ;
#2492 = EDGE_CURVE ( 'NONE', #1604, #691, #2732, .T. ) ;
#2493 = ORIENTED_EDGE ( 'NONE', *, *, #2037, .T. ) ;
#2494 = DIRECTION ( 'NONE',  ( 0.0000000000000000000, 0.0000000000000000000, 1.000000000000000000 ) ) ;
#2495 = LINE ( 'NONE', #1244, #2333 ) ;
#2496 = VECTOR ( 'NONE', #269, 39.37007874015748100 ) ;
#2497 = FACE_OUTER_BOUND ( 'NONE', #2556, .T. ) ;
#2498 = FILL_AREA_STYLE ('',( #920 ) ) ;
#2499 = CARTESIAN_POINT ( 'NONE',  ( -0.04599999999999996500, 0.1899999999999999700, -0.07299999999999998200 ) ) ;
#2500 = AXIS2_PLACEMENT_3D ( 'NONE', #1958, #2471, #1937 ) ;
#2501 = DIRECTION ( 'NONE',  ( 0.0000000000000000000, 0.0000000000000000000, 1.000000000000000000 ) ) ;
#2502 = ORIENTED_EDGE ( 'NONE', *, *, #1294, .T. ) ;
#2503 = FACE_OUTER_BOUND ( 'NONE', #1599, .T. ) ;
#2504 = COLOUR_RGB ( '',1.000000000000000000, 1.000000000000000000, 1.000000000000000000 ) ;
#2505 = ORIENTED_EDGE ( 'NONE', *, *, #784, .F. ) ;
#2506 = AXIS2_PLACEMENT_3D ( 'NONE', #2012, #978, #1012 ) ;
#2507 = VECTOR ( 'NONE', #3137, 39.37007874015748100 ) ;
#2508 = EDGE_CURVE ( 'NONE', #1772, #2823, #1203, .T. ) ;
#2509 = ORIENTED_EDGE ( 'NONE', *, *, #243, .F. ) ;
#2510 = DIRECTION ( 'NONE',  ( -1.000000000000000000, 0.0000000000000000000, 2.057114453060438200E-016 ) ) ;
#2511 = CARTESIAN_POINT ( 'NONE',  ( 0.0000000000000000000, 0.0000000000000000000, 0.0000000000000000000 ) ) ;
#2512 = FILL_AREA_STYLE_COLOUR ( '', #336 ) ;
#2513 = ORIENTED_EDGE ( 'NONE', *, *, #1207, .F. ) ;
#2514 = CARTESIAN_POINT ( 'NONE',  ( 0.3500000000000001400, 0.2000000000000000100, 0.2000000000000000400 ) ) ;
#2515 = EDGE_LOOP ( 'NONE', ( #3135, #73 ) ) ;
#2516 = VERTEX_POINT ( 'NONE', #1255 ) ;
#2517 = ORIENTED_EDGE ( 'NONE', *, *, #141, .T. ) ;
#2518 =( LENGTH_UNIT ( ) NAMED_UNIT ( * ) SI_UNIT ( $, .METRE. ) );
#2519 = ORIENTED_EDGE ( 'NONE', *, *, #1319, .F. ) ;
#2520 = EDGE_LOOP ( 'NONE', ( #567, #1094, #2596, #1165 ) ) ;
#2521 = DIRECTION ( 'NONE',  ( -1.000000000000000000, 0.0000000000000000000, 0.0000000000000000000 ) ) ;
#2522 = CARTESIAN_POINT ( 'NONE',  ( -0.3039999999999999400, 0.1899999999999999700, 0.07300000000000003700 ) ) ;
#2523 = VERTEX_POINT ( 'NONE', #442 ) ;
#2524 = CARTESIAN_POINT ( 'NONE',  ( 0.2500000000000000600, -0.1699999999999999800, 0.1399999999999999900 ) ) ;
#2525 = VECTOR ( 'NONE', #1398, 39.37007874015748100 ) ;
#2526 = EDGE_LOOP ( 'NONE', ( #2007, #2113, #282, #1179 ) ) ;
#2527 = EDGE_CURVE ( 'NONE', #609, #1753, #825, .T. ) ;
#2528 = VECTOR ( 'NONE', #1474, 39.37007874015748100 ) ;
#2529 = LINE ( 'NONE', #2055, #1068 ) ;
#2530 =( GEOMETRIC_REPRESENTATION_CONTEXT ( 3 ) GLOBAL_UNCERTAINTY_ASSIGNED_CONTEXT ( ( #3138 ) ) GLOBAL_UNIT_ASSIGNED_CONTEXT ( ( #2345, #1386, #1875 ) ) REPRESENTATION_CONTEXT ( 'NONE', 'WORKASPACE' ) );
#2531 = EDGE_CURVE ( 'NONE', #2243, #3019, #142, .T. ) ;
#2532 = CARTESIAN_POINT ( 'NONE',  ( -0.3039999999999999400, 0.1899999999999999700, 0.07300000000000003700 ) ) ;
#2533 = LINE ( 'NONE', #2780, #99 ) ;
#2534 = VERTEX_POINT ( 'NONE', #741 ) ;
#2535 = DIRECTION ( 'NONE',  ( 0.0000000000000000000, -1.000000000000000000, 0.0000000000000000000 ) ) ;
#2536 = LINE ( 'NONE', #1630, #1369 ) ;
#2537 = FILL_AREA_STYLE ('',( #1072 ) ) ;
#2538 = EDGE_LOOP ( 'NONE', ( #115, #71, #150, #1737 ) ) ;
#2539 = DIRECTION ( 'NONE',  ( 0.0000000000000000000, 0.0000000000000000000, -1.000000000000000000 ) ) ;
#2540 = ADVANCED_FACE ( 'NONE', ( #1778 ), #1975, .T. ) ;
#2541 = LINE ( 'NONE', #2245, #753 ) ;
#2542 = AXIS2_PLACEMENT_3D ( 'NONE', #2344, #1863, #316 ) ;
#2543 = ORIENTED_EDGE ( 'NONE', *, *, #1684, .T. ) ;
#2544 = DIRECTION ( 'NONE',  ( -2.057114453060438200E-016, 0.0000000000000000000, -1.000000000000000000 ) ) ;
#2545 = EDGE_CURVE ( 'NONE', #1093, #2534, #2050, .T. ) ;
#2546 = DIRECTION ( 'NONE',  ( -0.0000000000000000000, 0.5885550900987861500, 0.8084571144586519800 ) ) ;
#2547 = AXIS2_PLACEMENT_3D ( 'NONE', #768, #2544, #211 ) ;
#2548 = ORIENTED_EDGE ( 'NONE', *, *, #3016, .F. ) ;
#2549 = CARTESIAN_POINT ( 'NONE',  ( 0.0000000000000000000, 0.1799999999999999900, 0.0000000000000000000 ) ) ;
#2550 = EDGE_CURVE ( 'NONE', #954, #454, #2794, .T. ) ;
#2551 =( LENGTH_UNIT ( ) NAMED_UNIT ( * ) SI_UNIT ( $, .METRE. ) );
#2552 = EDGE_LOOP ( 'NONE', ( #2772, #2885, #2330, #449 ) ) ;
#2553 =( LENGTH_UNIT ( ) NAMED_UNIT ( * ) SI_UNIT ( $, .METRE. ) );
#2554 = VERTEX_POINT ( 'NONE', #2269 ) ;
#2555 = CARTESIAN_POINT ( 'NONE',  ( -0.2209999999999999200, 0.1899999999999999700, -0.07299999999999998200 ) ) ;
#2556 = EDGE_LOOP ( 'NONE', ( #22, #2673, #2105, #210 ) ) ;
#2557 = PLANE ( 'NONE',  #1208 ) ;
#2558 = ORIENTED_EDGE ( 'NONE', *, *, #2653, .T. ) ;
#2559 = ORIENTED_EDGE ( 'NONE', *, *, #749, .F. ) ;
#2560 = VECTOR ( 'NONE', #2727, 39.37007874015748100 ) ;
#2561 = MANIFOLD_SOLID_BREP ( 'Boss-Extrude4[3]', #1918 ) ;
#2562 = DIRECTION ( 'NONE',  ( -0.0000000000000000000, -1.000000000000000000, -0.0000000000000000000 ) ) ;
#2563 = ORIENTED_EDGE ( 'NONE', *, *, #1704, .F. ) ;
#2564 = ORIENTED_EDGE ( 'NONE', *, *, #261, .T. ) ;
#2565 = CARTESIAN_POINT ( 'NONE',  ( 0.1290000000000000000, 0.1899999999999999700, 0.07300000000000000900 ) ) ;
#2566 = FACE_OUTER_BOUND ( 'NONE', #2063, .T. ) ;
#2567 = ORIENTED_EDGE ( 'NONE', *, *, #141, .F. ) ;
#2568 = DIRECTION ( 'NONE',  ( -1.000000000000000000, -0.0000000000000000000, -0.0000000000000000000 ) ) ;
#2569 = CARTESIAN_POINT ( 'NONE',  ( 0.1500000000000000500, 0.01999999999999993400, -0.1600000000000000000 ) ) ;
#2570 = VECTOR ( 'NONE', #2734, 39.37007874015748100 ) ;
#2571 = DIRECTION ( 'NONE',  ( -0.0000000000000000000, 1.000000000000000000, -0.0000000000000000000 ) ) ;
#2572 = CARTESIAN_POINT ( 'NONE',  ( 0.3039999999999999900, 0.1899999999999999700, 0.07300000000000000900 ) ) ;
#2573 = LINE ( 'NONE', #1994, #1585 ) ;
#2574 = EDGE_CURVE ( 'NONE', #2024, #225, #944, .T. ) ;
#2575 = AXIS2_PLACEMENT_3D ( 'NONE', #3004, #208, #189 ) ;
#2576 = VECTOR ( 'NONE', #2656, 39.37007874015748100 ) ;
#2577 = CARTESIAN_POINT ( 'NONE',  ( 0.2785652629737283000, 0.0000000000000000000, -0.1374346730280381300 ) ) ;
#2578 = DIRECTION ( 'NONE',  ( 0.0000000000000000000, -1.000000000000000000, 0.0000000000000000000 ) ) ;
#2579 = ORIENTED_EDGE ( 'NONE', *, *, #2270, .T. ) ;
#2580 = ORIENTED_EDGE ( 'NONE', *, *, #1325, .T. ) ;
#2581 = FACE_OUTER_BOUND ( 'NONE', #2515, .T. ) ;
#2582 = VECTOR ( 'NONE', #3100, 39.37007874015748100 ) ;
#2583 = ORIENTED_EDGE ( 'NONE', *, *, #66, .F. ) ;
#2584 = DIRECTION ( 'NONE',  ( -1.000000000000000000, -0.0000000000000000000, -0.0000000000000000000 ) ) ;
#2585 = PRESENTATION_LAYER_ASSIGNMENT (  '', '', ( #823 ) ) ;
#2586 = ORIENTED_EDGE ( 'NONE', *, *, #953, .F. ) ;
#2587 = DIRECTION ( 'NONE',  ( 0.0000000000000000000, 1.000000000000000000, 0.0000000000000000000 ) ) ;
#2588 = EDGE_CURVE ( 'NONE', #1643, #2231, #1284, .T. ) ;
#2589 = EDGE_LOOP ( 'NONE', ( #2149, #1187, #972, #2367 ) ) ;
#2590 = AXIS2_PLACEMENT_3D ( 'NONE', #1125, #1410, #2411 ) ;
#2591 = ADVANCED_FACE ( 'NONE', ( #1104 ), #1306, .T. ) ;
#2592 = VERTEX_POINT ( 'NONE', #1318 ) ;
#2593 = VERTEX_POINT ( 'NONE', #1537 ) ;
#2594 = EDGE_CURVE ( 'NONE', #699, #2152, #498, .T. ) ;
#2595 = CARTESIAN_POINT ( 'NONE',  ( 0.3500000000000001400, 0.01999999999999993400, 0.1228747148169490000 ) ) ;
#2596 = ORIENTED_EDGE ( 'NONE', *, *, #2694, .T. ) ;
#2597 = CARTESIAN_POINT ( 'NONE',  ( 0.1290000000000000000, 0.1799999999999999900, -0.07299999999999998200 ) ) ;
#2598 = ORIENTED_EDGE ( 'NONE', *, *, #806, .T. ) ;
#2599 = SURFACE_STYLE_FILL_AREA ( #95 ) ;
#2600 = VECTOR ( 'NONE', #1059, 39.37007874015748100 ) ;
#2601 = DIRECTION ( 'NONE',  ( 0.0000000000000000000, 0.0000000000000000000, 1.000000000000000000 ) ) ;
#2602 = AXIS2_PLACEMENT_3D ( 'NONE', #2738, #3223, #2008 ) ;
#2603 = LINE ( 'NONE', #1556, #2496 ) ;
#2604 = ADVANCED_FACE ( 'NONE', ( #2372, #2334, #576, #3028, #461 ), #2557, .F. ) ;
#2605 = VECTOR ( 'NONE', #292, 39.37007874015748100 ) ;
#2606 = AXIS2_PLACEMENT_3D ( 'NONE', #174, #707, #2736 ) ;
#2607 = PLANE ( 'NONE',  #1258 ) ;
#2608 = EDGE_CURVE ( 'NONE', #1006, #178, #2529, .T. ) ;
#2609 = FACE_OUTER_BOUND ( 'NONE', #3173, .T. ) ;
#2610 = FILL_AREA_STYLE_COLOUR ( '', #3110 ) ;
#2611 = CARTESIAN_POINT ( 'NONE',  ( -0.2209999999999999200, 0.1799999999999999900, 0.07300000000000000900 ) ) ;
#2612 = CARTESIAN_POINT ( 'NONE',  ( -0.2500000000000000000, -0.1699999999999999800, -0.1600000000000000000 ) ) ;
#2613 = LINE ( 'NONE', #2976, #1946 ) ;
#2614 = CARTESIAN_POINT ( 'NONE',  ( -0.3499999999999997600, 0.2000000000000000100, -0.1999999999999999300 ) ) ;
#2615 = APPLICATION_PROTOCOL_DEFINITION ( 'draft international standard', 'automotive_design', 1998, #84 ) ;
#2616 = VERTEX_POINT ( 'NONE', #510 ) ;
#2617 = VERTEX_POINT ( 'NONE', #2280 ) ;
#2618 = ADVANCED_FACE ( 'NONE', ( #1328 ), #2032, .F. ) ;
#2619 = DIRECTION ( 'NONE',  ( -1.000000000000000000, 0.0000000000000000000, -0.0000000000000000000 ) ) ;
#2620 = DIRECTION ( 'NONE',  ( -1.000000000000000000, 0.0000000000000000000, 0.0000000000000000000 ) ) ;
#2621 = DIRECTION ( 'NONE',  ( 0.0000000000000000000, 0.0000000000000000000, -1.000000000000000000 ) ) ;
#2622 = CARTESIAN_POINT ( 'NONE',  ( 0.3500000000000001400, 0.0000000000000000000, 0.2000000000000000400 ) ) ;
#2623 = ORIENTED_EDGE ( 'NONE', *, *, #2911, .T. ) ;
#2624 = DIRECTION ( 'NONE',  ( 0.0000000000000000000, 0.0000000000000000000, 1.000000000000000000 ) ) ;
#2625 =( GEOMETRIC_REPRESENTATION_CONTEXT ( 3 ) GLOBAL_UNCERTAINTY_ASSIGNED_CONTEXT ( ( #25 ) ) GLOBAL_UNIT_ASSIGNED_CONTEXT ( ( #2229, #3018, #992 ) ) REPRESENTATION_CONTEXT ( 'NONE', 'WORKASPACE' ) );
#2626 = VERTEX_POINT ( 'NONE', #1098 ) ;
#2627 = DIRECTION ( 'NONE',  ( 0.0000000000000000000, 0.0000000000000000000, 1.000000000000000000 ) ) ;
#2628 = ORIENTED_EDGE ( 'NONE', *, *, #2719, .T. ) ;
#2629 =( CONVERSION_BASED_UNIT ( 'INCH', #3023 ) LENGTH_UNIT ( ) NAMED_UNIT ( #1129 ) );
#2630 = EDGE_CURVE ( 'NONE', #327, #1350, #1512, .T. ) ;
#2631 = PLANE ( 'NONE',  #2313 ) ;
#2632 = ORIENTED_EDGE ( 'NONE', *, *, #2704, .T. ) ;
#2633 = DIRECTION ( 'NONE',  ( 0.0000000000000000000, 1.000000000000000000, 0.0000000000000000000 ) ) ;
#2634 = CARTESIAN_POINT ( 'NONE',  ( -0.3499999999999997600, 0.0000000000000000000, 0.1374346730280381300 ) ) ;
#2635 = ORIENTED_EDGE ( 'NONE', *, *, #2545, .F. ) ;
#2636 = ORIENTED_EDGE ( 'NONE', *, *, #2773, .F. ) ;
#2637 = LINE ( 'NONE', #1530, #1276 ) ;
#2638 = CARTESIAN_POINT ( 'NONE',  ( -0.04999999999999998200, 0.01999999999999993400, 0.1600000000000000000 ) ) ;
#2639 = ADVANCED_FACE ( 'NONE', ( #3185 ), #3147, .T. ) ;
#2640 = ORIENTED_EDGE ( 'NONE', *, *, #1376, .T. ) ;
#2641 = LINE ( 'NONE', #2199, #2125 ) ;
#2642 = DIRECTION ( 'NONE',  ( -0.0000000000000000000, 1.000000000000000000, -0.0000000000000000000 ) ) ;
#2643 = VECTOR ( 'NONE', #11, 39.37007874015748100 ) ;
#2644 = DIRECTION ( 'NONE',  ( 0.0000000000000000000, 0.0000000000000000000, 1.000000000000000000 ) ) ;
#2645 = CARTESIAN_POINT ( 'NONE',  ( 0.05000000000000001000, -0.1699999999999999800, 0.1499999999999999900 ) ) ;
#2646 = CIRCLE ( 'NONE', #2028, 0.01000000000000001200 ) ;
#2647 = LINE ( 'NONE', #105, #1245 ) ;
#2648 = FACE_OUTER_BOUND ( 'NONE', #675, .T. ) ;
#2649 = DIRECTION ( 'NONE',  ( -2.057114453060438200E-016, 0.0000000000000000000, -1.000000000000000000 ) ) ;
#2650 = VECTOR ( 'NONE', #2799, 39.37007874015748100 ) ;
#2651 = CIRCLE ( 'NONE', #2769, 0.01000000000000001200 ) ;
#2652 = CARTESIAN_POINT ( 'NONE',  ( 0.3039999999999999900, 0.1799999999999999900, 0.07300000000000000900 ) ) ;
#2653 = EDGE_CURVE ( 'NONE', #1644, #3066, #1660, .T. ) ;
#2654 = AXIS2_PLACEMENT_3D ( 'NONE', #1039, #1565, #2795 ) ;
#2655 = COLOUR_RGB ( '',1.000000000000000000, 1.000000000000000000, 1.000000000000000000 ) ;
#2656 = DIRECTION ( 'NONE',  ( -0.0000000000000000000, 1.000000000000000000, -0.0000000000000000000 ) ) ;
#2657 = EDGE_CURVE ( 'NONE', #331, #2977, #2174, .T. ) ;
#2658 = ADVANCED_FACE ( 'NONE', ( #1854 ), #111, .F. ) ;
#2659 = DIRECTION ( 'NONE',  ( 0.0000000000000000000, -0.0000000000000000000, 1.000000000000000000 ) ) ;
#2660 = ORIENTED_EDGE ( 'NONE', *, *, #60, .F. ) ;
#2661 = LENGTH_MEASURE_WITH_UNIT ( LENGTH_MEASURE( 0.02539999999999999900 ), #2031 );
#2662 = UNCERTAINTY_MEASURE_WITH_UNIT (LENGTH_MEASURE( 1.000000000000000100E-005 ), #179, 'distance_accuracy_value', 'NONE');
#2663 = ORIENTED_EDGE ( 'NONE', *, *, #953, .T. ) ;
#2664 = CARTESIAN_POINT ( 'NONE',  ( 0.3500000000000001400, 0.01999999999999993400, 0.1228747148169490000 ) ) ;
#2665 = FACE_OUTER_BOUND ( 'NONE', #1233, .T. ) ;
#2666 = CARTESIAN_POINT ( 'NONE',  ( -0.1499999999999999900, -0.1699999999999999800, 0.1499999999999999900 ) ) ;
#2667 = DIRECTION ( 'NONE',  ( -0.0000000000000000000, -1.000000000000000000, -0.0000000000000000000 ) ) ;
#2668 = ORIENTED_EDGE ( 'NONE', *, *, #1131, .T. ) ;
#2669 = PRESENTATION_LAYER_ASSIGNMENT (  '', '', ( #36 ) ) ;
#2670 = SURFACE_STYLE_USAGE ( .BOTH. , #2415 ) ;
#2671 = DIRECTION ( 'NONE',  ( 0.0000000000000000000, 0.0000000000000000000, -1.000000000000000000 ) ) ;
#2672 = EDGE_LOOP ( 'NONE', ( #1607, #1959, #1673, #2933 ) ) ;
#2673 = ORIENTED_EDGE ( 'NONE', *, *, #2677, .F. ) ;
#2674 = ADVANCED_FACE ( 'NONE', ( #3078 ), #2360, .F. ) ;
#2675 = CARTESIAN_POINT ( 'NONE',  ( -0.1499999999999999900, -0.1699999999999999800, -0.1399999999999999900 ) ) ;
#2676 = ORIENTED_EDGE ( 'NONE', *, *, #2230, .T. ) ;
#2677 = EDGE_CURVE ( 'NONE', #2416, #1724, #899, .T. ) ;
#2678 = ORIENTED_EDGE ( 'NONE', *, *, #2982, .F. ) ;
#2679 = DIRECTION ( 'NONE',  ( -0.0000000000000000000, 0.8084571144586517600, -0.5885550900987860400 ) ) ;
#2680 = EDGE_LOOP ( 'NONE', ( #3180, #2543, #2896, #2703, #1085, #1, #925, #2856, #2816, #444 ) ) ;
#2681 = LINE ( 'NONE', #762, #2004 ) ;
#2682 = PLANE ( 'NONE',  #2693 ) ;
#2683 = DIRECTION ( 'NONE',  ( 1.000000000000000000, 0.0000000000000000000, 0.0000000000000000000 ) ) ;
#2684 = ORIENTED_EDGE ( 'NONE', *, *, #2405, .F. ) ;
#2685 = SURFACE_STYLE_USAGE ( .BOTH. , #906 ) ;
#2686 = ORIENTED_EDGE ( 'NONE', *, *, #885, .F. ) ;
#2687 = CIRCLE ( 'NONE', #2602, 0.01000000000000001200 ) ;
#2688 = VECTOR ( 'NONE', #3054, 39.37007874015748100 ) ;
#2689 = DIRECTION ( 'NONE',  ( 0.0000000000000000000, -0.0000000000000000000, -1.000000000000000000 ) ) ;
#2690 = ADVANCED_FACE ( 'NONE', ( #1703 ), #2109, .F. ) ;
#2691 =( LENGTH_UNIT ( ) NAMED_UNIT ( * ) SI_UNIT ( $, .METRE. ) );
#2692 = VECTOR ( 'NONE', #596, 39.37007874015748100 ) ;
#2693 = AXIS2_PLACEMENT_3D ( 'NONE', #1173, #1993, #2963 ) ;
#2694 = EDGE_CURVE ( 'NONE', #2516, #2592, #1898, .T. ) ;
#2695 = LENGTH_MEASURE_WITH_UNIT ( LENGTH_MEASURE( 0.02539999999999999900 ), #2489 );
#2696 = CARTESIAN_POINT ( 'NONE',  ( -0.3039999999999999400, 0.1799999999999999900, 0.07300000000000003700 ) ) ;
#2697 = EDGE_LOOP ( 'NONE', ( #1190, #1611, #2036, #964 ) ) ;
#2698 = DIMENSIONAL_EXPONENTS ( 1.000000000000000000, 0.0000000000000000000, 0.0000000000000000000, 0.0000000000000000000, 0.0000000000000000000, 0.0000000000000000000, 0.0000000000000000000 ) ;
#2699 = PLANE ( 'NONE',  #1477 ) ;
#2700 = CYLINDRICAL_SURFACE ( 'NONE', #281, 0.01000000000000001200 ) ;
#2701 = PLANE ( 'NONE',  #3075 ) ;
#2702 = PLANE ( 'NONE',  #1658 ) ;
#2703 = ORIENTED_EDGE ( 'NONE', *, *, #2894, .F. ) ;
#2704 = EDGE_CURVE ( 'NONE', #736, #2024, #747, .T. ) ;
#2705 = SURFACE_STYLE_USAGE ( .BOTH. , #902 ) ;
#2706 = PLANE ( 'NONE',  #1109 ) ;
#2707 = CARTESIAN_POINT ( 'NONE',  ( -0.1289999999999999800, 0.1799999999999999900, -0.07299999999999996800 ) ) ;
#2708 = MANIFOLD_SOLID_BREP ( 'Boss-Extrude3[12]', #1172 ) ;
#2709 = ORIENTED_EDGE ( 'NONE', *, *, #3001, .F. ) ;
#2710 = ORIENTED_EDGE ( 'NONE', *, *, #2250, .F. ) ;
#2711 = EDGE_LOOP ( 'NONE', ( #3104, #2190, #2640, #3098 ) ) ;
#2712 = DIRECTION ( 'NONE',  ( -0.0000000000000000000, -1.000000000000000000, -0.0000000000000000000 ) ) ;
#2713 = ORIENTED_EDGE ( 'NONE', *, *, #525, .F. ) ;
#2714 = ORIENTED_EDGE ( 'NONE', *, *, #1741, .T. ) ;
#2715 = AXIS2_PLACEMENT_3D ( 'NONE', #2051, #21, #1780 ) ;
#2716 = CARTESIAN_POINT ( 'NONE',  ( -0.2500000000000000000, -0.1699999999999999800, 0.1600000000000000000 ) ) ;
#2717 = ORIENTED_EDGE ( 'NONE', *, *, #545, .T. ) ;
#2718 = ORIENTED_EDGE ( 'NONE', *, *, #932, .F. ) ;
#2719 = EDGE_CURVE ( 'NONE', #736, #936, #3224, .T. ) ;
#2720 = ORIENTED_EDGE ( 'NONE', *, *, #3086, .T. ) ;
#2721 = VERTEX_POINT ( 'NONE', #2207 ) ;
#2722 = PRESENTATION_STYLE_ASSIGNMENT (( #2067 ) ) ;
#2723 = CARTESIAN_POINT ( 'NONE',  ( 0.05000000000000001000, -0.1699999999999999800, 0.1600000000000000000 ) ) ;
#2724 = EDGE_CURVE ( 'NONE', #2779, #2617, #2573, .T. ) ;
#2725 = SURFACE_SIDE_STYLE ('',( #348 ) ) ;
#2726 = CARTESIAN_POINT ( 'NONE',  ( 0.3500000000000001400, 0.1999999999999999800, 0.1799999999999999400 ) ) ;
#2727 = DIRECTION ( 'NONE',  ( 0.0000000000000000000, 0.0000000000000000000, 1.000000000000000000 ) ) ;
#2728 = ORIENTED_EDGE ( 'NONE', *, *, #1462, .F. ) ;
#2729 = VECTOR ( 'NONE', #3168, 39.37007874015748100 ) ;
#2730 = PLANE ( 'NONE',  #1705 ) ;
#2731 = LINE ( 'NONE', #1269, #2087 ) ;
#2732 = LINE ( 'NONE', #1720, #2460 ) ;
#2733 = CARTESIAN_POINT ( 'NONE',  ( 0.05000000000000001000, -0.1699999999999999800, 0.1600000000000000000 ) ) ;
#2734 = DIRECTION ( 'NONE',  ( -0.0000000000000000000, 1.000000000000000000, -0.0000000000000000000 ) ) ;
#2735 = VECTOR ( 'NONE', #1347, 39.37007874015748100 ) ;
#2736 = DIRECTION ( 'NONE',  ( 0.0000000000000000000, 0.0000000000000000000, 1.000000000000000000 ) ) ;
#2737 = SURFACE_SIDE_STYLE ('',( #2947 ) ) ;
#2738 = CARTESIAN_POINT ( 'NONE',  ( 0.1500000000000000500, -0.1699999999999999800, -0.1499999999999999900 ) ) ;
#2739 = MECHANICAL_DESIGN_GEOMETRIC_PRESENTATION_REPRESENTATION (  '', ( #2272 ), #2891 ) ;
#2740 = EDGE_CURVE ( 'NONE', #755, #2410, #541, .T. ) ;
#2741 = CIRCLE ( 'NONE', #652, 0.01000000000000001200 ) ;
#2742 = CARTESIAN_POINT ( 'NONE',  ( 0.0000000000000000000, 0.1799999999999999900, 0.0000000000000000000 ) ) ;
#2743 = PRESENTATION_STYLE_ASSIGNMENT (( #1929 ) ) ;
#2744 = CARTESIAN_POINT ( 'NONE',  ( 0.2500000000000000600, 0.01999999999999993400, -0.1399999999999999900 ) ) ;
#2745 = PLANE ( 'NONE',  #2080 ) ;
#2746 = DIRECTION ( 'NONE',  ( 0.7071067811865474600, 0.0000000000000000000, 0.7071067811865474600 ) ) ;
#2747 = ORIENTED_EDGE ( 'NONE', *, *, #66, .T. ) ;
#2748 = ORIENTED_EDGE ( 'NONE', *, *, #728, .F. ) ;
#2749 = DIRECTION ( 'NONE',  ( 0.0000000000000000000, 1.000000000000000000, 0.0000000000000000000 ) ) ;
#2750 = VERTEX_POINT ( 'NONE', #1510 ) ;
#2751 = AXIS2_PLACEMENT_3D ( 'NONE', #1060, #2303, #517 ) ;
#2752 = EDGE_CURVE ( 'NONE', #594, #2076, #1817, .T. ) ;
#2753 = DIRECTION ( 'NONE',  ( 0.4553979250405419400, -0.7197596706613034200, -0.5239835363427947100 ) ) ;
#2754 = ORIENTED_EDGE ( 'NONE', *, *, #2630, .T. ) ;
#2755 = DIRECTION ( 'NONE',  ( -1.000000000000000000, 0.0000000000000000000, 2.057114453060438900E-016 ) ) ;
#2756 = VECTOR ( 'NONE', #1503, 39.37007874015748100 ) ;
#2757 = EDGE_CURVE ( 'NONE', #1091, #492, #1154, .T. ) ;
#2758 = FACE_OUTER_BOUND ( 'NONE', #1013, .T. ) ;
#2759 = PLANE ( 'NONE',  #827 ) ;
#2760 = VECTOR ( 'NONE', #880, 39.37007874015748100 ) ;
#2761 = VECTOR ( 'NONE', #3007, 39.37007874015748100 ) ;
#2762 = FACE_OUTER_BOUND ( 'NONE', #483, .T. ) ;
#2763 = DIRECTION ( 'NONE',  ( 0.0000000000000000000, 0.0000000000000000000, 1.000000000000000000 ) ) ;
#2764 = DIRECTION ( 'NONE',  ( 1.000000000000000000, 0.0000000000000000000, -2.057114453060438900E-016 ) ) ;
#2765 = DIRECTION ( 'NONE',  ( 0.0000000000000000000, 1.000000000000000000, 0.0000000000000000000 ) ) ;
#2766 = VECTOR ( 'NONE', #2621, 39.37007874015748100 ) ;
#2767 = LINE ( 'NONE', #1897, #1712 ) ;
#2768 = DIRECTION ( 'NONE',  ( 0.0000000000000000000, 1.000000000000000000, 0.0000000000000000000 ) ) ;
#2769 = AXIS2_PLACEMENT_3D ( 'NONE', #450, #2234, #2494 ) ;
#2770 = VECTOR ( 'NONE', #866, 39.37007874015748100 ) ;
#2771 = DIRECTION ( 'NONE',  ( -2.057114453060438900E-016, 0.0000000000000000000, -1.000000000000000000 ) ) ;
#2772 = ORIENTED_EDGE ( 'NONE', *, *, #893, .T. ) ;
#2773 = EDGE_CURVE ( 'NONE', #2922, #2240, #49, .T. ) ;
#2774 = SURFACE_STYLE_USAGE ( .BOTH. , #3259 ) ;
#2775 = ORIENTED_EDGE ( 'NONE', *, *, #960, .F. ) ;
#2776 = CARTESIAN_POINT ( 'NONE',  ( 0.3039999999999999900, 0.1799999999999999900, 0.07300000000000000900 ) ) ;
#2777 = SURFACE_STYLE_USAGE ( .BOTH. , #2289 ) ;
#2778 = EDGE_LOOP ( 'NONE', ( #2017, #883, #1195, #523 ) ) ;
#2779 = VERTEX_POINT ( 'NONE', #765 ) ;
#2780 = CARTESIAN_POINT ( 'NONE',  ( -0.04599999999999996500, 0.1899999999999999700, -0.07299999999999998200 ) ) ;
#2781 = ORIENTED_EDGE ( 'NONE', *, *, #3071, .F. ) ;
#2782 = CARTESIAN_POINT ( 'NONE',  ( 0.1290000000000000000, 0.1799999999999999900, 0.07300000000000000900 ) ) ;
#2783 = VERTEX_POINT ( 'NONE', #2296 ) ;
#2784 = DIRECTION ( 'NONE',  ( -0.8450577407891859400, 0.5346750552740207100, 0.0000000000000000000 ) ) ;
#2785 = EDGE_LOOP ( 'NONE', ( #1266, #3281, #1509, #2925 ) ) ;
#2786 = CARTESIAN_POINT ( 'NONE',  ( 0.2500000000000000600, -0.1699999999999999800, -0.1600000000000000000 ) ) ;
#2787 = LINE ( 'NONE', #2723, #1848 ) ;
#2788 = VECTOR ( 'NONE', #1895, 39.37007874015748100 ) ;
#2789 = EDGE_CURVE ( 'NONE', #1872, #2068, #2603, .T. ) ;
#2790 = FACE_OUTER_BOUND ( 'NONE', #171, .T. ) ;
#2791 = UNCERTAINTY_MEASURE_WITH_UNIT (LENGTH_MEASURE( 1.000000000000000100E-005 ), #1128, 'distance_accuracy_value', 'NONE');
#2792 = DIRECTION ( 'NONE',  ( -0.0000000000000000000, 1.000000000000000000, -0.0000000000000000000 ) ) ;
#2793 =( NAMED_UNIT ( * ) PLANE_ANGLE_UNIT ( ) SI_UNIT ( $, .RADIAN. ) );
#2794 = LINE ( 'NONE', #221, #2761 ) ;
#2795 = DIRECTION ( 'NONE',  ( 0.0000000000000000000, 0.0000000000000000000, 1.000000000000000000 ) ) ;
#2796 = ADVANCED_FACE ( 'NONE', ( #1939 ), #670, .T. ) ;
#2797 = SURFACE_STYLE_USAGE ( .BOTH. , #3027 ) ;
#2798 = CYLINDRICAL_SURFACE ( 'NONE', #1321, 0.01000000000000001200 ) ;
#2799 = DIRECTION ( 'NONE',  ( -0.0000000000000000000, 1.000000000000000000, -0.0000000000000000000 ) ) ;
#2800 = DIRECTION ( 'NONE',  ( -1.000000000000000000, 0.0000000000000000000, 9.756599977372368600E-017 ) ) ;
#2801 =( CONVERSION_BASED_UNIT ( 'INCH', #1141 ) LENGTH_UNIT ( ) NAMED_UNIT ( #1953 ) );
#2802 = LENGTH_MEASURE_WITH_UNIT ( LENGTH_MEASURE( 0.02539999999999999900 ), #2927 );
#2803 = ORIENTED_EDGE ( 'NONE', *, *, #1177, .T. ) ;
#2804 = LINE ( 'NONE', #1305, #1040 ) ;
#2805 = CARTESIAN_POINT ( 'NONE',  ( 0.1500000000000000500, 0.01999999999999993400, -0.1499999999999999900 ) ) ;
#2806 = EDGE_LOOP ( 'NONE', ( #435, #918 ) ) ;
#2807 = EDGE_CURVE ( 'NONE', #2783, #2323, #379, .T. ) ;
#2808 = STYLED_ITEM ( 'NONE', ( #2095 ), #2465 ) ;
#2809 = ADVANCED_FACE ( 'NONE', ( #1247 ), #1822, .T. ) ;
#2810 = EDGE_LOOP ( 'NONE', ( #117, #857 ) ) ;
#2811 = EDGE_CURVE ( 'NONE', #609, #1724, #2491, .T. ) ;
#2812 = DIRECTION ( 'NONE',  ( 0.0000000000000000000, 0.0000000000000000000, 1.000000000000000000 ) ) ;
#2813 = ORIENTED_EDGE ( 'NONE', *, *, #3244, .F. ) ;
#2814 = DIRECTION ( 'NONE',  ( -2.057114453060438900E-016, 0.0000000000000000000, -1.000000000000000000 ) ) ;
#2815 = ORIENTED_EDGE ( 'NONE', *, *, #2936, .T. ) ;
#2816 = ORIENTED_EDGE ( 'NONE', *, *, #2657, .F. ) ;
#2817 = LINE ( 'NONE', #2221, #2901 ) ;
#2818 = DIRECTION ( 'NONE',  ( 1.000000000000000000, 0.0000000000000000000, -2.057114453060438900E-016 ) ) ;
#2819 = ORIENTED_EDGE ( 'NONE', *, *, #1137, .T. ) ;
#2820 = ORIENTED_EDGE ( 'NONE', *, *, #1363, .T. ) ;
#2821 = CARTESIAN_POINT ( 'NONE',  ( -0.1289999999999999800, 0.1799999999999999900, -0.07299999999999996800 ) ) ;
#2822 = AXIS2_PLACEMENT_3D ( 'NONE', #1692, #1947, #417 ) ;
#2823 = VERTEX_POINT ( 'NONE', #2744 ) ;
#2824 = DIRECTION ( 'NONE',  ( -1.000000000000000000, 0.0000000000000000000, 2.057114453060438900E-016 ) ) ;
#2825 = ADVANCED_FACE ( 'NONE', ( #3152 ), #2759, .T. ) ;
#2826 = EDGE_LOOP ( 'NONE', ( #393, #1566, #3237, #897 ) ) ;
#2827 = DIRECTION ( 'NONE',  ( 0.0000000000000000000, 0.0000000000000000000, 1.000000000000000000 ) ) ;
#2828 = VECTOR ( 'NONE', #987, 39.37007874015748100 ) ;
#2829 = EDGE_LOOP ( 'NONE', ( #1082, #3083, #240, #3055 ) ) ;
#2830 = AXIS2_PLACEMENT_3D ( 'NONE', #1807, #504, #2818 ) ;
#2831 = FACE_OUTER_BOUND ( 'NONE', #892, .T. ) ;
#2832 = MANIFOLD_SOLID_BREP ( 'Boss-Extrude3[7]', #1430 ) ;
#2833 = EDGE_CURVE ( 'NONE', #2323, #2783, #2328, .T. ) ;
#2834 = DIRECTION ( 'NONE',  ( 1.000000000000000000, -0.0000000000000000000, -2.057114453060438200E-016 ) ) ;
#2835 =( NAMED_UNIT ( * ) SI_UNIT ( $, .STERADIAN. ) SOLID_ANGLE_UNIT ( ) );
#2836 = DIRECTION ( 'NONE',  ( -0.0000000000000000000, 1.000000000000000000, -0.0000000000000000000 ) ) ;
#2837 = VECTOR ( 'NONE', #1931, 39.37007874015748100 ) ;
#2838 = CARTESIAN_POINT ( 'NONE',  ( -0.2500000000000000000, -0.1699999999999999800, -0.1399999999999999900 ) ) ;
#2839 = LINE ( 'NONE', #16, #1209 ) ;
#2840 = ADVANCED_FACE ( 'NONE', ( #252 ), #1264, .F. ) ;
#2841 = FACE_OUTER_BOUND ( 'NONE', #1731, .T. ) ;
#2842 = VECTOR ( 'NONE', #2479, 39.37007874015748100 ) ;
#2843 = DIRECTION ( 'NONE',  ( 0.0000000000000000000, 0.0000000000000000000, 1.000000000000000000 ) ) ;
#2844 = CARTESIAN_POINT ( 'NONE',  ( -0.04999999999999998200, -0.1699999999999999800, 0.1399999999999999900 ) ) ;
#2845 = CARTESIAN_POINT ( 'NONE',  ( 0.1290000000000000000, 0.1799999999999999900, 0.07300000000000000900 ) ) ;
#2846 = VECTOR ( 'NONE', #2053, 39.37007874015748100 ) ;
#2847 = AXIS2_PLACEMENT_3D ( 'NONE', #1973, #2484, #963 ) ;
#2848 = ORIENTED_EDGE ( 'NONE', *, *, #806, .F. ) ;
#2849 = PLANE ( 'NONE',  #1373 ) ;
#2850 = EDGE_CURVE ( 'NONE', #1695, #609, #536, .T. ) ;
#2851 = CARTESIAN_POINT ( 'NONE',  ( -0.04599999999999996500, 0.1799999999999999900, 0.07300000000000000900 ) ) ;
#2852 = FILL_AREA_STYLE ('',( #2881 ) ) ;
#2853 = ORIENTED_EDGE ( 'NONE', *, *, #2309, .F. ) ;
#2854 = EDGE_CURVE ( 'NONE', #3230, #2189, #457, .T. ) ;
#2855 = CARTESIAN_POINT ( 'NONE',  ( 0.04599999999999999900, 0.1799999999999999900, 0.07300000000000003700 ) ) ;
#2856 = ORIENTED_EDGE ( 'NONE', *, *, #2218, .F. ) ;
#2857 = ORIENTED_EDGE ( 'NONE', *, *, #1825, .F. ) ;
#2858 = ADVANCED_FACE ( 'NONE', ( #1892 ), #2286, .T. ) ;
#2859 = CARTESIAN_POINT ( 'NONE',  ( 0.3500000000000001400, 0.01999999999999993400, -0.1228747148169490000 ) ) ;
#2860 = ORIENTED_EDGE ( 'NONE', *, *, #3227, .F. ) ;
#2861 = ORIENTED_EDGE ( 'NONE', *, *, #239, .T. ) ;
#2862 = LINE ( 'NONE', #3050, #2083 ) ;
#2863 = EDGE_LOOP ( 'NONE', ( #2027, #838 ) ) ;
#2864 = VECTOR ( 'NONE', #3187, 39.37007874015748100 ) ;
#2865 = CARTESIAN_POINT ( 'NONE',  ( -0.3499999999999997600, 0.0000000000000000000, 0.2000000000000001200 ) ) ;
#2866 = VECTOR ( 'NONE', #2539, 39.37007874015748100 ) ;
#2867 = DIRECTION ( 'NONE',  ( 2.057114453060438200E-016, 0.0000000000000000000, 1.000000000000000000 ) ) ;
#2868 = VERTEX_POINT ( 'NONE', #466 ) ;
#2869 = CARTESIAN_POINT ( 'NONE',  ( 0.1290000000000000000, 0.1799999999999999900, 0.07300000000000000900 ) ) ;
#2870 = AXIS2_PLACEMENT_3D ( 'NONE', #1144, #1419, #3160 ) ;
#2871 = VECTOR ( 'NONE', #306, 39.37007874015748100 ) ;
#2872 = LINE ( 'NONE', #1250, #1433 ) ;
#2873 = EDGE_CURVE ( 'NONE', #2750, #2189, #1580, .T. ) ;
#2874 =( CONVERSION_BASED_UNIT ( 'INCH', #2412 ) LENGTH_UNIT ( ) NAMED_UNIT ( #2929 ) );
#2875 = CARTESIAN_POINT ( 'NONE',  ( 0.2500000000000000600, -0.1699999999999999800, -0.1499999999999999900 ) ) ;
#2876 = PRESENTATION_STYLE_ASSIGNMENT (( #2777 ) ) ;
#2877 = CARTESIAN_POINT ( 'NONE',  ( -0.3499999999999997600, -0.1699999999999999800, 0.1475458765538846500 ) ) ;
#2878 = EDGE_CURVE ( 'NONE', #2076, #594, #2217, .T. ) ;
#2879 = LINE ( 'NONE', #1359, #186 ) ;
#2880 = ADVANCED_FACE ( 'NONE', ( #181 ), #3190, .F. ) ;
#2881 = FILL_AREA_STYLE_COLOUR ( '', #910 ) ;
#2882 = LENGTH_MEASURE_WITH_UNIT ( LENGTH_MEASURE( 0.02539999999999999900 ), #1717 );
#2883 = FACE_OUTER_BOUND ( 'NONE', #1184, .T. ) ;
#2884 = CARTESIAN_POINT ( 'NONE',  ( -0.3499999999999997600, 0.1899999999999999700, 0.1475458765538846500 ) ) ;
#2885 = ORIENTED_EDGE ( 'NONE', *, *, #2185, .T. ) ;
#2886 = CARTESIAN_POINT ( 'NONE',  ( 0.1290000000000000000, 0.1899999999999999700, 0.07300000000000000900 ) ) ;
#2887 = AXIS2_PLACEMENT_3D ( 'NONE', #380, #657, #2627 ) ;
#2888 = DIRECTION ( 'NONE',  ( -0.0000000000000000000, 1.000000000000000000, -0.0000000000000000000 ) ) ;
#2889 = UNCERTAINTY_MEASURE_WITH_UNIT (LENGTH_MEASURE( 1.000000000000000100E-005 ), #2931, 'distance_accuracy_value', 'NONE');
#2890 = ADVANCED_FACE ( 'NONE', ( #1736 ), #1656, .T. ) ;
#2891 =( GEOMETRIC_REPRESENTATION_CONTEXT ( 3 ) GLOBAL_UNCERTAINTY_ASSIGNED_CONTEXT ( ( #2791 ) ) GLOBAL_UNIT_ASSIGNED_CONTEXT ( ( #1128, #1090, #2835 ) ) REPRESENTATION_CONTEXT ( 'NONE', 'WORKASPACE' ) );
#2892 = DIRECTION ( 'NONE',  ( -0.0000000000000000000, 1.000000000000000000, 0.0000000000000000000 ) ) ;
#2893 = DIRECTION ( 'NONE',  ( -0.0000000000000000000, 1.000000000000000000, -0.0000000000000000000 ) ) ;
#2894 = EDGE_CURVE ( 'NONE', #1883, #1496, #3073, .T. ) ;
#2895 = DIRECTION ( 'NONE',  ( -0.0000000000000000000, -0.0000000000000000000, 1.000000000000000000 ) ) ;
#2896 = ORIENTED_EDGE ( 'NONE', *, *, #3250, .F. ) ;
#2897 = AXIS2_PLACEMENT_3D ( 'NONE', #1252, #1241, #2984 ) ;
#2898 = DIRECTION ( 'NONE',  ( 1.000000000000000000, -0.0000000000000000000, -2.057114453060438200E-016 ) ) ;
#2899 = ORIENTED_EDGE ( 'NONE', *, *, #831, .T. ) ;
#2900 = PLANE ( 'NONE',  #1254 ) ;
#2901 = VECTOR ( 'NONE', #664, 39.37007874015748100 ) ;
#2902 = VERTEX_POINT ( 'NONE', #2968 ) ;
#2903 = VERTEX_POINT ( 'NONE', #2481 ) ;
#2904 = FILL_AREA_STYLE_COLOUR ( '', #2655 ) ;
#2905 = LINE ( 'NONE', #429, #2248 ) ;
#2906 = ADVANCED_FACE ( 'NONE', ( #133 ), #2701, .F. ) ;
#2907 = DIRECTION ( 'NONE',  ( -1.000000000000000000, 0.0000000000000000000, 2.057114453060438900E-016 ) ) ;
#2908 = FACE_OUTER_BOUND ( 'NONE', #767, .T. ) ;
#2909 = AXIS2_PLACEMENT_3D ( 'NONE', #1589, #2375, #56 ) ;
#2910 = DIRECTION ( 'NONE',  ( -0.0000000000000000000, -0.0000000000000000000, 1.000000000000000000 ) ) ;
#2911 = EDGE_CURVE ( 'NONE', #1121, #1641, #2905, .T. ) ;
#2912 = DIRECTION ( 'NONE',  ( 0.0000000000000000000, 0.0000000000000000000, 1.000000000000000000 ) ) ;
#2913 = DIMENSIONAL_EXPONENTS ( 1.000000000000000000, 0.0000000000000000000, 0.0000000000000000000, 0.0000000000000000000, 0.0000000000000000000, 0.0000000000000000000, 0.0000000000000000000 ) ;
#2914 = DIRECTION ( 'NONE',  ( 0.0000000000000000000, 0.0000000000000000000, 1.000000000000000000 ) ) ;
#2915 = DIRECTION ( 'NONE',  ( 0.0000000000000000000, -1.000000000000000000, -0.0000000000000000000 ) ) ;
#2916 = EDGE_CURVE ( 'NONE', #492, #1490, #1549, .T. ) ;
#2917 = ORIENTED_EDGE ( 'NONE', *, *, #2470, .T. ) ;
#2918 = LINE ( 'NONE', #54, #2225 ) ;
#2919 =( LENGTH_UNIT ( ) NAMED_UNIT ( * ) SI_UNIT ( $, .METRE. ) );
#2920 = ADVANCED_FACE ( 'NONE', ( #2047 ), #1746, .T. ) ;
#2921 = VECTOR ( 'NONE', #3121, 39.37007874015748100 ) ;
#2922 = VERTEX_POINT ( 'NONE', #2499 ) ;
#2923 = PLANE ( 'NONE',  #1640 ) ;
#2924 = CARTESIAN_POINT ( 'NONE',  ( 0.2500000000000000600, 0.01999999999999993400, 0.1399999999999999900 ) ) ;
#2925 = ORIENTED_EDGE ( 'NONE', *, *, #2811, .T. ) ;
#2926 = MECHANICAL_DESIGN_GEOMETRIC_PRESENTATION_REPRESENTATION (  '', ( #1760 ), #3203 ) ;
#2927 =( LENGTH_UNIT ( ) NAMED_UNIT ( * ) SI_UNIT ( $, .METRE. ) );
#2928 = CARTESIAN_POINT ( 'NONE',  ( 0.1500000000000000500, -0.1699999999999999800, -0.1499999999999999900 ) ) ;
#2929 = DIMENSIONAL_EXPONENTS ( 1.000000000000000000, 0.0000000000000000000, 0.0000000000000000000, 0.0000000000000000000, 0.0000000000000000000, 0.0000000000000000000, 0.0000000000000000000 ) ;
#2930 = EDGE_CURVE ( 'NONE', #516, #206, #2731, .T. ) ;
#2931 =( CONVERSION_BASED_UNIT ( 'INCH', #1289 ) LENGTH_UNIT ( ) NAMED_UNIT ( #410 ) );
#2932 = DIRECTION ( 'NONE',  ( -0.0000000000000000000, 1.000000000000000000, -0.0000000000000000000 ) ) ;
#2933 = ORIENTED_EDGE ( 'NONE', *, *, #831, .F. ) ;
#2934 = EDGE_LOOP ( 'NONE', ( #2632, #1303 ) ) ;
#2935 = CARTESIAN_POINT ( 'NONE',  ( 0.0000000000000000000, 0.01999999999999993400, -0.2000000000000000100 ) ) ;
#2936 = EDGE_CURVE ( 'NONE', #3066, #2278, #296, .T. ) ;
#2937 = CARTESIAN_POINT ( 'NONE',  ( 0.0000000000000000000, 0.2000000000000000100, 0.0000000000000000000 ) ) ;
#2938 = CARTESIAN_POINT ( 'NONE',  ( -0.2785652629737283000, 0.0000000000000000000, -0.1374346730280381300 ) ) ;
#2939 = ORIENTED_EDGE ( 'NONE', *, *, #1562, .F. ) ;
#2940 = ORIENTED_EDGE ( 'NONE', *, *, #3186, .T. ) ;
#2941 =( CONVERSION_BASED_UNIT ( 'INCH', #1023 ) LENGTH_UNIT ( ) NAMED_UNIT ( #1164 ) );
#2942 = ORIENTED_EDGE ( 'NONE', *, *, #2588, .T. ) ;
#2943 = ORIENTED_EDGE ( 'NONE', *, *, #1747, .T. ) ;
#2944 = LENGTH_MEASURE_WITH_UNIT ( LENGTH_MEASURE( 0.02539999999999999900 ), #1005 );
#2945 = PRESENTATION_STYLE_ASSIGNMENT (( #1367 ) ) ;
#2946 = CARTESIAN_POINT ( 'NONE',  ( -0.1499999999999999900, 0.01999999999999993400, 0.1499999999999999900 ) ) ;
#2947 = SURFACE_STYLE_FILL_AREA ( #2969 ) ;
#2948 = DIMENSIONAL_EXPONENTS ( 1.000000000000000000, 0.0000000000000000000, 0.0000000000000000000, 0.0000000000000000000, 0.0000000000000000000, 0.0000000000000000000, 0.0000000000000000000 ) ;
#2949 = PLANE ( 'NONE',  #757 ) ;
#2950 = CARTESIAN_POINT ( 'NONE',  ( -0.1499999999999999900, 0.01999999999999993400, -0.1600000000000000000 ) ) ;
#2951 = CARTESIAN_POINT ( 'NONE',  ( -0.3499999999999997600, 0.1999999999999999800, -0.1799999999999999400 ) ) ;
#2952 = DIRECTION ( 'NONE',  ( -1.000000000000000000, 0.0000000000000000000, 0.0000000000000000000 ) ) ;
#2953 = FACE_OUTER_BOUND ( 'NONE', #564, .T. ) ;
#2954 = PLANE ( 'NONE',  #1847 ) ;
#2955 = EDGE_CURVE ( 'NONE', #200, #1093, #896, .T. ) ;
#2956 = CIRCLE ( 'NONE', #520, 0.01000000000000001200 ) ;
#2957 = CARTESIAN_POINT ( 'NONE',  ( -0.3039999999999999400, 0.1799999999999999900, 0.07300000000000003700 ) ) ;
#2958 = VERTEX_POINT ( 'NONE', #2994 ) ;
#2959 =( GEOMETRIC_REPRESENTATION_CONTEXT ( 3 ) GLOBAL_UNCERTAINTY_ASSIGNED_CONTEXT ( ( #579 ) ) GLOBAL_UNIT_ASSIGNED_CONTEXT ( ( #2629, #1120, #52 ) ) REPRESENTATION_CONTEXT ( 'NONE', 'WORKASPACE' ) );
#2960 = VECTOR ( 'NONE', #1597, 39.37007874015748100 ) ;
#2961 = PRESENTATION_STYLE_ASSIGNMENT (( #2670 ) ) ;
#2962 = DIRECTION ( 'NONE',  ( -1.000000000000000000, 0.0000000000000000000, 2.057114453060438200E-016 ) ) ;
#2963 = DIRECTION ( 'NONE',  ( 0.0000000000000000000, -0.0000000000000000000, 1.000000000000000000 ) ) ;
#2964 = DIRECTION ( 'NONE',  ( 0.0000000000000000000, 0.0000000000000000000, 1.000000000000000000 ) ) ;
#2965 = LENGTH_MEASURE_WITH_UNIT ( LENGTH_MEASURE( 0.02539999999999999900 ), #2691 );
#2966 = ORIENTED_EDGE ( 'NONE', *, *, #1089, .T. ) ;
#2967 = ORIENTED_EDGE ( 'NONE', *, *, #2165, .F. ) ;
#2968 = CARTESIAN_POINT ( 'NONE',  ( 0.3500000000000001400, 0.1899999999999999700, -0.1699164635289651100 ) ) ;
#2969 = FILL_AREA_STYLE ('',( #2512 ) ) ;
#2970 = CARTESIAN_POINT ( 'NONE',  ( -0.1499999999999999900, 0.01999999999999993400, 0.1399999999999999900 ) ) ;
#2971 = CARTESIAN_POINT ( 'NONE',  ( -0.1587311700414245600, 0.1899999999999999700, 0.3388147065124596000 ) ) ;
#2972 = AXIS2_PLACEMENT_3D ( 'NONE', #1776, #493, #3021 ) ;
#2973 = VERTEX_POINT ( 'NONE', #1758 ) ;
#2974 = ORIENTED_EDGE ( 'NONE', *, *, #1159, .F. ) ;
#2975 = EDGE_CURVE ( 'NONE', #1134, #2922, #2872, .T. ) ;
#2976 = CARTESIAN_POINT ( 'NONE',  ( -0.2975458765538842600, -0.1699999999999999800, 0.2000000000000001200 ) ) ;
#2977 = VERTEX_POINT ( 'NONE', #1240 ) ;
#2978 = VERTEX_POINT ( 'NONE', #1769 ) ;
#2979 =( NAMED_UNIT ( * ) PLANE_ANGLE_UNIT ( ) SI_UNIT ( $, .RADIAN. ) );
#2980 = DIRECTION ( 'NONE',  ( 0.0000000000000000000, 1.000000000000000000, 0.0000000000000000000 ) ) ;
#2981 = ORIENTED_EDGE ( 'NONE', *, *, #749, .T. ) ;
#2982 = EDGE_CURVE ( 'NONE', #1357, #2973, #1508, .T. ) ;
#2983 = ORIENTED_EDGE ( 'NONE', *, *, #1852, .F. ) ;
#2984 = DIRECTION ( 'NONE',  ( 0.0000000000000000000, 0.0000000000000000000, -1.000000000000000000 ) ) ;
#2985 = CYLINDRICAL_SURFACE ( 'NONE', #287, 0.01000000000000001200 ) ;
#2986 = DIRECTION ( 'NONE',  ( 0.0000000000000000000, 1.000000000000000000, 0.0000000000000000000 ) ) ;
#2987 = DIRECTION ( 'NONE',  ( 0.0000000000000000000, -1.000000000000000000, -0.0000000000000000000 ) ) ;
#2988 = CARTESIAN_POINT ( 'NONE',  ( 0.0000000000000000000, 0.1899999999999999700, 0.0000000000000000000 ) ) ;
#2989 = LINE ( 'NONE', #1646, #2046 ) ;
#2990 = VECTOR ( 'NONE', #3221, 39.37007874015748900 ) ;
#2991 = EDGE_LOOP ( 'NONE', ( #2728, #683, #1583, #3139 ) ) ;
#2992 = LINE ( 'NONE', #9, #575 ) ;
#2993 = DIRECTION ( 'NONE',  ( -0.0000000000000000000, 1.000000000000000000, -0.0000000000000000000 ) ) ;
#2994 = CARTESIAN_POINT ( 'NONE',  ( -0.04999999999999998200, -0.1699999999999999800, 0.1600000000000000000 ) ) ;
#2995 = CIRCLE ( 'NONE', #3046, 0.01000000000000001200 ) ;
#2996 = AXIS2_PLACEMENT_3D ( 'NONE', #738, #482, #1485 ) ;
#2997 = CARTESIAN_POINT ( 'NONE',  ( 0.3039999999999999900, 0.1799999999999999900, 0.07300000000000000900 ) ) ;
#2998 = DIRECTION ( 'NONE',  ( -0.0000000000000000000, -1.000000000000000000, -0.0000000000000000000 ) ) ;
#2999 = AXIS2_PLACEMENT_3D ( 'NONE', #274, #2282, #34 ) ;
#3000 = LINE ( 'NONE', #231, #793 ) ;
#3001 = EDGE_CURVE ( 'NONE', #3272, #2554, #45, .T. ) ;
#3002 =( NAMED_UNIT ( * ) PLANE_ANGLE_UNIT ( ) SI_UNIT ( $, .RADIAN. ) );
#3003 = VECTOR ( 'NONE', #2812, 39.37007874015748100 ) ;
#3004 = CARTESIAN_POINT ( 'NONE',  ( 0.04599999999999999900, 0.1899999999999999700, 0.07300000000000003700 ) ) ;
#3005 = CARTESIAN_POINT ( 'NONE',  ( -0.2500000000000000000, -0.1699999999999999800, -0.1499999999999999900 ) ) ;
#3006 = EDGE_LOOP ( 'NONE', ( #1382, #1808, #46, #1272 ) ) ;
#3007 = DIRECTION ( 'NONE',  ( 1.000000000000000000, 0.0000000000000000000, -2.057114453060438900E-016 ) ) ;
#3008 = ORIENTED_EDGE ( 'NONE', *, *, #1890, .F. ) ;
#3009 =( NAMED_UNIT ( * ) SI_UNIT ( $, .STERADIAN. ) SOLID_ANGLE_UNIT ( ) );
#3010 = DIRECTION ( 'NONE',  ( 0.0000000000000000000, -0.0000000000000000000, 1.000000000000000000 ) ) ;
#3011 = ORIENTED_EDGE ( 'NONE', *, *, #392, .T. ) ;
#3012 =( GEOMETRIC_REPRESENTATION_CONTEXT ( 3 ) GLOBAL_UNCERTAINTY_ASSIGNED_CONTEXT ( ( #438 ) ) GLOBAL_UNIT_ASSIGNED_CONTEXT ( ( #2279, #1528, #2287 ) ) REPRESENTATION_CONTEXT ( 'NONE', 'WORKASPACE' ) );
#3013 = EDGE_LOOP ( 'NONE', ( #250, #2106 ) ) ;
#3014 = DIRECTION ( 'NONE',  ( 0.0000000000000000000, -0.0000000000000000000, 1.000000000000000000 ) ) ;
#3015 = ORIENTED_EDGE ( 'NONE', *, *, #2531, .T. ) ;
#3016 = EDGE_CURVE ( 'NONE', #1935, #1268, #1355, .T. ) ;
#3017 = CARTESIAN_POINT ( 'NONE',  ( 0.1500000000000000500, -0.1699999999999999800, 0.1499999999999999900 ) ) ;
#3018 =( NAMED_UNIT ( * ) PLANE_ANGLE_UNIT ( ) SI_UNIT ( $, .RADIAN. ) );
#3019 = VERTEX_POINT ( 'NONE', #121 ) ;
#3020 = ORIENTED_EDGE ( 'NONE', *, *, #3193, .T. ) ;
#3021 = DIRECTION ( 'NONE',  ( 1.000000000000000000, 0.0000000000000000000, -2.057114453060438900E-016 ) ) ;
#3022 = VECTOR ( 'NONE', #2932, 39.37007874015748100 ) ;
#3023 = LENGTH_MEASURE_WITH_UNIT ( LENGTH_MEASURE( 0.02539999999999999900 ), #869 );
#3024 = EDGE_CURVE ( 'NONE', #112, #2000, #1323, .T. ) ;
#3025 = ORIENTED_EDGE ( 'NONE', *, *, #1114, .F. ) ;
#3026 = ADVANCED_FACE ( 'NONE', ( #216 ), #743, .T. ) ;
#3027 = SURFACE_SIDE_STYLE ('',( #1978 ) ) ;
#3028 = FACE_BOUND ( 'NONE', #1600, .T. ) ;
#3029 = SURFACE_SIDE_STYLE ('',( #1411 ) ) ;
#3030 = CARTESIAN_POINT ( 'NONE',  ( -0.2500000000000000000, -0.1699999999999999800, 0.1399999999999999900 ) ) ;
#3031 = FACE_OUTER_BOUND ( 'NONE', #1142, .T. ) ;
#3032 = UNCERTAINTY_MEASURE_WITH_UNIT (LENGTH_MEASURE( 1.000000000000000100E-005 ), #1055, 'distance_accuracy_value', 'NONE');
#3033 = PLANE ( 'NONE',  #2830 ) ;
#3034 = LINE ( 'NONE', #314, #2735 ) ;
#3035 = DIRECTION ( 'NONE',  ( -1.000000000000000000, 0.0000000000000000000, 2.057114453060438900E-016 ) ) ;
#3036 = CARTESIAN_POINT ( 'NONE',  ( -0.3039999999999999400, 0.1899999999999999700, 0.07300000000000005100 ) ) ;
#3037 = FACE_OUTER_BOUND ( 'NONE', #1051, .T. ) ;
#3038 = AXIS2_PLACEMENT_3D ( 'NONE', #1041, #2587, #2335 ) ;
#3039 = DIRECTION ( 'NONE',  ( -0.0000000000000000000, -0.0000000000000000000, 1.000000000000000000 ) ) ;
#3040 = ORIENTED_EDGE ( 'NONE', *, *, #2724, .T. ) ;
#3041 = DIRECTION ( 'NONE',  ( -0.0000000000000000000, -1.000000000000000000, -0.0000000000000000000 ) ) ;
#3042 =( NAMED_UNIT ( * ) PLANE_ANGLE_UNIT ( ) SI_UNIT ( $, .RADIAN. ) );
#3043 = EDGE_CURVE ( 'NONE', #1091, #1076, #2647, .T. ) ;
#3044 = LINE ( 'NONE', #1174, #511 ) ;
#3045 = DIRECTION ( 'NONE',  ( 0.0000000000000000000, -1.000000000000000000, 0.0000000000000000000 ) ) ;
#3046 = AXIS2_PLACEMENT_3D ( 'NONE', #1009, #488, #2486 ) ;
#3047 = CARTESIAN_POINT ( 'NONE',  ( 0.3500000000000001400, 0.01999999999999993400, 0.1228747148169490000 ) ) ;
#3048 = ORIENTED_EDGE ( 'NONE', *, *, #2295, .F. ) ;
#3049 = EDGE_CURVE ( 'NONE', #2323, #230, #3069, .T. ) ;
#3050 = CARTESIAN_POINT ( 'NONE',  ( -0.04599999999999996500, 0.1799999999999999900, -0.07299999999999998200 ) ) ;
#3051 =( NAMED_UNIT ( * ) PLANE_ANGLE_UNIT ( ) SI_UNIT ( $, .RADIAN. ) );
#3052 = VERTEX_POINT ( 'NONE', #1146 ) ;
#3053 = PLANE ( 'NONE',  #625 ) ;
#3054 = DIRECTION ( 'NONE',  ( 1.000000000000000000, -0.0000000000000000000, -2.057114453060438900E-016 ) ) ;
#3055 = ORIENTED_EDGE ( 'NONE', *, *, #525, .T. ) ;
#3056 = PLANE ( 'NONE',  #634 ) ;
#3057 = ORIENTED_EDGE ( 'NONE', *, *, #3024, .T. ) ;
#3058 = ORIENTED_EDGE ( 'NONE', *, *, #2657, .T. ) ;
#3059 = CARTESIAN_POINT ( 'NONE',  ( -0.2500000000000000000, -0.1699999999999999800, 0.1399999999999999900 ) ) ;
#3060 = DIRECTION ( 'NONE',  ( -0.0000000000000000000, 1.000000000000000000, -0.0000000000000000000 ) ) ;
#3061 = AXIS2_PLACEMENT_3D ( 'NONE', #3116, #2578, #813 ) ;
#3062 = CLOSED_SHELL ( 'NONE', ( #2378, #1081, #94, #2809 ) ) ;
#3063 = ORIENTED_EDGE ( 'NONE', *, *, #2930, .T. ) ;
#3064 = PLANE ( 'NONE',  #2654 ) ;
#3065 = CARTESIAN_POINT ( 'NONE',  ( -0.2500000000000000000, -0.1699999999999999800, -0.1499999999999999900 ) ) ;
#3066 = VERTEX_POINT ( 'NONE', #2119 ) ;
#3067 = AXIS2_PLACEMENT_3D ( 'NONE', #359, #1437, #1140 ) ;
#3068 = CIRCLE ( 'NONE', #1700, 0.01000000000000001200 ) ;
#3069 = LINE ( 'NONE', #3170, #3219 ) ;
#3070 = ORIENTED_EDGE ( 'NONE', *, *, #2075, .T. ) ;
#3071 = EDGE_CURVE ( 'NONE', #816, #2973, #3181, .T. ) ;
#3072 = VECTOR ( 'NONE', #824, 39.37007874015748100 ) ;
#3073 = LINE ( 'NONE', #2951, #2990 ) ;
#3074 = CARTESIAN_POINT ( 'NONE',  ( 0.05000000000000001000, -0.1699999999999999800, -0.1399999999999999900 ) ) ;
#3075 = AXIS2_PLACEMENT_3D ( 'NONE', #1216, #1970, #440 ) ;
#3076 = CARTESIAN_POINT ( 'NONE',  ( -0.1499999999999999900, -0.1699999999999999800, -0.1399999999999999900 ) ) ;
#3077 = CIRCLE ( 'NONE', #2715, 0.01000000000000001200 ) ;
#3078 = FACE_OUTER_BOUND ( 'NONE', #1342, .T. ) ;
#3079 = CARTESIAN_POINT ( 'NONE',  ( 0.1500000000000000500, -0.1699999999999999800, -0.1600000000000000000 ) ) ;
#3080 = VECTOR ( 'NONE', #2325, 39.37007874015748100 ) ;
#3081 = ADVANCED_FACE ( 'NONE', ( #977 ), #878, .F. ) ;
#3082 = DIRECTION ( 'NONE',  ( -0.0000000000000000000, 1.000000000000000000, -0.0000000000000000000 ) ) ;
#3083 = ORIENTED_EDGE ( 'NONE', *, *, #845, .T. ) ;
#3084 = PRESENTATION_LAYER_ASSIGNMENT (  '', '', ( #368 ) ) ;
#3085 = SURFACE_STYLE_FILL_AREA ( #654 ) ;
#3086 = EDGE_CURVE ( 'NONE', #1357, #69, #860, .T. ) ;
#3087 = VECTOR ( 'NONE', #1570, 39.37007874015748100 ) ;
#3088 = ORIENTED_EDGE ( 'NONE', *, *, #3186, .F. ) ;
#3089 = ORIENTED_EDGE ( 'NONE', *, *, #1846, .T. ) ;
#3090 =( LENGTH_UNIT ( ) NAMED_UNIT ( * ) SI_UNIT ( $, .METRE. ) );
#3091 = EDGE_CURVE ( 'NONE', #561, #2198, #1243, .T. ) ;
#3092 = ORIENTED_EDGE ( 'NONE', *, *, #1020, .T. ) ;
#3093 = ADVANCED_FACE ( 'NONE', ( #2566 ), #2706, .F. ) ;
#3094 = VERTEX_POINT ( 'NONE', #3059 ) ;
#3095 = CARTESIAN_POINT ( 'NONE',  ( -0.3499999999999997600, 0.2000000000000000100, 0.2000000000000001200 ) ) ;
#3096 = ORIENTED_EDGE ( 'NONE', *, *, #787, .F. ) ;
#3097 = DIRECTION ( 'NONE',  ( -1.000000000000000000, 0.0000000000000000000, 2.057114453060438900E-016 ) ) ;
#3098 = ORIENTED_EDGE ( 'NONE', *, *, #583, .T. ) ;
#3099 = DIRECTION ( 'NONE',  ( 2.057114453060438900E-016, 0.0000000000000000000, 1.000000000000000000 ) ) ;
#3100 = DIRECTION ( 'NONE',  ( -0.0000000000000000000, 1.000000000000000000, -0.0000000000000000000 ) ) ;
#3101 = ORIENTED_EDGE ( 'NONE', *, *, #1417, .T. ) ;
#3102 = COLOUR_RGB ( '',1.000000000000000000, 1.000000000000000000, 1.000000000000000000 ) ;
#3103 = AXIS2_PLACEMENT_3D ( 'NONE', #1288, #2765, #3010 ) ;
#3104 = ORIENTED_EDGE ( 'NONE', *, *, #1785, .F. ) ;
#3105 = EDGE_CURVE ( 'NONE', #2616, #640, #452, .T. ) ;
#3106 = CARTESIAN_POINT ( 'NONE',  ( -0.04999999999999998200, -0.1699999999999999800, 0.1499999999999999900 ) ) ;
#3107 = COLOUR_RGB ( '',0.7921568627450980000, 0.8196078431372548800, 0.9333333333333333500 ) ;
#3108 = EDGE_LOOP ( 'NONE', ( #3161, #1132 ) ) ;
#3109 = AXIS2_PLACEMENT_3D ( 'NONE', #669, #1438, #3156 ) ;
#3110 = COLOUR_RGB ( '',1.000000000000000000, 1.000000000000000000, 1.000000000000000000 ) ;
#3111 = EDGE_CURVE ( 'NONE', #206, #173, #1850, .T. ) ;
#3112 = ADVANCED_FACE ( 'NONE', ( #290 ), #2954, .T. ) ;
#3113 = FILL_AREA_STYLE_COLOUR ( '', #952 ) ;
#3114 = LINE ( 'NONE', #397, #1514 ) ;
#3115 = LINE ( 'NONE', #2371, #2692 ) ;
#3116 = CARTESIAN_POINT ( 'NONE',  ( 0.1500000000000000500, -0.1699999999999999800, -0.1499999999999999900 ) ) ;
#3117 = ORIENTED_EDGE ( 'NONE', *, *, #1852, .T. ) ;
#3118 = CARTESIAN_POINT ( 'NONE',  ( -0.04599999999999996500, 0.1899999999999999700, -0.07299999999999998200 ) ) ;
#3119 = SURFACE_SIDE_STYLE ('',( #1520 ) ) ;
#3120 = CARTESIAN_POINT ( 'NONE',  ( 0.0000000000000000000, 0.1799999999999999900, 0.0000000000000000000 ) ) ;
#3121 = DIRECTION ( 'NONE',  ( 1.000000000000000000, -0.0000000000000000000, -2.057114453060438900E-016 ) ) ;
#3122 = LINE ( 'NONE', #1249, #1793 ) ;
#3123 = ORIENTED_EDGE ( 'NONE', *, *, #1957, .T. ) ;
#3124 = DIRECTION ( 'NONE',  ( 0.5346750552740207100, -0.8450577407891859400, 0.0000000000000000000 ) ) ;
#3125 = ADVANCED_FACE ( 'NONE', ( #1614 ), #1783, .F. ) ;
#3126 = ORIENTED_EDGE ( 'NONE', *, *, #2016, .T. ) ;
#3127 = LINE ( 'NONE', #1667, #1045 ) ;
#3128 = DIRECTION ( 'NONE',  ( -0.0000000000000000000, 1.000000000000000000, -0.0000000000000000000 ) ) ;
#3129 = PRODUCT_CONTEXT ( 'NONE', #84, 'mechanical' ) ;
#3130 = EDGE_CURVE ( 'NONE', #2152, #2922, #1391, .T. ) ;
#3131 = ORIENTED_EDGE ( 'NONE', *, *, #478, .F. ) ;
#3132 =( GEOMETRIC_REPRESENTATION_CONTEXT ( 3 ) GLOBAL_UNCERTAINTY_ASSIGNED_CONTEXT ( ( #2223 ) ) GLOBAL_UNIT_ASSIGNED_CONTEXT ( ( #1962, #198, #1984 ) ) REPRESENTATION_CONTEXT ( 'NONE', 'WORKASPACE' ) );
#3133 = CARTESIAN_POINT ( 'NONE',  ( 0.1290000000000000000, 0.1799999999999999900, -0.07299999999999998200 ) ) ;
#3134 = DIRECTION ( 'NONE',  ( -0.0000000000000000000, -1.000000000000000000, -0.0000000000000000000 ) ) ;
#3135 = ORIENTED_EDGE ( 'NONE', *, *, #1417, .F. ) ;
#3136 = DIMENSIONAL_EXPONENTS ( 1.000000000000000000, 0.0000000000000000000, 0.0000000000000000000, 0.0000000000000000000, 0.0000000000000000000, 0.0000000000000000000, 0.0000000000000000000 ) ;
#3137 = DIRECTION ( 'NONE',  ( -0.5346750552740207100, -0.8450577407891859400, 0.0000000000000000000 ) ) ;
#3138 = UNCERTAINTY_MEASURE_WITH_UNIT (LENGTH_MEASURE( 1.000000000000000100E-005 ), #2345, 'distance_accuracy_value', 'NONE');
#3139 = ORIENTED_EDGE ( 'NONE', *, *, #1725, .F. ) ;
#3140 = EDGE_LOOP ( 'NONE', ( #2200, #1969, #1834, #2399 ) ) ;
#3141 = EDGE_LOOP ( 'NONE', ( #437, #1506, #2402, #1763 ) ) ;
#3142 = CARTESIAN_POINT ( 'NONE',  ( 0.3500000000000001400, 0.01999999999999993400, -0.1228747148169490000 ) ) ;
#3143 = VECTOR ( 'NONE', #2679, 39.37007874015748900 ) ;
#3144 = CARTESIAN_POINT ( 'NONE',  ( 0.3500000000000001400, 0.1999999999999999800, -0.1799999999999999400 ) ) ;
#3145 = ADVANCED_FACE ( 'NONE', ( #1934 ), #1575, .F. ) ;
#3146 = CLOSED_SHELL ( 'NONE', ( #1156, #2359, #1366, #3158, #876, #1926, #2141, #2020, #2450, #369, #1826, #2277, #346, #285, #3175, #3125, #2906, #3145, #1053, #3093, #2604, #1118, #2305, #2418, #1395, #1447, #1666, #1909, #3081, #356, #1409, #2690, #907, #900, #1645, #2674, #383, #1170, #44, #1678, #2192, #1873, #829 ) ) ;
#3147 = PLANE ( 'NONE',  #2430 ) ;
#3148 = CYLINDRICAL_SURFACE ( 'NONE', #2870, 0.01000000000000001200 ) ;
#3149 = VECTOR ( 'NONE', #3195, 39.37007874015748100 ) ;
#3150 = DIRECTION ( 'NONE',  ( 1.000000000000000000, 0.0000000000000000000, -2.057114453060438200E-016 ) ) ;
#3151 = AXIS2_PLACEMENT_3D ( 'NONE', #2387, #2361, #2843 ) ;
#3152 = FACE_OUTER_BOUND ( 'NONE', #2810, .T. ) ;
#3153 = PLANE ( 'NONE',  #3260 ) ;
#3154 = VECTOR ( 'NONE', #75, 39.37007874015748100 ) ;
#3155 = CARTESIAN_POINT ( 'NONE',  ( -0.2209999999999999200, 0.1799999999999999900, 0.07300000000000000900 ) ) ;
#3156 = DIRECTION ( 'NONE',  ( -1.000000000000000000, 0.0000000000000000000, 9.756599977372368600E-017 ) ) ;
#3157 = CIRCLE ( 'NONE', #350, 0.01000000000000001200 ) ;
#3158 = ADVANCED_FACE ( 'NONE', ( #939 ), #3056, .F. ) ;
#3159 = PRESENTATION_STYLE_ASSIGNMENT (( #491 ) ) ;
#3160 = DIRECTION ( 'NONE',  ( 0.0000000000000000000, 0.0000000000000000000, 1.000000000000000000 ) ) ;
#3161 = ORIENTED_EDGE ( 'NONE', *, *, #722, .F. ) ;
#3162 = DIRECTION ( 'NONE',  ( 0.0000000000000000000, 0.0000000000000000000, -1.000000000000000000 ) ) ;
#3163 = CARTESIAN_POINT ( 'NONE',  ( 0.2500000000000000600, -0.1699999999999999800, 0.1600000000000000000 ) ) ;
#3164 = CYLINDRICAL_SURFACE ( 'NONE', #2909, 0.01000000000000001200 ) ;
#3165 = DIRECTION ( 'NONE',  ( 0.0000000000000000000, -1.000000000000000000, 0.0000000000000000000 ) ) ;
#3166 = STYLED_ITEM ( 'NONE', ( #2961 ), #1626 ) ;
#3167 = ORIENTED_EDGE ( 'NONE', *, *, #2630, .F. ) ;
#3168 = DIRECTION ( 'NONE',  ( 0.0000000000000000000, 0.0000000000000000000, 1.000000000000000000 ) ) ;
#3169 = DIRECTION ( 'NONE',  ( 0.0000000000000000000, -0.0000000000000000000, 1.000000000000000000 ) ) ;
#3170 = CARTESIAN_POINT ( 'NONE',  ( -0.1499999999999999900, -0.1699999999999999800, 0.1399999999999999900 ) ) ;
#3171 = EDGE_CURVE ( 'NONE', #399, #1134, #1280, .T. ) ;
#3172 = DIRECTION ( 'NONE',  ( 0.0000000000000000000, -0.0000000000000000000, 1.000000000000000000 ) ) ;
#3173 = EDGE_LOOP ( 'NONE', ( #234, #3070, #3265, #1087 ) ) ;
#3174 = EDGE_LOOP ( 'NONE', ( #1864, #642, #690, #1908 ) ) ;
#3175 = ADVANCED_FACE ( 'NONE', ( #2488 ), #2302, .T. ) ;
#3176 = SURFACE_SIDE_STYLE ('',( #636 ) ) ;
#3177 = DIRECTION ( 'NONE',  ( -0.0000000000000000000, -0.0000000000000000000, 1.000000000000000000 ) ) ;
#3178 = UNCERTAINTY_MEASURE_WITH_UNIT (LENGTH_MEASURE( 1.000000000000000100E-005 ), #2941, 'distance_accuracy_value', 'NONE');
#3179 = ORIENTED_EDGE ( 'NONE', *, *, #606, .F. ) ;
#3180 = ORIENTED_EDGE ( 'NONE', *, *, #1518, .T. ) ;
#3181 = LINE ( 'NONE', #1669, #2525 ) ;
#3182 = CARTESIAN_POINT ( 'NONE',  ( 0.3500000000000001400, 0.0000000000000000000, 0.1374346730280381300 ) ) ;
#3183 = FACE_OUTER_BOUND ( 'NONE', #2477, .T. ) ;
#3184 = CARTESIAN_POINT ( 'NONE',  ( -0.2785652629737283000, 8.537024980200822600E-018, 0.2000000000000000900 ) ) ;
#3185 = FACE_OUTER_BOUND ( 'NONE', #1882, .T. ) ;
#3186 = EDGE_CURVE ( 'NONE', #173, #2593, #573, .T. ) ;
#3187 = DIRECTION ( 'NONE',  ( 0.0000000000000000000, 0.0000000000000000000, -1.000000000000000000 ) ) ;
#3188 = CARTESIAN_POINT ( 'NONE',  ( -0.2209999999999999200, 0.1899999999999999700, -0.07299999999999998200 ) ) ;
#3189 = FACE_OUTER_BOUND ( 'NONE', #1677, .T. ) ;
#3190 = PLANE ( 'NONE',  #2897 ) ;
#3191 = CARTESIAN_POINT ( 'NONE',  ( -0.2500000000000000000, -0.1699999999999999800, 0.1499999999999999900 ) ) ;
#3192 = PLANE ( 'NONE',  #1007 ) ;
#3193 = EDGE_CURVE ( 'NONE', #3052, #2978, #2127, .T. ) ;
#3194 = DIMENSIONAL_EXPONENTS ( 1.000000000000000000, 0.0000000000000000000, 0.0000000000000000000, 0.0000000000000000000, 0.0000000000000000000, 0.0000000000000000000, 0.0000000000000000000 ) ;
#3195 = DIRECTION ( 'NONE',  ( 1.000000000000000000, -0.0000000000000000000, -2.057114453060438900E-016 ) ) ;
#3196 = LINE ( 'NONE', #1777, #267 ) ;
#3197 = DIRECTION ( 'NONE',  ( 0.0000000000000000000, -0.0000000000000000000, 1.000000000000000000 ) ) ;
#3198 = ORIENTED_EDGE ( 'NONE', *, *, #2379, .T. ) ;
#3199 = VERTEX_POINT ( 'NONE', #2726 ) ;
#3200 = VECTOR ( 'NONE', #2154, 39.37007874015748100 ) ;
#3201 = DIRECTION ( 'NONE',  ( 0.0000000000000000000, -1.000000000000000000, 0.0000000000000000000 ) ) ;
#3202 = ORIENTED_EDGE ( 'NONE', *, *, #3024, .F. ) ;
#3203 =( GEOMETRIC_REPRESENTATION_CONTEXT ( 3 ) GLOBAL_UNCERTAINTY_ASSIGNED_CONTEXT ( ( #1535 ) ) GLOBAL_UNIT_ASSIGNED_CONTEXT ( ( #1997, #3002, #2005 ) ) REPRESENTATION_CONTEXT ( 'NONE', 'WORKASPACE' ) );
#3204 = CARTESIAN_POINT ( 'NONE',  ( -0.1499999999999999900, -0.1699999999999999800, -0.1600000000000000000 ) ) ;
#3205 = ORIENTED_EDGE ( 'NONE', *, *, #2850, .F. ) ;
#3206 = EDGE_CURVE ( 'NONE', #3066, #1644, #1887, .T. ) ;
#3207 =( GEOMETRIC_REPRESENTATION_CONTEXT ( 3 ) GLOBAL_UNCERTAINTY_ASSIGNED_CONTEXT ( ( #3263 ) ) GLOBAL_UNIT_ASSIGNED_CONTEXT ( ( #273, #3042, #248 ) ) REPRESENTATION_CONTEXT ( 'NONE', 'WORKASPACE' ) );
#3208 = DIRECTION ( 'NONE',  ( 0.0000000000000000000, 0.0000000000000000000, 1.000000000000000000 ) ) ;
#3209 = EDGE_LOOP ( 'NONE', ( #1267, #2663, #589, #2559 ) ) ;
#3210 = ORIENTED_EDGE ( 'NONE', *, *, #330, .T. ) ;
#3211 = EDGE_CURVE ( 'NONE', #2592, #1654, #1145, .T. ) ;
#3212 = SURFACE_STYLE_USAGE ( .BOTH. , #2725 ) ;
#3213 = EDGE_LOOP ( 'NONE', ( #1794, #842, #360, #366 ) ) ;
#3214 = ORIENTED_EDGE ( 'NONE', *, *, #330, .F. ) ;
#3215 = VERTEX_POINT ( 'NONE', #799 ) ;
#3216 = DIRECTION ( 'NONE',  ( -0.0000000000000000000, -0.0000000000000000000, 1.000000000000000000 ) ) ;
#3217 = ORIENTED_EDGE ( 'NONE', *, *, #2379, .F. ) ;
#3218 = ORIENTED_EDGE ( 'NONE', *, *, #2142, .F. ) ;
#3219 = VECTOR ( 'NONE', #644, 39.37007874015748100 ) ;
#3220 = AXIS2_PLACEMENT_3D ( 'NONE', #898, #2892, #2912 ) ;
#3221 = DIRECTION ( 'NONE',  ( 0.0000000000000000000, -0.7041595143854763000, 0.7100418144732112400 ) ) ;
#3222 =( LENGTH_UNIT ( ) NAMED_UNIT ( * ) SI_UNIT ( $, .METRE. ) );
#3223 = DIRECTION ( 'NONE',  ( 0.0000000000000000000, -1.000000000000000000, 0.0000000000000000000 ) ) ;
#3224 = LINE ( 'NONE', #1204, #711 ) ;
#3225 = DIRECTION ( 'NONE',  ( -0.0000000000000000000, 1.000000000000000000, -0.0000000000000000000 ) ) ;
#3226 = VECTOR ( 'NONE', #2895, 39.37007874015748100 ) ;
#3227 = EDGE_CURVE ( 'NONE', #2592, #968, #1652, .T. ) ;
#3228 = DIRECTION ( 'NONE',  ( -0.0000000000000000000, 1.000000000000000000, -0.0000000000000000000 ) ) ;
#3229 = PLANE ( 'NONE',  #1263 ) ;
#3230 = VERTEX_POINT ( 'NONE', #537 ) ;
#3231 = LINE ( 'NONE', #1238, #680 ) ;
#3232 = DIRECTION ( 'NONE',  ( 0.0000000000000000000, 0.0000000000000000000, 1.000000000000000000 ) ) ;
#3233 = LINE ( 'NONE', #2844, #2582 ) ;
#3234 = ORIENTED_EDGE ( 'NONE', *, *, #1444, .T. ) ;
#3235 = FACE_OUTER_BOUND ( 'NONE', #2697, .T. ) ;
#3236 = CARTESIAN_POINT ( 'NONE',  ( 0.2500000000000000600, -0.1699999999999999800, -0.1399999999999999900 ) ) ;
#3237 = ORIENTED_EDGE ( 'NONE', *, *, #1444, .F. ) ;
#3238 = ORIENTED_EDGE ( 'NONE', *, *, #2608, .T. ) ;
#3239 = CLOSED_SHELL ( 'NONE', ( #1379, #2858, #1194, #2920 ) ) ;
#3240 = CARTESIAN_POINT ( 'NONE',  ( -0.1289999999999999800, 0.1899999999999999700, 0.07300000000000003700 ) ) ;
#3241 =( GEOMETRIC_REPRESENTATION_CONTEXT ( 3 ) GLOBAL_UNCERTAINTY_ASSIGNED_CONTEXT ( ( #2662 ) ) GLOBAL_UNIT_ASSIGNED_CONTEXT ( ( #179, #2227, #201 ) ) REPRESENTATION_CONTEXT ( 'NONE', 'WORKASPACE' ) );
#3242 = CARTESIAN_POINT ( 'NONE',  ( -0.2209999999999999200, 0.1899999999999999700, 0.07300000000000000900 ) ) ;
#3243 = VERTEX_POINT ( 'NONE', #577 ) ;
#3244 = EDGE_CURVE ( 'NONE', #973, #2523, #83, .T. ) ;
#3245 = CLOSED_SHELL ( 'NONE', ( #2796, #794, #2123, #1322 ) ) ;
#3246 = AXIS2_PLACEMENT_3D ( 'NONE', #2019, #1784, #2964 ) ;
#3247 = FILL_AREA_STYLE ('',( #232 ) ) ;
#3248 = VERTEX_POINT ( 'NONE', #685 ) ;
#3249 = DIRECTION ( 'NONE',  ( -0.0000000000000000000, 1.000000000000000000, -0.0000000000000000000 ) ) ;
#3250 = EDGE_CURVE ( 'NONE', #1496, #509, #1811, .T. ) ;
#3251 = ORIENTED_EDGE ( 'NONE', *, *, #463, .T. ) ;
#3252 = DIRECTION ( 'NONE',  ( -0.0000000000000000000, 1.000000000000000000, 0.0000000000000000000 ) ) ;
#3253 = CARTESIAN_POINT ( 'NONE',  ( 0.05000000000000001000, -0.1699999999999999800, -0.1600000000000000000 ) ) ;
#3254 = DIRECTION ( 'NONE',  ( 0.0000000000000000000, -0.0000000000000000000, 1.000000000000000000 ) ) ;
#3255 = VECTOR ( 'NONE', #1463, 39.37007874015748100 ) ;
#3256 = LINE ( 'NONE', #2117, #372 ) ;
#3257 = VECTOR ( 'NONE', #1559, 39.37007874015748100 ) ;
#3258 = CARTESIAN_POINT ( 'NONE',  ( 0.2209999999999999700, 0.1899999999999999700, 0.07300000000000003700 ) ) ;
#3259 = SURFACE_SIDE_STYLE ('',( #2161 ) ) ;
#3260 = AXIS2_PLACEMENT_3D ( 'NONE', #1432, #2401, #1639 ) ;
#3261 = CIRCLE ( 'NONE', #610, 0.01000000000000001200 ) ;
#3262 = EDGE_CURVE ( 'NONE', #492, #1091, #775, .T. ) ;
#3263 = UNCERTAINTY_MEASURE_WITH_UNIT (LENGTH_MEASURE( 1.000000000000000100E-005 ), #273, 'distance_accuracy_value', 'NONE');
#3264 = EDGE_CURVE ( 'NONE', #2978, #2443, #3256, .T. ) ;
#3265 = ORIENTED_EDGE ( 'NONE', *, *, #615, .T. ) ;
#3266 = DIRECTION ( 'NONE',  ( 1.000000000000000000, -0.0000000000000000000, -9.756599977372368600E-017 ) ) ;
#3267 = PRESENTATION_STYLE_ASSIGNMENT (( #2685 ) ) ;
#3268 =( NAMED_UNIT ( * ) SI_UNIT ( $, .STERADIAN. ) SOLID_ANGLE_UNIT ( ) );
#3269 = ORIENTED_EDGE ( 'NONE', *, *, #81, .T. ) ;
#3270 = ORIENTED_EDGE ( 'NONE', *, *, #2291, .T. ) ;
#3271 = CARTESIAN_POINT ( 'NONE',  ( -0.04599999999999996500, 0.1899999999999999700, 0.07300000000000000900 ) ) ;
#3272 = VERTEX_POINT ( 'NONE', #339 ) ;
#3273 = ORIENTED_EDGE ( 'NONE', *, *, #1616, .F. ) ;
#3274 = PLANE ( 'NONE',  #2999 ) ;
#3275 = CARTESIAN_POINT ( 'NONE',  ( 0.3500000000000001400, 0.0000000000000000000, 0.1374346730280381300 ) ) ;
#3276 = ORIENTED_EDGE ( 'NONE', *, *, #2752, .T. ) ;
#3277 = DIRECTION ( 'NONE',  ( -1.000000000000000000, 0.0000000000000000000, 2.057114453060438900E-016 ) ) ;
#3278 = ADVANCED_FACE ( 'NONE', ( #2414 ), #2985, .T. ) ;
#3279 = DIRECTION ( 'NONE',  ( 0.0000000000000000000, 0.0000000000000000000, 1.000000000000000000 ) ) ;
#3280 = CARTESIAN_POINT ( 'NONE',  ( -0.2975458765538842600, 0.2000000000000000100, 0.2000000000000001200 ) ) ;
#3281 = ORIENTED_EDGE ( 'NONE', *, *, #1708, .F. ) ;
#3282 = FILL_AREA_STYLE ('',( #2455 ) ) ;
#3283 = DIRECTION ( 'NONE',  ( 0.0000000000000000000, -0.0000000000000000000, 1.000000000000000000 ) ) ;
#3284 = PLANE ( 'NONE',  #956 ) ;
ENDSEC;
END-ISO-10303-21;
