ISO-10303-21;
HEADER;
/* Generated by software containing ST-Developer
 * from STEP Tools, Inc. (www.steptools.com) 
 */

FILE_DESCRIPTION(
/* description */ (''),
/* implementation_level */ '2;1');

FILE_NAME(
/* name */ 'HP_BubbleLED.step',
/* time_stamp */ '2026-07-21T09:21:44-07:00',
/* author */ (''),
/* organization */ (''),
/* preprocessor_version */ 'ST-DEVELOPER v20.1',
/* originating_system */ 'Autodesk Translation Framework v15.8.0.0',
/* authorisation */ '');

FILE_SCHEMA (('AUTOMOTIVE_DESIGN { 1 0 10303 214 3 1 1 }'));
ENDSEC;

DATA;
#10=MECHANICAL_DESIGN_GEOMETRIC_PRESENTATION_REPRESENTATION('',(#13),#2237);
#11=SHAPE_REPRESENTATION_RELATIONSHIP('SRR','None',#2244,#12);
#12=ADVANCED_BREP_SHAPE_REPRESENTATION('',(#14),#2236);
#13=STYLED_ITEM('',(#2253),#14);
#14=MANIFOLD_SOLID_BREP('Body1',#1247);
#15=B_SPLINE_CURVE_WITH_KNOTS('',3,(#1911,#1912,#1913,#1914,#1915,#1916,
#1917,#1918,#1919,#1920,#1921,#1922,#1923,#1924,#1925,#1926,#1927,#1928),
 .UNSPECIFIED.,.F.,.F.,(4,2,2,2,2,2,2,2,4),(0.147140809589749,0.163734051947125,
0.243652056313815,0.313756981855187,0.38087054775864,0.447984113662092,
0.518089039203464,0.598007043570154,0.61460028592753),.UNSPECIFIED.);
#16=B_SPLINE_CURVE_WITH_KNOTS('',3,(#1930,#1931,#1932,#1933,#1934,#1935,
#1936,#1937),.UNSPECIFIED.,.F.,.F.,(4,2,2,4),(0.826986936112712,0.942527105571686,
0.996277509590663,1.01713134195284),.UNSPECIFIED.);
#17=B_SPLINE_CURVE_WITH_KNOTS('',3,(#1939,#1940,#1941,#1942,#1943,#1944,
#1945,#1946),.UNSPECIFIED.,.F.,.F.,(4,2,2,4),(0.64262436613821,0.657696362634761,
0.711446766653739,0.826986936112712),.UNSPECIFIED.);
#18=B_SPLINE_CURVE_WITH_KNOTS('',3,(#1948,#1949,#1950,#1951,#1952,#1953,
#1954,#1955,#1956,#1957,#1958,#1959,#1960,#1961,#1962,#1963),
 .UNSPECIFIED.,.F.,.F.,(4,2,2,2,2,2,2,4),(0.139843071662898,0.187712642748277,
0.262687447872499,0.340660348930894,0.416839179190044,0.490830823955621,
0.5623801804962,0.570495498713033),.UNSPECIFIED.);
#19=B_SPLINE_CURVE_WITH_KNOTS('',3,(#1965,#1966,#1967,#1968,#1969,#1970,
#1971,#1972),.UNSPECIFIED.,.F.,.F.,(4,2,2,4),(0.,0.115540169458973,0.169290573477951,
0.184362569974445),.UNSPECIFIED.);
#20=B_SPLINE_CURVE_WITH_KNOTS('',3,(#1973,#1974,#1975,#1976,#1977,#1978,
#1979,#1980),.UNSPECIFIED.,.F.,.F.,(4,2,2,4),(-0.190144405840132,-0.169290573477951,
-0.115540169458973,0.),.UNSPECIFIED.);
#21=B_SPLINE_CURVE_WITH_KNOTS('',3,(#2007,#2008,#2009,#2010,#2011,#2012,
#2013,#2014),.UNSPECIFIED.,.F.,.F.,(4,2,2,4),(0.826986936112712,0.942527105571686,
0.996277509590663,1.01134950608721),.UNSPECIFIED.);
#22=B_SPLINE_CURVE_WITH_KNOTS('',3,(#2016,#2017,#2018,#2019,#2020,#2021,
#2022,#2023),.UNSPECIFIED.,.F.,.F.,(4,2,2,4),(0.64262436613821,0.657696362634761,
0.711446766653739,0.826986936112712),.UNSPECIFIED.);
#23=B_SPLINE_CURVE_WITH_KNOTS('',3,(#2025,#2026,#2027,#2028,#2029,#2030,
#2031,#2032,#2033,#2034,#2035,#2036,#2037,#2038,#2039,#2040),
 .UNSPECIFIED.,.F.,.F.,(4,2,2,2,2,2,2,4),(0.139843071662914,0.187712642748301,
0.262687447872538,0.340660348930947,0.416839179190109,0.490830823955699,
0.562380180496289,0.570495498713123),.UNSPECIFIED.);
#24=B_SPLINE_CURVE_WITH_KNOTS('',3,(#2042,#2043,#2044,#2045,#2046,#2047,
#2048,#2049),.UNSPECIFIED.,.F.,.F.,(4,2,2,4),(0.,0.115540169458973,0.169290573477951,
0.184362569974445),.UNSPECIFIED.);
#25=B_SPLINE_CURVE_WITH_KNOTS('',3,(#2050,#2051,#2052,#2053,#2054,#2055,
#2056,#2057),.UNSPECIFIED.,.F.,.F.,(4,2,2,4),(-0.184362569974445,-0.169290573477951,
-0.115540169458973,0.),.UNSPECIFIED.);
#26=B_SPLINE_CURVE_WITH_KNOTS('',3,(#2084,#2085,#2086,#2087,#2088,#2089,
#2090,#2091),.UNSPECIFIED.,.F.,.F.,(4,2,2,4),(0.826986936112712,0.942527105571686,
0.996277509590663,1.01134950608721),.UNSPECIFIED.);
#27=B_SPLINE_CURVE_WITH_KNOTS('',3,(#2093,#2094,#2095,#2096,#2097,#2098,
#2099,#2100),.UNSPECIFIED.,.F.,.F.,(4,2,2,4),(0.642624366612597,0.657696362634761,
0.711446766653739,0.826986936112712),.UNSPECIFIED.);
#28=B_SPLINE_CURVE_WITH_KNOTS('',3,(#2102,#2103,#2104,#2105,#2106,#2107,
#2108,#2109,#2110,#2111,#2112,#2113,#2114,#2115,#2116,#2117),
 .UNSPECIFIED.,.F.,.F.,(4,2,2,2,2,2,2,4),(-0.570499127404804,-0.562381669679731,
-0.490832510641782,-0.416840571627632,-0.340661675535209,-0.262688757212076,
-0.187713538008521,-0.13984684375741),.UNSPECIFIED.);
#29=B_SPLINE_CURVE_WITH_KNOTS('',3,(#2119,#2120,#2121,#2122,#2123,#2124,
#2125,#2126),.UNSPECIFIED.,.F.,.F.,(4,2,2,4),(0.,0.115540169458973,0.169290573477951,
0.184362569500115),.UNSPECIFIED.);
#30=B_SPLINE_CURVE_WITH_KNOTS('',3,(#2127,#2128,#2129,#2130,#2131,#2132,
#2133,#2134),.UNSPECIFIED.,.F.,.F.,(4,2,2,4),(-0.184362569974445,-0.169290573477951,
-0.115540169458973,0.),.UNSPECIFIED.);
#31=B_SPLINE_CURVE_WITH_KNOTS('',3,(#2148,#2149,#2150,#2151,#2152,#2153,
#2154,#2155),.UNSPECIFIED.,.F.,.F.,(4,2,2,4),(-1.02880173118485,-0.996277509590663,
-0.942527105571686,-0.826986936112712),.UNSPECIFIED.);
#32=B_SPLINE_CURVE_WITH_KNOTS('',3,(#2156,#2157,#2158,#2159,#2160,#2161,
#2162,#2163),.UNSPECIFIED.,.F.,.F.,(4,2,2,4),(-0.826986936112712,-0.711446766653739,
-0.657696362634761,-0.642624364792292),.UNSPECIFIED.);
#33=B_SPLINE_CURVE_WITH_KNOTS('',3,(#2166,#2167,#2168,#2169,#2170,#2171,
#2172,#2173),.UNSPECIFIED.,.F.,.F.,(4,2,2,4),(-0.18436257132042,-0.169290573477951,
-0.115540169458973,0.),.UNSPECIFIED.);
#34=B_SPLINE_CURVE_WITH_KNOTS('',3,(#2175,#2176,#2177,#2178,#2179,#2180,
#2181,#2182),.UNSPECIFIED.,.F.,.F.,(4,2,2,4),(0.,0.115540169458973,0.169290573477951,
0.201814795072136),.UNSPECIFIED.);
#35=B_SPLINE_CURVE_WITH_KNOTS('',3,(#2211,#2212,#2213,#2214,#2215,#2216,
#2217,#2218,#2219,#2220,#2221,#2222,#2223,#2224,#2225,#2226,#2227,#2228),
 .UNSPECIFIED.,.F.,.F.,(4,2,2,2,2,2,2,2,4),(-0.594083408539516,-0.580573573945036,
-0.502969550025749,-0.435375671913804,-0.370874080720434,-0.306372489527063,
-0.238778611415118,-0.161174587495831,-0.147664752901352),.UNSPECIFIED.);
#36=(
BOUNDED_SURFACE()
B_SPLINE_SURFACE(2,2,((#1884,#1885,#1886,#1887,#1888),(#1889,#1890,#1891,
#1892,#1893),(#1894,#1895,#1896,#1897,#1898),(#1899,#1900,#1901,#1902,#1903),
(#1904,#1905,#1906,#1907,#1908)),.UNSPECIFIED.,.F.,.F.,.F.)
B_SPLINE_SURFACE_WITH_KNOTS((3,2,3),(3,2,3),(-1.21627997237343,0.,1.21627997237343),
(-0.889498101507653,0.00650440322832979,0.902506907964312),
 .UNSPECIFIED.)
GEOMETRIC_REPRESENTATION_ITEM()
RATIONAL_B_SPLINE_SURFACE(((1.,0.901314689466192,1.,0.901314689466192,1.),
(0.820712140772257,0.739719908301281,0.820712140772257,0.739719908301281,
0.820712140772257),(1.,0.901314689466192,1.,0.901314689466192,1.),(0.820712140772257,
0.73971990830128,0.820712140772257,0.73971990830128,0.820712140772257),
(1.,0.901314689466192,1.,0.901314689466192,1.)))
REPRESENTATION_ITEM('')
SURFACE()
);
#37=(
BOUNDED_SURFACE()
B_SPLINE_SURFACE(2,2,((#1981,#1982,#1983,#1984,#1985),(#1986,#1987,#1988,
#1989,#1990),(#1991,#1992,#1993,#1994,#1995),(#1996,#1997,#1998,#1999,#2000),
(#2001,#2002,#2003,#2004,#2005)),.UNSPECIFIED.,.F.,.F.,.F.)
B_SPLINE_SURFACE_WITH_KNOTS((3,2,3),(3,2,3),(-1.21627997237343,0.,1.21627997237343),
(-0.889498101507653,-1.11022302462516E-16,0.889498101507653),
 .UNSPECIFIED.)
GEOMETRIC_REPRESENTATION_ITEM()
RATIONAL_B_SPLINE_SURFACE(((1.,0.90271866005438,1.,0.90271866005438,1.),
(0.820712140772257,0.740872164008293,0.820712140772257,0.740872164008293,
0.820712140772257),(1.,0.90271866005438,1.,0.90271866005438,1.),(0.820712140772257,
0.740872164008293,0.820712140772257,0.740872164008293,0.820712140772257),
(1.,0.90271866005438,1.,0.90271866005438,1.)))
REPRESENTATION_ITEM('')
SURFACE()
);
#38=(
BOUNDED_SURFACE()
B_SPLINE_SURFACE(2,2,((#2058,#2059,#2060,#2061,#2062),(#2063,#2064,#2065,
#2066,#2067),(#2068,#2069,#2070,#2071,#2072),(#2073,#2074,#2075,#2076,#2077),
(#2078,#2079,#2080,#2081,#2082)),.UNSPECIFIED.,.F.,.F.,.F.)
B_SPLINE_SURFACE_WITH_KNOTS((3,2,3),(3,2,3),(-1.21627997237343,0.,1.21627997237343),
(-0.889498100421269,5.43191824853295E-10,0.889498101507653),
 .UNSPECIFIED.)
GEOMETRIC_REPRESENTATION_ITEM()
RATIONAL_B_SPLINE_SURFACE(((1.,0.902718660171229,1.,0.902718660171229,1.),
(0.820712140772257,0.740872164104193,0.820712140772257,0.740872164104193,
0.820712140772257),(1.,0.902718660171229,1.,0.902718660171229,1.),(0.820712140772257,
0.740872164104193,0.820712140772257,0.740872164104193,0.820712140772257),
(1.,0.902718660171229,1.,0.902718660171229,1.)))
REPRESENTATION_ITEM('')
SURFACE()
);
#39=(
BOUNDED_SURFACE()
B_SPLINE_SURFACE(2,2,((#2186,#2187,#2188,#2189,#2190),(#2191,#2192,#2193,
#2194,#2195),(#2196,#2197,#2198,#2199,#2200),(#2201,#2202,#2203,#2204,#2205),
(#2206,#2207,#2208,#2209,#2210)),.UNSPECIFIED.,.F.,.F.,.F.)
B_SPLINE_SURFACE_WITH_KNOTS((3,2,3),(3,2,3),(-1.21627997237343,0.,1.21627997237343),
(-0.927295218001612,-0.0188985567070126,0.889498104587587),
 .UNSPECIFIED.)
GEOMETRIC_REPRESENTATION_ITEM()
RATIONAL_B_SPLINE_SURFACE(((1.,0.898613042965093,1.,0.898613042965093,1.),
(0.820712140772257,0.737502634217754,0.820712140772257,0.737502634217754,
0.820712140772257),(1.,0.898613042965093,1.,0.898613042965093,1.),(0.820712140772257,
0.737502634217754,0.820712140772257,0.737502634217754,0.820712140772257),
(1.,0.898613042965093,1.,0.898613042965093,1.)))
REPRESENTATION_ITEM('')
SURFACE()
);
#40=FACE_OUTER_BOUND('',#99,.T.);
#41=FACE_OUTER_BOUND('',#100,.T.);
#42=FACE_OUTER_BOUND('',#101,.T.);
#43=FACE_OUTER_BOUND('',#102,.T.);
#44=FACE_OUTER_BOUND('',#103,.T.);
#45=FACE_OUTER_BOUND('',#104,.T.);
#46=FACE_OUTER_BOUND('',#105,.T.);
#47=FACE_OUTER_BOUND('',#106,.T.);
#48=FACE_OUTER_BOUND('',#107,.T.);
#49=FACE_OUTER_BOUND('',#108,.T.);
#50=FACE_OUTER_BOUND('',#109,.T.);
#51=FACE_OUTER_BOUND('',#110,.T.);
#52=FACE_OUTER_BOUND('',#111,.T.);
#53=FACE_OUTER_BOUND('',#112,.T.);
#54=FACE_OUTER_BOUND('',#113,.T.);
#55=FACE_OUTER_BOUND('',#114,.T.);
#56=FACE_OUTER_BOUND('',#115,.T.);
#57=FACE_OUTER_BOUND('',#116,.T.);
#58=FACE_OUTER_BOUND('',#117,.T.);
#59=FACE_OUTER_BOUND('',#118,.T.);
#60=FACE_OUTER_BOUND('',#119,.T.);
#61=FACE_OUTER_BOUND('',#120,.T.);
#62=FACE_OUTER_BOUND('',#121,.T.);
#63=FACE_OUTER_BOUND('',#122,.T.);
#64=FACE_OUTER_BOUND('',#123,.T.);
#65=FACE_OUTER_BOUND('',#124,.T.);
#66=FACE_OUTER_BOUND('',#125,.T.);
#67=FACE_OUTER_BOUND('',#126,.T.);
#68=FACE_OUTER_BOUND('',#127,.T.);
#69=FACE_OUTER_BOUND('',#128,.T.);
#70=FACE_OUTER_BOUND('',#129,.T.);
#71=FACE_OUTER_BOUND('',#130,.T.);
#72=FACE_OUTER_BOUND('',#131,.T.);
#73=FACE_OUTER_BOUND('',#132,.T.);
#74=FACE_OUTER_BOUND('',#133,.T.);
#75=FACE_OUTER_BOUND('',#134,.T.);
#76=FACE_OUTER_BOUND('',#135,.T.);
#77=FACE_OUTER_BOUND('',#136,.T.);
#78=FACE_OUTER_BOUND('',#137,.T.);
#79=FACE_OUTER_BOUND('',#138,.T.);
#80=FACE_OUTER_BOUND('',#139,.T.);
#81=FACE_OUTER_BOUND('',#140,.T.);
#82=FACE_OUTER_BOUND('',#141,.T.);
#83=FACE_OUTER_BOUND('',#142,.T.);
#84=FACE_OUTER_BOUND('',#143,.T.);
#85=FACE_OUTER_BOUND('',#144,.T.);
#86=FACE_OUTER_BOUND('',#145,.T.);
#87=FACE_OUTER_BOUND('',#146,.T.);
#88=FACE_OUTER_BOUND('',#147,.T.);
#89=FACE_OUTER_BOUND('',#148,.T.);
#90=FACE_OUTER_BOUND('',#149,.T.);
#91=FACE_OUTER_BOUND('',#150,.T.);
#92=FACE_OUTER_BOUND('',#151,.T.);
#93=FACE_OUTER_BOUND('',#152,.T.);
#94=FACE_OUTER_BOUND('',#153,.T.);
#95=FACE_OUTER_BOUND('',#154,.T.);
#96=FACE_OUTER_BOUND('',#155,.T.);
#97=FACE_OUTER_BOUND('',#156,.T.);
#98=FACE_OUTER_BOUND('',#157,.T.);
#99=EDGE_LOOP('',(#775,#776,#777,#778));
#100=EDGE_LOOP('',(#779,#780,#781,#782));
#101=EDGE_LOOP('',(#783,#784,#785,#786));
#102=EDGE_LOOP('',(#787,#788,#789,#790));
#103=EDGE_LOOP('',(#791,#792,#793,#794));
#104=EDGE_LOOP('',(#795,#796,#797,#798));
#105=EDGE_LOOP('',(#799,#800,#801,#802));
#106=EDGE_LOOP('',(#803,#804,#805,#806));
#107=EDGE_LOOP('',(#807,#808,#809,#810));
#108=EDGE_LOOP('',(#811,#812,#813,#814));
#109=EDGE_LOOP('',(#815,#816,#817,#818));
#110=EDGE_LOOP('',(#819,#820,#821,#822));
#111=EDGE_LOOP('',(#823,#824,#825,#826));
#112=EDGE_LOOP('',(#827,#828,#829,#830));
#113=EDGE_LOOP('',(#831,#832,#833,#834));
#114=EDGE_LOOP('',(#835,#836,#837,#838));
#115=EDGE_LOOP('',(#839,#840,#841,#842));
#116=EDGE_LOOP('',(#843,#844,#845,#846));
#117=EDGE_LOOP('',(#847,#848,#849,#850));
#118=EDGE_LOOP('',(#851,#852,#853,#854));
#119=EDGE_LOOP('',(#855,#856,#857,#858));
#120=EDGE_LOOP('',(#859,#860,#861,#862));
#121=EDGE_LOOP('',(#863,#864,#865,#866));
#122=EDGE_LOOP('',(#867,#868,#869,#870));
#123=EDGE_LOOP('',(#871,#872,#873,#874,#875,#876,#877,#878,#879,#880,#881,
#882,#883,#884,#885,#886,#887,#888,#889,#890,#891,#892,#893,#894,#895,#896,
#897,#898,#899,#900,#901,#902,#903,#904,#905,#906,#907,#908,#909,#910,#911,
#912,#913,#914,#915,#916,#917,#918,#919,#920,#921,#922));
#124=EDGE_LOOP('',(#923,#924,#925,#926));
#125=EDGE_LOOP('',(#927,#928,#929,#930));
#126=EDGE_LOOP('',(#931,#932,#933,#934));
#127=EDGE_LOOP('',(#935,#936,#937,#938));
#128=EDGE_LOOP('',(#939,#940,#941,#942));
#129=EDGE_LOOP('',(#943,#944,#945,#946));
#130=EDGE_LOOP('',(#947,#948,#949,#950));
#131=EDGE_LOOP('',(#951,#952,#953,#954));
#132=EDGE_LOOP('',(#955,#956,#957,#958));
#133=EDGE_LOOP('',(#959,#960,#961,#962));
#134=EDGE_LOOP('',(#963,#964,#965,#966));
#135=EDGE_LOOP('',(#967,#968,#969,#970));
#136=EDGE_LOOP('',(#971,#972,#973,#974));
#137=EDGE_LOOP('',(#975,#976,#977,#978));
#138=EDGE_LOOP('',(#979,#980,#981,#982));
#139=EDGE_LOOP('',(#983,#984,#985,#986));
#140=EDGE_LOOP('',(#987,#988,#989,#990));
#141=EDGE_LOOP('',(#991,#992,#993,#994));
#142=EDGE_LOOP('',(#995,#996,#997,#998));
#143=EDGE_LOOP('',(#999,#1000,#1001,#1002));
#144=EDGE_LOOP('',(#1003,#1004,#1005,#1006));
#145=EDGE_LOOP('',(#1007,#1008,#1009,#1010));
#146=EDGE_LOOP('',(#1011,#1012,#1013,#1014));
#147=EDGE_LOOP('',(#1015,#1016,#1017,#1018));
#148=EDGE_LOOP('',(#1019,#1020,#1021,#1022,#1023,#1024));
#149=EDGE_LOOP('',(#1025,#1026,#1027,#1028,#1029,#1030));
#150=EDGE_LOOP('',(#1031,#1032,#1033,#1034,#1035,#1036));
#151=EDGE_LOOP('',(#1037,#1038,#1039,#1040,#1041,#1042));
#152=EDGE_LOOP('',(#1043,#1044,#1045,#1046,#1047,#1048,#1049,#1050,#1051,
#1052,#1053));
#153=EDGE_LOOP('',(#1054,#1055,#1056,#1057,#1058,#1059,#1060,#1061,#1062,
#1063,#1064));
#154=EDGE_LOOP('',(#1065,#1066,#1067,#1068,#1069,#1070));
#155=EDGE_LOOP('',(#1071,#1072,#1073,#1074,#1075,#1076));
#156=EDGE_LOOP('',(#1077,#1078,#1079,#1080,#1081,#1082,#1083,#1084,#1085,
#1086,#1087,#1088,#1089,#1090,#1091,#1092,#1093,#1094,#1095,#1096,#1097,
#1098,#1099,#1100,#1101,#1102,#1103,#1104));
#157=EDGE_LOOP('',(#1105,#1106,#1107,#1108,#1109,#1110,#1111,#1112,#1113,
#1114,#1115,#1116,#1117,#1118,#1119,#1120,#1121,#1122,#1123,#1124,#1125,
#1126,#1127,#1128,#1129,#1130,#1131,#1132));
#158=LINE('',#1590,#316);
#159=LINE('',#1592,#317);
#160=LINE('',#1594,#318);
#161=LINE('',#1595,#319);
#162=LINE('',#1599,#320);
#163=LINE('',#1601,#321);
#164=LINE('',#1603,#322);
#165=LINE('',#1604,#323);
#166=LINE('',#1606,#324);
#167=LINE('',#1607,#325);
#168=LINE('',#1609,#326);
#169=LINE('',#1613,#327);
#170=LINE('',#1615,#328);
#171=LINE('',#1617,#329);
#172=LINE('',#1618,#330);
#173=LINE('',#1622,#331);
#174=LINE('',#1624,#332);
#175=LINE('',#1626,#333);
#176=LINE('',#1627,#334);
#177=LINE('',#1629,#335);
#178=LINE('',#1630,#336);
#179=LINE('',#1632,#337);
#180=LINE('',#1636,#338);
#181=LINE('',#1638,#339);
#182=LINE('',#1640,#340);
#183=LINE('',#1641,#341);
#184=LINE('',#1645,#342);
#185=LINE('',#1647,#343);
#186=LINE('',#1649,#344);
#187=LINE('',#1650,#345);
#188=LINE('',#1652,#346);
#189=LINE('',#1653,#347);
#190=LINE('',#1655,#348);
#191=LINE('',#1659,#349);
#192=LINE('',#1661,#350);
#193=LINE('',#1663,#351);
#194=LINE('',#1664,#352);
#195=LINE('',#1668,#353);
#196=LINE('',#1670,#354);
#197=LINE('',#1672,#355);
#198=LINE('',#1673,#356);
#199=LINE('',#1675,#357);
#200=LINE('',#1676,#358);
#201=LINE('',#1678,#359);
#202=LINE('',#1682,#360);
#203=LINE('',#1684,#361);
#204=LINE('',#1686,#362);
#205=LINE('',#1687,#363);
#206=LINE('',#1691,#364);
#207=LINE('',#1693,#365);
#208=LINE('',#1695,#366);
#209=LINE('',#1696,#367);
#210=LINE('',#1698,#368);
#211=LINE('',#1699,#369);
#212=LINE('',#1701,#370);
#213=LINE('',#1705,#371);
#214=LINE('',#1707,#372);
#215=LINE('',#1709,#373);
#216=LINE('',#1710,#374);
#217=LINE('',#1714,#375);
#218=LINE('',#1716,#376);
#219=LINE('',#1718,#377);
#220=LINE('',#1719,#378);
#221=LINE('',#1721,#379);
#222=LINE('',#1722,#380);
#223=LINE('',#1724,#381);
#224=LINE('',#1726,#382);
#225=LINE('',#1727,#383);
#226=LINE('',#1728,#384);
#227=LINE('',#1730,#385);
#228=LINE('',#1732,#386);
#229=LINE('',#1734,#387);
#230=LINE('',#1736,#388);
#231=LINE('',#1738,#389);
#232=LINE('',#1740,#390);
#233=LINE('',#1742,#391);
#234=LINE('',#1744,#392);
#235=LINE('',#1746,#393);
#236=LINE('',#1748,#394);
#237=LINE('',#1750,#395);
#238=LINE('',#1752,#396);
#239=LINE('',#1754,#397);
#240=LINE('',#1756,#398);
#241=LINE('',#1758,#399);
#242=LINE('',#1760,#400);
#243=LINE('',#1762,#401);
#244=LINE('',#1764,#402);
#245=LINE('',#1766,#403);
#246=LINE('',#1768,#404);
#247=LINE('',#1770,#405);
#248=LINE('',#1772,#406);
#249=LINE('',#1774,#407);
#250=LINE('',#1776,#408);
#251=LINE('',#1778,#409);
#252=LINE('',#1780,#410);
#253=LINE('',#1782,#411);
#254=LINE('',#1784,#412);
#255=LINE('',#1785,#413);
#256=LINE('',#1786,#414);
#257=LINE('',#1787,#415);
#258=LINE('',#1790,#416);
#259=LINE('',#1792,#417);
#260=LINE('',#1793,#418);
#261=LINE('',#1796,#419);
#262=LINE('',#1798,#420);
#263=LINE('',#1799,#421);
#264=LINE('',#1801,#422);
#265=LINE('',#1802,#423);
#266=LINE('',#1806,#424);
#267=LINE('',#1808,#425);
#268=LINE('',#1809,#426);
#269=LINE('',#1812,#427);
#270=LINE('',#1814,#428);
#271=LINE('',#1815,#429);
#272=LINE('',#1817,#430);
#273=LINE('',#1818,#431);
#274=LINE('',#1822,#432);
#275=LINE('',#1824,#433);
#276=LINE('',#1825,#434);
#277=LINE('',#1828,#435);
#278=LINE('',#1830,#436);
#279=LINE('',#1831,#437);
#280=LINE('',#1833,#438);
#281=LINE('',#1834,#439);
#282=LINE('',#1838,#440);
#283=LINE('',#1840,#441);
#284=LINE('',#1841,#442);
#285=LINE('',#1844,#443);
#286=LINE('',#1846,#444);
#287=LINE('',#1847,#445);
#288=LINE('',#1849,#446);
#289=LINE('',#1850,#447);
#290=LINE('',#1854,#448);
#291=LINE('',#1856,#449);
#292=LINE('',#1857,#450);
#293=LINE('',#1860,#451);
#294=LINE('',#1862,#452);
#295=LINE('',#1863,#453);
#296=LINE('',#1865,#454);
#297=LINE('',#1866,#455);
#298=LINE('',#1870,#456);
#299=LINE('',#1872,#457);
#300=LINE('',#1873,#458);
#301=LINE('',#1876,#459);
#302=LINE('',#1878,#460);
#303=LINE('',#1879,#461);
#304=LINE('',#1881,#462);
#305=LINE('',#1882,#463);
#306=LINE('',#2137,#464);
#307=LINE('',#2138,#465);
#308=LINE('',#2140,#466);
#309=LINE('',#2141,#467);
#310=LINE('',#2144,#468);
#311=LINE('',#2146,#469);
#312=LINE('',#2184,#470);
#313=LINE('',#2185,#471);
#314=LINE('',#2230,#472);
#315=LINE('',#2231,#473);
#316=VECTOR('',#1320,10.);
#317=VECTOR('',#1321,10.);
#318=VECTOR('',#1322,10.);
#319=VECTOR('',#1323,10.);
#320=VECTOR('',#1326,10.);
#321=VECTOR('',#1327,10.);
#322=VECTOR('',#1328,10.);
#323=VECTOR('',#1329,10.);
#324=VECTOR('',#1332,10.);
#325=VECTOR('',#1333,10.);
#326=VECTOR('',#1336,10.);
#327=VECTOR('',#1339,10.);
#328=VECTOR('',#1340,10.);
#329=VECTOR('',#1341,10.);
#330=VECTOR('',#1342,10.);
#331=VECTOR('',#1345,10.);
#332=VECTOR('',#1346,10.);
#333=VECTOR('',#1347,10.);
#334=VECTOR('',#1348,10.);
#335=VECTOR('',#1351,10.);
#336=VECTOR('',#1352,10.);
#337=VECTOR('',#1355,10.);
#338=VECTOR('',#1358,10.);
#339=VECTOR('',#1359,10.);
#340=VECTOR('',#1360,10.);
#341=VECTOR('',#1361,10.);
#342=VECTOR('',#1364,10.);
#343=VECTOR('',#1365,10.);
#344=VECTOR('',#1366,10.);
#345=VECTOR('',#1367,10.);
#346=VECTOR('',#1370,10.);
#347=VECTOR('',#1371,10.);
#348=VECTOR('',#1374,10.);
#349=VECTOR('',#1377,10.);
#350=VECTOR('',#1378,10.);
#351=VECTOR('',#1379,10.);
#352=VECTOR('',#1380,10.);
#353=VECTOR('',#1383,10.);
#354=VECTOR('',#1384,10.);
#355=VECTOR('',#1385,10.);
#356=VECTOR('',#1386,10.);
#357=VECTOR('',#1389,10.);
#358=VECTOR('',#1390,10.);
#359=VECTOR('',#1393,10.);
#360=VECTOR('',#1396,10.);
#361=VECTOR('',#1397,10.);
#362=VECTOR('',#1398,10.);
#363=VECTOR('',#1399,10.);
#364=VECTOR('',#1402,10.);
#365=VECTOR('',#1403,10.);
#366=VECTOR('',#1404,10.);
#367=VECTOR('',#1405,10.);
#368=VECTOR('',#1408,10.);
#369=VECTOR('',#1409,10.);
#370=VECTOR('',#1412,10.);
#371=VECTOR('',#1415,10.);
#372=VECTOR('',#1416,10.);
#373=VECTOR('',#1417,10.);
#374=VECTOR('',#1418,10.);
#375=VECTOR('',#1421,10.);
#376=VECTOR('',#1422,10.);
#377=VECTOR('',#1423,10.);
#378=VECTOR('',#1424,10.);
#379=VECTOR('',#1427,10.);
#380=VECTOR('',#1428,10.);
#381=VECTOR('',#1431,10.);
#382=VECTOR('',#1434,10.);
#383=VECTOR('',#1435,10.);
#384=VECTOR('',#1436,10.);
#385=VECTOR('',#1437,10.);
#386=VECTOR('',#1438,10.);
#387=VECTOR('',#1439,10.);
#388=VECTOR('',#1440,10.);
#389=VECTOR('',#1441,10.);
#390=VECTOR('',#1442,10.);
#391=VECTOR('',#1443,10.);
#392=VECTOR('',#1444,10.);
#393=VECTOR('',#1445,10.);
#394=VECTOR('',#1446,10.);
#395=VECTOR('',#1447,10.);
#396=VECTOR('',#1448,10.);
#397=VECTOR('',#1449,10.);
#398=VECTOR('',#1450,10.);
#399=VECTOR('',#1451,10.);
#400=VECTOR('',#1452,10.);
#401=VECTOR('',#1453,10.);
#402=VECTOR('',#1454,10.);
#403=VECTOR('',#1455,10.);
#404=VECTOR('',#1456,10.);
#405=VECTOR('',#1457,10.);
#406=VECTOR('',#1458,10.);
#407=VECTOR('',#1459,10.);
#408=VECTOR('',#1460,10.);
#409=VECTOR('',#1461,10.);
#410=VECTOR('',#1462,10.);
#411=VECTOR('',#1463,10.);
#412=VECTOR('',#1464,10.);
#413=VECTOR('',#1465,10.);
#414=VECTOR('',#1466,10.);
#415=VECTOR('',#1467,10.);
#416=VECTOR('',#1470,10.);
#417=VECTOR('',#1471,10.);
#418=VECTOR('',#1472,10.);
#419=VECTOR('',#1475,10.);
#420=VECTOR('',#1476,10.);
#421=VECTOR('',#1477,10.);
#422=VECTOR('',#1480,10.);
#423=VECTOR('',#1481,10.);
#424=VECTOR('',#1486,10.);
#425=VECTOR('',#1487,10.);
#426=VECTOR('',#1488,10.);
#427=VECTOR('',#1491,10.);
#428=VECTOR('',#1492,10.);
#429=VECTOR('',#1493,10.);
#430=VECTOR('',#1496,10.);
#431=VECTOR('',#1497,10.);
#432=VECTOR('',#1502,10.);
#433=VECTOR('',#1503,10.);
#434=VECTOR('',#1504,10.);
#435=VECTOR('',#1507,10.);
#436=VECTOR('',#1508,10.);
#437=VECTOR('',#1509,10.);
#438=VECTOR('',#1512,10.);
#439=VECTOR('',#1513,10.);
#440=VECTOR('',#1518,10.);
#441=VECTOR('',#1519,10.);
#442=VECTOR('',#1520,10.);
#443=VECTOR('',#1523,10.);
#444=VECTOR('',#1524,10.);
#445=VECTOR('',#1525,10.);
#446=VECTOR('',#1528,10.);
#447=VECTOR('',#1529,10.);
#448=VECTOR('',#1534,10.);
#449=VECTOR('',#1535,10.);
#450=VECTOR('',#1536,10.);
#451=VECTOR('',#1539,10.);
#452=VECTOR('',#1540,10.);
#453=VECTOR('',#1541,10.);
#454=VECTOR('',#1544,10.);
#455=VECTOR('',#1545,10.);
#456=VECTOR('',#1550,10.);
#457=VECTOR('',#1551,10.);
#458=VECTOR('',#1552,10.);
#459=VECTOR('',#1555,10.);
#460=VECTOR('',#1556,10.);
#461=VECTOR('',#1557,10.);
#462=VECTOR('',#1560,10.);
#463=VECTOR('',#1561,10.);
#464=VECTOR('',#1566,10.);
#465=VECTOR('',#1567,10.);
#466=VECTOR('',#1568,10.);
#467=VECTOR('',#1569,10.);
#468=VECTOR('',#1572,10.);
#469=VECTOR('',#1573,10.);
#470=VECTOR('',#1576,10.);
#471=VECTOR('',#1577,10.);
#472=VECTOR('',#1580,10.);
#473=VECTOR('',#1581,10.);
#474=VERTEX_POINT('',#1588);
#475=VERTEX_POINT('',#1589);
#476=VERTEX_POINT('',#1591);
#477=VERTEX_POINT('',#1593);
#478=VERTEX_POINT('',#1597);
#479=VERTEX_POINT('',#1598);
#480=VERTEX_POINT('',#1600);
#481=VERTEX_POINT('',#1602);
#482=VERTEX_POINT('',#1611);
#483=VERTEX_POINT('',#1612);
#484=VERTEX_POINT('',#1614);
#485=VERTEX_POINT('',#1616);
#486=VERTEX_POINT('',#1620);
#487=VERTEX_POINT('',#1621);
#488=VERTEX_POINT('',#1623);
#489=VERTEX_POINT('',#1625);
#490=VERTEX_POINT('',#1634);
#491=VERTEX_POINT('',#1635);
#492=VERTEX_POINT('',#1637);
#493=VERTEX_POINT('',#1639);
#494=VERTEX_POINT('',#1643);
#495=VERTEX_POINT('',#1644);
#496=VERTEX_POINT('',#1646);
#497=VERTEX_POINT('',#1648);
#498=VERTEX_POINT('',#1657);
#499=VERTEX_POINT('',#1658);
#500=VERTEX_POINT('',#1660);
#501=VERTEX_POINT('',#1662);
#502=VERTEX_POINT('',#1666);
#503=VERTEX_POINT('',#1667);
#504=VERTEX_POINT('',#1669);
#505=VERTEX_POINT('',#1671);
#506=VERTEX_POINT('',#1680);
#507=VERTEX_POINT('',#1681);
#508=VERTEX_POINT('',#1683);
#509=VERTEX_POINT('',#1685);
#510=VERTEX_POINT('',#1689);
#511=VERTEX_POINT('',#1690);
#512=VERTEX_POINT('',#1692);
#513=VERTEX_POINT('',#1694);
#514=VERTEX_POINT('',#1703);
#515=VERTEX_POINT('',#1704);
#516=VERTEX_POINT('',#1706);
#517=VERTEX_POINT('',#1708);
#518=VERTEX_POINT('',#1712);
#519=VERTEX_POINT('',#1713);
#520=VERTEX_POINT('',#1715);
#521=VERTEX_POINT('',#1717);
#522=VERTEX_POINT('',#1729);
#523=VERTEX_POINT('',#1731);
#524=VERTEX_POINT('',#1733);
#525=VERTEX_POINT('',#1735);
#526=VERTEX_POINT('',#1737);
#527=VERTEX_POINT('',#1739);
#528=VERTEX_POINT('',#1741);
#529=VERTEX_POINT('',#1743);
#530=VERTEX_POINT('',#1745);
#531=VERTEX_POINT('',#1747);
#532=VERTEX_POINT('',#1749);
#533=VERTEX_POINT('',#1751);
#534=VERTEX_POINT('',#1753);
#535=VERTEX_POINT('',#1755);
#536=VERTEX_POINT('',#1757);
#537=VERTEX_POINT('',#1759);
#538=VERTEX_POINT('',#1761);
#539=VERTEX_POINT('',#1763);
#540=VERTEX_POINT('',#1765);
#541=VERTEX_POINT('',#1767);
#542=VERTEX_POINT('',#1769);
#543=VERTEX_POINT('',#1771);
#544=VERTEX_POINT('',#1773);
#545=VERTEX_POINT('',#1775);
#546=VERTEX_POINT('',#1777);
#547=VERTEX_POINT('',#1779);
#548=VERTEX_POINT('',#1781);
#549=VERTEX_POINT('',#1783);
#550=VERTEX_POINT('',#1789);
#551=VERTEX_POINT('',#1791);
#552=VERTEX_POINT('',#1795);
#553=VERTEX_POINT('',#1797);
#554=VERTEX_POINT('',#1805);
#555=VERTEX_POINT('',#1807);
#556=VERTEX_POINT('',#1811);
#557=VERTEX_POINT('',#1813);
#558=VERTEX_POINT('',#1821);
#559=VERTEX_POINT('',#1823);
#560=VERTEX_POINT('',#1827);
#561=VERTEX_POINT('',#1829);
#562=VERTEX_POINT('',#1837);
#563=VERTEX_POINT('',#1839);
#564=VERTEX_POINT('',#1843);
#565=VERTEX_POINT('',#1845);
#566=VERTEX_POINT('',#1853);
#567=VERTEX_POINT('',#1855);
#568=VERTEX_POINT('',#1859);
#569=VERTEX_POINT('',#1861);
#570=VERTEX_POINT('',#1869);
#571=VERTEX_POINT('',#1871);
#572=VERTEX_POINT('',#1875);
#573=VERTEX_POINT('',#1877);
#574=VERTEX_POINT('',#1909);
#575=VERTEX_POINT('',#1910);
#576=VERTEX_POINT('',#1929);
#577=VERTEX_POINT('',#1938);
#578=VERTEX_POINT('',#1947);
#579=VERTEX_POINT('',#1964);
#580=VERTEX_POINT('',#2006);
#581=VERTEX_POINT('',#2015);
#582=VERTEX_POINT('',#2024);
#583=VERTEX_POINT('',#2041);
#584=VERTEX_POINT('',#2083);
#585=VERTEX_POINT('',#2092);
#586=VERTEX_POINT('',#2101);
#587=VERTEX_POINT('',#2118);
#588=VERTEX_POINT('',#2136);
#589=VERTEX_POINT('',#2139);
#590=VERTEX_POINT('',#2143);
#591=VERTEX_POINT('',#2145);
#592=VERTEX_POINT('',#2147);
#593=VERTEX_POINT('',#2165);
#594=VERTEX_POINT('',#2174);
#595=VERTEX_POINT('',#2183);
#596=EDGE_CURVE('',#474,#475,#158,.T.);
#597=EDGE_CURVE('',#476,#474,#159,.T.);
#598=EDGE_CURVE('',#476,#477,#160,.T.);
#599=EDGE_CURVE('',#475,#477,#161,.T.);
#600=EDGE_CURVE('',#478,#479,#162,.T.);
#601=EDGE_CURVE('',#478,#480,#163,.T.);
#602=EDGE_CURVE('',#480,#481,#164,.T.);
#603=EDGE_CURVE('',#479,#481,#165,.T.);
#604=EDGE_CURVE('',#475,#478,#166,.T.);
#605=EDGE_CURVE('',#477,#480,#167,.T.);
#606=EDGE_CURVE('',#481,#476,#168,.T.);
#607=EDGE_CURVE('',#482,#483,#169,.T.);
#608=EDGE_CURVE('',#484,#482,#170,.T.);
#609=EDGE_CURVE('',#484,#485,#171,.T.);
#610=EDGE_CURVE('',#483,#485,#172,.T.);
#611=EDGE_CURVE('',#486,#487,#173,.T.);
#612=EDGE_CURVE('',#486,#488,#174,.T.);
#613=EDGE_CURVE('',#488,#489,#175,.T.);
#614=EDGE_CURVE('',#487,#489,#176,.T.);
#615=EDGE_CURVE('',#483,#486,#177,.T.);
#616=EDGE_CURVE('',#485,#488,#178,.T.);
#617=EDGE_CURVE('',#489,#484,#179,.T.);
#618=EDGE_CURVE('',#490,#491,#180,.T.);
#619=EDGE_CURVE('',#492,#490,#181,.T.);
#620=EDGE_CURVE('',#492,#493,#182,.T.);
#621=EDGE_CURVE('',#491,#493,#183,.T.);
#622=EDGE_CURVE('',#494,#495,#184,.T.);
#623=EDGE_CURVE('',#494,#496,#185,.T.);
#624=EDGE_CURVE('',#496,#497,#186,.T.);
#625=EDGE_CURVE('',#495,#497,#187,.T.);
#626=EDGE_CURVE('',#491,#494,#188,.T.);
#627=EDGE_CURVE('',#493,#496,#189,.T.);
#628=EDGE_CURVE('',#497,#492,#190,.T.);
#629=EDGE_CURVE('',#498,#499,#191,.T.);
#630=EDGE_CURVE('',#500,#498,#192,.T.);
#631=EDGE_CURVE('',#500,#501,#193,.T.);
#632=EDGE_CURVE('',#499,#501,#194,.T.);
#633=EDGE_CURVE('',#502,#503,#195,.T.);
#634=EDGE_CURVE('',#502,#504,#196,.T.);
#635=EDGE_CURVE('',#504,#505,#197,.T.);
#636=EDGE_CURVE('',#503,#505,#198,.T.);
#637=EDGE_CURVE('',#499,#502,#199,.T.);
#638=EDGE_CURVE('',#501,#504,#200,.T.);
#639=EDGE_CURVE('',#505,#500,#201,.T.);
#640=EDGE_CURVE('',#506,#507,#202,.T.);
#641=EDGE_CURVE('',#508,#506,#203,.T.);
#642=EDGE_CURVE('',#508,#509,#204,.T.);
#643=EDGE_CURVE('',#507,#509,#205,.T.);
#644=EDGE_CURVE('',#510,#511,#206,.T.);
#645=EDGE_CURVE('',#510,#512,#207,.T.);
#646=EDGE_CURVE('',#512,#513,#208,.T.);
#647=EDGE_CURVE('',#511,#513,#209,.T.);
#648=EDGE_CURVE('',#507,#510,#210,.T.);
#649=EDGE_CURVE('',#509,#512,#211,.T.);
#650=EDGE_CURVE('',#513,#508,#212,.T.);
#651=EDGE_CURVE('',#514,#515,#213,.T.);
#652=EDGE_CURVE('',#516,#514,#214,.T.);
#653=EDGE_CURVE('',#516,#517,#215,.T.);
#654=EDGE_CURVE('',#515,#517,#216,.T.);
#655=EDGE_CURVE('',#518,#519,#217,.T.);
#656=EDGE_CURVE('',#518,#520,#218,.T.);
#657=EDGE_CURVE('',#520,#521,#219,.T.);
#658=EDGE_CURVE('',#519,#521,#220,.T.);
#659=EDGE_CURVE('',#515,#518,#221,.T.);
#660=EDGE_CURVE('',#517,#520,#222,.T.);
#661=EDGE_CURVE('',#521,#516,#223,.T.);
#662=EDGE_CURVE('',#495,#498,#224,.T.);
#663=EDGE_CURVE('',#487,#490,#225,.T.);
#664=EDGE_CURVE('',#479,#482,#226,.T.);
#665=EDGE_CURVE('',#522,#474,#227,.T.);
#666=EDGE_CURVE('',#523,#522,#228,.T.);
#667=EDGE_CURVE('',#524,#523,#229,.T.);
#668=EDGE_CURVE('',#524,#525,#230,.T.);
#669=EDGE_CURVE('',#525,#526,#231,.T.);
#670=EDGE_CURVE('',#526,#527,#232,.T.);
#671=EDGE_CURVE('',#528,#527,#233,.T.);
#672=EDGE_CURVE('',#528,#529,#234,.T.);
#673=EDGE_CURVE('',#529,#530,#235,.T.);
#674=EDGE_CURVE('',#530,#531,#236,.T.);
#675=EDGE_CURVE('',#532,#531,#237,.T.);
#676=EDGE_CURVE('',#532,#533,#238,.T.);
#677=EDGE_CURVE('',#533,#534,#239,.T.);
#678=EDGE_CURVE('',#534,#535,#240,.T.);
#679=EDGE_CURVE('',#536,#535,#241,.T.);
#680=EDGE_CURVE('',#536,#537,#242,.T.);
#681=EDGE_CURVE('',#537,#538,#243,.T.);
#682=EDGE_CURVE('',#538,#539,#244,.T.);
#683=EDGE_CURVE('',#540,#539,#245,.T.);
#684=EDGE_CURVE('',#540,#541,#246,.T.);
#685=EDGE_CURVE('',#541,#542,#247,.T.);
#686=EDGE_CURVE('',#542,#543,#248,.T.);
#687=EDGE_CURVE('',#544,#543,#249,.T.);
#688=EDGE_CURVE('',#544,#545,#250,.T.);
#689=EDGE_CURVE('',#545,#546,#251,.T.);
#690=EDGE_CURVE('',#546,#547,#252,.T.);
#691=EDGE_CURVE('',#548,#547,#253,.T.);
#692=EDGE_CURVE('',#549,#548,#254,.T.);
#693=EDGE_CURVE('',#519,#549,#255,.T.);
#694=EDGE_CURVE('',#511,#514,#256,.T.);
#695=EDGE_CURVE('',#503,#506,#257,.T.);
#696=EDGE_CURVE('',#524,#550,#258,.T.);
#697=EDGE_CURVE('',#550,#551,#259,.T.);
#698=EDGE_CURVE('',#525,#551,#260,.T.);
#699=EDGE_CURVE('',#552,#527,#261,.T.);
#700=EDGE_CURVE('',#553,#526,#262,.T.);
#701=EDGE_CURVE('',#552,#553,#263,.T.);
#702=EDGE_CURVE('',#550,#552,#264,.T.);
#703=EDGE_CURVE('',#551,#553,#265,.T.);
#704=EDGE_CURVE('',#528,#554,#266,.T.);
#705=EDGE_CURVE('',#554,#555,#267,.T.);
#706=EDGE_CURVE('',#529,#555,#268,.T.);
#707=EDGE_CURVE('',#556,#531,#269,.T.);
#708=EDGE_CURVE('',#557,#530,#270,.T.);
#709=EDGE_CURVE('',#556,#557,#271,.T.);
#710=EDGE_CURVE('',#554,#556,#272,.T.);
#711=EDGE_CURVE('',#555,#557,#273,.T.);
#712=EDGE_CURVE('',#532,#558,#274,.T.);
#713=EDGE_CURVE('',#558,#559,#275,.T.);
#714=EDGE_CURVE('',#533,#559,#276,.T.);
#715=EDGE_CURVE('',#560,#535,#277,.T.);
#716=EDGE_CURVE('',#561,#534,#278,.T.);
#717=EDGE_CURVE('',#560,#561,#279,.T.);
#718=EDGE_CURVE('',#558,#560,#280,.T.);
#719=EDGE_CURVE('',#559,#561,#281,.T.);
#720=EDGE_CURVE('',#536,#562,#282,.T.);
#721=EDGE_CURVE('',#562,#563,#283,.T.);
#722=EDGE_CURVE('',#537,#563,#284,.T.);
#723=EDGE_CURVE('',#564,#539,#285,.T.);
#724=EDGE_CURVE('',#565,#538,#286,.T.);
#725=EDGE_CURVE('',#564,#565,#287,.T.);
#726=EDGE_CURVE('',#562,#564,#288,.T.);
#727=EDGE_CURVE('',#563,#565,#289,.T.);
#728=EDGE_CURVE('',#540,#566,#290,.T.);
#729=EDGE_CURVE('',#566,#567,#291,.T.);
#730=EDGE_CURVE('',#541,#567,#292,.T.);
#731=EDGE_CURVE('',#568,#543,#293,.T.);
#732=EDGE_CURVE('',#569,#542,#294,.T.);
#733=EDGE_CURVE('',#568,#569,#295,.T.);
#734=EDGE_CURVE('',#566,#568,#296,.T.);
#735=EDGE_CURVE('',#567,#569,#297,.T.);
#736=EDGE_CURVE('',#544,#570,#298,.T.);
#737=EDGE_CURVE('',#570,#571,#299,.T.);
#738=EDGE_CURVE('',#545,#571,#300,.T.);
#739=EDGE_CURVE('',#572,#547,#301,.T.);
#740=EDGE_CURVE('',#573,#546,#302,.T.);
#741=EDGE_CURVE('',#572,#573,#303,.T.);
#742=EDGE_CURVE('',#570,#572,#304,.T.);
#743=EDGE_CURVE('',#571,#573,#305,.T.);
#744=EDGE_CURVE('',#574,#575,#15,.T.);
#745=EDGE_CURVE('',#576,#575,#16,.T.);
#746=EDGE_CURVE('',#577,#576,#17,.T.);
#747=EDGE_CURVE('',#578,#577,#18,.T.);
#748=EDGE_CURVE('',#579,#578,#19,.T.);
#749=EDGE_CURVE('',#574,#579,#20,.T.);
#750=EDGE_CURVE('',#580,#577,#21,.T.);
#751=EDGE_CURVE('',#581,#580,#22,.T.);
#752=EDGE_CURVE('',#582,#581,#23,.T.);
#753=EDGE_CURVE('',#583,#582,#24,.T.);
#754=EDGE_CURVE('',#578,#583,#25,.T.);
#755=EDGE_CURVE('',#584,#581,#26,.T.);
#756=EDGE_CURVE('',#585,#584,#27,.T.);
#757=EDGE_CURVE('',#586,#585,#28,.T.);
#758=EDGE_CURVE('',#587,#586,#29,.T.);
#759=EDGE_CURVE('',#582,#587,#30,.T.);
#760=EDGE_CURVE('',#588,#574,#306,.T.);
#761=EDGE_CURVE('',#523,#588,#307,.T.);
#762=EDGE_CURVE('',#522,#589,#308,.T.);
#763=EDGE_CURVE('',#575,#589,#309,.T.);
#764=EDGE_CURVE('',#589,#590,#310,.T.);
#765=EDGE_CURVE('',#590,#591,#311,.T.);
#766=EDGE_CURVE('',#591,#592,#31,.T.);
#767=EDGE_CURVE('',#592,#585,#32,.T.);
#768=EDGE_CURVE('',#586,#593,#33,.T.);
#769=EDGE_CURVE('',#593,#594,#34,.T.);
#770=EDGE_CURVE('',#594,#595,#312,.T.);
#771=EDGE_CURVE('',#595,#588,#313,.T.);
#772=EDGE_CURVE('',#591,#594,#35,.T.);
#773=EDGE_CURVE('',#549,#590,#314,.T.);
#774=EDGE_CURVE('',#548,#595,#315,.T.);
#775=ORIENTED_EDGE('',*,*,#596,.F.);
#776=ORIENTED_EDGE('',*,*,#597,.F.);
#777=ORIENTED_EDGE('',*,*,#598,.T.);
#778=ORIENTED_EDGE('',*,*,#599,.F.);
#779=ORIENTED_EDGE('',*,*,#600,.F.);
#780=ORIENTED_EDGE('',*,*,#601,.T.);
#781=ORIENTED_EDGE('',*,*,#602,.T.);
#782=ORIENTED_EDGE('',*,*,#603,.F.);
#783=ORIENTED_EDGE('',*,*,#604,.F.);
#784=ORIENTED_EDGE('',*,*,#599,.T.);
#785=ORIENTED_EDGE('',*,*,#605,.T.);
#786=ORIENTED_EDGE('',*,*,#601,.F.);
#787=ORIENTED_EDGE('',*,*,#605,.F.);
#788=ORIENTED_EDGE('',*,*,#598,.F.);
#789=ORIENTED_EDGE('',*,*,#606,.F.);
#790=ORIENTED_EDGE('',*,*,#602,.F.);
#791=ORIENTED_EDGE('',*,*,#607,.F.);
#792=ORIENTED_EDGE('',*,*,#608,.F.);
#793=ORIENTED_EDGE('',*,*,#609,.T.);
#794=ORIENTED_EDGE('',*,*,#610,.F.);
#795=ORIENTED_EDGE('',*,*,#611,.F.);
#796=ORIENTED_EDGE('',*,*,#612,.T.);
#797=ORIENTED_EDGE('',*,*,#613,.T.);
#798=ORIENTED_EDGE('',*,*,#614,.F.);
#799=ORIENTED_EDGE('',*,*,#615,.F.);
#800=ORIENTED_EDGE('',*,*,#610,.T.);
#801=ORIENTED_EDGE('',*,*,#616,.T.);
#802=ORIENTED_EDGE('',*,*,#612,.F.);
#803=ORIENTED_EDGE('',*,*,#616,.F.);
#804=ORIENTED_EDGE('',*,*,#609,.F.);
#805=ORIENTED_EDGE('',*,*,#617,.F.);
#806=ORIENTED_EDGE('',*,*,#613,.F.);
#807=ORIENTED_EDGE('',*,*,#618,.F.);
#808=ORIENTED_EDGE('',*,*,#619,.F.);
#809=ORIENTED_EDGE('',*,*,#620,.T.);
#810=ORIENTED_EDGE('',*,*,#621,.F.);
#811=ORIENTED_EDGE('',*,*,#622,.F.);
#812=ORIENTED_EDGE('',*,*,#623,.T.);
#813=ORIENTED_EDGE('',*,*,#624,.T.);
#814=ORIENTED_EDGE('',*,*,#625,.F.);
#815=ORIENTED_EDGE('',*,*,#626,.F.);
#816=ORIENTED_EDGE('',*,*,#621,.T.);
#817=ORIENTED_EDGE('',*,*,#627,.T.);
#818=ORIENTED_EDGE('',*,*,#623,.F.);
#819=ORIENTED_EDGE('',*,*,#627,.F.);
#820=ORIENTED_EDGE('',*,*,#620,.F.);
#821=ORIENTED_EDGE('',*,*,#628,.F.);
#822=ORIENTED_EDGE('',*,*,#624,.F.);
#823=ORIENTED_EDGE('',*,*,#629,.F.);
#824=ORIENTED_EDGE('',*,*,#630,.F.);
#825=ORIENTED_EDGE('',*,*,#631,.T.);
#826=ORIENTED_EDGE('',*,*,#632,.F.);
#827=ORIENTED_EDGE('',*,*,#633,.F.);
#828=ORIENTED_EDGE('',*,*,#634,.T.);
#829=ORIENTED_EDGE('',*,*,#635,.T.);
#830=ORIENTED_EDGE('',*,*,#636,.F.);
#831=ORIENTED_EDGE('',*,*,#637,.F.);
#832=ORIENTED_EDGE('',*,*,#632,.T.);
#833=ORIENTED_EDGE('',*,*,#638,.T.);
#834=ORIENTED_EDGE('',*,*,#634,.F.);
#835=ORIENTED_EDGE('',*,*,#638,.F.);
#836=ORIENTED_EDGE('',*,*,#631,.F.);
#837=ORIENTED_EDGE('',*,*,#639,.F.);
#838=ORIENTED_EDGE('',*,*,#635,.F.);
#839=ORIENTED_EDGE('',*,*,#640,.F.);
#840=ORIENTED_EDGE('',*,*,#641,.F.);
#841=ORIENTED_EDGE('',*,*,#642,.T.);
#842=ORIENTED_EDGE('',*,*,#643,.F.);
#843=ORIENTED_EDGE('',*,*,#644,.F.);
#844=ORIENTED_EDGE('',*,*,#645,.T.);
#845=ORIENTED_EDGE('',*,*,#646,.T.);
#846=ORIENTED_EDGE('',*,*,#647,.F.);
#847=ORIENTED_EDGE('',*,*,#648,.F.);
#848=ORIENTED_EDGE('',*,*,#643,.T.);
#849=ORIENTED_EDGE('',*,*,#649,.T.);
#850=ORIENTED_EDGE('',*,*,#645,.F.);
#851=ORIENTED_EDGE('',*,*,#649,.F.);
#852=ORIENTED_EDGE('',*,*,#642,.F.);
#853=ORIENTED_EDGE('',*,*,#650,.F.);
#854=ORIENTED_EDGE('',*,*,#646,.F.);
#855=ORIENTED_EDGE('',*,*,#651,.F.);
#856=ORIENTED_EDGE('',*,*,#652,.F.);
#857=ORIENTED_EDGE('',*,*,#653,.T.);
#858=ORIENTED_EDGE('',*,*,#654,.F.);
#859=ORIENTED_EDGE('',*,*,#655,.F.);
#860=ORIENTED_EDGE('',*,*,#656,.T.);
#861=ORIENTED_EDGE('',*,*,#657,.T.);
#862=ORIENTED_EDGE('',*,*,#658,.F.);
#863=ORIENTED_EDGE('',*,*,#659,.F.);
#864=ORIENTED_EDGE('',*,*,#654,.T.);
#865=ORIENTED_EDGE('',*,*,#660,.T.);
#866=ORIENTED_EDGE('',*,*,#656,.F.);
#867=ORIENTED_EDGE('',*,*,#660,.F.);
#868=ORIENTED_EDGE('',*,*,#653,.F.);
#869=ORIENTED_EDGE('',*,*,#661,.F.);
#870=ORIENTED_EDGE('',*,*,#657,.F.);
#871=ORIENTED_EDGE('',*,*,#636,.T.);
#872=ORIENTED_EDGE('',*,*,#639,.T.);
#873=ORIENTED_EDGE('',*,*,#630,.T.);
#874=ORIENTED_EDGE('',*,*,#662,.F.);
#875=ORIENTED_EDGE('',*,*,#625,.T.);
#876=ORIENTED_EDGE('',*,*,#628,.T.);
#877=ORIENTED_EDGE('',*,*,#619,.T.);
#878=ORIENTED_EDGE('',*,*,#663,.F.);
#879=ORIENTED_EDGE('',*,*,#614,.T.);
#880=ORIENTED_EDGE('',*,*,#617,.T.);
#881=ORIENTED_EDGE('',*,*,#608,.T.);
#882=ORIENTED_EDGE('',*,*,#664,.F.);
#883=ORIENTED_EDGE('',*,*,#603,.T.);
#884=ORIENTED_EDGE('',*,*,#606,.T.);
#885=ORIENTED_EDGE('',*,*,#597,.T.);
#886=ORIENTED_EDGE('',*,*,#665,.F.);
#887=ORIENTED_EDGE('',*,*,#666,.F.);
#888=ORIENTED_EDGE('',*,*,#667,.F.);
#889=ORIENTED_EDGE('',*,*,#668,.T.);
#890=ORIENTED_EDGE('',*,*,#669,.T.);
#891=ORIENTED_EDGE('',*,*,#670,.T.);
#892=ORIENTED_EDGE('',*,*,#671,.F.);
#893=ORIENTED_EDGE('',*,*,#672,.T.);
#894=ORIENTED_EDGE('',*,*,#673,.T.);
#895=ORIENTED_EDGE('',*,*,#674,.T.);
#896=ORIENTED_EDGE('',*,*,#675,.F.);
#897=ORIENTED_EDGE('',*,*,#676,.T.);
#898=ORIENTED_EDGE('',*,*,#677,.T.);
#899=ORIENTED_EDGE('',*,*,#678,.T.);
#900=ORIENTED_EDGE('',*,*,#679,.F.);
#901=ORIENTED_EDGE('',*,*,#680,.T.);
#902=ORIENTED_EDGE('',*,*,#681,.T.);
#903=ORIENTED_EDGE('',*,*,#682,.T.);
#904=ORIENTED_EDGE('',*,*,#683,.F.);
#905=ORIENTED_EDGE('',*,*,#684,.T.);
#906=ORIENTED_EDGE('',*,*,#685,.T.);
#907=ORIENTED_EDGE('',*,*,#686,.T.);
#908=ORIENTED_EDGE('',*,*,#687,.F.);
#909=ORIENTED_EDGE('',*,*,#688,.T.);
#910=ORIENTED_EDGE('',*,*,#689,.T.);
#911=ORIENTED_EDGE('',*,*,#690,.T.);
#912=ORIENTED_EDGE('',*,*,#691,.F.);
#913=ORIENTED_EDGE('',*,*,#692,.F.);
#914=ORIENTED_EDGE('',*,*,#693,.F.);
#915=ORIENTED_EDGE('',*,*,#658,.T.);
#916=ORIENTED_EDGE('',*,*,#661,.T.);
#917=ORIENTED_EDGE('',*,*,#652,.T.);
#918=ORIENTED_EDGE('',*,*,#694,.F.);
#919=ORIENTED_EDGE('',*,*,#647,.T.);
#920=ORIENTED_EDGE('',*,*,#650,.T.);
#921=ORIENTED_EDGE('',*,*,#641,.T.);
#922=ORIENTED_EDGE('',*,*,#695,.F.);
#923=ORIENTED_EDGE('',*,*,#696,.T.);
#924=ORIENTED_EDGE('',*,*,#697,.T.);
#925=ORIENTED_EDGE('',*,*,#698,.F.);
#926=ORIENTED_EDGE('',*,*,#668,.F.);
#927=ORIENTED_EDGE('',*,*,#699,.T.);
#928=ORIENTED_EDGE('',*,*,#670,.F.);
#929=ORIENTED_EDGE('',*,*,#700,.F.);
#930=ORIENTED_EDGE('',*,*,#701,.F.);
#931=ORIENTED_EDGE('',*,*,#702,.T.);
#932=ORIENTED_EDGE('',*,*,#701,.T.);
#933=ORIENTED_EDGE('',*,*,#703,.F.);
#934=ORIENTED_EDGE('',*,*,#697,.F.);
#935=ORIENTED_EDGE('',*,*,#703,.T.);
#936=ORIENTED_EDGE('',*,*,#700,.T.);
#937=ORIENTED_EDGE('',*,*,#669,.F.);
#938=ORIENTED_EDGE('',*,*,#698,.T.);
#939=ORIENTED_EDGE('',*,*,#704,.T.);
#940=ORIENTED_EDGE('',*,*,#705,.T.);
#941=ORIENTED_EDGE('',*,*,#706,.F.);
#942=ORIENTED_EDGE('',*,*,#672,.F.);
#943=ORIENTED_EDGE('',*,*,#707,.T.);
#944=ORIENTED_EDGE('',*,*,#674,.F.);
#945=ORIENTED_EDGE('',*,*,#708,.F.);
#946=ORIENTED_EDGE('',*,*,#709,.F.);
#947=ORIENTED_EDGE('',*,*,#710,.T.);
#948=ORIENTED_EDGE('',*,*,#709,.T.);
#949=ORIENTED_EDGE('',*,*,#711,.F.);
#950=ORIENTED_EDGE('',*,*,#705,.F.);
#951=ORIENTED_EDGE('',*,*,#711,.T.);
#952=ORIENTED_EDGE('',*,*,#708,.T.);
#953=ORIENTED_EDGE('',*,*,#673,.F.);
#954=ORIENTED_EDGE('',*,*,#706,.T.);
#955=ORIENTED_EDGE('',*,*,#712,.T.);
#956=ORIENTED_EDGE('',*,*,#713,.T.);
#957=ORIENTED_EDGE('',*,*,#714,.F.);
#958=ORIENTED_EDGE('',*,*,#676,.F.);
#959=ORIENTED_EDGE('',*,*,#715,.T.);
#960=ORIENTED_EDGE('',*,*,#678,.F.);
#961=ORIENTED_EDGE('',*,*,#716,.F.);
#962=ORIENTED_EDGE('',*,*,#717,.F.);
#963=ORIENTED_EDGE('',*,*,#718,.T.);
#964=ORIENTED_EDGE('',*,*,#717,.T.);
#965=ORIENTED_EDGE('',*,*,#719,.F.);
#966=ORIENTED_EDGE('',*,*,#713,.F.);
#967=ORIENTED_EDGE('',*,*,#719,.T.);
#968=ORIENTED_EDGE('',*,*,#716,.T.);
#969=ORIENTED_EDGE('',*,*,#677,.F.);
#970=ORIENTED_EDGE('',*,*,#714,.T.);
#971=ORIENTED_EDGE('',*,*,#720,.T.);
#972=ORIENTED_EDGE('',*,*,#721,.T.);
#973=ORIENTED_EDGE('',*,*,#722,.F.);
#974=ORIENTED_EDGE('',*,*,#680,.F.);
#975=ORIENTED_EDGE('',*,*,#723,.T.);
#976=ORIENTED_EDGE('',*,*,#682,.F.);
#977=ORIENTED_EDGE('',*,*,#724,.F.);
#978=ORIENTED_EDGE('',*,*,#725,.F.);
#979=ORIENTED_EDGE('',*,*,#726,.T.);
#980=ORIENTED_EDGE('',*,*,#725,.T.);
#981=ORIENTED_EDGE('',*,*,#727,.F.);
#982=ORIENTED_EDGE('',*,*,#721,.F.);
#983=ORIENTED_EDGE('',*,*,#727,.T.);
#984=ORIENTED_EDGE('',*,*,#724,.T.);
#985=ORIENTED_EDGE('',*,*,#681,.F.);
#986=ORIENTED_EDGE('',*,*,#722,.T.);
#987=ORIENTED_EDGE('',*,*,#728,.T.);
#988=ORIENTED_EDGE('',*,*,#729,.T.);
#989=ORIENTED_EDGE('',*,*,#730,.F.);
#990=ORIENTED_EDGE('',*,*,#684,.F.);
#991=ORIENTED_EDGE('',*,*,#731,.T.);
#992=ORIENTED_EDGE('',*,*,#686,.F.);
#993=ORIENTED_EDGE('',*,*,#732,.F.);
#994=ORIENTED_EDGE('',*,*,#733,.F.);
#995=ORIENTED_EDGE('',*,*,#734,.T.);
#996=ORIENTED_EDGE('',*,*,#733,.T.);
#997=ORIENTED_EDGE('',*,*,#735,.F.);
#998=ORIENTED_EDGE('',*,*,#729,.F.);
#999=ORIENTED_EDGE('',*,*,#735,.T.);
#1000=ORIENTED_EDGE('',*,*,#732,.T.);
#1001=ORIENTED_EDGE('',*,*,#685,.F.);
#1002=ORIENTED_EDGE('',*,*,#730,.T.);
#1003=ORIENTED_EDGE('',*,*,#736,.T.);
#1004=ORIENTED_EDGE('',*,*,#737,.T.);
#1005=ORIENTED_EDGE('',*,*,#738,.F.);
#1006=ORIENTED_EDGE('',*,*,#688,.F.);
#1007=ORIENTED_EDGE('',*,*,#739,.T.);
#1008=ORIENTED_EDGE('',*,*,#690,.F.);
#1009=ORIENTED_EDGE('',*,*,#740,.F.);
#1010=ORIENTED_EDGE('',*,*,#741,.F.);
#1011=ORIENTED_EDGE('',*,*,#742,.T.);
#1012=ORIENTED_EDGE('',*,*,#741,.T.);
#1013=ORIENTED_EDGE('',*,*,#743,.F.);
#1014=ORIENTED_EDGE('',*,*,#737,.F.);
#1015=ORIENTED_EDGE('',*,*,#743,.T.);
#1016=ORIENTED_EDGE('',*,*,#740,.T.);
#1017=ORIENTED_EDGE('',*,*,#689,.F.);
#1018=ORIENTED_EDGE('',*,*,#738,.T.);
#1019=ORIENTED_EDGE('',*,*,#744,.T.);
#1020=ORIENTED_EDGE('',*,*,#745,.F.);
#1021=ORIENTED_EDGE('',*,*,#746,.F.);
#1022=ORIENTED_EDGE('',*,*,#747,.F.);
#1023=ORIENTED_EDGE('',*,*,#748,.F.);
#1024=ORIENTED_EDGE('',*,*,#749,.F.);
#1025=ORIENTED_EDGE('',*,*,#750,.F.);
#1026=ORIENTED_EDGE('',*,*,#751,.F.);
#1027=ORIENTED_EDGE('',*,*,#752,.F.);
#1028=ORIENTED_EDGE('',*,*,#753,.F.);
#1029=ORIENTED_EDGE('',*,*,#754,.F.);
#1030=ORIENTED_EDGE('',*,*,#747,.T.);
#1031=ORIENTED_EDGE('',*,*,#755,.F.);
#1032=ORIENTED_EDGE('',*,*,#756,.F.);
#1033=ORIENTED_EDGE('',*,*,#757,.F.);
#1034=ORIENTED_EDGE('',*,*,#758,.F.);
#1035=ORIENTED_EDGE('',*,*,#759,.F.);
#1036=ORIENTED_EDGE('',*,*,#752,.T.);
#1037=ORIENTED_EDGE('',*,*,#744,.F.);
#1038=ORIENTED_EDGE('',*,*,#760,.F.);
#1039=ORIENTED_EDGE('',*,*,#761,.F.);
#1040=ORIENTED_EDGE('',*,*,#666,.T.);
#1041=ORIENTED_EDGE('',*,*,#762,.T.);
#1042=ORIENTED_EDGE('',*,*,#763,.F.);
#1043=ORIENTED_EDGE('',*,*,#745,.T.);
#1044=ORIENTED_EDGE('',*,*,#763,.T.);
#1045=ORIENTED_EDGE('',*,*,#764,.T.);
#1046=ORIENTED_EDGE('',*,*,#765,.T.);
#1047=ORIENTED_EDGE('',*,*,#766,.T.);
#1048=ORIENTED_EDGE('',*,*,#767,.T.);
#1049=ORIENTED_EDGE('',*,*,#756,.T.);
#1050=ORIENTED_EDGE('',*,*,#755,.T.);
#1051=ORIENTED_EDGE('',*,*,#751,.T.);
#1052=ORIENTED_EDGE('',*,*,#750,.T.);
#1053=ORIENTED_EDGE('',*,*,#746,.T.);
#1054=ORIENTED_EDGE('',*,*,#749,.T.);
#1055=ORIENTED_EDGE('',*,*,#748,.T.);
#1056=ORIENTED_EDGE('',*,*,#754,.T.);
#1057=ORIENTED_EDGE('',*,*,#753,.T.);
#1058=ORIENTED_EDGE('',*,*,#759,.T.);
#1059=ORIENTED_EDGE('',*,*,#758,.T.);
#1060=ORIENTED_EDGE('',*,*,#768,.T.);
#1061=ORIENTED_EDGE('',*,*,#769,.T.);
#1062=ORIENTED_EDGE('',*,*,#770,.T.);
#1063=ORIENTED_EDGE('',*,*,#771,.T.);
#1064=ORIENTED_EDGE('',*,*,#760,.T.);
#1065=ORIENTED_EDGE('',*,*,#772,.T.);
#1066=ORIENTED_EDGE('',*,*,#769,.F.);
#1067=ORIENTED_EDGE('',*,*,#768,.F.);
#1068=ORIENTED_EDGE('',*,*,#757,.T.);
#1069=ORIENTED_EDGE('',*,*,#767,.F.);
#1070=ORIENTED_EDGE('',*,*,#766,.F.);
#1071=ORIENTED_EDGE('',*,*,#772,.F.);
#1072=ORIENTED_EDGE('',*,*,#765,.F.);
#1073=ORIENTED_EDGE('',*,*,#773,.F.);
#1074=ORIENTED_EDGE('',*,*,#692,.T.);
#1075=ORIENTED_EDGE('',*,*,#774,.T.);
#1076=ORIENTED_EDGE('',*,*,#770,.F.);
#1077=ORIENTED_EDGE('',*,*,#665,.T.);
#1078=ORIENTED_EDGE('',*,*,#596,.T.);
#1079=ORIENTED_EDGE('',*,*,#604,.T.);
#1080=ORIENTED_EDGE('',*,*,#600,.T.);
#1081=ORIENTED_EDGE('',*,*,#664,.T.);
#1082=ORIENTED_EDGE('',*,*,#607,.T.);
#1083=ORIENTED_EDGE('',*,*,#615,.T.);
#1084=ORIENTED_EDGE('',*,*,#611,.T.);
#1085=ORIENTED_EDGE('',*,*,#663,.T.);
#1086=ORIENTED_EDGE('',*,*,#618,.T.);
#1087=ORIENTED_EDGE('',*,*,#626,.T.);
#1088=ORIENTED_EDGE('',*,*,#622,.T.);
#1089=ORIENTED_EDGE('',*,*,#662,.T.);
#1090=ORIENTED_EDGE('',*,*,#629,.T.);
#1091=ORIENTED_EDGE('',*,*,#637,.T.);
#1092=ORIENTED_EDGE('',*,*,#633,.T.);
#1093=ORIENTED_EDGE('',*,*,#695,.T.);
#1094=ORIENTED_EDGE('',*,*,#640,.T.);
#1095=ORIENTED_EDGE('',*,*,#648,.T.);
#1096=ORIENTED_EDGE('',*,*,#644,.T.);
#1097=ORIENTED_EDGE('',*,*,#694,.T.);
#1098=ORIENTED_EDGE('',*,*,#651,.T.);
#1099=ORIENTED_EDGE('',*,*,#659,.T.);
#1100=ORIENTED_EDGE('',*,*,#655,.T.);
#1101=ORIENTED_EDGE('',*,*,#693,.T.);
#1102=ORIENTED_EDGE('',*,*,#773,.T.);
#1103=ORIENTED_EDGE('',*,*,#764,.F.);
#1104=ORIENTED_EDGE('',*,*,#762,.F.);
#1105=ORIENTED_EDGE('',*,*,#731,.F.);
#1106=ORIENTED_EDGE('',*,*,#734,.F.);
#1107=ORIENTED_EDGE('',*,*,#728,.F.);
#1108=ORIENTED_EDGE('',*,*,#683,.T.);
#1109=ORIENTED_EDGE('',*,*,#723,.F.);
#1110=ORIENTED_EDGE('',*,*,#726,.F.);
#1111=ORIENTED_EDGE('',*,*,#720,.F.);
#1112=ORIENTED_EDGE('',*,*,#679,.T.);
#1113=ORIENTED_EDGE('',*,*,#715,.F.);
#1114=ORIENTED_EDGE('',*,*,#718,.F.);
#1115=ORIENTED_EDGE('',*,*,#712,.F.);
#1116=ORIENTED_EDGE('',*,*,#675,.T.);
#1117=ORIENTED_EDGE('',*,*,#707,.F.);
#1118=ORIENTED_EDGE('',*,*,#710,.F.);
#1119=ORIENTED_EDGE('',*,*,#704,.F.);
#1120=ORIENTED_EDGE('',*,*,#671,.T.);
#1121=ORIENTED_EDGE('',*,*,#699,.F.);
#1122=ORIENTED_EDGE('',*,*,#702,.F.);
#1123=ORIENTED_EDGE('',*,*,#696,.F.);
#1124=ORIENTED_EDGE('',*,*,#667,.T.);
#1125=ORIENTED_EDGE('',*,*,#761,.T.);
#1126=ORIENTED_EDGE('',*,*,#771,.F.);
#1127=ORIENTED_EDGE('',*,*,#774,.F.);
#1128=ORIENTED_EDGE('',*,*,#691,.T.);
#1129=ORIENTED_EDGE('',*,*,#739,.F.);
#1130=ORIENTED_EDGE('',*,*,#742,.F.);
#1131=ORIENTED_EDGE('',*,*,#736,.F.);
#1132=ORIENTED_EDGE('',*,*,#687,.T.);
#1133=PLANE('',#1261);
#1134=PLANE('',#1262);
#1135=PLANE('',#1263);
#1136=PLANE('',#1264);
#1137=PLANE('',#1265);
#1138=PLANE('',#1266);
#1139=PLANE('',#1267);
#1140=PLANE('',#1268);
#1141=PLANE('',#1269);
#1142=PLANE('',#1270);
#1143=PLANE('',#1271);
#1144=PLANE('',#1272);
#1145=PLANE('',#1273);
#1146=PLANE('',#1274);
#1147=PLANE('',#1275);
#1148=PLANE('',#1276);
#1149=PLANE('',#1277);
#1150=PLANE('',#1278);
#1151=PLANE('',#1279);
#1152=PLANE('',#1280);
#1153=PLANE('',#1281);
#1154=PLANE('',#1282);
#1155=PLANE('',#1283);
#1156=PLANE('',#1284);
#1157=PLANE('',#1285);
#1158=PLANE('',#1286);
#1159=PLANE('',#1287);
#1160=PLANE('',#1288);
#1161=PLANE('',#1289);
#1162=PLANE('',#1290);
#1163=PLANE('',#1291);
#1164=PLANE('',#1292);
#1165=PLANE('',#1293);
#1166=PLANE('',#1294);
#1167=PLANE('',#1295);
#1168=PLANE('',#1296);
#1169=PLANE('',#1297);
#1170=PLANE('',#1298);
#1171=PLANE('',#1299);
#1172=PLANE('',#1300);
#1173=PLANE('',#1301);
#1174=PLANE('',#1302);
#1175=PLANE('',#1303);
#1176=PLANE('',#1304);
#1177=PLANE('',#1305);
#1178=PLANE('',#1306);
#1179=PLANE('',#1307);
#1180=PLANE('',#1308);
#1181=PLANE('',#1309);
#1182=PLANE('',#1310);
#1183=PLANE('',#1311);
#1184=PLANE('',#1312);
#1185=PLANE('',#1313);
#1186=PLANE('',#1314);
#1187=PLANE('',#1315);
#1188=ADVANCED_FACE('',(#40),#1133,.F.);
#1189=ADVANCED_FACE('',(#41),#1134,.F.);
#1190=ADVANCED_FACE('',(#42),#1135,.F.);
#1191=ADVANCED_FACE('',(#43),#1136,.F.);
#1192=ADVANCED_FACE('',(#44),#1137,.F.);
#1193=ADVANCED_FACE('',(#45),#1138,.F.);
#1194=ADVANCED_FACE('',(#46),#1139,.F.);
#1195=ADVANCED_FACE('',(#47),#1140,.F.);
#1196=ADVANCED_FACE('',(#48),#1141,.F.);
#1197=ADVANCED_FACE('',(#49),#1142,.F.);
#1198=ADVANCED_FACE('',(#50),#1143,.F.);
#1199=ADVANCED_FACE('',(#51),#1144,.F.);
#1200=ADVANCED_FACE('',(#52),#1145,.F.);
#1201=ADVANCED_FACE('',(#53),#1146,.F.);
#1202=ADVANCED_FACE('',(#54),#1147,.F.);
#1203=ADVANCED_FACE('',(#55),#1148,.F.);
#1204=ADVANCED_FACE('',(#56),#1149,.F.);
#1205=ADVANCED_FACE('',(#57),#1150,.F.);
#1206=ADVANCED_FACE('',(#58),#1151,.F.);
#1207=ADVANCED_FACE('',(#59),#1152,.F.);
#1208=ADVANCED_FACE('',(#60),#1153,.F.);
#1209=ADVANCED_FACE('',(#61),#1154,.F.);
#1210=ADVANCED_FACE('',(#62),#1155,.F.);
#1211=ADVANCED_FACE('',(#63),#1156,.F.);
#1212=ADVANCED_FACE('',(#64),#1157,.F.);
#1213=ADVANCED_FACE('',(#65),#1158,.T.);
#1214=ADVANCED_FACE('',(#66),#1159,.T.);
#1215=ADVANCED_FACE('',(#67),#1160,.T.);
#1216=ADVANCED_FACE('',(#68),#1161,.T.);
#1217=ADVANCED_FACE('',(#69),#1162,.T.);
#1218=ADVANCED_FACE('',(#70),#1163,.T.);
#1219=ADVANCED_FACE('',(#71),#1164,.T.);
#1220=ADVANCED_FACE('',(#72),#1165,.T.);
#1221=ADVANCED_FACE('',(#73),#1166,.T.);
#1222=ADVANCED_FACE('',(#74),#1167,.T.);
#1223=ADVANCED_FACE('',(#75),#1168,.T.);
#1224=ADVANCED_FACE('',(#76),#1169,.T.);
#1225=ADVANCED_FACE('',(#77),#1170,.T.);
#1226=ADVANCED_FACE('',(#78),#1171,.T.);
#1227=ADVANCED_FACE('',(#79),#1172,.T.);
#1228=ADVANCED_FACE('',(#80),#1173,.T.);
#1229=ADVANCED_FACE('',(#81),#1174,.T.);
#1230=ADVANCED_FACE('',(#82),#1175,.T.);
#1231=ADVANCED_FACE('',(#83),#1176,.T.);
#1232=ADVANCED_FACE('',(#84),#1177,.T.);
#1233=ADVANCED_FACE('',(#85),#1178,.T.);
#1234=ADVANCED_FACE('',(#86),#1179,.T.);
#1235=ADVANCED_FACE('',(#87),#1180,.T.);
#1236=ADVANCED_FACE('',(#88),#1181,.T.);
#1237=ADVANCED_FACE('',(#89),#36,.F.);
#1238=ADVANCED_FACE('',(#90),#37,.F.);
#1239=ADVANCED_FACE('',(#91),#38,.F.);
#1240=ADVANCED_FACE('',(#92),#1182,.T.);
#1241=ADVANCED_FACE('',(#93),#1183,.T.);
#1242=ADVANCED_FACE('',(#94),#1184,.T.);
#1243=ADVANCED_FACE('',(#95),#39,.F.);
#1244=ADVANCED_FACE('',(#96),#1185,.T.);
#1245=ADVANCED_FACE('',(#97),#1186,.T.);
#1246=ADVANCED_FACE('',(#98),#1187,.T.);
#1247=CLOSED_SHELL('',(#1188,#1189,#1190,#1191,#1192,#1193,#1194,#1195,
#1196,#1197,#1198,#1199,#1200,#1201,#1202,#1203,#1204,#1205,#1206,#1207,
#1208,#1209,#1210,#1211,#1212,#1213,#1214,#1215,#1216,#1217,#1218,#1219,
#1220,#1221,#1222,#1223,#1224,#1225,#1226,#1227,#1228,#1229,#1230,#1231,
#1232,#1233,#1234,#1235,#1236,#1237,#1238,#1239,#1240,#1241,#1242,#1243,
#1244,#1245,#1246));
#1248=DERIVED_UNIT_ELEMENT(#1250,1.);
#1249=DERIVED_UNIT_ELEMENT(#2239,-3.);
#1250=(
MASS_UNIT()
NAMED_UNIT(*)
SI_UNIT(.KILO.,.GRAM.)
);
#1251=DERIVED_UNIT((#1248,#1249));
#1252=MEASURE_REPRESENTATION_ITEM('density measure',
POSITIVE_RATIO_MEASURE(7850.),#1251);
#1253=PROPERTY_DEFINITION_REPRESENTATION(#1258,#1255);
#1254=PROPERTY_DEFINITION_REPRESENTATION(#1259,#1256);
#1255=REPRESENTATION('material name',(#1257),#2236);
#1256=REPRESENTATION('density',(#1252),#2236);
#1257=DESCRIPTIVE_REPRESENTATION_ITEM('Steel','Steel');
#1258=PROPERTY_DEFINITION('material property','material name',#2246);
#1259=PROPERTY_DEFINITION('material property','density of part',#2246);
#1260=AXIS2_PLACEMENT_3D('',#1586,#1316,#1317);
#1261=AXIS2_PLACEMENT_3D('',#1587,#1318,#1319);
#1262=AXIS2_PLACEMENT_3D('',#1596,#1324,#1325);
#1263=AXIS2_PLACEMENT_3D('',#1605,#1330,#1331);
#1264=AXIS2_PLACEMENT_3D('',#1608,#1334,#1335);
#1265=AXIS2_PLACEMENT_3D('',#1610,#1337,#1338);
#1266=AXIS2_PLACEMENT_3D('',#1619,#1343,#1344);
#1267=AXIS2_PLACEMENT_3D('',#1628,#1349,#1350);
#1268=AXIS2_PLACEMENT_3D('',#1631,#1353,#1354);
#1269=AXIS2_PLACEMENT_3D('',#1633,#1356,#1357);
#1270=AXIS2_PLACEMENT_3D('',#1642,#1362,#1363);
#1271=AXIS2_PLACEMENT_3D('',#1651,#1368,#1369);
#1272=AXIS2_PLACEMENT_3D('',#1654,#1372,#1373);
#1273=AXIS2_PLACEMENT_3D('',#1656,#1375,#1376);
#1274=AXIS2_PLACEMENT_3D('',#1665,#1381,#1382);
#1275=AXIS2_PLACEMENT_3D('',#1674,#1387,#1388);
#1276=AXIS2_PLACEMENT_3D('',#1677,#1391,#1392);
#1277=AXIS2_PLACEMENT_3D('',#1679,#1394,#1395);
#1278=AXIS2_PLACEMENT_3D('',#1688,#1400,#1401);
#1279=AXIS2_PLACEMENT_3D('',#1697,#1406,#1407);
#1280=AXIS2_PLACEMENT_3D('',#1700,#1410,#1411);
#1281=AXIS2_PLACEMENT_3D('',#1702,#1413,#1414);
#1282=AXIS2_PLACEMENT_3D('',#1711,#1419,#1420);
#1283=AXIS2_PLACEMENT_3D('',#1720,#1425,#1426);
#1284=AXIS2_PLACEMENT_3D('',#1723,#1429,#1430);
#1285=AXIS2_PLACEMENT_3D('',#1725,#1432,#1433);
#1286=AXIS2_PLACEMENT_3D('',#1788,#1468,#1469);
#1287=AXIS2_PLACEMENT_3D('',#1794,#1473,#1474);
#1288=AXIS2_PLACEMENT_3D('',#1800,#1478,#1479);
#1289=AXIS2_PLACEMENT_3D('',#1803,#1482,#1483);
#1290=AXIS2_PLACEMENT_3D('',#1804,#1484,#1485);
#1291=AXIS2_PLACEMENT_3D('',#1810,#1489,#1490);
#1292=AXIS2_PLACEMENT_3D('',#1816,#1494,#1495);
#1293=AXIS2_PLACEMENT_3D('',#1819,#1498,#1499);
#1294=AXIS2_PLACEMENT_3D('',#1820,#1500,#1501);
#1295=AXIS2_PLACEMENT_3D('',#1826,#1505,#1506);
#1296=AXIS2_PLACEMENT_3D('',#1832,#1510,#1511);
#1297=AXIS2_PLACEMENT_3D('',#1835,#1514,#1515);
#1298=AXIS2_PLACEMENT_3D('',#1836,#1516,#1517);
#1299=AXIS2_PLACEMENT_3D('',#1842,#1521,#1522);
#1300=AXIS2_PLACEMENT_3D('',#1848,#1526,#1527);
#1301=AXIS2_PLACEMENT_3D('',#1851,#1530,#1531);
#1302=AXIS2_PLACEMENT_3D('',#1852,#1532,#1533);
#1303=AXIS2_PLACEMENT_3D('',#1858,#1537,#1538);
#1304=AXIS2_PLACEMENT_3D('',#1864,#1542,#1543);
#1305=AXIS2_PLACEMENT_3D('',#1867,#1546,#1547);
#1306=AXIS2_PLACEMENT_3D('',#1868,#1548,#1549);
#1307=AXIS2_PLACEMENT_3D('',#1874,#1553,#1554);
#1308=AXIS2_PLACEMENT_3D('',#1880,#1558,#1559);
#1309=AXIS2_PLACEMENT_3D('',#1883,#1562,#1563);
#1310=AXIS2_PLACEMENT_3D('',#2135,#1564,#1565);
#1311=AXIS2_PLACEMENT_3D('',#2142,#1570,#1571);
#1312=AXIS2_PLACEMENT_3D('',#2164,#1574,#1575);
#1313=AXIS2_PLACEMENT_3D('',#2229,#1578,#1579);
#1314=AXIS2_PLACEMENT_3D('',#2232,#1582,#1583);
#1315=AXIS2_PLACEMENT_3D('',#2233,#1584,#1585);
#1316=DIRECTION('axis',(0.,0.,1.));
#1317=DIRECTION('refdir',(1.,0.,0.));
#1318=DIRECTION('center_axis',(0.,-1.,0.));
#1319=DIRECTION('ref_axis',(0.,0.,-1.));
#1320=DIRECTION('',(0.,0.,-1.));
#1321=DIRECTION('',(-1.,0.,0.));
#1322=DIRECTION('',(0.,0.,-1.));
#1323=DIRECTION('',(1.,0.,0.));
#1324=DIRECTION('center_axis',(0.,1.,0.));
#1325=DIRECTION('ref_axis',(0.,0.,1.));
#1326=DIRECTION('',(0.,0.,1.));
#1327=DIRECTION('',(1.,0.,0.));
#1328=DIRECTION('',(0.,0.,1.));
#1329=DIRECTION('',(1.,0.,0.));
#1330=DIRECTION('center_axis',(0.,0.,1.));
#1331=DIRECTION('ref_axis',(0.,-1.,0.));
#1332=DIRECTION('',(0.,-1.,0.));
#1333=DIRECTION('',(0.,-1.,0.));
#1334=DIRECTION('center_axis',(-1.,0.,0.));
#1335=DIRECTION('ref_axis',(0.,0.,1.));
#1336=DIRECTION('',(0.,1.,0.));
#1337=DIRECTION('center_axis',(0.,-1.,0.));
#1338=DIRECTION('ref_axis',(0.,0.,-1.));
#1339=DIRECTION('',(0.,0.,-1.));
#1340=DIRECTION('',(-1.,0.,0.));
#1341=DIRECTION('',(0.,0.,-1.));
#1342=DIRECTION('',(1.,0.,0.));
#1343=DIRECTION('center_axis',(0.,1.,0.));
#1344=DIRECTION('ref_axis',(0.,0.,1.));
#1345=DIRECTION('',(0.,0.,1.));
#1346=DIRECTION('',(1.,0.,0.));
#1347=DIRECTION('',(0.,0.,1.));
#1348=DIRECTION('',(1.,0.,0.));
#1349=DIRECTION('center_axis',(0.,0.,1.));
#1350=DIRECTION('ref_axis',(0.,-1.,0.));
#1351=DIRECTION('',(0.,-1.,0.));
#1352=DIRECTION('',(0.,-1.,0.));
#1353=DIRECTION('center_axis',(-1.,0.,0.));
#1354=DIRECTION('ref_axis',(0.,0.,1.));
#1355=DIRECTION('',(0.,1.,0.));
#1356=DIRECTION('center_axis',(0.,-1.,0.));
#1357=DIRECTION('ref_axis',(0.,0.,-1.));
#1358=DIRECTION('',(0.,0.,-1.));
#1359=DIRECTION('',(-1.,0.,0.));
#1360=DIRECTION('',(0.,0.,-1.));
#1361=DIRECTION('',(1.,0.,0.));
#1362=DIRECTION('center_axis',(0.,1.,0.));
#1363=DIRECTION('ref_axis',(0.,0.,1.));
#1364=DIRECTION('',(0.,0.,1.));
#1365=DIRECTION('',(1.,0.,0.));
#1366=DIRECTION('',(0.,0.,1.));
#1367=DIRECTION('',(1.,0.,0.));
#1368=DIRECTION('center_axis',(0.,0.,1.));
#1369=DIRECTION('ref_axis',(0.,-1.,0.));
#1370=DIRECTION('',(0.,-1.,0.));
#1371=DIRECTION('',(0.,-1.,0.));
#1372=DIRECTION('center_axis',(-1.,0.,0.));
#1373=DIRECTION('ref_axis',(0.,0.,1.));
#1374=DIRECTION('',(0.,1.,0.));
#1375=DIRECTION('center_axis',(0.,-1.,0.));
#1376=DIRECTION('ref_axis',(0.,0.,-1.));
#1377=DIRECTION('',(0.,0.,-1.));
#1378=DIRECTION('',(-1.,0.,0.));
#1379=DIRECTION('',(0.,0.,-1.));
#1380=DIRECTION('',(1.,0.,0.));
#1381=DIRECTION('center_axis',(0.,1.,0.));
#1382=DIRECTION('ref_axis',(0.,0.,1.));
#1383=DIRECTION('',(0.,0.,1.));
#1384=DIRECTION('',(1.,0.,0.));
#1385=DIRECTION('',(0.,0.,1.));
#1386=DIRECTION('',(1.,0.,0.));
#1387=DIRECTION('center_axis',(0.,0.,1.));
#1388=DIRECTION('ref_axis',(0.,-1.,0.));
#1389=DIRECTION('',(0.,-1.,0.));
#1390=DIRECTION('',(0.,-1.,0.));
#1391=DIRECTION('center_axis',(-1.,0.,0.));
#1392=DIRECTION('ref_axis',(0.,0.,1.));
#1393=DIRECTION('',(0.,1.,0.));
#1394=DIRECTION('center_axis',(0.,-1.,0.));
#1395=DIRECTION('ref_axis',(0.,0.,-1.));
#1396=DIRECTION('',(0.,0.,-1.));
#1397=DIRECTION('',(-1.,0.,0.));
#1398=DIRECTION('',(0.,0.,-1.));
#1399=DIRECTION('',(1.,0.,0.));
#1400=DIRECTION('center_axis',(0.,1.,0.));
#1401=DIRECTION('ref_axis',(0.,0.,1.));
#1402=DIRECTION('',(0.,0.,1.));
#1403=DIRECTION('',(1.,0.,0.));
#1404=DIRECTION('',(0.,0.,1.));
#1405=DIRECTION('',(1.,0.,0.));
#1406=DIRECTION('center_axis',(0.,0.,1.));
#1407=DIRECTION('ref_axis',(0.,-1.,0.));
#1408=DIRECTION('',(0.,-1.,0.));
#1409=DIRECTION('',(0.,-1.,0.));
#1410=DIRECTION('center_axis',(-1.,0.,0.));
#1411=DIRECTION('ref_axis',(0.,0.,1.));
#1412=DIRECTION('',(0.,1.,0.));
#1413=DIRECTION('center_axis',(0.,-1.,0.));
#1414=DIRECTION('ref_axis',(0.,0.,-1.));
#1415=DIRECTION('',(0.,0.,-1.));
#1416=DIRECTION('',(-1.,0.,0.));
#1417=DIRECTION('',(0.,0.,-1.));
#1418=DIRECTION('',(1.,0.,0.));
#1419=DIRECTION('center_axis',(0.,1.,0.));
#1420=DIRECTION('ref_axis',(0.,0.,1.));
#1421=DIRECTION('',(0.,0.,1.));
#1422=DIRECTION('',(1.,0.,0.));
#1423=DIRECTION('',(0.,0.,1.));
#1424=DIRECTION('',(1.,0.,0.));
#1425=DIRECTION('center_axis',(0.,0.,1.));
#1426=DIRECTION('ref_axis',(0.,-1.,0.));
#1427=DIRECTION('',(0.,-1.,0.));
#1428=DIRECTION('',(0.,-1.,0.));
#1429=DIRECTION('center_axis',(-1.,0.,0.));
#1430=DIRECTION('ref_axis',(0.,0.,1.));
#1431=DIRECTION('',(0.,1.,0.));
#1432=DIRECTION('center_axis',(0.,0.,1.));
#1433=DIRECTION('ref_axis',(1.,0.,0.));
#1434=DIRECTION('',(-1.85037170770859E-16,-1.,0.));
#1435=DIRECTION('',(-1.85037170770859E-16,-1.,0.));
#1436=DIRECTION('',(-1.85037170770859E-16,-1.,0.));
#1437=DIRECTION('',(-1.85037170770859E-16,-1.,0.));
#1438=DIRECTION('',(-1.,0.,0.));
#1439=DIRECTION('',(-3.70074341541719E-17,1.,0.));
#1440=DIRECTION('',(-1.,0.,0.));
#1441=DIRECTION('',(0.,-1.,0.));
#1442=DIRECTION('',(1.,0.,0.));
#1443=DIRECTION('',(-3.70074341541719E-17,1.,0.));
#1444=DIRECTION('',(-1.,0.,0.));
#1445=DIRECTION('',(0.,-1.,0.));
#1446=DIRECTION('',(1.,0.,0.));
#1447=DIRECTION('',(-3.70074341541719E-17,1.,0.));
#1448=DIRECTION('',(-1.,0.,0.));
#1449=DIRECTION('',(0.,-1.,0.));
#1450=DIRECTION('',(1.,0.,0.));
#1451=DIRECTION('',(-3.70074341541719E-17,1.,0.));
#1452=DIRECTION('',(-1.,0.,0.));
#1453=DIRECTION('',(0.,-1.,0.));
#1454=DIRECTION('',(1.,0.,0.));
#1455=DIRECTION('',(-3.70074341541719E-17,1.,0.));
#1456=DIRECTION('',(-1.,0.,0.));
#1457=DIRECTION('',(0.,-1.,0.));
#1458=DIRECTION('',(1.,0.,0.));
#1459=DIRECTION('',(-3.70074341541719E-17,1.,0.));
#1460=DIRECTION('',(-1.,0.,0.));
#1461=DIRECTION('',(0.,-1.,0.));
#1462=DIRECTION('',(1.,0.,0.));
#1463=DIRECTION('',(-3.70074341541719E-17,1.,0.));
#1464=DIRECTION('',(1.,0.,0.));
#1465=DIRECTION('',(-1.85037170770859E-16,-1.,0.));
#1466=DIRECTION('',(-1.85037170770859E-16,-1.,0.));
#1467=DIRECTION('',(-1.85037170770859E-16,-1.,0.));
#1468=DIRECTION('center_axis',(0.,1.,0.));
#1469=DIRECTION('ref_axis',(0.,0.,-1.));
#1470=DIRECTION('',(0.,0.,-1.));
#1471=DIRECTION('',(-1.,0.,0.));
#1472=DIRECTION('',(0.,0.,-1.));
#1473=DIRECTION('center_axis',(0.,-1.,0.));
#1474=DIRECTION('ref_axis',(0.,0.,1.));
#1475=DIRECTION('',(0.,0.,1.));
#1476=DIRECTION('',(0.,0.,1.));
#1477=DIRECTION('',(-1.,0.,0.));
#1478=DIRECTION('center_axis',(0.,0.,-1.));
#1479=DIRECTION('ref_axis',(0.,-1.,0.));
#1480=DIRECTION('',(0.,-1.,0.));
#1481=DIRECTION('',(0.,-1.,0.));
#1482=DIRECTION('center_axis',(-1.,0.,0.));
#1483=DIRECTION('ref_axis',(0.,0.,1.));
#1484=DIRECTION('center_axis',(0.,1.,0.));
#1485=DIRECTION('ref_axis',(0.,0.,-1.));
#1486=DIRECTION('',(0.,0.,-1.));
#1487=DIRECTION('',(-1.,0.,0.));
#1488=DIRECTION('',(0.,0.,-1.));
#1489=DIRECTION('center_axis',(0.,-1.,0.));
#1490=DIRECTION('ref_axis',(0.,0.,1.));
#1491=DIRECTION('',(0.,0.,1.));
#1492=DIRECTION('',(0.,0.,1.));
#1493=DIRECTION('',(-1.,0.,0.));
#1494=DIRECTION('center_axis',(0.,0.,-1.));
#1495=DIRECTION('ref_axis',(0.,-1.,0.));
#1496=DIRECTION('',(0.,-1.,0.));
#1497=DIRECTION('',(0.,-1.,0.));
#1498=DIRECTION('center_axis',(-1.,0.,0.));
#1499=DIRECTION('ref_axis',(0.,0.,1.));
#1500=DIRECTION('center_axis',(0.,1.,0.));
#1501=DIRECTION('ref_axis',(0.,0.,-1.));
#1502=DIRECTION('',(0.,0.,-1.));
#1503=DIRECTION('',(-1.,0.,0.));
#1504=DIRECTION('',(0.,0.,-1.));
#1505=DIRECTION('center_axis',(0.,-1.,0.));
#1506=DIRECTION('ref_axis',(0.,0.,1.));
#1507=DIRECTION('',(0.,0.,1.));
#1508=DIRECTION('',(0.,0.,1.));
#1509=DIRECTION('',(-1.,0.,0.));
#1510=DIRECTION('center_axis',(0.,0.,-1.));
#1511=DIRECTION('ref_axis',(0.,-1.,0.));
#1512=DIRECTION('',(0.,-1.,0.));
#1513=DIRECTION('',(0.,-1.,0.));
#1514=DIRECTION('center_axis',(-1.,0.,0.));
#1515=DIRECTION('ref_axis',(0.,0.,1.));
#1516=DIRECTION('center_axis',(0.,1.,0.));
#1517=DIRECTION('ref_axis',(0.,0.,-1.));
#1518=DIRECTION('',(0.,0.,-1.));
#1519=DIRECTION('',(-1.,0.,0.));
#1520=DIRECTION('',(0.,0.,-1.));
#1521=DIRECTION('center_axis',(0.,-1.,0.));
#1522=DIRECTION('ref_axis',(0.,0.,1.));
#1523=DIRECTION('',(0.,0.,1.));
#1524=DIRECTION('',(0.,0.,1.));
#1525=DIRECTION('',(-1.,0.,0.));
#1526=DIRECTION('center_axis',(0.,0.,-1.));
#1527=DIRECTION('ref_axis',(0.,-1.,0.));
#1528=DIRECTION('',(0.,-1.,0.));
#1529=DIRECTION('',(0.,-1.,0.));
#1530=DIRECTION('center_axis',(-1.,0.,0.));
#1531=DIRECTION('ref_axis',(0.,0.,1.));
#1532=DIRECTION('center_axis',(0.,1.,0.));
#1533=DIRECTION('ref_axis',(0.,0.,-1.));
#1534=DIRECTION('',(0.,0.,-1.));
#1535=DIRECTION('',(-1.,0.,0.));
#1536=DIRECTION('',(0.,0.,-1.));
#1537=DIRECTION('center_axis',(0.,-1.,0.));
#1538=DIRECTION('ref_axis',(0.,0.,1.));
#1539=DIRECTION('',(0.,0.,1.));
#1540=DIRECTION('',(0.,0.,1.));
#1541=DIRECTION('',(-1.,0.,0.));
#1542=DIRECTION('center_axis',(0.,0.,-1.));
#1543=DIRECTION('ref_axis',(0.,-1.,0.));
#1544=DIRECTION('',(0.,-1.,0.));
#1545=DIRECTION('',(0.,-1.,0.));
#1546=DIRECTION('center_axis',(-1.,0.,0.));
#1547=DIRECTION('ref_axis',(0.,0.,1.));
#1548=DIRECTION('center_axis',(0.,1.,0.));
#1549=DIRECTION('ref_axis',(0.,0.,-1.));
#1550=DIRECTION('',(0.,0.,-1.));
#1551=DIRECTION('',(-1.,0.,0.));
#1552=DIRECTION('',(0.,0.,-1.));
#1553=DIRECTION('center_axis',(0.,-1.,0.));
#1554=DIRECTION('ref_axis',(0.,0.,1.));
#1555=DIRECTION('',(0.,0.,1.));
#1556=DIRECTION('',(0.,0.,1.));
#1557=DIRECTION('',(-1.,0.,0.));
#1558=DIRECTION('center_axis',(0.,0.,-1.));
#1559=DIRECTION('ref_axis',(0.,-1.,0.));
#1560=DIRECTION('',(0.,-1.,0.));
#1561=DIRECTION('',(0.,-1.,0.));
#1562=DIRECTION('center_axis',(-1.,0.,0.));
#1563=DIRECTION('ref_axis',(0.,0.,1.));
#1564=DIRECTION('center_axis',(0.,1.,0.));
#1565=DIRECTION('ref_axis',(-1.,0.,0.));
#1566=DIRECTION('',(-1.,0.,0.));
#1567=DIRECTION('',(0.,0.,1.));
#1568=DIRECTION('',(0.,0.,1.));
#1569=DIRECTION('',(-1.,0.,0.));
#1570=DIRECTION('center_axis',(0.,0.,1.));
#1571=DIRECTION('ref_axis',(1.,0.,0.));
#1572=DIRECTION('',(-1.85037170770859E-16,-1.,0.));
#1573=DIRECTION('',(1.,0.,0.));
#1574=DIRECTION('center_axis',(0.,0.,1.));
#1575=DIRECTION('ref_axis',(1.,0.,0.));
#1576=DIRECTION('',(1.,0.,0.));
#1577=DIRECTION('',(-3.70074341541719E-17,1.,0.));
#1578=DIRECTION('center_axis',(0.,-1.,0.));
#1579=DIRECTION('ref_axis',(1.,0.,0.));
#1580=DIRECTION('',(0.,0.,1.));
#1581=DIRECTION('',(0.,0.,1.));
#1582=DIRECTION('center_axis',(-1.,1.85037170770859E-16,0.));
#1583=DIRECTION('ref_axis',(-1.85037170770859E-16,-1.,0.));
#1584=DIRECTION('center_axis',(1.,3.70074341541719E-17,0.));
#1585=DIRECTION('ref_axis',(-3.70074341541719E-17,1.,0.));
#1586=CARTESIAN_POINT('',(0.,0.,0.));
#1587=CARTESIAN_POINT('Origin',(-3.2,6.22,0.));
#1588=CARTESIAN_POINT('',(-3.2,6.22,0.));
#1589=CARTESIAN_POINT('',(-3.2,6.22,-4.6));
#1590=CARTESIAN_POINT('',(-3.2,6.22,0.));
#1591=CARTESIAN_POINT('',(-2.9,6.22,0.));
#1592=CARTESIAN_POINT('',(-1.6,6.22,0.));
#1593=CARTESIAN_POINT('',(-2.9,6.22,-4.6));
#1594=CARTESIAN_POINT('',(-2.9,6.22,0.));
#1595=CARTESIAN_POINT('',(-3.2,6.22,-4.6));
#1596=CARTESIAN_POINT('Origin',(-3.2,5.7,-4.6));
#1597=CARTESIAN_POINT('',(-3.2,5.7,-4.6));
#1598=CARTESIAN_POINT('',(-3.2,5.7,0.));
#1599=CARTESIAN_POINT('',(-3.2,5.7,-4.6));
#1600=CARTESIAN_POINT('',(-2.9,5.7,-4.6));
#1601=CARTESIAN_POINT('',(-3.2,5.7,-4.6));
#1602=CARTESIAN_POINT('',(-2.9,5.7,0.));
#1603=CARTESIAN_POINT('',(-2.9,5.7,-4.6));
#1604=CARTESIAN_POINT('',(-1.6,5.7,0.));
#1605=CARTESIAN_POINT('Origin',(-3.2,6.22,-4.6));
#1606=CARTESIAN_POINT('',(-3.2,6.22,-4.6));
#1607=CARTESIAN_POINT('',(-2.9,6.22,-4.6));
#1608=CARTESIAN_POINT('Origin',(-2.9,5.96,-2.3));
#1609=CARTESIAN_POINT('',(-2.9,2.98,0.));
#1610=CARTESIAN_POINT('Origin',(-3.2,3.68,0.));
#1611=CARTESIAN_POINT('',(-3.2,3.68,0.));
#1612=CARTESIAN_POINT('',(-3.2,3.68,-4.6));
#1613=CARTESIAN_POINT('',(-3.2,3.68,0.));
#1614=CARTESIAN_POINT('',(-2.9,3.68,0.));
#1615=CARTESIAN_POINT('',(-1.6,3.68,0.));
#1616=CARTESIAN_POINT('',(-2.9,3.68,-4.6));
#1617=CARTESIAN_POINT('',(-2.9,3.68,0.));
#1618=CARTESIAN_POINT('',(-3.2,3.68,-4.6));
#1619=CARTESIAN_POINT('Origin',(-3.2,3.16,-4.6));
#1620=CARTESIAN_POINT('',(-3.2,3.16,-4.6));
#1621=CARTESIAN_POINT('',(-3.2,3.16,0.));
#1622=CARTESIAN_POINT('',(-3.2,3.16,-4.6));
#1623=CARTESIAN_POINT('',(-2.9,3.16,-4.6));
#1624=CARTESIAN_POINT('',(-3.2,3.16,-4.6));
#1625=CARTESIAN_POINT('',(-2.9,3.16,0.));
#1626=CARTESIAN_POINT('',(-2.9,3.16,-4.6));
#1627=CARTESIAN_POINT('',(-1.6,3.16,0.));
#1628=CARTESIAN_POINT('Origin',(-3.2,3.68,-4.6));
#1629=CARTESIAN_POINT('',(-3.2,3.68,-4.6));
#1630=CARTESIAN_POINT('',(-2.9,3.68,-4.6));
#1631=CARTESIAN_POINT('Origin',(-2.9,3.42,-2.3));
#1632=CARTESIAN_POINT('',(-2.9,1.71,0.));
#1633=CARTESIAN_POINT('Origin',(-3.2,1.14,0.));
#1634=CARTESIAN_POINT('',(-3.2,1.14,0.));
#1635=CARTESIAN_POINT('',(-3.2,1.14,-4.6));
#1636=CARTESIAN_POINT('',(-3.2,1.14,0.));
#1637=CARTESIAN_POINT('',(-2.9,1.14,0.));
#1638=CARTESIAN_POINT('',(-1.6,1.14,0.));
#1639=CARTESIAN_POINT('',(-2.9,1.14,-4.6));
#1640=CARTESIAN_POINT('',(-2.9,1.14,0.));
#1641=CARTESIAN_POINT('',(-3.2,1.14,-4.6));
#1642=CARTESIAN_POINT('Origin',(-3.2,0.620000000000001,-4.6));
#1643=CARTESIAN_POINT('',(-3.2,0.620000000000001,-4.6));
#1644=CARTESIAN_POINT('',(-3.2,0.620000000000001,0.));
#1645=CARTESIAN_POINT('',(-3.2,0.620000000000001,-4.6));
#1646=CARTESIAN_POINT('',(-2.9,0.620000000000001,-4.6));
#1647=CARTESIAN_POINT('',(-3.2,0.620000000000001,-4.6));
#1648=CARTESIAN_POINT('',(-2.9,0.620000000000001,0.));
#1649=CARTESIAN_POINT('',(-2.9,0.620000000000001,-4.6));
#1650=CARTESIAN_POINT('',(-1.6,0.620000000000001,0.));
#1651=CARTESIAN_POINT('Origin',(-3.2,1.14,-4.6));
#1652=CARTESIAN_POINT('',(-3.2,1.14,-4.6));
#1653=CARTESIAN_POINT('',(-2.9,1.14,-4.6));
#1654=CARTESIAN_POINT('Origin',(-2.9,0.880000000000001,-2.3));
#1655=CARTESIAN_POINT('',(-2.9,0.44,0.));
#1656=CARTESIAN_POINT('Origin',(-3.2,-1.4,0.));
#1657=CARTESIAN_POINT('',(-3.2,-1.4,0.));
#1658=CARTESIAN_POINT('',(-3.2,-1.4,-4.6));
#1659=CARTESIAN_POINT('',(-3.2,-1.4,0.));
#1660=CARTESIAN_POINT('',(-2.9,-1.4,0.));
#1661=CARTESIAN_POINT('',(-1.6,-1.4,0.));
#1662=CARTESIAN_POINT('',(-2.9,-1.4,-4.6));
#1663=CARTESIAN_POINT('',(-2.9,-1.4,0.));
#1664=CARTESIAN_POINT('',(-3.2,-1.4,-4.6));
#1665=CARTESIAN_POINT('Origin',(-3.2,-1.92,-4.6));
#1666=CARTESIAN_POINT('',(-3.2,-1.92,-4.6));
#1667=CARTESIAN_POINT('',(-3.2,-1.92,0.));
#1668=CARTESIAN_POINT('',(-3.2,-1.92,-4.6));
#1669=CARTESIAN_POINT('',(-2.9,-1.92,-4.6));
#1670=CARTESIAN_POINT('',(-3.2,-1.92,-4.6));
#1671=CARTESIAN_POINT('',(-2.9,-1.92,0.));
#1672=CARTESIAN_POINT('',(-2.9,-1.92,-4.6));
#1673=CARTESIAN_POINT('',(-1.6,-1.92,0.));
#1674=CARTESIAN_POINT('Origin',(-3.2,-1.4,-4.6));
#1675=CARTESIAN_POINT('',(-3.2,-1.4,-4.6));
#1676=CARTESIAN_POINT('',(-2.9,-1.4,-4.6));
#1677=CARTESIAN_POINT('Origin',(-2.9,-1.66,-2.3));
#1678=CARTESIAN_POINT('',(-2.9,-0.83,0.));
#1679=CARTESIAN_POINT('Origin',(-3.2,-3.94,0.));
#1680=CARTESIAN_POINT('',(-3.2,-3.94,0.));
#1681=CARTESIAN_POINT('',(-3.2,-3.94,-4.6));
#1682=CARTESIAN_POINT('',(-3.2,-3.94,0.));
#1683=CARTESIAN_POINT('',(-2.9,-3.94,0.));
#1684=CARTESIAN_POINT('',(-1.6,-3.94,0.));
#1685=CARTESIAN_POINT('',(-2.9,-3.94,-4.6));
#1686=CARTESIAN_POINT('',(-2.9,-3.94,0.));
#1687=CARTESIAN_POINT('',(-3.2,-3.94,-4.6));
#1688=CARTESIAN_POINT('Origin',(-3.2,-4.46,-4.6));
#1689=CARTESIAN_POINT('',(-3.2,-4.46,-4.6));
#1690=CARTESIAN_POINT('',(-3.2,-4.46,0.));
#1691=CARTESIAN_POINT('',(-3.2,-4.46,-4.6));
#1692=CARTESIAN_POINT('',(-2.9,-4.46,-4.6));
#1693=CARTESIAN_POINT('',(-3.2,-4.46,-4.6));
#1694=CARTESIAN_POINT('',(-2.9,-4.46,0.));
#1695=CARTESIAN_POINT('',(-2.9,-4.46,-4.6));
#1696=CARTESIAN_POINT('',(-1.6,-4.46,0.));
#1697=CARTESIAN_POINT('Origin',(-3.2,-3.94,-4.6));
#1698=CARTESIAN_POINT('',(-3.2,-3.94,-4.6));
#1699=CARTESIAN_POINT('',(-2.9,-3.94,-4.6));
#1700=CARTESIAN_POINT('Origin',(-2.9,-4.2,-2.3));
#1701=CARTESIAN_POINT('',(-2.9,-2.1,0.));
#1702=CARTESIAN_POINT('Origin',(-3.2,-6.48,0.));
#1703=CARTESIAN_POINT('',(-3.2,-6.48,0.));
#1704=CARTESIAN_POINT('',(-3.2,-6.48,-4.6));
#1705=CARTESIAN_POINT('',(-3.2,-6.48,0.));
#1706=CARTESIAN_POINT('',(-2.9,-6.48,0.));
#1707=CARTESIAN_POINT('',(-1.6,-6.48,0.));
#1708=CARTESIAN_POINT('',(-2.9,-6.48,-4.6));
#1709=CARTESIAN_POINT('',(-2.9,-6.48,0.));
#1710=CARTESIAN_POINT('',(-3.2,-6.48,-4.6));
#1711=CARTESIAN_POINT('Origin',(-3.2,-7.,-4.6));
#1712=CARTESIAN_POINT('',(-3.2,-7.,-4.6));
#1713=CARTESIAN_POINT('',(-3.2,-7.,0.));
#1714=CARTESIAN_POINT('',(-3.2,-7.,-4.6));
#1715=CARTESIAN_POINT('',(-2.9,-7.,-4.6));
#1716=CARTESIAN_POINT('',(-3.2,-7.,-4.6));
#1717=CARTESIAN_POINT('',(-2.9,-7.,0.));
#1718=CARTESIAN_POINT('',(-2.9,-7.,-4.6));
#1719=CARTESIAN_POINT('',(-1.6,-7.,0.));
#1720=CARTESIAN_POINT('Origin',(-3.2,-6.48,-4.6));
#1721=CARTESIAN_POINT('',(-3.2,-6.48,-4.6));
#1722=CARTESIAN_POINT('',(-2.9,-6.48,-4.6));
#1723=CARTESIAN_POINT('Origin',(-2.9,-6.74,-2.3));
#1724=CARTESIAN_POINT('',(-2.9,-3.37,0.));
#1725=CARTESIAN_POINT('Origin',(-5.55111512312578E-16,0.,0.));
#1726=CARTESIAN_POINT('',(-3.2,7.5,0.));
#1727=CARTESIAN_POINT('',(-3.2,7.5,0.));
#1728=CARTESIAN_POINT('',(-3.2,7.5,0.));
#1729=CARTESIAN_POINT('',(-3.2,7.5,0.));
#1730=CARTESIAN_POINT('',(-3.2,7.5,0.));
#1731=CARTESIAN_POINT('',(3.2,7.5,0.));
#1732=CARTESIAN_POINT('',(3.2,7.5,0.));
#1733=CARTESIAN_POINT('',(3.2,6.22,0.));
#1734=CARTESIAN_POINT('',(3.2,-7.5,0.));
#1735=CARTESIAN_POINT('',(2.9,6.22,0.));
#1736=CARTESIAN_POINT('',(1.6,6.22,0.));
#1737=CARTESIAN_POINT('',(2.9,5.7,0.));
#1738=CARTESIAN_POINT('',(2.9,2.98,0.));
#1739=CARTESIAN_POINT('',(3.2,5.7,0.));
#1740=CARTESIAN_POINT('',(1.6,5.7,0.));
#1741=CARTESIAN_POINT('',(3.2,3.68,0.));
#1742=CARTESIAN_POINT('',(3.2,-7.5,0.));
#1743=CARTESIAN_POINT('',(2.9,3.68,0.));
#1744=CARTESIAN_POINT('',(1.6,3.68,0.));
#1745=CARTESIAN_POINT('',(2.9,3.16,0.));
#1746=CARTESIAN_POINT('',(2.9,1.71,0.));
#1747=CARTESIAN_POINT('',(3.2,3.16,0.));
#1748=CARTESIAN_POINT('',(1.6,3.16,0.));
#1749=CARTESIAN_POINT('',(3.2,1.14,0.));
#1750=CARTESIAN_POINT('',(3.2,-7.5,0.));
#1751=CARTESIAN_POINT('',(2.9,1.14,0.));
#1752=CARTESIAN_POINT('',(1.6,1.14,0.));
#1753=CARTESIAN_POINT('',(2.9,0.620000000000001,0.));
#1754=CARTESIAN_POINT('',(2.9,0.44,0.));
#1755=CARTESIAN_POINT('',(3.2,0.620000000000001,0.));
#1756=CARTESIAN_POINT('',(1.6,0.620000000000001,0.));
#1757=CARTESIAN_POINT('',(3.2,-1.4,0.));
#1758=CARTESIAN_POINT('',(3.2,-7.5,0.));
#1759=CARTESIAN_POINT('',(2.9,-1.4,0.));
#1760=CARTESIAN_POINT('',(1.6,-1.4,0.));
#1761=CARTESIAN_POINT('',(2.9,-1.92,0.));
#1762=CARTESIAN_POINT('',(2.9,-0.83,0.));
#1763=CARTESIAN_POINT('',(3.2,-1.92,0.));
#1764=CARTESIAN_POINT('',(1.6,-1.92,0.));
#1765=CARTESIAN_POINT('',(3.2,-3.94,0.));
#1766=CARTESIAN_POINT('',(3.2,-7.5,0.));
#1767=CARTESIAN_POINT('',(2.9,-3.94,0.));
#1768=CARTESIAN_POINT('',(1.6,-3.94,0.));
#1769=CARTESIAN_POINT('',(2.9,-4.46,0.));
#1770=CARTESIAN_POINT('',(2.9,-2.1,0.));
#1771=CARTESIAN_POINT('',(3.2,-4.46,0.));
#1772=CARTESIAN_POINT('',(1.6,-4.46,0.));
#1773=CARTESIAN_POINT('',(3.2,-6.48,0.));
#1774=CARTESIAN_POINT('',(3.2,-7.5,0.));
#1775=CARTESIAN_POINT('',(2.9,-6.48,0.));
#1776=CARTESIAN_POINT('',(1.6,-6.48,0.));
#1777=CARTESIAN_POINT('',(2.9,-7.,0.));
#1778=CARTESIAN_POINT('',(2.9,-3.37,0.));
#1779=CARTESIAN_POINT('',(3.2,-7.,0.));
#1780=CARTESIAN_POINT('',(1.6,-7.,0.));
#1781=CARTESIAN_POINT('',(3.2,-7.5,0.));
#1782=CARTESIAN_POINT('',(3.2,-7.5,0.));
#1783=CARTESIAN_POINT('',(-3.2,-7.5,0.));
#1784=CARTESIAN_POINT('',(-3.2,-7.5,0.));
#1785=CARTESIAN_POINT('',(-3.2,7.5,0.));
#1786=CARTESIAN_POINT('',(-3.2,7.5,0.));
#1787=CARTESIAN_POINT('',(-3.2,7.5,0.));
#1788=CARTESIAN_POINT('Origin',(3.2,6.22,0.));
#1789=CARTESIAN_POINT('',(3.2,6.22,-4.6));
#1790=CARTESIAN_POINT('',(3.2,6.22,0.));
#1791=CARTESIAN_POINT('',(2.9,6.22,-4.6));
#1792=CARTESIAN_POINT('',(3.2,6.22,-4.6));
#1793=CARTESIAN_POINT('',(2.9,6.22,0.));
#1794=CARTESIAN_POINT('Origin',(3.2,5.7,-4.6));
#1795=CARTESIAN_POINT('',(3.2,5.7,-4.6));
#1796=CARTESIAN_POINT('',(3.2,5.7,-4.6));
#1797=CARTESIAN_POINT('',(2.9,5.7,-4.6));
#1798=CARTESIAN_POINT('',(2.9,5.7,-4.6));
#1799=CARTESIAN_POINT('',(3.2,5.7,-4.6));
#1800=CARTESIAN_POINT('Origin',(3.2,6.22,-4.6));
#1801=CARTESIAN_POINT('',(3.2,6.22,-4.6));
#1802=CARTESIAN_POINT('',(2.9,6.22,-4.6));
#1803=CARTESIAN_POINT('Origin',(2.9,5.96,-2.3));
#1804=CARTESIAN_POINT('Origin',(3.2,3.68,0.));
#1805=CARTESIAN_POINT('',(3.2,3.68,-4.6));
#1806=CARTESIAN_POINT('',(3.2,3.68,0.));
#1807=CARTESIAN_POINT('',(2.9,3.68,-4.6));
#1808=CARTESIAN_POINT('',(3.2,3.68,-4.6));
#1809=CARTESIAN_POINT('',(2.9,3.68,0.));
#1810=CARTESIAN_POINT('Origin',(3.2,3.16,-4.6));
#1811=CARTESIAN_POINT('',(3.2,3.16,-4.6));
#1812=CARTESIAN_POINT('',(3.2,3.16,-4.6));
#1813=CARTESIAN_POINT('',(2.9,3.16,-4.6));
#1814=CARTESIAN_POINT('',(2.9,3.16,-4.6));
#1815=CARTESIAN_POINT('',(3.2,3.16,-4.6));
#1816=CARTESIAN_POINT('Origin',(3.2,3.68,-4.6));
#1817=CARTESIAN_POINT('',(3.2,3.68,-4.6));
#1818=CARTESIAN_POINT('',(2.9,3.68,-4.6));
#1819=CARTESIAN_POINT('Origin',(2.9,3.42,-2.3));
#1820=CARTESIAN_POINT('Origin',(3.2,1.14,0.));
#1821=CARTESIAN_POINT('',(3.2,1.14,-4.6));
#1822=CARTESIAN_POINT('',(3.2,1.14,0.));
#1823=CARTESIAN_POINT('',(2.9,1.14,-4.6));
#1824=CARTESIAN_POINT('',(3.2,1.14,-4.6));
#1825=CARTESIAN_POINT('',(2.9,1.14,0.));
#1826=CARTESIAN_POINT('Origin',(3.2,0.620000000000001,-4.6));
#1827=CARTESIAN_POINT('',(3.2,0.620000000000001,-4.6));
#1828=CARTESIAN_POINT('',(3.2,0.620000000000001,-4.6));
#1829=CARTESIAN_POINT('',(2.9,0.620000000000001,-4.6));
#1830=CARTESIAN_POINT('',(2.9,0.620000000000001,-4.6));
#1831=CARTESIAN_POINT('',(3.2,0.620000000000001,-4.6));
#1832=CARTESIAN_POINT('Origin',(3.2,1.14,-4.6));
#1833=CARTESIAN_POINT('',(3.2,1.14,-4.6));
#1834=CARTESIAN_POINT('',(2.9,1.14,-4.6));
#1835=CARTESIAN_POINT('Origin',(2.9,0.880000000000001,-2.3));
#1836=CARTESIAN_POINT('Origin',(3.2,-1.4,0.));
#1837=CARTESIAN_POINT('',(3.2,-1.4,-4.6));
#1838=CARTESIAN_POINT('',(3.2,-1.4,0.));
#1839=CARTESIAN_POINT('',(2.9,-1.4,-4.6));
#1840=CARTESIAN_POINT('',(3.2,-1.4,-4.6));
#1841=CARTESIAN_POINT('',(2.9,-1.4,0.));
#1842=CARTESIAN_POINT('Origin',(3.2,-1.92,-4.6));
#1843=CARTESIAN_POINT('',(3.2,-1.92,-4.6));
#1844=CARTESIAN_POINT('',(3.2,-1.92,-4.6));
#1845=CARTESIAN_POINT('',(2.9,-1.92,-4.6));
#1846=CARTESIAN_POINT('',(2.9,-1.92,-4.6));
#1847=CARTESIAN_POINT('',(3.2,-1.92,-4.6));
#1848=CARTESIAN_POINT('Origin',(3.2,-1.4,-4.6));
#1849=CARTESIAN_POINT('',(3.2,-1.4,-4.6));
#1850=CARTESIAN_POINT('',(2.9,-1.4,-4.6));
#1851=CARTESIAN_POINT('Origin',(2.9,-1.66,-2.3));
#1852=CARTESIAN_POINT('Origin',(3.2,-3.94,0.));
#1853=CARTESIAN_POINT('',(3.2,-3.94,-4.6));
#1854=CARTESIAN_POINT('',(3.2,-3.94,0.));
#1855=CARTESIAN_POINT('',(2.9,-3.94,-4.6));
#1856=CARTESIAN_POINT('',(3.2,-3.94,-4.6));
#1857=CARTESIAN_POINT('',(2.9,-3.94,0.));
#1858=CARTESIAN_POINT('Origin',(3.2,-4.46,-4.6));
#1859=CARTESIAN_POINT('',(3.2,-4.46,-4.6));
#1860=CARTESIAN_POINT('',(3.2,-4.46,-4.6));
#1861=CARTESIAN_POINT('',(2.9,-4.46,-4.6));
#1862=CARTESIAN_POINT('',(2.9,-4.46,-4.6));
#1863=CARTESIAN_POINT('',(3.2,-4.46,-4.6));
#1864=CARTESIAN_POINT('Origin',(3.2,-3.94,-4.6));
#1865=CARTESIAN_POINT('',(3.2,-3.94,-4.6));
#1866=CARTESIAN_POINT('',(2.9,-3.94,-4.6));
#1867=CARTESIAN_POINT('Origin',(2.9,-4.2,-2.3));
#1868=CARTESIAN_POINT('Origin',(3.2,-6.48,0.));
#1869=CARTESIAN_POINT('',(3.2,-6.48,-4.6));
#1870=CARTESIAN_POINT('',(3.2,-6.48,0.));
#1871=CARTESIAN_POINT('',(2.9,-6.48,-4.6));
#1872=CARTESIAN_POINT('',(3.2,-6.48,-4.6));
#1873=CARTESIAN_POINT('',(2.9,-6.48,0.));
#1874=CARTESIAN_POINT('Origin',(3.2,-7.,-4.6));
#1875=CARTESIAN_POINT('',(3.2,-7.,-4.6));
#1876=CARTESIAN_POINT('',(3.2,-7.,-4.6));
#1877=CARTESIAN_POINT('',(2.9,-7.,-4.6));
#1878=CARTESIAN_POINT('',(2.9,-7.,-4.6));
#1879=CARTESIAN_POINT('',(3.2,-7.,-4.6));
#1880=CARTESIAN_POINT('Origin',(3.2,-6.48,-4.6));
#1881=CARTESIAN_POINT('',(3.2,-6.48,-4.6));
#1882=CARTESIAN_POINT('',(2.9,-6.48,-4.6));
#1883=CARTESIAN_POINT('Origin',(2.9,-6.74,-2.3));
#1884=CARTESIAN_POINT('Ctrl Pts',(2.6,4.43486637692017,2.09470293763112));
#1885=CARTESIAN_POINT('Ctrl Pts',(2.6,4.88888333486848,2.65465718576806));
#1886=CARTESIAN_POINT('Ctrl Pts',(2.6,5.60975653604677,2.64996826966585));
#1887=CARTESIAN_POINT('Ctrl Pts',(2.6,6.33062973722506,2.64527935356364));
#1888=CARTESIAN_POINT('Ctrl Pts',(2.6,6.77732414830014,2.07946643286853));
#1889=CARTESIAN_POINT('Ctrl Pts',(1.93001923076923,3.02893847173718,3.23464448237268));
#1890=CARTESIAN_POINT('Ctrl Pts',(1.93001923076923,4.03080255894312,4.47027685659486));
#1891=CARTESIAN_POINT('Ctrl Pts',(1.93001923076923,5.62152942287654,4.45992998172931));
#1892=CARTESIAN_POINT('Ctrl Pts',(1.93001923076923,7.21225628680995,4.44958310686376));
#1893=CARTESIAN_POINT('Ctrl Pts',(1.93001923076923,8.19796195391564,3.20102259519656));
#1894=CARTESIAN_POINT('Ctrl Pts',(-4.10782519111308E-16,3.02893847173718,
3.23464448237268));
#1895=CARTESIAN_POINT('Ctrl Pts',(-4.10782519111308E-16,4.03080255894312,
4.47027685659486));
#1896=CARTESIAN_POINT('Ctrl Pts',(-4.10782519111308E-16,5.62152942287654,
4.45992998172931));
#1897=CARTESIAN_POINT('Ctrl Pts',(-4.10782519111308E-16,7.21225628680995,
4.44958310686376));
#1898=CARTESIAN_POINT('Ctrl Pts',(-4.10782519111308E-16,8.19796195391564,
3.20102259519656));
#1899=CARTESIAN_POINT('Ctrl Pts',(-1.93001923076923,3.02893847173718,3.23464448237268));
#1900=CARTESIAN_POINT('Ctrl Pts',(-1.93001923076923,4.03080255894312,4.47027685659486));
#1901=CARTESIAN_POINT('Ctrl Pts',(-1.93001923076923,5.62152942287654,4.45992998172931));
#1902=CARTESIAN_POINT('Ctrl Pts',(-1.93001923076923,7.21225628680995,4.44958310686376));
#1903=CARTESIAN_POINT('Ctrl Pts',(-1.93001923076923,8.19796195391564,3.20102259519656));
#1904=CARTESIAN_POINT('Ctrl Pts',(-2.6,4.43486637692017,2.09470293763112));
#1905=CARTESIAN_POINT('Ctrl Pts',(-2.6,4.88888333486848,2.65465718576806));
#1906=CARTESIAN_POINT('Ctrl Pts',(-2.6,5.60975653604677,2.64996826966585));
#1907=CARTESIAN_POINT('Ctrl Pts',(-2.6,6.33062973722506,2.64527935356364));
#1908=CARTESIAN_POINT('Ctrl Pts',(-2.6,6.77732414830014,2.07946643286853));
#1909=CARTESIAN_POINT('',(2.03469346789513,7.5,2.65));
#1910=CARTESIAN_POINT('',(-2.03469346789514,7.5,2.65));
#1911=CARTESIAN_POINT('Ctrl Pts',(2.03469346789513,7.5,2.65));
#1912=CARTESIAN_POINT('Ctrl Pts',(2.00481937806274,7.5,2.70209151628976));
#1913=CARTESIAN_POINT('Ctrl Pts',(1.97371042830439,7.5,2.75207230638773));
#1914=CARTESIAN_POINT('Ctrl Pts',(1.7952154248548,7.5,3.0197159081576));
#1915=CARTESIAN_POINT('Ctrl Pts',(1.57587804312755,7.5,3.25226979810206));
#1916=CARTESIAN_POINT('Ctrl Pts',(1.17320099818882,7.5,3.54879574359131));
#1917=CARTESIAN_POINT('Ctrl Pts',(0.923974207080591,7.5,3.67733062584698));
#1918=CARTESIAN_POINT('Ctrl Pts',(0.488853994538809,7.5,3.81832906759474));
#1919=CARTESIAN_POINT('Ctrl Pts',(0.223711886344841,7.5,3.860368978571));
#1920=CARTESIAN_POINT('Ctrl Pts',(-0.223711886344842,7.5,3.860368978571));
#1921=CARTESIAN_POINT('Ctrl Pts',(-0.48885399453881,7.5,3.81832906759474));
#1922=CARTESIAN_POINT('Ctrl Pts',(-0.923974207080592,7.5,3.67733062584698));
#1923=CARTESIAN_POINT('Ctrl Pts',(-1.17320099818882,7.5,3.54879574359131));
#1924=CARTESIAN_POINT('Ctrl Pts',(-1.57587804312755,7.5,3.25226979810206));
#1925=CARTESIAN_POINT('Ctrl Pts',(-1.7952154248548,7.5,3.0197159081576));
#1926=CARTESIAN_POINT('Ctrl Pts',(-1.97371042830439,7.5,2.75207230638773));
#1927=CARTESIAN_POINT('Ctrl Pts',(-2.00481937806274,7.5,2.70209151628976));
#1928=CARTESIAN_POINT('Ctrl Pts',(-2.03469346789514,7.5,2.65));
#1929=CARTESIAN_POINT('',(-2.6,5.6,2.65));
#1930=CARTESIAN_POINT('Ctrl Pts',(-2.6,5.6,2.65));
#1931=CARTESIAN_POINT('Ctrl Pts',(-2.6,5.98513389819658,2.65));
#1932=CARTESIAN_POINT('Ctrl Pts',(-2.53193441083547,6.44225485342552,2.65));
#1933=CARTESIAN_POINT('Ctrl Pts',(-2.3401104211675,6.97295270005349,2.65));
#1934=CARTESIAN_POINT('Ctrl Pts',(-2.24793039521672,7.16719105293718,2.65));
#1935=CARTESIAN_POINT('Ctrl Pts',(-2.11838119435941,7.37946243312371,2.65));
#1936=CARTESIAN_POINT('Ctrl Pts',(-2.07826796193726,7.44001504633504,2.65));
#1937=CARTESIAN_POINT('Ctrl Pts',(-2.03469346789514,7.5,2.65));
#1938=CARTESIAN_POINT('',(-2.07014471665696,3.75,2.65));
#1939=CARTESIAN_POINT('Ctrl Pts',(-2.07014471665696,3.75,2.65));
#1940=CARTESIAN_POINT('Ctrl Pts',(-2.1002233590319,3.79346993185454,2.65));
#1941=CARTESIAN_POINT('Ctrl Pts',(-2.12842127052953,3.83698862031163,2.65));
#1942=CARTESIAN_POINT('Ctrl Pts',(-2.24793039521672,4.03280894706282,2.65));
#1943=CARTESIAN_POINT('Ctrl Pts',(-2.3401104211675,4.22704729994651,2.65));
#1944=CARTESIAN_POINT('Ctrl Pts',(-2.53193441083547,4.75774514657448,2.65));
#1945=CARTESIAN_POINT('Ctrl Pts',(-2.6,5.21486610180342,2.65));
#1946=CARTESIAN_POINT('Ctrl Pts',(-2.6,5.6,2.65));
#1947=CARTESIAN_POINT('',(2.070144716658,3.75,2.64999999999907));
#1948=CARTESIAN_POINT('Ctrl Pts',(2.070144716658,3.75,2.64999999999814));
#1949=CARTESIAN_POINT('Ctrl Pts',(1.97823587907676,3.75,2.81382058482548));
#1950=CARTESIAN_POINT('Ctrl Pts',(1.86923283760277,3.75000000000017,2.9673138826314));
#1951=CARTESIAN_POINT('Ctrl Pts',(1.54556872350743,3.75000000000017,3.32737728899275));
#1952=CARTESIAN_POINT('Ctrl Pts',(1.31100284339142,3.75,3.50908891202449));
#1953=CARTESIAN_POINT('Ctrl Pts',(0.774442364290289,3.75,3.78190435811488));
#1954=CARTESIAN_POINT('Ctrl Pts',(0.476808801739745,3.75,3.86557151113608));
#1955=CARTESIAN_POINT('Ctrl Pts',(-0.127855830215228,3.75,3.91065490768985));
#1956=CARTESIAN_POINT('Ctrl Pts',(-0.427690829028096,3.75000000002531,3.87430612136649));
#1957=CARTESIAN_POINT('Ctrl Pts',(-0.989543850047845,3.75000000002555,3.69161049204571));
#1958=CARTESIAN_POINT('Ctrl Pts',(-1.24629504868839,3.75,3.55050831101113));
#1959=CARTESIAN_POINT('Ctrl Pts',(-1.69031805157004,3.75,3.18810453447796));
#1960=CARTESIAN_POINT('Ctrl Pts',(-1.87469918513729,3.7500000000001,2.97375410134239));
#1961=CARTESIAN_POINT('Ctrl Pts',(-2.03836828836523,3.7500000000001,2.70545798251639));
#1962=CARTESIAN_POINT('Ctrl Pts',(-2.0545161639349,3.75,2.67785671883472));
#1963=CARTESIAN_POINT('Ctrl Pts',(-2.07014471665696,3.75,2.64999999999999));
#1964=CARTESIAN_POINT('',(2.6,5.6,2.65));
#1965=CARTESIAN_POINT('Ctrl Pts',(2.6,5.6,2.65));
#1966=CARTESIAN_POINT('Ctrl Pts',(2.6,5.21486610180342,2.65));
#1967=CARTESIAN_POINT('Ctrl Pts',(2.53193441083547,4.75774514657448,2.65));
#1968=CARTESIAN_POINT('Ctrl Pts',(2.3401104211675,4.22704729994651,2.65));
#1969=CARTESIAN_POINT('Ctrl Pts',(2.24793039521672,4.03280894706282,2.65));
#1970=CARTESIAN_POINT('Ctrl Pts',(2.12842127052963,3.83698862031179,2.65));
#1971=CARTESIAN_POINT('Ctrl Pts',(2.1002233590321,3.79346993185486,2.65));
#1972=CARTESIAN_POINT('Ctrl Pts',(2.07014471665729,3.75000000000049,2.65));
#1973=CARTESIAN_POINT('Ctrl Pts',(2.03469346789513,7.5,2.65));
#1974=CARTESIAN_POINT('Ctrl Pts',(2.07826796193726,7.44001504633504,2.65));
#1975=CARTESIAN_POINT('Ctrl Pts',(2.11838119435941,7.37946243312371,2.65));
#1976=CARTESIAN_POINT('Ctrl Pts',(2.24793039521672,7.16719105293718,2.65));
#1977=CARTESIAN_POINT('Ctrl Pts',(2.3401104211675,6.97295270005349,2.65));
#1978=CARTESIAN_POINT('Ctrl Pts',(2.53193441083547,6.44225485342552,2.65));
#1979=CARTESIAN_POINT('Ctrl Pts',(2.6,5.98513389819658,2.65));
#1980=CARTESIAN_POINT('Ctrl Pts',(2.6,5.6,2.65));
#1981=CARTESIAN_POINT('Ctrl Pts',(2.6,0.734866376920173,2.09470293763112));
#1982=CARTESIAN_POINT('Ctrl Pts',(2.6,1.18510723829979,2.65));
#1983=CARTESIAN_POINT('Ctrl Pts',(2.6,1.9,2.65));
#1984=CARTESIAN_POINT('Ctrl Pts',(2.6,2.61489276170022,2.65));
#1985=CARTESIAN_POINT('Ctrl Pts',(2.6,3.06513362307983,2.09470293763112));
#1986=CARTESIAN_POINT('Ctrl Pts',(1.93001923076923,-0.671061528262819,3.23464448237268));
#1987=CARTESIAN_POINT('Ctrl Pts',(1.93001923076923,0.322469972514861,4.46));
#1988=CARTESIAN_POINT('Ctrl Pts',(1.93001923076923,1.9,4.46));
#1989=CARTESIAN_POINT('Ctrl Pts',(1.93001923076923,3.47753002748514,4.46));
#1990=CARTESIAN_POINT('Ctrl Pts',(1.93001923076923,4.47106152826282,3.23464448237268));
#1991=CARTESIAN_POINT('Ctrl Pts',(-2.73855012740872E-16,-0.671061528262819,
3.23464448237268));
#1992=CARTESIAN_POINT('Ctrl Pts',(-2.73855012740872E-16,0.322469972514861,
4.46));
#1993=CARTESIAN_POINT('Ctrl Pts',(-2.73855012740872E-16,1.9,4.46));
#1994=CARTESIAN_POINT('Ctrl Pts',(-2.73855012740872E-16,3.47753002748514,
4.46));
#1995=CARTESIAN_POINT('Ctrl Pts',(-2.73855012740872E-16,4.47106152826282,
3.23464448237268));
#1996=CARTESIAN_POINT('Ctrl Pts',(-1.93001923076923,-0.671061528262819,
3.23464448237268));
#1997=CARTESIAN_POINT('Ctrl Pts',(-1.93001923076923,0.322469972514861,4.46));
#1998=CARTESIAN_POINT('Ctrl Pts',(-1.93001923076923,1.9,4.46));
#1999=CARTESIAN_POINT('Ctrl Pts',(-1.93001923076923,3.47753002748514,4.46));
#2000=CARTESIAN_POINT('Ctrl Pts',(-1.93001923076923,4.47106152826282,3.23464448237268));
#2001=CARTESIAN_POINT('Ctrl Pts',(-2.6,0.734866376920173,2.09470293763112));
#2002=CARTESIAN_POINT('Ctrl Pts',(-2.6,1.18510723829979,2.65));
#2003=CARTESIAN_POINT('Ctrl Pts',(-2.6,1.9,2.65));
#2004=CARTESIAN_POINT('Ctrl Pts',(-2.6,2.61489276170022,2.65));
#2005=CARTESIAN_POINT('Ctrl Pts',(-2.6,3.06513362307983,2.09470293763112));
#2006=CARTESIAN_POINT('',(-2.6,1.9,2.65));
#2007=CARTESIAN_POINT('Ctrl Pts',(-2.6,1.9,2.65));
#2008=CARTESIAN_POINT('Ctrl Pts',(-2.6,2.28513389819658,2.65));
#2009=CARTESIAN_POINT('Ctrl Pts',(-2.53193441083547,2.74225485342552,2.65));
#2010=CARTESIAN_POINT('Ctrl Pts',(-2.3401104211675,3.27295270005349,2.65));
#2011=CARTESIAN_POINT('Ctrl Pts',(-2.24793039521672,3.46719105293718,2.65));
#2012=CARTESIAN_POINT('Ctrl Pts',(-2.12842127052953,3.66301137968837,2.65));
#2013=CARTESIAN_POINT('Ctrl Pts',(-2.1002233590319,3.70653006814547,2.65));
#2014=CARTESIAN_POINT('Ctrl Pts',(-2.07014471665696,3.75,2.65));
#2015=CARTESIAN_POINT('',(-2.07014471665696,0.0500000000000001,2.65));
#2016=CARTESIAN_POINT('Ctrl Pts',(-2.07014471665696,0.0500000000000019,
2.65));
#2017=CARTESIAN_POINT('Ctrl Pts',(-2.1002233590319,0.0934699318545359,2.65));
#2018=CARTESIAN_POINT('Ctrl Pts',(-2.12842127052953,0.136988620311632,2.65));
#2019=CARTESIAN_POINT('Ctrl Pts',(-2.24793039521672,0.332808947062824,2.65));
#2020=CARTESIAN_POINT('Ctrl Pts',(-2.3401104211675,0.527047299946509,2.65));
#2021=CARTESIAN_POINT('Ctrl Pts',(-2.53193441083547,1.05774514657448,2.65));
#2022=CARTESIAN_POINT('Ctrl Pts',(-2.6,1.51486610180342,2.65));
#2023=CARTESIAN_POINT('Ctrl Pts',(-2.6,1.9,2.65));
#2024=CARTESIAN_POINT('',(2.070144716658,0.0500000000000004,2.64999999999907));
#2025=CARTESIAN_POINT('Ctrl Pts',(2.070144716658,0.0500000000000005,2.64999999999814));
#2026=CARTESIAN_POINT('Ctrl Pts',(1.97823587907676,0.0500000000000005,2.81382058482548));
#2027=CARTESIAN_POINT('Ctrl Pts',(1.86923283760277,0.0500000000001736,2.9673138826314));
#2028=CARTESIAN_POINT('Ctrl Pts',(1.54556872350743,0.0500000000001699,3.32737728899275));
#2029=CARTESIAN_POINT('Ctrl Pts',(1.31100284339142,0.05,3.50908891202449));
#2030=CARTESIAN_POINT('Ctrl Pts',(0.774442364290298,0.05,3.78190435811487));
#2031=CARTESIAN_POINT('Ctrl Pts',(0.476808801739752,0.0500000000000006,
3.86557151113608));
#2032=CARTESIAN_POINT('Ctrl Pts',(-0.127855830215228,0.0500000000000006,
3.91065490768985));
#2033=CARTESIAN_POINT('Ctrl Pts',(-0.427690829028097,0.0500000000253131,
3.87430612136649));
#2034=CARTESIAN_POINT('Ctrl Pts',(-0.98954385004784,0.0500000000255502,
3.69161049204571));
#2035=CARTESIAN_POINT('Ctrl Pts',(-1.24629504868838,0.0500000000000006,
3.55050831101114));
#2036=CARTESIAN_POINT('Ctrl Pts',(-1.69031805157004,0.0500000000000006,
3.18810453447796));
#2037=CARTESIAN_POINT('Ctrl Pts',(-1.8746991851373,0.0500000000001011,2.97375410134239));
#2038=CARTESIAN_POINT('Ctrl Pts',(-2.03836828836523,0.050000000000103,2.70545798251639));
#2039=CARTESIAN_POINT('Ctrl Pts',(-2.0545161639349,0.0500000000000004,2.67785671883472));
#2040=CARTESIAN_POINT('Ctrl Pts',(-2.07014471665696,0.0500000000000004,
2.64999999999999));
#2041=CARTESIAN_POINT('',(2.6,1.9,2.65));
#2042=CARTESIAN_POINT('Ctrl Pts',(2.6,1.9,2.65));
#2043=CARTESIAN_POINT('Ctrl Pts',(2.6,1.51486610180342,2.65));
#2044=CARTESIAN_POINT('Ctrl Pts',(2.53193441083547,1.05774514657448,2.65));
#2045=CARTESIAN_POINT('Ctrl Pts',(2.3401104211675,0.52704729994651,2.65));
#2046=CARTESIAN_POINT('Ctrl Pts',(2.24793039521672,0.332808947062825,2.65));
#2047=CARTESIAN_POINT('Ctrl Pts',(2.12842127052963,0.136988620311795,2.65));
#2048=CARTESIAN_POINT('Ctrl Pts',(2.10022335903211,0.0934699318548582,2.65));
#2049=CARTESIAN_POINT('Ctrl Pts',(2.07014471665729,0.0500000000004877,2.65));
#2050=CARTESIAN_POINT('Ctrl Pts',(2.07014471665729,3.74999999999951,2.65));
#2051=CARTESIAN_POINT('Ctrl Pts',(2.1002233590321,3.70653006814514,2.65));
#2052=CARTESIAN_POINT('Ctrl Pts',(2.12842127052963,3.66301137968821,2.65));
#2053=CARTESIAN_POINT('Ctrl Pts',(2.24793039521672,3.46719105293718,2.65));
#2054=CARTESIAN_POINT('Ctrl Pts',(2.3401104211675,3.27295270005349,2.65));
#2055=CARTESIAN_POINT('Ctrl Pts',(2.53193441083547,2.74225485342552,2.65));
#2056=CARTESIAN_POINT('Ctrl Pts',(2.6,2.28513389819658,2.65));
#2057=CARTESIAN_POINT('Ctrl Pts',(2.6,1.9,2.65));
#2058=CARTESIAN_POINT('Ctrl Pts',(2.6,-2.96513362205352,2.09470293889691));
#2059=CARTESIAN_POINT('Ctrl Pts',(2.6,-2.5148927603855,2.65000000038832));
#2060=CARTESIAN_POINT('Ctrl Pts',(2.6,-1.79999999918521,2.65));
#2061=CARTESIAN_POINT('Ctrl Pts',(2.6,-1.08510723798493,2.64999999961168));
#2062=CARTESIAN_POINT('Ctrl Pts',(2.6,-0.634866376920172,2.09470293763112));
#2063=CARTESIAN_POINT('Ctrl Pts',(1.93001923076923,-4.3710615259981,3.23464448516584));
#2064=CARTESIAN_POINT('Ctrl Pts',(1.93001923076923,-3.37753002458399,4.4600000008569));
#2065=CARTESIAN_POINT('Ctrl Pts',(1.93001923076923,-1.79999999820203,4.46));
#2066=CARTESIAN_POINT('Ctrl Pts',(1.93001923076923,-0.222469971820074,4.4599999991431));
#2067=CARTESIAN_POINT('Ctrl Pts',(1.93001923076923,0.77106152826282,3.23464448237268));
#2068=CARTESIAN_POINT('Ctrl Pts',(-1.36927506370436E-16,-4.3710615259981,
3.23464448516584));
#2069=CARTESIAN_POINT('Ctrl Pts',(-1.36927506370436E-16,-3.37753002458399,
4.4600000008569));
#2070=CARTESIAN_POINT('Ctrl Pts',(-1.36927506370436E-16,-1.79999999820203,
4.46));
#2071=CARTESIAN_POINT('Ctrl Pts',(-1.36927506370436E-16,-0.222469971820074,
4.4599999991431));
#2072=CARTESIAN_POINT('Ctrl Pts',(-1.36927506370436E-16,0.77106152826282,
3.23464448237268));
#2073=CARTESIAN_POINT('Ctrl Pts',(-1.93001923076923,-4.3710615259981,3.23464448516584));
#2074=CARTESIAN_POINT('Ctrl Pts',(-1.93001923076923,-3.37753002458399,4.4600000008569));
#2075=CARTESIAN_POINT('Ctrl Pts',(-1.93001923076923,-1.79999999820203,4.46));
#2076=CARTESIAN_POINT('Ctrl Pts',(-1.93001923076923,-0.222469971820074,
4.4599999991431));
#2077=CARTESIAN_POINT('Ctrl Pts',(-1.93001923076923,0.77106152826282,3.23464448237268));
#2078=CARTESIAN_POINT('Ctrl Pts',(-2.6,-2.96513362205352,2.09470293889691));
#2079=CARTESIAN_POINT('Ctrl Pts',(-2.6,-2.5148927603855,2.65000000038832));
#2080=CARTESIAN_POINT('Ctrl Pts',(-2.6,-1.79999999918521,2.65));
#2081=CARTESIAN_POINT('Ctrl Pts',(-2.6,-1.08510723798493,2.64999999961168));
#2082=CARTESIAN_POINT('Ctrl Pts',(-2.6,-0.634866376920172,2.09470293763112));
#2083=CARTESIAN_POINT('',(-2.6,-1.8,2.65));
#2084=CARTESIAN_POINT('Ctrl Pts',(-2.6,-1.8,2.65));
#2085=CARTESIAN_POINT('Ctrl Pts',(-2.6,-1.41486610180342,2.65));
#2086=CARTESIAN_POINT('Ctrl Pts',(-2.53193441083547,-0.957745146574482,
2.65));
#2087=CARTESIAN_POINT('Ctrl Pts',(-2.3401104211675,-0.427047299946509,2.65));
#2088=CARTESIAN_POINT('Ctrl Pts',(-2.24793039521672,-0.232808947062824,
2.65));
#2089=CARTESIAN_POINT('Ctrl Pts',(-2.12842127052953,-0.0369886203116318,
2.65));
#2090=CARTESIAN_POINT('Ctrl Pts',(-2.1002233590319,0.00653006814546508,
2.65));
#2091=CARTESIAN_POINT('Ctrl Pts',(-2.07014471665696,0.0499999999999987,
2.65));
#2092=CARTESIAN_POINT('',(-2.07014471309049,-3.64999999146026,2.65000000252149));
#2093=CARTESIAN_POINT('Ctrl Pts',(-2.0701447194981,-3.64999999589395,2.65));
#2094=CARTESIAN_POINT('Ctrl Pts',(-2.10022336080784,-3.60653006540575,2.65));
#2095=CARTESIAN_POINT('Ctrl Pts',(-2.1284212713533,-3.5630113783386,2.65));
#2096=CARTESIAN_POINT('Ctrl Pts',(-2.24793039521672,-3.36719105293718,2.65));
#2097=CARTESIAN_POINT('Ctrl Pts',(-2.3401104211675,-3.17295270005349,2.65));
#2098=CARTESIAN_POINT('Ctrl Pts',(-2.53193441083547,-2.64225485342552,2.65));
#2099=CARTESIAN_POINT('Ctrl Pts',(-2.6,-2.18513389819658,2.65));
#2100=CARTESIAN_POINT('Ctrl Pts',(-2.6,-1.8,2.65));
#2101=CARTESIAN_POINT('',(2.07014471309049,-3.64999999146026,2.65000000252149));
#2102=CARTESIAN_POINT('Ctrl Pts',(2.07014471472716,-3.65,2.65000000343971));
#2103=CARTESIAN_POINT('Ctrl Pts',(2.05451204674109,-3.65,2.67786405732552));
#2104=CARTESIAN_POINT('Ctrl Pts',(2.03835978345084,-3.6500000000001,2.70547251964901));
#2105=CARTESIAN_POINT('Ctrl Pts',(1.8746840510594,-3.6500000000001,2.97377365997041));
#2106=CARTESIAN_POINT('Ctrl Pts',(1.69030125110948,-3.65,3.18812176179294));
#2107=CARTESIAN_POINT('Ctrl Pts',(1.24627432471263,-3.65,3.55052159017838));
#2108=CARTESIAN_POINT('Ctrl Pts',(0.989520491017127,-3.65000000002554,3.69162164205709));
#2109=CARTESIAN_POINT('Ctrl Pts',(0.427663834358624,-3.6500000000253,3.87431123928702));
#2110=CARTESIAN_POINT('Ctrl Pts',(0.127828037462303,-3.65,3.91065648720047));
#2111=CARTESIAN_POINT('Ctrl Pts',(-0.476836564782988,-3.65,3.86556570307877));
#2112=CARTESIAN_POINT('Ctrl Pts',(-0.774469257164275,-3.65,3.78189486612828));
#2113=CARTESIAN_POINT('Ctrl Pts',(-1.31102812075412,-3.65,3.50907203831981));
#2114=CARTESIAN_POINT('Ctrl Pts',(-1.54559299633489,-3.65000000000017,3.32735629170453));
#2115=CARTESIAN_POINT('Ctrl Pts',(-1.86924586215098,-3.65000000000017,2.96729555882057));
#2116=CARTESIAN_POINT('Ctrl Pts',(-1.97824139012633,-3.65,2.81381076122237));
#2117=CARTESIAN_POINT('Ctrl Pts',(-2.07014471472716,-3.65,2.65000000343971));
#2118=CARTESIAN_POINT('',(2.6,-1.8,2.65));
#2119=CARTESIAN_POINT('Ctrl Pts',(2.6,-1.8,2.65));
#2120=CARTESIAN_POINT('Ctrl Pts',(2.6,-2.18513389819658,2.65));
#2121=CARTESIAN_POINT('Ctrl Pts',(2.53193441083547,-2.64225485342552,2.65));
#2122=CARTESIAN_POINT('Ctrl Pts',(2.3401104211675,-3.17295270005349,2.65));
#2123=CARTESIAN_POINT('Ctrl Pts',(2.24793039521672,-3.36719105293718,2.65));
#2124=CARTESIAN_POINT('Ctrl Pts',(2.1284212713533,-3.5630113783386,2.65));
#2125=CARTESIAN_POINT('Ctrl Pts',(2.10022336080784,-3.60653006540575,2.65));
#2126=CARTESIAN_POINT('Ctrl Pts',(2.0701447194981,-3.64999999589395,2.65));
#2127=CARTESIAN_POINT('Ctrl Pts',(2.07014471665729,0.049999999999513,2.65));
#2128=CARTESIAN_POINT('Ctrl Pts',(2.1002233590321,0.00653006814514293,2.65));
#2129=CARTESIAN_POINT('Ctrl Pts',(2.12842127052963,-0.0369886203117934,
2.65));
#2130=CARTESIAN_POINT('Ctrl Pts',(2.24793039521672,-0.232808947062824,2.65));
#2131=CARTESIAN_POINT('Ctrl Pts',(2.3401104211675,-0.427047299946509,2.65));
#2132=CARTESIAN_POINT('Ctrl Pts',(2.53193441083547,-0.957745146574482,2.65));
#2133=CARTESIAN_POINT('Ctrl Pts',(2.6,-1.41486610180342,2.65));
#2134=CARTESIAN_POINT('Ctrl Pts',(2.6,-1.8,2.65));
#2135=CARTESIAN_POINT('Origin',(3.2,7.5,0.));
#2136=CARTESIAN_POINT('',(3.2,7.5,2.65));
#2137=CARTESIAN_POINT('',(3.2,7.5,2.65));
#2138=CARTESIAN_POINT('',(3.2,7.5,0.));
#2139=CARTESIAN_POINT('',(-3.2,7.5,2.65));
#2140=CARTESIAN_POINT('',(-3.2,7.5,0.));
#2141=CARTESIAN_POINT('',(3.2,7.5,2.65));
#2142=CARTESIAN_POINT('Origin',(-5.55111512312578E-16,0.,2.65));
#2143=CARTESIAN_POINT('',(-3.2,-7.5,2.65));
#2144=CARTESIAN_POINT('',(-3.2,7.5,2.65));
#2145=CARTESIAN_POINT('',(-1.95836497368742,-7.5,2.65));
#2146=CARTESIAN_POINT('',(-3.2,-7.5,2.65));
#2147=CARTESIAN_POINT('',(-2.6,-5.5,2.65));
#2148=CARTESIAN_POINT('Ctrl Pts',(-1.95836497368742,-7.5,2.65));
#2149=CARTESIAN_POINT('Ctrl Pts',(-2.03200152335221,-7.40814372958496,2.65));
#2150=CARTESIAN_POINT('Ctrl Pts',(-2.09811572858913,-7.3126681832226,2.65));
#2151=CARTESIAN_POINT('Ctrl Pts',(-2.24793039521672,-7.06719105293718,2.65));
#2152=CARTESIAN_POINT('Ctrl Pts',(-2.3401104211675,-6.87295270005349,2.65));
#2153=CARTESIAN_POINT('Ctrl Pts',(-2.53193441083547,-6.34225485342552,2.65));
#2154=CARTESIAN_POINT('Ctrl Pts',(-2.6,-5.88513389819658,2.65));
#2155=CARTESIAN_POINT('Ctrl Pts',(-2.6,-5.5,2.65));
#2156=CARTESIAN_POINT('Ctrl Pts',(-2.6,-5.5,2.65));
#2157=CARTESIAN_POINT('Ctrl Pts',(-2.6,-5.11486610180342,2.65));
#2158=CARTESIAN_POINT('Ctrl Pts',(-2.53193441083547,-4.65774514657448,2.65));
#2159=CARTESIAN_POINT('Ctrl Pts',(-2.3401104211675,-4.12704729994651,2.65));
#2160=CARTESIAN_POINT('Ctrl Pts',(-2.24793039521672,-3.93280894706282,2.65));
#2161=CARTESIAN_POINT('Ctrl Pts',(-2.12842126819236,-3.73698861648209,2.65));
#2162=CARTESIAN_POINT('Ctrl Pts',(-2.10022335399325,-3.69346992408149,2.65));
#2163=CARTESIAN_POINT('Ctrl Pts',(-2.07014470859613,-3.64999998835043,2.65));
#2164=CARTESIAN_POINT('Origin',(-5.55111512312578E-16,0.,2.65));
#2165=CARTESIAN_POINT('',(2.6,-5.5,2.65));
#2166=CARTESIAN_POINT('Ctrl Pts',(2.07014470859613,-3.64999998835043,2.65));
#2167=CARTESIAN_POINT('Ctrl Pts',(2.10022335399325,-3.69346992408149,2.65));
#2168=CARTESIAN_POINT('Ctrl Pts',(2.12842126819236,-3.73698861648209,2.65));
#2169=CARTESIAN_POINT('Ctrl Pts',(2.24793039521672,-3.93280894706282,2.65));
#2170=CARTESIAN_POINT('Ctrl Pts',(2.3401104211675,-4.12704729994651,2.65));
#2171=CARTESIAN_POINT('Ctrl Pts',(2.53193441083547,-4.65774514657448,2.65));
#2172=CARTESIAN_POINT('Ctrl Pts',(2.6,-5.11486610180342,2.65));
#2173=CARTESIAN_POINT('Ctrl Pts',(2.6,-5.5,2.65));
#2174=CARTESIAN_POINT('',(1.95836497368742,-7.5,2.65));
#2175=CARTESIAN_POINT('Ctrl Pts',(2.6,-5.5,2.65));
#2176=CARTESIAN_POINT('Ctrl Pts',(2.6,-5.88513389819658,2.65));
#2177=CARTESIAN_POINT('Ctrl Pts',(2.53193441083547,-6.34225485342552,2.65));
#2178=CARTESIAN_POINT('Ctrl Pts',(2.3401104211675,-6.87295270005349,2.65));
#2179=CARTESIAN_POINT('Ctrl Pts',(2.24793039521672,-7.06719105293718,2.65));
#2180=CARTESIAN_POINT('Ctrl Pts',(2.09811572858913,-7.3126681832226,2.65));
#2181=CARTESIAN_POINT('Ctrl Pts',(2.03200152335221,-7.40814372958496,2.65));
#2182=CARTESIAN_POINT('Ctrl Pts',(1.95836497368742,-7.5,2.65));
#2183=CARTESIAN_POINT('',(3.2,-7.5,2.65));
#2184=CARTESIAN_POINT('',(-3.2,-7.5,2.65));
#2185=CARTESIAN_POINT('',(3.2,-7.5,2.65));
#2186=CARTESIAN_POINT('Ctrl Pts',(2.6,-6.7,2.05));
#2187=CARTESIAN_POINT('Ctrl Pts',(2.6,-6.26058076277798,2.63589231629602));
#2188=CARTESIAN_POINT('Ctrl Pts',(2.6,-5.52834614766004,2.6497321413882));
#2189=CARTESIAN_POINT('Ctrl Pts',(2.6,-4.7961115325421,2.66357196648038));
#2190=CARTESIAN_POINT('Ctrl Pts',(2.6,-4.33486637401055,2.09470293404259));
#2191=CARTESIAN_POINT('Ctrl Pts',(1.93001923076923,-8.148,3.136));
#2192=CARTESIAN_POINT('Ctrl Pts',(1.93001923076923,-7.17834821653008,4.42886904462656));
#2193=CARTESIAN_POINT('Ctrl Pts',(1.93001923076923,-5.56255049916983,4.45940892532996));
#2194=CARTESIAN_POINT('Ctrl Pts',(1.93001923076923,-3.94675278180957,4.48994880603336));
#2195=CARTESIAN_POINT('Ctrl Pts',(1.93001923076923,-2.92893846531661,3.23464447445398));
#2196=CARTESIAN_POINT('Ctrl Pts',(0.,-8.148,3.136));
#2197=CARTESIAN_POINT('Ctrl Pts',(0.,-7.17834821653008,4.42886904462656));
#2198=CARTESIAN_POINT('Ctrl Pts',(0.,-5.56255049916983,4.45940892532996));
#2199=CARTESIAN_POINT('Ctrl Pts',(0.,-3.94675278180957,4.48994880603336));
#2200=CARTESIAN_POINT('Ctrl Pts',(0.,-2.92893846531661,3.23464447445398));
#2201=CARTESIAN_POINT('Ctrl Pts',(-1.93001923076923,-8.148,3.136));
#2202=CARTESIAN_POINT('Ctrl Pts',(-1.93001923076923,-7.17834821653008,4.42886904462656));
#2203=CARTESIAN_POINT('Ctrl Pts',(-1.93001923076923,-5.56255049916983,4.45940892532996));
#2204=CARTESIAN_POINT('Ctrl Pts',(-1.93001923076923,-3.94675278180957,4.48994880603336));
#2205=CARTESIAN_POINT('Ctrl Pts',(-1.93001923076923,-2.92893846531661,3.23464447445398));
#2206=CARTESIAN_POINT('Ctrl Pts',(-2.6,-6.7,2.05));
#2207=CARTESIAN_POINT('Ctrl Pts',(-2.6,-6.26058076277798,2.63589231629602));
#2208=CARTESIAN_POINT('Ctrl Pts',(-2.6,-5.52834614766004,2.6497321413882));
#2209=CARTESIAN_POINT('Ctrl Pts',(-2.6,-4.7961115325421,2.66357196648038));
#2210=CARTESIAN_POINT('Ctrl Pts',(-2.6,-4.33486637401055,2.09470293404259));
#2211=CARTESIAN_POINT('Ctrl Pts',(-1.95836497368742,-7.5,2.65));
#2212=CARTESIAN_POINT('Ctrl Pts',(-1.93337323636697,-7.5,2.69156717991993));
#2213=CARTESIAN_POINT('Ctrl Pts',(-1.90772999088302,-7.5,2.73147681818126));
#2214=CARTESIAN_POINT('Ctrl Pts',(-1.73690669674711,-7.5,2.98259612160134));
#2215=CARTESIAN_POINT('Ctrl Pts',(-1.52208978244367,-7.5,3.20667612022815));
#2216=CARTESIAN_POINT('Ctrl Pts',(-1.13028412921958,-7.5,3.49081967673552));
#2217=CARTESIAN_POINT('Ctrl Pts',(-0.889307414254468,-7.5,3.61342938506249));
#2218=CARTESIAN_POINT('Ctrl Pts',(-0.469905400985332,-7.5,3.74752672221863));
#2219=CARTESIAN_POINT('Ctrl Pts',(-0.215005303977902,-7.5,3.78744194248897));
#2220=CARTESIAN_POINT('Ctrl Pts',(0.215005303977902,-7.5,3.78744194248897));
#2221=CARTESIAN_POINT('Ctrl Pts',(0.469905400985332,-7.5,3.74752672221863));
#2222=CARTESIAN_POINT('Ctrl Pts',(0.889307414254468,-7.5,3.61342938506249));
#2223=CARTESIAN_POINT('Ctrl Pts',(1.13028412921958,-7.5,3.49081967673552));
#2224=CARTESIAN_POINT('Ctrl Pts',(1.52208978244367,-7.5,3.20667612022815));
#2225=CARTESIAN_POINT('Ctrl Pts',(1.73690669674711,-7.5,2.98259612160134));
#2226=CARTESIAN_POINT('Ctrl Pts',(1.90772999088302,-7.5,2.73147681818126));
#2227=CARTESIAN_POINT('Ctrl Pts',(1.93337323636697,-7.5,2.69156717991993));
#2228=CARTESIAN_POINT('Ctrl Pts',(1.95836497368742,-7.5,2.65));
#2229=CARTESIAN_POINT('Origin',(-3.2,-7.5,0.));
#2230=CARTESIAN_POINT('',(-3.2,-7.5,0.));
#2231=CARTESIAN_POINT('',(3.2,-7.5,0.));
#2232=CARTESIAN_POINT('Origin',(-3.2,7.5,0.));
#2233=CARTESIAN_POINT('Origin',(3.2,-7.5,0.));
#2234=UNCERTAINTY_MEASURE_WITH_UNIT(LENGTH_MEASURE(0.01),#2238,
'DISTANCE_ACCURACY_VALUE',
'Maximum model space distance between geometric entities at asserted c
onnectivities');
#2235=UNCERTAINTY_MEASURE_WITH_UNIT(LENGTH_MEASURE(0.01),#2238,
'DISTANCE_ACCURACY_VALUE',
'Maximum model space distance between geometric entities at asserted c
onnectivities');
#2236=(
GEOMETRIC_REPRESENTATION_CONTEXT(3)
GLOBAL_UNCERTAINTY_ASSIGNED_CONTEXT((#2234))
GLOBAL_UNIT_ASSIGNED_CONTEXT((#2238,#2240,#2241))
REPRESENTATION_CONTEXT('','3D')
);
#2237=(
GEOMETRIC_REPRESENTATION_CONTEXT(3)
GLOBAL_UNCERTAINTY_ASSIGNED_CONTEXT((#2235))
GLOBAL_UNIT_ASSIGNED_CONTEXT((#2238,#2240,#2241))
REPRESENTATION_CONTEXT('','3D')
);
#2238=(
LENGTH_UNIT()
NAMED_UNIT(*)
SI_UNIT(.MILLI.,.METRE.)
);
#2239=(
LENGTH_UNIT()
NAMED_UNIT(*)
SI_UNIT($,.METRE.)
);
#2240=(
NAMED_UNIT(*)
PLANE_ANGLE_UNIT()
SI_UNIT($,.RADIAN.)
);
#2241=(
NAMED_UNIT(*)
SI_UNIT($,.STERADIAN.)
SOLID_ANGLE_UNIT()
);
#2242=SHAPE_DEFINITION_REPRESENTATION(#2243,#2244);
#2243=PRODUCT_DEFINITION_SHAPE('',$,#2246);
#2244=SHAPE_REPRESENTATION('',(#1260),#2236);
#2245=PRODUCT_DEFINITION_CONTEXT('part definition',#2250,'design');
#2246=PRODUCT_DEFINITION('HP_BubbleLED','HP_BubbleLED v1',#2247,#2245);
#2247=PRODUCT_DEFINITION_FORMATION('',$,#2252);
#2248=PRODUCT_RELATED_PRODUCT_CATEGORY('HP_BubbleLED v1',
'HP_BubbleLED v1',(#2252));
#2249=APPLICATION_PROTOCOL_DEFINITION('international standard',
'automotive_design',2009,#2250);
#2250=APPLICATION_CONTEXT(
'Core Data for Automotive Mechanical Design Process');
#2251=PRODUCT_CONTEXT('part definition',#2250,'mechanical');
#2252=PRODUCT('HP_BubbleLED','HP_BubbleLED v1',$,(#2251));
#2253=PRESENTATION_STYLE_ASSIGNMENT((#2254));
#2254=SURFACE_STYLE_USAGE(.BOTH.,#2255);
#2255=SURFACE_SIDE_STYLE('',(#2256));
#2256=SURFACE_STYLE_FILL_AREA(#2257);
#2257=FILL_AREA_STYLE('Steel - Satin',(#2258));
#2258=FILL_AREA_STYLE_COLOUR('Steel - Satin',#2259);
#2259=COLOUR_RGB('Steel - Satin',0.627450980392157,0.627450980392157,0.627450980392157);
ENDSEC;
END-ISO-10303-21;
