ISO-10303-21;
HEADER;
FILE_DESCRIPTION (( 'STEP AP214' ),
    '1' );
FILE_NAME ('PI4ULS5V202UEX.STEP',
    '2023-03-28T19:50:36',
    ( '' ),
    ( '' ),
    'SwSTEP 2.0',
    'SolidWorks 2021',
    '' );
FILE_SCHEMA (( 'AUTOMOTIVE_DESIGN' ));
ENDSEC;

DATA;
#1 = EDGE_CURVE ( 'NONE', #1026, #1587, #3609, .T. ) ;
#2 = VERTEX_POINT ( 'NONE', #1034 ) ;
#3 = DIRECTION ( 'NONE',  ( -0.000000000000000000, 1.000000000000000000, -0.000000000000000000 ) ) ;
#4 = CARTESIAN_POINT ( 'NONE',  ( 1.289793925130689134, 1.391198481282668320, -1.289793925130688690 ) ) ;
#5 = ORIENTED_EDGE ( 'NONE', *, *, #768, .T. ) ;
#6 = FACE_OUTER_BOUND ( 'NONE', #142, .T. ) ;
#7 = ORIENTED_EDGE ( 'NONE', *, *, #372, .F. ) ;
#8 = DIRECTION ( 'NONE',  ( 0.2897587163337060900, 0.9570997264175991059, 0.000000000000000000 ) ) ;
#9 = EDGE_LOOP ( 'NONE', ( #1064, #2487, #2796, #44 ) ) ;
#10 = CARTESIAN_POINT ( 'NONE',  ( -1.500000000000000444, 0.6999999999999948486, -0.1874999999999999445 ) ) ;
#11 = DIRECTION ( 'NONE',  ( 0.000000000000000000, 1.000000000000000000, 0.000000000000000000 ) ) ;
#12 = SURFACE_STYLE_FILL_AREA ( #2869 ) ;
#13 = ADVANCED_FACE ( 'NONE', ( #96 ), #1349, .F. ) ;
#14 = PRESENTATION_LAYER_ASSIGNMENT (  '', '', ( #1278 ) ) ;
#15 = PLANE ( 'NONE',  #1238 ) ;
#16 = FACE_OUTER_BOUND ( 'NONE', #3756, .T. ) ;
#17 = CARTESIAN_POINT ( 'NONE',  ( -2.450000000000000178, 0.1497944302131754835, -0.8374999999999999112 ) ) ;
#18 = ORIENTED_EDGE ( 'NONE', *, *, #2361, .F. ) ;
#19 = FACE_OUTER_BOUND ( 'NONE', #4080, .T. ) ;
#20 = FACE_OUTER_BOUND ( 'NONE', #2326, .T. ) ;
#21 = CLOSED_SHELL ( 'NONE', ( #2995, #2857, #148, #3734, #13, #3493, #2630, #673, #622, #2572, #2333, #2923, #1754, #1397 ) ) ;
#22 = ORIENTED_EDGE ( 'NONE', *, *, #2373, .T. ) ;
#23 = DIRECTION ( 'NONE',  ( -1.000000000000000000, 0.000000000000000000, -0.000000000000000000 ) ) ;
#24 = EDGE_LOOP ( 'NONE', ( #3603, #1807, #2734, #598 ) ) ;
#25 = EDGE_CURVE ( 'NONE', #2437, #1684, #3567, .T. ) ;
#26 = ADVANCED_FACE ( 'NONE', ( #1368 ), #3589, .T. ) ;
#27 = VERTEX_POINT ( 'NONE', #2997 ) ;
#28 = CYLINDRICAL_SURFACE ( 'NONE', #60, 0.1849999999999998312 ) ;
#29 = VERTEX_POINT ( 'NONE', #138 ) ;
#30 = DIRECTION ( 'NONE',  ( -0.000000000000000000, -0.000000000000000000, -1.000000000000000000 ) ) ;
#31 = CARTESIAN_POINT ( 'NONE',  ( -1.992520253732025237, 0.4620691699717940359, 0.1874999999999999445 ) ) ;
#32 = LINE ( 'NONE', #3775, #1139 ) ;
#33 = ADVANCED_FACE ( 'NONE', ( #1409 ), #3938, .T. ) ;
#34 = EDGE_CURVE ( 'NONE', #3169, #3950, #196, .T. ) ;
#35 = DIRECTION ( 'NONE',  ( -1.000000000000000000, 0.000000000000000000, 0.000000000000000000 ) ) ;
#36 = LINE ( 'NONE', #3223, #2260 ) ;
#37 = AXIS2_PLACEMENT_3D ( 'NONE', #575, #233, #881 ) ;
#38 = ORIENTED_EDGE ( 'NONE', *, *, #3190, .F. ) ;
#39 = ADVANCED_FACE ( 'NONE', ( #3753 ), #2802, .T. ) ;
#40 = CARTESIAN_POINT ( 'NONE',  ( 2.220628408349885508, 0.3470691699717879941, 0.1874999999999999445 ) ) ;
#41 = DIRECTION ( 'NONE',  ( 0.9986295347545742773, 0.05233595624293647941, 0.000000000000000000 ) ) ;
#42 = ORIENTED_EDGE ( 'NONE', *, *, #2161, .F. ) ;
#43 = LINE ( 'NONE', #2332, #1918 ) ;
#44 = ORIENTED_EDGE ( 'NONE', *, *, #2689, .T. ) ;
#45 = EDGE_LOOP ( 'NONE', ( #3157, #1647, #2591, #2883 ) ) ;
#46 = EDGE_CURVE ( 'NONE', #3345, #1884, #3035, .T. ) ;
#47 = AXIS2_PLACEMENT_3D ( 'NONE', #3698, #1811, #3525 ) ;
#48 = LINE ( 'NONE', #3773, #2176 ) ;
#49 = AXIS2_PLACEMENT_3D ( 'NONE', #1566, #3990, #1451 ) ;
#50 = CARTESIAN_POINT ( 'NONE',  ( -1.500000000000000444, 0.6999999999999948486, 0.4625000000000000222 ) ) ;
#51 = DIRECTION ( 'NONE',  ( 0.2897587163337060900, 0.9570997264175991059, 0.000000000000000000 ) ) ;
#52 = AXIS2_PLACEMENT_3D ( 'NONE', #146, #1048, #1417 ) ;
#53 = VECTOR ( 'NONE', #1231, 1000.000000000000000 ) ;
#54 = CARTESIAN_POINT ( 'NONE',  ( 1.671891845382139641, 0.3650000000000053757, 0.8374999999999999112 ) ) ;
#55 = ORIENTED_EDGE ( 'NONE', *, *, #3696, .F. ) ;
#56 = VECTOR ( 'NONE', #4005, 1000.000000000000000 ) ;
#57 = ORIENTED_EDGE ( 'NONE', *, *, #3133, .F. ) ;
#58 = FACE_OUTER_BOUND ( 'NONE', #2944, .T. ) ;
#59 = FACE_OUTER_BOUND ( 'NONE', #2753, .T. ) ;
#60 = AXIS2_PLACEMENT_3D ( 'NONE', #4065, #1233, #3116 ) ;
#61 = STYLED_ITEM ( 'NONE', ( #1637 ), #2951 ) ;
#62 = EDGE_CURVE ( 'NONE', #2815, #878, #3119, .T. ) ;
#63 = VECTOR ( 'NONE', #2801, 999.9999999999998863 ) ;
#64 = ORIENTED_EDGE ( 'NONE', *, *, #939, .T. ) ;
#65 = VECTOR ( 'NONE', #525, 1000.000000000000000 ) ;
#66 = LINE ( 'NONE', #3251, #2443 ) ;
#67 = ORIENTED_EDGE ( 'NONE', *, *, #1146, .F. ) ;
#68 = EDGE_LOOP ( 'NONE', ( #4062, #2662, #481, #22 ) ) ;
#69 = LINE ( 'NONE', #2946, #3309 ) ;
#70 = VECTOR ( 'NONE', #429, 1000.000000000000000 ) ;
#71 = DIRECTION ( 'NONE',  ( -1.000000000000000000, 0.000000000000000000, 0.000000000000000000 ) ) ;
#72 = ORIENTED_EDGE ( 'NONE', *, *, #3600, .F. ) ;
#73 = AXIS2_PLACEMENT_3D ( 'NONE', #479, #1425, #1662 ) ;
#74 = DIRECTION ( 'NONE',  ( 0.000000000000000000, 1.000000000000000000, 0.000000000000000000 ) ) ;
#75 = VERTEX_POINT ( 'NONE', #4023 ) ;
#76 = CARTESIAN_POINT ( 'NONE',  ( 2.203095863008502686, 0.01252827582901618921, 0.4625000000000000222 ) ) ;
#77 = LINE ( 'NONE', #2543, #2726 ) ;
#78 = VERTEX_POINT ( 'NONE', #515 ) ;
#79 = ORIENTED_EDGE ( 'NONE', *, *, #491, .F. ) ;
#80 = CIRCLE ( 'NONE', #1470, 0.1849999999999998312 ) ;
#81 = ADVANCED_FACE ( 'NONE', ( #2109 ), #905, .F. ) ;
#82 = FACE_OUTER_BOUND ( 'NONE', #2140, .T. ) ;
#83 = CARTESIAN_POINT ( 'NONE',  ( -1.671891845382139419, 0.5500000000000053735, 1.112500000000000044 ) ) ;
#84 = CARTESIAN_POINT ( 'NONE',  ( 1.992520253732025237, 0.4620691699717939804, -0.8374999999999999112 ) ) ;
#85 = VERTEX_POINT ( 'NONE', #577 ) ;
#86 = PLANE ( 'NONE',  #3438 ) ;
#87 = ORIENTED_EDGE ( 'NONE', *, *, #3204, .F. ) ;
#88 = ORIENTED_EDGE ( 'NONE', *, *, #1499, .T. ) ;
#89 = EDGE_CURVE ( 'NONE', #3021, #3345, #1533, .T. ) ;
#90 = LINE ( 'NONE', #1027, #2251 ) ;
#91 = LINE ( 'NONE', #2318, #3373 ) ;
#92 = ORIENTED_EDGE ( 'NONE', *, *, #1827, .T. ) ;
#93 = CARTESIAN_POINT ( 'NONE',  ( -1.671891845382139419, 0.5500000000000054845, 0.8374999999999999112 ) ) ;
#94 = DIRECTION ( 'NONE',  ( -0.000000000000000000, -0.000000000000000000, -1.000000000000000000 ) ) ;
#95 = DIRECTION ( 'NONE',  ( 1.000000000000000000, 0.000000000000000000, 0.000000000000000000 ) ) ;
#96 = FACE_OUTER_BOUND ( 'NONE', #312, .T. ) ;
#97 = EDGE_CURVE ( 'NONE', #2178, #2223, #1154, .T. ) ;
#98 = ORIENTED_EDGE ( 'NONE', *, *, #3851, .T. ) ;
#99 = DIRECTION ( 'NONE',  ( 0.000000000000000000, 0.000000000000000000, 1.000000000000000000 ) ) ;
#100 = AXIS2_PLACEMENT_3D ( 'NONE', #2932, #3239, #1091 ) ;
#101 = ORIENTED_EDGE ( 'NONE', *, *, #2678, .T. ) ;
#102 = DIRECTION ( 'NONE',  ( -0.05233595624293624349, 0.9986295347545742773, 0.000000000000000000 ) ) ;
#103 = VERTEX_POINT ( 'NONE', #3383 ) ;
#104 = DIRECTION ( 'NONE',  ( 0.9986295347545742773, 0.05233595624293624349, -0.000000000000000000 ) ) ;
#105 = EDGE_CURVE ( 'NONE', #3422, #3633, #1464, .T. ) ;
#106 = ORIENTED_EDGE ( 'NONE', *, *, #2950, .T. ) ;
#107 = AXIS2_PLACEMENT_3D ( 'NONE', #1366, #1987, #2637 ) ;
#108 = DIRECTION ( 'NONE',  ( -0.000000000000000000, -0.000000000000000000, -1.000000000000000000 ) ) ;
#109 = CARTESIAN_POINT ( 'NONE',  ( 2.220628408349885508, 0.3470691699717879941, -0.8374999999999999112 ) ) ;
#110 = AXIS2_PLACEMENT_3D ( 'NONE', #54, #4088, #603 ) ;
#111 = ORIENTED_EDGE ( 'NONE', *, *, #3987, .F. ) ;
#112 = VECTOR ( 'NONE', #733, 1000.000000000000000 ) ;
#113 = ADVANCED_FACE ( 'NONE', ( #1775 ), #173, .T. ) ;
#114 = LINE ( 'NONE', #1089, #3328 ) ;
#115 = ORIENTED_EDGE ( 'NONE', *, *, #1023, .F. ) ;
#116 = DIRECTION ( 'NONE',  ( -0.000000000000000000, -0.000000000000000000, -1.000000000000000000 ) ) ;
#117 =( NAMED_UNIT ( * ) PLANE_ANGLE_UNIT ( ) SI_UNIT ( $, .RADIAN. ) );
#118 = ORIENTED_EDGE ( 'NONE', *, *, #3228, .F. ) ;
#119 = CIRCLE ( 'NONE', #3184, 0.1849999999999998312 ) ;
#120 = VECTOR ( 'NONE', #3437, 1000.000000000000000 ) ;
#121 = CARTESIAN_POINT ( 'NONE',  ( -1.100000000000000311, 1.100000000000000089, -1.099999999999999867 ) ) ;
#122 = EDGE_CURVE ( 'NONE', #1679, #1387, #3447, .T. ) ;
#123 = DIRECTION ( 'NONE',  ( -1.000000000000000000, 0.000000000000000000, 0.000000000000000000 ) ) ;
#124 = ORIENTED_EDGE ( 'NONE', *, *, #2238, .T. ) ;
#125 = AXIS2_PLACEMENT_3D ( 'NONE', #3945, #2072, #1099 ) ;
#126 = CARTESIAN_POINT ( 'NONE',  ( 1.671891845382139419, 0.5500000000000054845, 0.4625000000000000222 ) ) ;
#127 = AXIS2_PLACEMENT_3D ( 'NONE', #1109, #3588, #2063 ) ;
#128 = DIRECTION ( 'NONE',  ( 1.000000000000000000, 6.307467175508965595E-16, -0.000000000000000000 ) ) ;
#129 = ADVANCED_FACE ( 'NONE', ( #1753 ), #2426, .F. ) ;
#130 = VECTOR ( 'NONE', #1632, 1000.000000000000000 ) ;
#131 = CIRCLE ( 'NONE', #3982, 0.1250000000000000000 ) ;
#132 = CYLINDRICAL_SURFACE ( 'NONE', #987, 0.3349999999999893618 ) ;
#133 = ADVANCED_FACE ( 'NONE', ( #841 ), #1442, .F. ) ;
#134 = CARTESIAN_POINT ( 'NONE',  ( -1.671891845382139419, 0.5500000000000053735, -0.8374999999999999112 ) ) ;
#135 = EDGE_LOOP ( 'NONE', ( #1998, #1738, #1503, #2793 ) ) ;
#136 = CYLINDRICAL_SURFACE ( 'NONE', #2239, 0.1849999999999998312 ) ;
#137 = DIRECTION ( 'NONE',  ( 0.000000000000000000, 0.000000000000000000, 1.000000000000000000 ) ) ;
#138 = CARTESIAN_POINT ( 'NONE',  ( -1.848955294769395241, 0.4186053625217408536, -0.1874999999999999445 ) ) ;
#139 = CARTESIAN_POINT ( 'NONE',  ( 1.671891845382139419, 0.5500000000000054845, -0.1874999999999999445 ) ) ;
#140 = FILL_AREA_STYLE_COLOUR ( '', #1611 ) ;
#141 = LINE ( 'NONE', #2627, #2520 ) ;
#142 = EDGE_LOOP ( 'NONE', ( #3812, #1544, #3637, #1880 ) ) ;
#143 = CARTESIAN_POINT ( 'NONE',  ( -1.992520253732025237, 0.4620691699717939804, -0.4625000000000000222 ) ) ;
#144 = DIRECTION ( 'NONE',  ( -0.000000000000000000, -0.000000000000000000, -1.000000000000000000 ) ) ;
#145 = ORIENTED_EDGE ( 'NONE', *, *, #3333, .F. ) ;
#146 = CARTESIAN_POINT ( 'NONE',  ( 2.450000000000000178, 0.1497944302131754835, -0.8374999999999999112 ) ) ;
#147 = LINE ( 'NONE', #1068, #2850 ) ;
#148 = ADVANCED_FACE ( 'NONE', ( #3403 ), #2762, .T. ) ;
#149 = ORIENTED_EDGE ( 'NONE', *, *, #1163, .T. ) ;
#150 = LINE ( 'NONE', #3354, #1909 ) ;
#151 = VERTEX_POINT ( 'NONE', #1175 ) ;
#152 = DIRECTION ( 'NONE',  ( -0.2897587163337057015, -0.9570997264175991059, 0.000000000000000000 ) ) ;
#153 =( NAMED_UNIT ( * ) SI_UNIT ( $, .STERADIAN. ) SOLID_ANGLE_UNIT ( ) );
#154 = ORIENTED_EDGE ( 'NONE', *, *, #3553, .T. ) ;
#155 = EDGE_CURVE ( 'NONE', #1392, #1723, #3358, .T. ) ;
#156 = VECTOR ( 'NONE', #2137, 1000.000000000000000 ) ;
#157 = ORIENTED_EDGE ( 'NONE', *, *, #2553, .F. ) ;
#158 = FACE_OUTER_BOUND ( 'NONE', #4092, .T. ) ;
#159 = CARTESIAN_POINT ( 'NONE',  ( -1.992520253732025237, 0.4620691699717940359, 0.4625000000000000222 ) ) ;
#160 = ADVANCED_FACE ( 'NONE', ( #2747 ), #4048, .F. ) ;
#161 = CARTESIAN_POINT ( 'NONE',  ( 2.220628408349885508, 0.3470691699717879941, 0.8374999999999999112 ) ) ;
#162 = ORIENTED_EDGE ( 'NONE', *, *, #1085, .T. ) ;
#163 = CARTESIAN_POINT ( 'NONE',  ( 1.900000000000000133, 0.2499999999999994726, 0.4625000000000000222 ) ) ;
#164 = CARTESIAN_POINT ( 'NONE',  ( 1.671891845382139641, 0.3650000000000053757, -0.1874999999999999445 ) ) ;
#165 = DIRECTION ( 'NONE',  ( -0.000000000000000000, -0.000000000000000000, -1.000000000000000000 ) ) ;
#166 = PLANE ( 'NONE',  #1776 ) ;
#167 = VERTEX_POINT ( 'NONE', #3836 ) ;
#168 = EDGE_CURVE ( 'NONE', #3611, #3988, #1237, .T. ) ;
#169 = EDGE_CURVE ( 'NONE', #1675, #3345, #2600, .T. ) ;
#170 = FACE_OUTER_BOUND ( 'NONE', #413, .T. ) ;
#171 = ORIENTED_EDGE ( 'NONE', *, *, #1522, .F. ) ;
#172 = PLANE ( 'NONE',  #2157 ) ;
#173 = PLANE ( 'NONE',  #591 ) ;
#174 = EDGE_CURVE ( 'NONE', #551, #478, #367, .T. ) ;
#175 = MANIFOLD_SOLID_BREP ( 'Boss-Extrude3[2]', #2012 ) ;
#176 = CARTESIAN_POINT ( 'NONE',  ( -2.043564958962630129, 0.2934638074500523497, 0.4625000000000000222 ) ) ;
#177 =( LENGTH_UNIT ( ) NAMED_UNIT ( * ) SI_UNIT ( .MILLI., .METRE. ) );
#178 = CIRCLE ( 'NONE', #4030, 0.3349999999999893618 ) ;
#179 = VECTOR ( 'NONE', #3846, 1000.000000000000000 ) ;
#180 = ORIENTED_EDGE ( 'NONE', *, *, #3464, .F. ) ;
#181 = AXIS2_PLACEMENT_3D ( 'NONE', #1793, #3974, #1523 ) ;
#182 = DIRECTION ( 'NONE',  ( -0.000000000000000000, -0.000000000000000000, -1.000000000000000000 ) ) ;
#183 = ORIENTED_EDGE ( 'NONE', *, *, #3295, .T. ) ;
#184 = CARTESIAN_POINT ( 'NONE',  ( -2.442149606563560393, -3.252606517456513302E-16, 1.112500000000000044 ) ) ;
#185 = FACE_OUTER_BOUND ( 'NONE', #3138, .T. ) ;
#186 = VECTOR ( 'NONE', #2822, 1000.000000000000000 ) ;
#187 = EDGE_CURVE ( 'NONE', #3911, #2839, #32, .T. ) ;
#188 = CARTESIAN_POINT ( 'NONE',  ( -2.220628408349885508, 0.3470691699717879941, 0.8374999999999999112 ) ) ;
#189 = DIRECTION ( 'NONE',  ( -1.000000000000000000, 0.000000000000000000, 0.000000000000000000 ) ) ;
#190 = CIRCLE ( 'NONE', #3453, 0.3349999999999893618 ) ;
#191 = VERTEX_POINT ( 'NONE', #930 ) ;
#192 = CYLINDRICAL_SURFACE ( 'NONE', #2972, 0.3349999999999893618 ) ;
#193 = ORIENTED_EDGE ( 'NONE', *, *, #3393, .T. ) ;
#194 = LINE ( 'NONE', #1462, #828 ) ;
#195 = CARTESIAN_POINT ( 'NONE',  ( -1.500000000000000444, 0.5500000000000053735, -1.112500000000000044 ) ) ;
#196 = LINE ( 'NONE', #2491, #1316 ) ;
#197 = DIRECTION ( 'NONE',  ( -0.05233595624293624349, -0.9986295347545742773, 0.000000000000000000 ) ) ;
#198 = PLANE ( 'NONE',  #353 ) ;
#199 = ORIENTED_EDGE ( 'NONE', *, *, #1689, .T. ) ;
#200 = EDGE_CURVE ( 'NONE', #2839, #3093, #2197, .T. ) ;
#201 = DIRECTION ( 'NONE',  ( 0.000000000000000000, 0.000000000000000000, -1.000000000000000000 ) ) ;
#202 = ORIENTED_EDGE ( 'NONE', *, *, #2238, .F. ) ;
#203 = CARTESIAN_POINT ( 'NONE',  ( -1.992520253732025237, 0.4620691699717939804, 1.112500000000000044 ) ) ;
#204 = DIRECTION ( 'NONE',  ( -0.9570997264175991059, -0.2897587163337057570, 0.000000000000000000 ) ) ;
#205 = EDGE_CURVE ( 'NONE', #2025, #2048, #953, .T. ) ;
#206 = VECTOR ( 'NONE', #4007, 1000.000000000000000 ) ;
#207 = VERTEX_POINT ( 'NONE', #624 ) ;
#208 = DIRECTION ( 'NONE',  ( 0.9986295347545742773, 0.05233595624293624349, -0.000000000000000000 ) ) ;
#209 = LINE ( 'NONE', #4017, #2371 ) ;
#210 = ORIENTED_EDGE ( 'NONE', *, *, #1968, .T. ) ;
#211 = EDGE_CURVE ( 'NONE', #1184, #2274, #686, .T. ) ;
#212 = PLANE ( 'NONE',  #791 ) ;
#213 = EDGE_LOOP ( 'NONE', ( #3391, #3210, #1032, #2926 ) ) ;
#214 = CARTESIAN_POINT ( 'NONE',  ( 2.210946256444942470, 0.1623227060421919277, 0.4625000000000000222 ) ) ;
#215 = SURFACE_SIDE_STYLE ('',( #601 ) ) ;
#216 = CARTESIAN_POINT ( 'NONE',  ( 1.500000000000000444, 0.5500000000000053735, 0.1874999999999999445 ) ) ;
#217 = CARTESIAN_POINT ( 'NONE',  ( 2.210946256444942470, 0.1623227060421919277, 0.8374999999999999112 ) ) ;
#218 = PLANE ( 'NONE',  #872 ) ;
#219 = EDGE_CURVE ( 'NONE', #2411, #1855, #1887, .T. ) ;
#220 = CARTESIAN_POINT ( 'NONE',  ( -1.671891845382139419, 0.5500000000000053735, 0.4625000000000000222 ) ) ;
#221 = EDGE_CURVE ( 'NONE', #2255, #3169, #3144, .T. ) ;
#222 = VERTEX_POINT ( 'NONE', #2844 ) ;
#223 = CARTESIAN_POINT ( 'NONE',  ( -1.671891845382139641, 0.3650000000000053757, 0.8374999999999999112 ) ) ;
#224 = ORIENTED_EDGE ( 'NONE', *, *, #2064, .T. ) ;
#225 = PRODUCT_DEFINITION_CONTEXT ( 'detailed design', #543, 'design' ) ;
#226 = AXIS2_PLACEMENT_3D ( 'NONE', #1947, #2169, #365 ) ;
#227 = LINE ( 'NONE', #1792, #3966 ) ;
#228 = DIRECTION ( 'NONE',  ( 0.000000000000000000, -0.000000000000000000, 1.000000000000000000 ) ) ;
#229 = VERTEX_POINT ( 'NONE', #4109 ) ;
#230 = ORIENTED_EDGE ( 'NONE', *, *, #2670, .F. ) ;
#231 = CARTESIAN_POINT ( 'NONE',  ( -1.500000000000000444, 0.5500000000000053735, -0.4625000000000000222 ) ) ;
#232 = EDGE_LOOP ( 'NONE', ( #3999, #909, #2773, #1439 ) ) ;
#233 = DIRECTION ( 'NONE',  ( 0.000000000000000000, 0.000000000000000000, 1.000000000000000000 ) ) ;
#234 = DIRECTION ( 'NONE',  ( -0.05233595624293647941, -0.9986295347545742773, 0.000000000000000000 ) ) ;
#235 = CARTESIAN_POINT ( 'NONE',  ( 1.500000000000000444, 0.6999999999999948486, 0.4625000000000000222 ) ) ;
#236 = FACE_OUTER_BOUND ( 'NONE', #3365, .T. ) ;
#237 = DIRECTION ( 'NONE',  ( -0.000000000000000000, -0.000000000000000000, -1.000000000000000000 ) ) ;
#238 = ORIENTED_EDGE ( 'NONE', *, *, #1814, .T. ) ;
#239 = APPLICATION_PROTOCOL_DEFINITION ( 'draft international standard', 'automotive_design', 1998, #543 ) ;
#240 = DIRECTION ( 'NONE',  ( 0.2897587163337057570, -0.9570997264175991059, 0.000000000000000000 ) ) ;
#241 = ORIENTED_EDGE ( 'NONE', *, *, #1633, .T. ) ;
#242 = VECTOR ( 'NONE', #1022, 1000.000000000000000 ) ;
#243 = FACE_OUTER_BOUND ( 'NONE', #3830, .T. ) ;
#244 = CIRCLE ( 'NONE', #386, 0.1849999999999998312 ) ;
#245 = AXIS2_PLACEMENT_3D ( 'NONE', #2733, #3431, #2158 ) ;
#246 = EDGE_LOOP ( 'NONE', ( #3554, #1983, #1110, #477 ) ) ;
#247 = VECTOR ( 'NONE', #1039, 1000.000000000000000 ) ;
#248 = PLANE ( 'NONE',  #2712 ) ;
#249 = DIRECTION ( 'NONE',  ( 0.05233595624293647941, -0.9986295347545742773, 0.000000000000000000 ) ) ;
#250 = ORIENTED_EDGE ( 'NONE', *, *, #1680, .T. ) ;
#251 = DIRECTION ( 'NONE',  ( 0.05233595624293681942, 0.9986295347545742773, -0.000000000000000000 ) ) ;
#252 = ORIENTED_EDGE ( 'NONE', *, *, #3760, .F. ) ;
#253 = DIRECTION ( 'NONE',  ( -0.000000000000000000, -0.000000000000000000, -1.000000000000000000 ) ) ;
#254 = ORIENTED_EDGE ( 'NONE', *, *, #169, .F. ) ;
#255 = VECTOR ( 'NONE', #3139, 1000.000000000000000 ) ;
#256 = DIRECTION ( 'NONE',  ( 0.9986295347545742773, 0.05233595624293681248, 0.000000000000000000 ) ) ;
#257 = VECTOR ( 'NONE', #2009, 1000.000000000000000 ) ;
#258 = UNCERTAINTY_MEASURE_WITH_UNIT (LENGTH_MEASURE( 1.000000000000000082E-05 ), #2973, 'distance_accuracy_value', 'NONE');
#259 = CARTESIAN_POINT ( 'NONE',  ( 2.203095863008502686, 0.01252827582901618921, -0.1874999999999999445 ) ) ;
#260 = DIRECTION ( 'NONE',  ( -0.000000000000000000, 0.000000000000000000, -1.000000000000000000 ) ) ;
#261 = VECTOR ( 'NONE', #776, 1000.000000000000000 ) ;
#262 = CARTESIAN_POINT ( 'NONE',  ( 1.900000000000000133, 0.2499999999999994726, -0.8374999999999999112 ) ) ;
#263 = AXIS2_PLACEMENT_3D ( 'NONE', #1970, #339, #1938 ) ;
#264 = PLANE ( 'NONE',  #3009 ) ;
#265 = VERTEX_POINT ( 'NONE', #1263 ) ;
#266 = LINE ( 'NONE', #4009, #4101 ) ;
#267 = VERTEX_POINT ( 'NONE', #1598 ) ;
#268 = VECTOR ( 'NONE', #3919, 1000.000000000000000 ) ;
#269 = CARTESIAN_POINT ( 'NONE',  ( -1.100000000000000311, 1.050000000000000044, -1.099999999999999867 ) ) ;
#270 = VECTOR ( 'NONE', #2998, 1000.000000000000000 ) ;
#271 = LINE ( 'NONE', #941, #319 ) ;
#272 = EDGE_CURVE ( 'NONE', #551, #2018, #2539, .T. ) ;
#273 = CARTESIAN_POINT ( 'NONE',  ( -2.043564958962630129, 0.2934638074500523497, 1.112500000000000044 ) ) ;
#274 = ORIENTED_EDGE ( 'NONE', *, *, #2552, .T. ) ;
#275 = VECTOR ( 'NONE', #3100, 1000.000000000000000 ) ;
#276 = DIRECTION ( 'NONE',  ( -0.000000000000000000, 0.000000000000000000, -1.000000000000000000 ) ) ;
#277 = EDGE_LOOP ( 'NONE', ( #1571, #2390, #274, #3962, #705, #2504, #4064, #3090, #3048, #348, #3040, #1852 ) ) ;
#278 = DIRECTION ( 'NONE',  ( -0.000000000000000000, -0.000000000000000000, -1.000000000000000000 ) ) ;
#279 = ORIENTED_EDGE ( 'NONE', *, *, #1633, .F. ) ;
#280 = EDGE_CURVE ( 'NONE', #880, #1614, #3490, .T. ) ;
#281 = CARTESIAN_POINT ( 'NONE',  ( -0.000000000000000000, 1.100000000000000089, -1.367820323027549190 ) ) ;
#282 = LINE ( 'NONE', #1554, #63 ) ;
#283 = SURFACE_STYLE_FILL_AREA ( #1865 ) ;
#284 = MANIFOLD_SOLID_BREP ( 'Boss-Extrude3[1]', #2686 ) ;
#285 = CARTESIAN_POINT ( 'NONE',  ( -1.992520253732025237, 0.4620691699717940359, -0.8374999999999999112 ) ) ;
#286 = SURFACE_SIDE_STYLE ('',( #4071 ) ) ;
#287 = ADVANCED_FACE ( 'NONE', ( #2013 ), #416, .T. ) ;
#288 = CYLINDRICAL_SURFACE ( 'NONE', #1655, 0.3349999999999893618 ) ;
#289 = VERTEX_POINT ( 'NONE', #3571 ) ;
#290 = CARTESIAN_POINT ( 'NONE',  ( 1.848955294769395463, 0.4186053625217409091, -0.1874999999999999445 ) ) ;
#291 = VERTEX_POINT ( 'NONE', #2937 ) ;
#292 = CARTESIAN_POINT ( 'NONE',  ( -1.500000000000000444, 0.6999999999999948486, -1.112500000000000044 ) ) ;
#293 = VECTOR ( 'NONE', #3036, 1000.000000000000000 ) ;
#294 = ORIENTED_EDGE ( 'NONE', *, *, #211, .T. ) ;
#295 = DIRECTION ( 'NONE',  ( 1.000000000000000000, 6.307467175508965595E-16, -0.000000000000000000 ) ) ;
#296 = DIRECTION ( 'NONE',  ( -0.000000000000000000, -0.000000000000000000, -1.000000000000000000 ) ) ;
#297 = EDGE_LOOP ( 'NONE', ( #3353, #3570, #1268, #183 ) ) ;
#298 = DIRECTION ( 'NONE',  ( -0.000000000000000000, -0.000000000000000000, -1.000000000000000000 ) ) ;
#299 = ORIENTED_EDGE ( 'NONE', *, *, #1269, .F. ) ;
#300 = VECTOR ( 'NONE', #820, 1000.000000000000000 ) ;
#301 = CARTESIAN_POINT ( 'NONE',  ( 2.043564958962630129, 0.2934638074500524052, 0.1874999999999999445 ) ) ;
#302 = VERTEX_POINT ( 'NONE', #394 ) ;
#303 = ADVANCED_FACE ( 'NONE', ( #82 ), #1115, .F. ) ;
#304 = CARTESIAN_POINT ( 'NONE',  ( 2.442149606563560393, -3.252606517456513302E-16, -0.8374999999999999112 ) ) ;
#305 = EDGE_CURVE ( 'NONE', #2208, #1184, #3886, .T. ) ;
#306 = CARTESIAN_POINT ( 'NONE',  ( -1.500000000000000444, 0.5500000000000053735, 0.4625000000000000222 ) ) ;
#307 = CARTESIAN_POINT ( 'NONE',  ( 1.671891845382139641, 0.3650000000000053757, 1.112500000000000044 ) ) ;
#308 = EDGE_CURVE ( 'NONE', #2704, #682, #3624, .T. ) ;
#309 = DIRECTION ( 'NONE',  ( 0.000000000000000000, 1.000000000000000000, 0.000000000000000000 ) ) ;
#310 = DIRECTION ( 'NONE',  ( 0.05233595624293647941, -0.9986295347545742773, 0.000000000000000000 ) ) ;
#311 = EDGE_CURVE ( 'NONE', #1277, #1090, #3592, .T. ) ;
#312 = EDGE_LOOP ( 'NONE', ( #719, #1608, #3217, #101 ) ) ;
#313 = CARTESIAN_POINT ( 'NONE',  ( 1.500000000000000444, 0.5500000000000053735, 1.112500000000000044 ) ) ;
#314 = CARTESIAN_POINT ( 'NONE',  ( 2.442149606563560393, -3.252606517456513302E-16, 1.112500000000000044 ) ) ;
#315 = ORIENTED_EDGE ( 'NONE', *, *, #4019, .F. ) ;
#316 = DIRECTION ( 'NONE',  ( -0.000000000000000000, -0.000000000000000000, -1.000000000000000000 ) ) ;
#317 = ADVANCED_FACE ( 'NONE', ( #2305 ), #2345, .T. ) ;
#318 = CARTESIAN_POINT ( 'NONE',  ( -2.442149606563560393, -3.252606517456513302E-16, 0.4625000000000000222 ) ) ;
#319 = VECTOR ( 'NONE', #295, 1000.000000000000000 ) ;
#320 = ORIENTED_EDGE ( 'NONE', *, *, #3268, .T. ) ;
#321 = AXIS2_PLACEMENT_3D ( 'NONE', #3465, #298, #2838 ) ;
#322 = CYLINDRICAL_SURFACE ( 'NONE', #321, 0.3349999999999893618 ) ;
#323 = ORIENTED_EDGE ( 'NONE', *, *, #219, .T. ) ;
#324 = CIRCLE ( 'NONE', #2656, 0.1849999999999998312 ) ;
#325 = LINE ( 'NONE', #924, #2183 ) ;
#326 = EDGE_LOOP ( 'NONE', ( #2760, #1824, #3307, #1936 ) ) ;
#327 = PLANE ( 'NONE',  #3114 ) ;
#328 = CARTESIAN_POINT ( 'NONE',  ( -2.442149606563560393, -3.252606517456513302E-16, -0.4625000000000000222 ) ) ;
#329 = FILL_AREA_STYLE_COLOUR ( '', #2939 ) ;
#330 = AXIS2_PLACEMENT_3D ( 'NONE', #539, #2724, #3078 ) ;
#331 = FACE_OUTER_BOUND ( 'NONE', #2641, .T. ) ;
#332 = FILL_AREA_STYLE_COLOUR ( '', #3319 ) ;
#333 = VECTOR ( 'NONE', #2471, 1000.000000000000000 ) ;
#334 = ORIENTED_EDGE ( 'NONE', *, *, #3231, .T. ) ;
#335 = AXIS2_PLACEMENT_3D ( 'NONE', #1663, #3498, #1307 ) ;
#336 = EDGE_CURVE ( 'NONE', #695, #2414, #4058, .T. ) ;
#337 = CARTESIAN_POINT ( 'NONE',  ( -1.474999999999999645, 0.6999999999999948486, 1.475000000000000533 ) ) ;
#338 = ORIENTED_EDGE ( 'NONE', *, *, #3568, .F. ) ;
#339 = DIRECTION ( 'NONE',  ( 0.000000000000000000, -1.000000000000000000, 0.000000000000000000 ) ) ;
#340 = EDGE_CURVE ( 'NONE', #2274, #3575, #2935, .T. ) ;
#341 = ADVANCED_FACE ( 'NONE', ( #158 ), #435, .T. ) ;
#342 = ORIENTED_EDGE ( 'NONE', *, *, #3305, .T. ) ;
#343 = CARTESIAN_POINT ( 'NONE',  ( 1.848955294769395463, 0.4186053625217409091, -0.8374999999999999112 ) ) ;
#344 = EDGE_CURVE ( 'NONE', #2461, #376, #3610, .T. ) ;
#345 = ORIENTED_EDGE ( 'NONE', *, *, #3268, .F. ) ;
#346 = ORIENTED_EDGE ( 'NONE', *, *, #2657, .F. ) ;
#347 = DIRECTION ( 'NONE',  ( -1.000000000000000000, 0.000000000000000000, 0.000000000000000000 ) ) ;
#348 = ORIENTED_EDGE ( 'NONE', *, *, #3086, .T. ) ;
#349 = CARTESIAN_POINT ( 'NONE',  ( -2.450000000000000178, 0.1497944302131754835, 1.112500000000000044 ) ) ;
#350 = CARTESIAN_POINT ( 'NONE',  ( -2.210946256444942470, 0.1623227060421919554, -0.8374999999999999112 ) ) ;
#351 = DIRECTION ( 'NONE',  ( -0.000000000000000000, -0.000000000000000000, -1.000000000000000000 ) ) ;
#352 = EDGE_CURVE ( 'NONE', #724, #1056, #3303, .T. ) ;
#353 = AXIS2_PLACEMENT_3D ( 'NONE', #3361, #2138, #1448 ) ;
#354 = CARTESIAN_POINT ( 'NONE',  ( 2.442149606563560393, -3.252606517456513302E-16, 0.1874999999999999445 ) ) ;
#355 = DIRECTION ( 'NONE',  ( 0.9986295347545742773, 0.05233595624293647941, 0.000000000000000000 ) ) ;
#356 = VERTEX_POINT ( 'NONE', #139 ) ;
#357 = EDGE_CURVE ( 'NONE', #3213, #399, #1410, .T. ) ;
#358 = CARTESIAN_POINT ( 'NONE',  ( -1.992520253732025237, 0.4620691699717939804, -0.1874999999999999445 ) ) ;
#359 = CARTESIAN_POINT ( 'NONE',  ( -2.220628408349885508, 0.3470691699717879941, -1.112500000000000044 ) ) ;
#360 = EDGE_CURVE ( 'NONE', #75, #2018, #2054, .T. ) ;
#361 = ORIENTED_EDGE ( 'NONE', *, *, #842, .F. ) ;
#362 = DIRECTION ( 'NONE',  ( -0.2897587163337060345, -0.9570997264175989949, 0.000000000000000000 ) ) ;
#363 = VERTEX_POINT ( 'NONE', #217 ) ;
#364 = ORIENTED_EDGE ( 'NONE', *, *, #1680, .F. ) ;
#365 = DIRECTION ( 'NONE',  ( 0.000000000000000000, -0.000000000000000000, -1.000000000000000000 ) ) ;
#366 = LINE ( 'NONE', #1963, #3129 ) ;
#367 = LINE ( 'NONE', #602, #186 ) ;
#368 = CYLINDRICAL_SURFACE ( 'NONE', #1042, 0.1250000000000000000 ) ;
#369 = DIRECTION ( 'NONE',  ( -0.000000000000000000, -0.000000000000000000, -1.000000000000000000 ) ) ;
#370 = SURFACE_STYLE_USAGE ( .BOTH. , #2873 ) ;
#371 = VECTOR ( 'NONE', #600, 1000.000000000000000 ) ;
#372 = EDGE_CURVE ( 'NONE', #2037, #810, #843, .T. ) ;
#373 = ORIENTED_EDGE ( 'NONE', *, *, #3412, .T. ) ;
#374 = DIRECTION ( 'NONE',  ( -0.2505628070857320866, -0.9351131265310290708, 0.2505628070857320866 ) ) ;
#375 = CARTESIAN_POINT ( 'NONE',  ( 2.442149606563560393, -3.252606517456513302E-16, 0.4625000000000000222 ) ) ;
#376 = VERTEX_POINT ( 'NONE', #262 ) ;
#377 = CARTESIAN_POINT ( 'NONE',  ( 1.500000000000000444, 0.5500000000000053735, 0.4625000000000000222 ) ) ;
#378 = ORIENTED_EDGE ( 'NONE', *, *, #89, .F. ) ;
#379 = ORIENTED_EDGE ( 'NONE', *, *, #2105, .F. ) ;
#380 = VECTOR ( 'NONE', #2962, 1000.000000000000000 ) ;
#381 = DIRECTION ( 'NONE',  ( 1.000000000000000000, 0.000000000000000000, 0.000000000000000000 ) ) ;
#382 = AXIS2_PLACEMENT_3D ( 'NONE', #2876, #3785, #1641 ) ;
#383 = CARTESIAN_POINT ( 'NONE',  ( -2.220628408349885508, 0.3470691699717879941, 1.112500000000000044 ) ) ;
#384 = ORIENTED_EDGE ( 'NONE', *, *, #344, .T. ) ;
#385 = EDGE_CURVE ( 'NONE', #950, #810, #1202, .T. ) ;
#386 = AXIS2_PLACEMENT_3D ( 'NONE', #3181, #3834, #1863 ) ;
#387 = VECTOR ( 'NONE', #2718, 1000.000000000000000 ) ;
#388 = LINE ( 'NONE', #1676, #3649 ) ;
#389 = EDGE_LOOP ( 'NONE', ( #180, #3250, #4035, #474, #111, #3972, #1712, #1828, #3363, #1158, #2441, #553 ) ) ;
#390 = CARTESIAN_POINT ( 'NONE',  ( 2.442149606563560393, -3.252606517456513302E-16, 0.4625000000000000222 ) ) ;
#391 = CIRCLE ( 'NONE', #3776, 0.3349999999999893618 ) ;
#392 = VECTOR ( 'NONE', #3097, 1000.000000000000000 ) ;
#393 = ORIENTED_EDGE ( 'NONE', *, *, #1493, .T. ) ;
#394 = CARTESIAN_POINT ( 'NONE',  ( 1.671891845382139419, 0.5500000000000054845, 0.4625000000000000222 ) ) ;
#395 = CARTESIAN_POINT ( 'NONE',  ( -1.500000000000000444, 0.6999999999999948486, 0.1874999999999999445 ) ) ;
#396 = VECTOR ( 'NONE', #3004, 1000.000000000000000 ) ;
#397 = VECTOR ( 'NONE', #4112, 1000.000000000000000 ) ;
#398 = CARTESIAN_POINT ( 'NONE',  ( 2.442149606563560393, -3.252606517456513302E-16, -0.8374999999999999112 ) ) ;
#399 = VERTEX_POINT ( 'NONE', #866 ) ;
#400 = AXIS2_PLACEMENT_3D ( 'NONE', #269, #3411, #2809 ) ;
#401 = PLANE ( 'NONE',  #1176 ) ;
#402 = ORIENTED_EDGE ( 'NONE', *, *, #2107, .T. ) ;
#403 = ORIENTED_EDGE ( 'NONE', *, *, #1069, .T. ) ;
#404 = EDGE_CURVE ( 'NONE', #229, #3420, #2289, .T. ) ;
#405 = FACE_OUTER_BOUND ( 'NONE', #1096, .T. ) ;
#406 = CARTESIAN_POINT ( 'NONE',  ( -2.210946256444942470, 0.1623227060421919277, -0.1874999999999999445 ) ) ;
#407 = ORIENTED_EDGE ( 'NONE', *, *, #3680, .T. ) ;
#408 = DIRECTION ( 'NONE',  ( -0.05233595624293681942, 0.9986295347545742773, 0.000000000000000000 ) ) ;
#409 = EDGE_LOOP ( 'NONE', ( #1479, #1836, #2412, #2295 ) ) ;
#410 = CARTESIAN_POINT ( 'NONE',  ( 2.450000000000000178, 0.1497944302131754835, -0.1874999999999999445 ) ) ;
#411 = CARTESIAN_POINT ( 'NONE',  ( 1.671891845382139419, 0.5500000000000054845, -0.4625000000000000222 ) ) ;
#412 = EDGE_LOOP ( 'NONE', ( #3791, #3523, #1374, #3475 ) ) ;
#413 = EDGE_LOOP ( 'NONE', ( #1008, #2430, #1459, #1876 ) ) ;
#414 = VECTOR ( 'NONE', #237, 1000.000000000000000 ) ;
#415 = EDGE_CURVE ( 'NONE', #2978, #151, #3646, .T. ) ;
#416 = CYLINDRICAL_SURFACE ( 'NONE', #73, 0.3349999999999893618 ) ;
#417 = CARTESIAN_POINT ( 'NONE',  ( 2.220628408349885508, 0.3470691699717879941, -1.112500000000000044 ) ) ;
#418 = ORIENTED_EDGE ( 'NONE', *, *, #2805, .T. ) ;
#419 = DIRECTION ( 'NONE',  ( 0.000000000000000000, 1.000000000000000000, 0.000000000000000000 ) ) ;
#420 = ORIENTED_EDGE ( 'NONE', *, *, #655, .F. ) ;
#421 = LINE ( 'NONE', #1687, #380 ) ;
#422 = ORIENTED_EDGE ( 'NONE', *, *, #372, .T. ) ;
#423 = ORIENTED_EDGE ( 'NONE', *, *, #1330, .F. ) ;
#424 = ADVANCED_FACE ( 'NONE', ( #561 ), #3735, .F. ) ;
#425 = DIRECTION ( 'NONE',  ( -0.000000000000000000, -0.000000000000000000, -1.000000000000000000 ) ) ;
#426 = LINE ( 'NONE', #3010, #1052 ) ;
#427 = ORIENTED_EDGE ( 'NONE', *, *, #2435, .T. ) ;
#428 = EDGE_CURVE ( 'NONE', #29, #1254, #807, .T. ) ;
#429 = DIRECTION ( 'NONE',  ( -0.000000000000000000, -0.000000000000000000, -1.000000000000000000 ) ) ;
#430 = ORIENTED_EDGE ( 'NONE', *, *, #1814, .F. ) ;
#431 = CARTESIAN_POINT ( 'NONE',  ( 1.500000000000000444, 0.5500000000000053735, 0.1874999999999999445 ) ) ;
#432 = FACE_OUTER_BOUND ( 'NONE', #859, .T. ) ;
#433 = ORIENTED_EDGE ( 'NONE', *, *, #1728, .T. ) ;
#434 = VERTEX_POINT ( 'NONE', #3059 ) ;
#435 = CYLINDRICAL_SURFACE ( 'NONE', #1535, 0.3349999999999893618 ) ;
#436 = AXIS2_PLACEMENT_3D ( 'NONE', #1773, #2062, #2151 ) ;
#437 = CARTESIAN_POINT ( 'NONE',  ( -1.671891845382139641, 0.3650000000000053757, 0.4625000000000000222 ) ) ;
#438 = EDGE_CURVE ( 'NONE', #2411, #3196, #2763, .T. ) ;
#439 =( NAMED_UNIT ( * ) SI_UNIT ( $, .STERADIAN. ) SOLID_ANGLE_UNIT ( ) );
#440 = ADVANCED_FACE ( 'NONE', ( #236 ), #1467, .F. ) ;
#441 = VERTEX_POINT ( 'NONE', #498 ) ;
#442 = CARTESIAN_POINT ( 'NONE',  ( 2.043564958962630129, 0.2934638074500524052, -0.1874999999999999445 ) ) ;
#443 = CARTESIAN_POINT ( 'NONE',  ( 1.671891845382139641, 0.3650000000000053757, 0.4625000000000000222 ) ) ;
#444 = ORIENTED_EDGE ( 'NONE', *, *, #1595, .T. ) ;
#445 = AXIS2_PLACEMENT_3D ( 'NONE', #554, #3336, #2775 ) ;
#446 = FACE_OUTER_BOUND ( 'NONE', #1969, .T. ) ;
#447 = DIRECTION ( 'NONE',  ( -0.000000000000000000, -0.000000000000000000, -1.000000000000000000 ) ) ;
#448 = ORIENTED_EDGE ( 'NONE', *, *, #221, .F. ) ;
#449 = VECTOR ( 'NONE', #1310, 1000.000000000000000 ) ;
#450 = CARTESIAN_POINT ( 'NONE',  ( -2.210946256444942470, 0.1623227060421919277, 0.8374999999999999112 ) ) ;
#451 = FACE_OUTER_BOUND ( 'NONE', #1273, .T. ) ;
#452 = CARTESIAN_POINT ( 'NONE',  ( 1.500000000000000444, 0.5500000000000053735, -0.1874999999999999445 ) ) ;
#453 = VECTOR ( 'NONE', #1403, 1000.000000000000000 ) ;
#454 = VECTOR ( 'NONE', #550, 1000.000000000000000 ) ;
#455 =( NAMED_UNIT ( * ) SI_UNIT ( $, .STERADIAN. ) SOLID_ANGLE_UNIT ( ) );
#456 = FACE_OUTER_BOUND ( 'NONE', #850, .T. ) ;
#457 = ORIENTED_EDGE ( 'NONE', *, *, #4087, .T. ) ;
#458 = FACE_OUTER_BOUND ( 'NONE', #681, .T. ) ;
#459 = ORIENTED_EDGE ( 'NONE', *, *, #2711, .T. ) ;
#460 = EDGE_CURVE ( 'NONE', #3327, #2707, #4070, .T. ) ;
#461 = VECTOR ( 'NONE', #2651, 999.9999999999998863 ) ;
#462 = PLANE ( 'NONE',  #3253 ) ;
#463 = AXIS2_PLACEMENT_3D ( 'NONE', #2736, #3994, #832 ) ;
#464 = EDGE_CURVE ( 'NONE', #4018, #3125, #4024, .T. ) ;
#465 = CARTESIAN_POINT ( 'NONE',  ( 1.671891845382139419, 0.5500000000000054845, 0.1874999999999999445 ) ) ;
#466 = AXIS2_PLACEMENT_3D ( 'NONE', #641, #1573, #4108 ) ;
#467 = CIRCLE ( 'NONE', #2789, 0.1250000000000000000 ) ;
#468 = EDGE_CURVE ( 'NONE', #2454, #291, #2154, .T. ) ;
#469 = FACE_OUTER_BOUND ( 'NONE', #710, .T. ) ;
#470 = DIRECTION ( 'NONE',  ( -0.9659258262890689783, -0.2588190451025183525, 0.000000000000000000 ) ) ;
#471 = ORIENTED_EDGE ( 'NONE', *, *, #1857, .T. ) ;
#472 = AXIS2_PLACEMENT_3D ( 'NONE', #2038, #3237, #1323 ) ;
#473 = CARTESIAN_POINT ( 'NONE',  ( -1.100000000000000311, 1.100000000000000089, -1.224999999999999867 ) ) ;
#474 = ORIENTED_EDGE ( 'NONE', *, *, #2979, .F. ) ;
#475 = DIRECTION ( 'NONE',  ( -0.9986295347545742773, 0.05233595624293681942, 0.000000000000000000 ) ) ;
#476 = EDGE_CURVE ( 'NONE', #1635, #1498, #3080, .T. ) ;
#477 = ORIENTED_EDGE ( 'NONE', *, *, #336, .F. ) ;
#478 = VERTEX_POINT ( 'NONE', #4006 ) ;
#479 = CARTESIAN_POINT ( 'NONE',  ( 2.220628408349885508, 0.3470691699717879941, 1.112500000000000044 ) ) ;
#480 = DIRECTION ( 'NONE',  ( -1.000000000000000000, 0.000000000000000000, 0.000000000000000000 ) ) ;
#481 = ORIENTED_EDGE ( 'NONE', *, *, #3876, .F. ) ;
#482 = DIRECTION ( 'NONE',  ( 6.307467175508965595E-16, 1.000000000000000000, -0.000000000000000000 ) ) ;
#483 = VERTEX_POINT ( 'NONE', #1177 ) ;
#484 = CARTESIAN_POINT ( 'NONE',  ( 2.203095863008502686, 0.01252827582901618921, -1.112500000000000044 ) ) ;
#485 = LINE ( 'NONE', #606, #1986 ) ;
#486 = EDGE_CURVE ( 'NONE', #856, #1449, #1156, .T. ) ;
#487 = VERTEX_POINT ( 'NONE', #2428 ) ;
#488 = CARTESIAN_POINT ( 'NONE',  ( -1.671891845382139641, 0.6999999999999948486, 1.112500000000000044 ) ) ;
#489 = PLANE ( 'NONE',  #2516 ) ;
#490 = ORIENTED_EDGE ( 'NONE', *, *, #2435, .F. ) ;
#491 = EDGE_CURVE ( 'NONE', #2276, #363, #3985, .T. ) ;
#492 = CARTESIAN_POINT ( 'NONE',  ( -1.671891845382139641, 0.3650000000000053757, 1.112500000000000044 ) ) ;
#493 = ORIENTED_EDGE ( 'NONE', *, *, #1539, .F. ) ;
#494 = FACE_OUTER_BOUND ( 'NONE', #213, .T. ) ;
#495 = LINE ( 'NONE', #3922, #1455 ) ;
#496 = DIRECTION ( 'NONE',  ( -0.000000000000000000, -0.000000000000000000, -1.000000000000000000 ) ) ;
#497 = AXIS2_PLACEMENT_3D ( 'NONE', #516, #1536, #2803 ) ;
#498 = CARTESIAN_POINT ( 'NONE',  ( 1.367820323027549412, 1.100000000000000089, -1.367820323027549190 ) ) ;
#499 = LINE ( 'NONE', #3572, #1527 ) ;
#500 = EDGE_CURVE ( 'NONE', #2319, #1356, #3665, .T. ) ;
#501 = EDGE_LOOP ( 'NONE', ( #555, #2464, #661, #3991 ) ) ;
#502 = VECTOR ( 'NONE', #933, 1000.000000000000000 ) ;
#503 = EDGE_LOOP ( 'NONE', ( #2483, #1029, #1915, #1960 ) ) ;
#504 = DIRECTION ( 'NONE',  ( 1.000000000000000000, 0.000000000000000000, 0.000000000000000000 ) ) ;
#505 = CARTESIAN_POINT ( 'NONE',  ( 1.499999999999999112, 0.1499999999999999944, -1.392820323027550433 ) ) ;
#506 = ORIENTED_EDGE ( 'NONE', *, *, #887, .F. ) ;
#507 = FACE_OUTER_BOUND ( 'NONE', #1530, .T. ) ;
#508 = CARTESIAN_POINT ( 'NONE',  ( -2.210946256444942470, 0.1623227060421919277, -0.1874999999999999445 ) ) ;
#509 = EDGE_LOOP ( 'NONE', ( #1813, #18, #3441, #3380 ) ) ;
#510 = PLANE ( 'NONE',  #651 ) ;
#511 = ORIENTED_EDGE ( 'NONE', *, *, #965, .F. ) ;
#512 = DIRECTION ( 'NONE',  ( -0.000000000000000000, 1.000000000000000000, -0.000000000000000000 ) ) ;
#513 = EDGE_CURVE ( 'NONE', #2414, #695, #2489, .T. ) ;
#514 = CARTESIAN_POINT ( 'NONE',  ( 2.210946256444942470, 0.1623227060421919277, -0.1874999999999999445 ) ) ;
#515 = CARTESIAN_POINT ( 'NONE',  ( -1.992520253732025237, 0.4620691699717940359, -0.1874999999999999445 ) ) ;
#516 = CARTESIAN_POINT ( 'NONE',  ( -1.671891845382139641, 0.3650000000000053757, -1.112500000000000044 ) ) ;
#517 = DIRECTION ( 'NONE',  ( -1.000000000000000000, 0.000000000000000000, 0.000000000000000000 ) ) ;
#518 = CIRCLE ( 'NONE', #2101, 0.3349999999999893618 ) ;
#519 = VECTOR ( 'NONE', #1879, 1000.000000000000000 ) ;
#520 = ORIENTED_EDGE ( 'NONE', *, *, #2860, .T. ) ;
#521 = ORIENTED_EDGE ( 'NONE', *, *, #887, .T. ) ;
#522 = VECTOR ( 'NONE', #2420, 1000.000000000000000 ) ;
#523 = DIRECTION ( 'NONE',  ( 1.000000000000000000, 0.000000000000000000, 0.000000000000000000 ) ) ;
#524 = ORIENTED_EDGE ( 'NONE', *, *, #2210, .F. ) ;
#525 = DIRECTION ( 'NONE',  ( -1.000000000000000000, 0.000000000000000000, 0.000000000000000000 ) ) ;
#526 = CARTESIAN_POINT ( 'NONE',  ( 1.992520253732025237, 0.4620691699717939804, 0.4625000000000000222 ) ) ;
#527 = ADVANCED_FACE ( 'NONE', ( #3186 ), #3754, .T. ) ;
#528 = VECTOR ( 'NONE', #2994, 1000.000000000000000 ) ;
#529 = DIRECTION ( 'NONE',  ( 0.05233595624293625043, -0.9986295347545743883, 0.000000000000000000 ) ) ;
#530 = CARTESIAN_POINT ( 'NONE',  ( 2.220628408349885508, 0.3470691699717879941, -0.8374999999999999112 ) ) ;
#531 = ORIENTED_EDGE ( 'NONE', *, *, #3594, .T. ) ;
#532 =( GEOMETRIC_REPRESENTATION_CONTEXT ( 3 ) GLOBAL_UNCERTAINTY_ASSIGNED_CONTEXT ( ( #2133 ) ) GLOBAL_UNIT_ASSIGNED_CONTEXT ( ( #2302, #117, #1441 ) ) REPRESENTATION_CONTEXT ( 'NONE', 'WORKASPACE' ) );
#533 = AXIS2_PLACEMENT_3D ( 'NONE', #4011, #3692, #831 ) ;
#534 = EDGE_CURVE ( 'NONE', #3199, #1498, #3801, .T. ) ;
#535 = CARTESIAN_POINT ( 'NONE',  ( -2.450000000000000178, 0.1497944302131754835, -0.8374999999999999112 ) ) ;
#536 = ORIENTED_EDGE ( 'NONE', *, *, #1, .T. ) ;
#537 = CARTESIAN_POINT ( 'NONE',  ( 2.450000000000000178, 0.1497944302131754835, 0.4625000000000000222 ) ) ;
#538 = FILL_AREA_STYLE ('',( #2746 ) ) ;
#539 = CARTESIAN_POINT ( 'NONE',  ( -1.900000000000000133, 0.2499999999999994726, 0.4625000000000000222 ) ) ;
#540 = EDGE_CURVE ( 'NONE', #291, #730, #1376, .T. ) ;
#541 = DIRECTION ( 'NONE',  ( -0.000000000000000000, -0.000000000000000000, -1.000000000000000000 ) ) ;
#542 = PRODUCT_DEFINITION_SHAPE ( 'NONE', 'NONE',  #1370 ) ;
#543 = APPLICATION_CONTEXT ( 'automotive_design' ) ;
#544 = LINE ( 'NONE', #844, #206 ) ;
#545 = ORIENTED_EDGE ( 'NONE', *, *, #1781, .F. ) ;
#546 = CARTESIAN_POINT ( 'NONE',  ( -1.671891845382139419, 0.5500000000000054845, -1.112500000000000044 ) ) ;
#547 = ORIENTED_EDGE ( 'NONE', *, *, #1950, .F. ) ;
#548 = DIRECTION ( 'NONE',  ( 0.000000000000000000, 0.000000000000000000, 1.000000000000000000 ) ) ;
#549 = DIRECTION ( 'NONE',  ( 0.000000000000000000, -0.000000000000000000, 1.000000000000000000 ) ) ;
#550 = DIRECTION ( 'NONE',  ( -0.000000000000000000, -0.000000000000000000, -1.000000000000000000 ) ) ;
#551 = VERTEX_POINT ( 'NONE', #285 ) ;
#552 = ADVANCED_FACE ( 'NONE', ( #331 ), #368, .T. ) ;
#553 = ORIENTED_EDGE ( 'NONE', *, *, #2799, .F. ) ;
#554 = CARTESIAN_POINT ( 'NONE',  ( -1.992520253732025237, 0.4620691699717939804, 0.4625000000000000222 ) ) ;
#555 = ORIENTED_EDGE ( 'NONE', *, *, #2590, .T. ) ;
#556 = DIRECTION ( 'NONE',  ( 0.000000000000000000, 1.000000000000000000, 0.000000000000000000 ) ) ;
#557 = UNCERTAINTY_MEASURE_WITH_UNIT (LENGTH_MEASURE( 1.000000000000000082E-05 ), #729, 'distance_accuracy_value', 'NONE');
#558 = CARTESIAN_POINT ( 'NONE',  ( -2.210946256444942470, 0.1623227060421919554, -0.8374999999999999112 ) ) ;
#559 = VECTOR ( 'NONE', #3883, 1000.000000000000000 ) ;
#560 = DIRECTION ( 'NONE',  ( -1.000000000000000000, 0.000000000000000000, 0.000000000000000000 ) ) ;
#561 = FACE_OUTER_BOUND ( 'NONE', #3584, .T. ) ;
#562 = PRESENTATION_STYLE_ASSIGNMENT (( #3122 ) ) ;
#563 = ORIENTED_EDGE ( 'NONE', *, *, #460, .F. ) ;
#564 = CARTESIAN_POINT ( 'NONE',  ( 2.043564958962630129, 0.2934638074500524052, -1.112500000000000044 ) ) ;
#565 = VERTEX_POINT ( 'NONE', #1911 ) ;
#566 = CARTESIAN_POINT ( 'NONE',  ( 1.500000000000000444, 0.5500000000000053735, -0.1874999999999999445 ) ) ;
#567 = EDGE_LOOP ( 'NONE', ( #2330, #1670, #1759, #444 ) ) ;
#568 = PLANE ( 'NONE',  #2909 ) ;
#569 = CARTESIAN_POINT ( 'NONE',  ( -1.671891845382139641, 0.3650000000000053757, 0.4625000000000000222 ) ) ;
#570 = EDGE_LOOP ( 'NONE', ( #893, #493, #2313, #393 ) ) ;
#571 = DIRECTION ( 'NONE',  ( -0.000000000000000000, -0.000000000000000000, -1.000000000000000000 ) ) ;
#572 = ORIENTED_EDGE ( 'NONE', *, *, #1119, .F. ) ;
#573 = FACE_OUTER_BOUND ( 'NONE', #1419, .T. ) ;
#574 = ORIENTED_EDGE ( 'NONE', *, *, #491, .T. ) ;
#575 = CARTESIAN_POINT ( 'NONE',  ( -2.220628408349885508, 0.3470691699717879941, 1.112500000000000044 ) ) ;
#576 = DIRECTION ( 'NONE',  ( -1.000000000000000000, 0.000000000000000000, 0.000000000000000000 ) ) ;
#577 = CARTESIAN_POINT ( 'NONE',  ( 2.203095863008502686, 0.01252827582901618921, -0.1874999999999999445 ) ) ;
#578 = CARTESIAN_POINT ( 'NONE',  ( 2.450000000000000178, 0.1497944302131754835, 1.112500000000000044 ) ) ;
#579 = FILL_AREA_STYLE ('',( #1203 ) ) ;
#580 = EDGE_LOOP ( 'NONE', ( #779, #3894, #1041, #2551 ) ) ;
#581 = FACE_OUTER_BOUND ( 'NONE', #2061, .T. ) ;
#582 = ORIENTED_EDGE ( 'NONE', *, *, #155, .F. ) ;
#583 = AXIS2_PLACEMENT_3D ( 'NONE', #773, #2629, #1959 ) ;
#584 = DIRECTION ( 'NONE',  ( 0.2897587163337060900, -0.9570997264175991059, -0.000000000000000000 ) ) ;
#585 = AXIS2_PLACEMENT_3D ( 'NONE', #3102, #1806, #1161 ) ;
#586 = AXIS2_PLACEMENT_3D ( 'NONE', #1981, #3895, #381 ) ;
#587 = AXIS2_PLACEMENT_3D ( 'NONE', #3396, #2463, #2399 ) ;
#588 = EDGE_CURVE ( 'NONE', #2229, #1645, #3512, .T. ) ;
#589 = AXIS2_PLACEMENT_3D ( 'NONE', #3612, #770, #2497 ) ;
#590 = DIRECTION ( 'NONE',  ( 0.000000000000000000, 0.000000000000000000, -1.000000000000000000 ) ) ;
#591 = AXIS2_PLACEMENT_3D ( 'NONE', #3426, #260, #2408 ) ;
#592 = DIRECTION ( 'NONE',  ( -0.000000000000000000, -0.000000000000000000, -1.000000000000000000 ) ) ;
#593 = ORIENTED_EDGE ( 'NONE', *, *, #360, .F. ) ;
#594 = DIRECTION ( 'NONE',  ( -0.000000000000000000, -0.000000000000000000, -1.000000000000000000 ) ) ;
#595 = ADVANCED_FACE ( 'NONE', ( #3450 ), #1600, .F. ) ;
#596 = VERTEX_POINT ( 'NONE', #2173 ) ;
#597 = DIRECTION ( 'NONE',  ( -0.000000000000000000, -0.000000000000000000, -1.000000000000000000 ) ) ;
#598 = ORIENTED_EDGE ( 'NONE', *, *, #3696, .T. ) ;
#599 = VECTOR ( 'NONE', #2234, 1000.000000000000000 ) ;
#600 = DIRECTION ( 'NONE',  ( -1.000000000000000000, 0.000000000000000000, 0.000000000000000000 ) ) ;
#601 = SURFACE_STYLE_FILL_AREA ( #538 ) ;
#602 = CARTESIAN_POINT ( 'NONE',  ( -1.992520253732025237, 0.4620691699717939804, -0.8374999999999999112 ) ) ;
#603 = DIRECTION ( 'NONE',  ( 1.000000000000000000, 0.000000000000000000, 0.000000000000000000 ) ) ;
#604 = VECTOR ( 'NONE', #610, 1000.000000000000000 ) ;
#605 = FACE_OUTER_BOUND ( 'NONE', #509, .T. ) ;
#606 = CARTESIAN_POINT ( 'NONE',  ( -2.442149606563560393, -3.252606517456513302E-16, 1.112500000000000044 ) ) ;
#607 = ORIENTED_EDGE ( 'NONE', *, *, #272, .F. ) ;
#608 = LINE ( 'NONE', #829, #3961 ) ;
#609 = VECTOR ( 'NONE', #3207, 1000.000000000000000 ) ;
#610 = DIRECTION ( 'NONE',  ( -0.000000000000000000, -0.000000000000000000, -1.000000000000000000 ) ) ;
#611 = EDGE_CURVE ( 'NONE', #3031, #1131, #653, .T. ) ;
#612 = ORIENTED_EDGE ( 'NONE', *, *, #3987, .T. ) ;
#613 = DIRECTION ( 'NONE',  ( -1.000000000000000000, 0.000000000000000000, 0.000000000000000000 ) ) ;
#614 = EDGE_CURVE ( 'NONE', #565, #2437, #1618, .T. ) ;
#615 = CARTESIAN_POINT ( 'NONE',  ( 2.210946256444942470, 0.1623227060421919277, 0.4625000000000000222 ) ) ;
#616 = ORIENTED_EDGE ( 'NONE', *, *, #2622, .F. ) ;
#617 = FACE_OUTER_BOUND ( 'NONE', #732, .T. ) ;
#618 = ORIENTED_EDGE ( 'NONE', *, *, #1354, .F. ) ;
#619 = CARTESIAN_POINT ( 'NONE',  ( -1.671891845382139641, 0.3650000000000053757, 1.112500000000000044 ) ) ;
#620 = EDGE_LOOP ( 'NONE', ( #2424, #1309, #639, #1216 ) ) ;
#621 = CARTESIAN_POINT ( 'NONE',  ( -2.450000000000000178, 0.1497944302131754835, 1.112500000000000044 ) ) ;
#622 = ADVANCED_FACE ( 'NONE', ( #1888 ), #3840, .T. ) ;
#623 = LINE ( 'NONE', #2280, #1720 ) ;
#624 = CARTESIAN_POINT ( 'NONE',  ( 1.499999999999999556, 0.6999999999999948486, 1.499999999999999778 ) ) ;
#625 = CARTESIAN_POINT ( 'NONE',  ( -1.992520253732025237, 0.4620691699717939804, 0.1874999999999999445 ) ) ;
#626 = PLANE ( 'NONE',  #1896 ) ;
#627 = DIRECTION ( 'NONE',  ( 1.000000000000000000, 0.000000000000000000, 0.000000000000000000 ) ) ;
#628 = VERTEX_POINT ( 'NONE', #1555 ) ;
#629 = EDGE_CURVE ( 'NONE', #1232, #487, #2824, .T. ) ;
#630 = DIRECTION ( 'NONE',  ( 0.000000000000000000, 0.000000000000000000, 1.000000000000000000 ) ) ;
#631 = DIRECTION ( 'NONE',  ( 0.000000000000000000, 1.000000000000000000, 0.000000000000000000 ) ) ;
#632 = VERTEX_POINT ( 'NONE', #1239 ) ;
#633 = LINE ( 'NONE', #1609, #2032 ) ;
#634 = DIRECTION ( 'NONE',  ( 0.000000000000000000, 0.000000000000000000, -1.000000000000000000 ) ) ;
#635 = LINE ( 'NONE', #1255, #3569 ) ;
#636 = ORIENTED_EDGE ( 'NONE', *, *, #2965, .T. ) ;
#637 = AXIS2_PLACEMENT_3D ( 'NONE', #2008, #1695, #1390 ) ;
#638 = CARTESIAN_POINT ( 'NONE',  ( 1.992520253732025237, 0.4620691699717939804, -1.112500000000000044 ) ) ;
#639 = ORIENTED_EDGE ( 'NONE', *, *, #3515, .F. ) ;
#640 = PLANE ( 'NONE',  #2976 ) ;
#641 = CARTESIAN_POINT ( 'NONE',  ( 2.220628408349885508, 0.3470691699717879941, -0.1874999999999999445 ) ) ;
#642 = CARTESIAN_POINT ( 'NONE',  ( -1.992520253732025237, 0.4620691699717940359, 1.112500000000000044 ) ) ;
#643 = ADVANCED_FACE ( 'NONE', ( #1951 ), #15, .F. ) ;
#644 = DIRECTION ( 'NONE',  ( 0.000000000000000000, 0.000000000000000000, 1.000000000000000000 ) ) ;
#645 = EDGE_CURVE ( 'NONE', #3730, #27, #2561, .T. ) ;
#646 =( NAMED_UNIT ( * ) SI_UNIT ( $, .STERADIAN. ) SOLID_ANGLE_UNIT ( ) );
#647 = CARTESIAN_POINT ( 'NONE',  ( 1.671891845382139641, 0.3650000000000053757, 1.112500000000000044 ) ) ;
#648 = ORIENTED_EDGE ( 'NONE', *, *, #3673, .F. ) ;
#649 = ADVANCED_FACE ( 'NONE', ( #3164 ), #3778, .T. ) ;
#650 = DIRECTION ( 'NONE',  ( 1.000000000000000000, 0.000000000000000000, 0.000000000000000000 ) ) ;
#651 = AXIS2_PLACEMENT_3D ( 'NONE', #2403, #1460, #802 ) ;
#652 = DIRECTION ( 'NONE',  ( -0.000000000000000000, -0.000000000000000000, -1.000000000000000000 ) ) ;
#653 = CIRCLE ( 'NONE', #110, 0.1849999999999998312 ) ;
#654 = VECTOR ( 'NONE', #1210, 1000.000000000000000 ) ;
#655 = EDGE_CURVE ( 'NONE', #2223, #229, #2221, .T. ) ;
#656 = LINE ( 'NONE', #2833, #4099 ) ;
#657 = VECTOR ( 'NONE', #1885, 999.9999999999998863 ) ;
#658 = ORIENTED_EDGE ( 'NONE', *, *, #2645, .F. ) ;
#659 = CIRCLE ( 'NONE', #245, 0.3349999999999893618 ) ;
#660 = AXIS2_PLACEMENT_3D ( 'NONE', #1739, #482, #3344 ) ;
#661 = ORIENTED_EDGE ( 'NONE', *, *, #2540, .F. ) ;
#662 = CARTESIAN_POINT ( 'NONE',  ( -1.500000000000000444, 0.5500000000000053735, -0.1874999999999999445 ) ) ;
#663 = EDGE_LOOP ( 'NONE', ( #2652, #3314, #448, #4008 ) ) ;
#664 = CARTESIAN_POINT ( 'NONE',  ( -1.900000000000000133, 0.2499999999999992506, -0.8374999999999999112 ) ) ;
#665 = DIRECTION ( 'NONE',  ( -1.000000000000000000, 0.000000000000000000, 0.000000000000000000 ) ) ;
#666 =( NAMED_UNIT ( * ) SI_UNIT ( $, .STERADIAN. ) SOLID_ANGLE_UNIT ( ) );
#667 = EDGE_CURVE ( 'NONE', #2744, #2679, #976, .T. ) ;
#668 = VECTOR ( 'NONE', #2015, 1000.000000000000000 ) ;
#669 = AXIS2_PLACEMENT_3D ( 'NONE', #2382, #3643, #3282 ) ;
#670 = CARTESIAN_POINT ( 'NONE',  ( -1.500000000000000444, 0.5500000000000053735, 0.4625000000000000222 ) ) ;
#671 = DIRECTION ( 'NONE',  ( 1.000000000000000000, -6.307467175508965595E-16, 0.000000000000000000 ) ) ;
#672 = DIRECTION ( 'NONE',  ( 6.307467175508965595E-16, 1.000000000000000000, -0.000000000000000000 ) ) ;
#673 = ADVANCED_FACE ( 'NONE', ( #2267 ), #3531, .F. ) ;
#674 = CIRCLE ( 'NONE', #2388, 0.1250000000000000000 ) ;
#675 = ORIENTED_EDGE ( 'NONE', *, *, #2210, .T. ) ;
#676 = AXIS2_PLACEMENT_3D ( 'NONE', #566, #3434, #2754 ) ;
#677 = DIRECTION ( 'NONE',  ( 1.000000000000000000, 0.000000000000000000, 0.000000000000000000 ) ) ;
#678 = DIRECTION ( 'NONE',  ( -1.000000000000000000, 0.000000000000000000, 0.000000000000000000 ) ) ;
#679 = ORIENTED_EDGE ( 'NONE', *, *, #1494, .F. ) ;
#680 = LINE ( 'NONE', #1898, #1582 ) ;
#681 = EDGE_LOOP ( 'NONE', ( #98, #1306, #2574, #1817 ) ) ;
#682 = VERTEX_POINT ( 'NONE', #2602 ) ;
#683 = ADVANCED_FACE ( 'NONE', ( #1072 ), #3279, .F. ) ;
#684 = LINE ( 'NONE', #1299, #371 ) ;
#685 = CARTESIAN_POINT ( 'NONE',  ( -2.043564958962630129, 0.2934638074500523497, 0.8374999999999999112 ) ) ;
#686 = LINE ( 'NONE', #1931, #744 ) ;
#687 =( GEOMETRIC_REPRESENTATION_CONTEXT ( 3 ) GLOBAL_UNCERTAINTY_ASSIGNED_CONTEXT ( ( #3751 ) ) GLOBAL_UNIT_ASSIGNED_CONTEXT ( ( #1137, #2410, #2764 ) ) REPRESENTATION_CONTEXT ( 'NONE', 'WORKASPACE' ) );
#688 = DIRECTION ( 'NONE',  ( -1.000000000000000000, -0.000000000000000000, -0.000000000000000000 ) ) ;
#689 = ORIENTED_EDGE ( 'NONE', *, *, #2647, .T. ) ;
#690 = FACE_OUTER_BOUND ( 'NONE', #3135, .T. ) ;
#691 = CARTESIAN_POINT ( 'NONE',  ( 2.210946256444942470, 0.1623227060421919277, -0.1874999999999999445 ) ) ;
#692 = DIRECTION ( 'NONE',  ( -0.000000000000000000, -0.000000000000000000, -1.000000000000000000 ) ) ;
#693 = ORIENTED_EDGE ( 'NONE', *, *, #1968, .F. ) ;
#694 = EDGE_CURVE ( 'NONE', #2262, #1610, #114, .T. ) ;
#695 = VERTEX_POINT ( 'NONE', #473 ) ;
#696 = FACE_OUTER_BOUND ( 'NONE', #2790, .T. ) ;
#697 = CARTESIAN_POINT ( 'NONE',  ( 2.203095863008502686, 0.01252827582901618921, -0.4625000000000000222 ) ) ;
#698 = ORIENTED_EDGE ( 'NONE', *, *, #2523, .T. ) ;
#699 = CARTESIAN_POINT ( 'NONE',  ( 2.220628408349885508, 0.3470691699717879941, 1.112500000000000044 ) ) ;
#700 = CARTESIAN_POINT ( 'NONE',  ( 1.671891845382139641, 0.3650000000000053757, -0.4625000000000000222 ) ) ;
#701 = CARTESIAN_POINT ( 'NONE',  ( 1.500000000000000444, 0.5500000000000053735, 0.4625000000000000222 ) ) ;
#702 = ORIENTED_EDGE ( 'NONE', *, *, #3393, .F. ) ;
#703 = DIRECTION ( 'NONE',  ( 0.05233595624293647941, -0.9986295347545742773, 0.000000000000000000 ) ) ;
#704 = CARTESIAN_POINT ( 'NONE',  ( -2.210946256444942470, 0.1623227060421919277, -0.8374999999999999112 ) ) ;
#705 = ORIENTED_EDGE ( 'NONE', *, *, #954, .T. ) ;
#706 = VECTOR ( 'NONE', #1577, 1000.000000000000000 ) ;
#707 = PLANE ( 'NONE',  #2511 ) ;
#708 = EDGE_LOOP ( 'NONE', ( #67, #1249, #241, #2874 ) ) ;
#709 = EDGE_CURVE ( 'NONE', #265, #3422, #3262, .T. ) ;
#710 = EDGE_LOOP ( 'NONE', ( #3783, #1399, #2010, #2258 ) ) ;
#711 = VECTOR ( 'NONE', #2434, 1000.000000000000000 ) ;
#712 = CARTESIAN_POINT ( 'NONE',  ( 2.210946256444942470, 0.1623227060421919277, -0.8374999999999999112 ) ) ;
#713 = AXIS2_PLACEMENT_3D ( 'NONE', #1872, #3805, #936 ) ;
#714 = DIRECTION ( 'NONE',  ( -1.000000000000000000, 0.000000000000000000, 0.000000000000000000 ) ) ;
#715 = ORIENTED_EDGE ( 'NONE', *, *, #1247, .T. ) ;
#716 = EDGE_CURVE ( 'NONE', #2536, #2389, #757, .T. ) ;
#717 = VECTOR ( 'NONE', #2616, 1000.000000000000000 ) ;
#718 = PLANE ( 'NONE',  #107 ) ;
#719 = ORIENTED_EDGE ( 'NONE', *, *, #1628, .T. ) ;
#720 = DIRECTION ( 'NONE',  ( -1.000000000000000000, 0.000000000000000000, 0.000000000000000000 ) ) ;
#721 = VECTOR ( 'NONE', #594, 1000.000000000000000 ) ;
#722 = DIRECTION ( 'NONE',  ( 1.000000000000000000, -6.307467175508965595E-16, 0.000000000000000000 ) ) ;
#723 = DIRECTION ( 'NONE',  ( -0.000000000000000000, -1.000000000000000000, -0.000000000000000000 ) ) ;
#724 = VERTEX_POINT ( 'NONE', #1731 ) ;
#725 = EDGE_CURVE ( 'NONE', #1212, #2737, #1711, .T. ) ;
#726 = DIRECTION ( 'NONE',  ( 0.000000000000000000, 1.000000000000000000, 0.000000000000000000 ) ) ;
#727 = VECTOR ( 'NONE', #419, 1000.000000000000000 ) ;
#728 = VECTOR ( 'NONE', #934, 1000.000000000000000 ) ;
#729 =( LENGTH_UNIT ( ) NAMED_UNIT ( * ) SI_UNIT ( .MILLI., .METRE. ) );
#730 = VERTEX_POINT ( 'NONE', #778 ) ;
#731 = LINE ( 'NONE', #2167, #3520 ) ;
#732 = EDGE_LOOP ( 'NONE', ( #755, #361, #3191, #2506 ) ) ;
#733 = DIRECTION ( 'NONE',  ( -0.000000000000000000, -0.000000000000000000, -1.000000000000000000 ) ) ;
#734 = ORIENTED_EDGE ( 'NONE', *, *, #1950, .T. ) ;
#735 = EDGE_CURVE ( 'NONE', #888, #265, #2618, .T. ) ;
#736 = ADVANCED_FACE ( 'NONE', ( #3545 ), #3322, .F. ) ;
#737 = LINE ( 'NONE', #1457, #3627 ) ;
#738 = CARTESIAN_POINT ( 'NONE',  ( 2.220628408349885508, 0.3470691699717879941, -0.1874999999999999445 ) ) ;
#739 = ADVANCED_FACE ( 'NONE', ( #2992 ), #1965, .F. ) ;
#740 = DIRECTION ( 'NONE',  ( -1.000000000000000000, 0.000000000000000000, 0.000000000000000000 ) ) ;
#741 = CARTESIAN_POINT ( 'NONE',  ( 1.671891845382139641, 0.3650000000000053757, -0.1874999999999999445 ) ) ;
#742 = FACE_OUTER_BOUND ( 'NONE', #708, .T. ) ;
#743 = DIRECTION ( 'NONE',  ( 0.000000000000000000, 1.000000000000000000, 0.000000000000000000 ) ) ;
#744 = VECTOR ( 'NONE', #51, 999.9999999999998863 ) ;
#745 = ORIENTED_EDGE ( 'NONE', *, *, #97, .T. ) ;
#746 = DIRECTION ( 'NONE',  ( -0.000000000000000000, -0.000000000000000000, -1.000000000000000000 ) ) ;
#747 =( NAMED_UNIT ( * ) PLANE_ANGLE_UNIT ( ) SI_UNIT ( $, .RADIAN. ) );
#748 = EDGE_CURVE ( 'NONE', #1694, #3284, #388, .T. ) ;
#749 = ORIENTED_EDGE ( 'NONE', *, *, #3333, .T. ) ;
#750 = LINE ( 'NONE', #1703, #995 ) ;
#751 = CLOSED_SHELL ( 'NONE', ( #552, #1170, #1375, #26 ) ) ;
#752 = LINE ( 'NONE', #2982, #1705 ) ;
#753 = CARTESIAN_POINT ( 'NONE',  ( -1.900000000000000133, 0.2499999999999992506, 1.112500000000000044 ) ) ;
#754 = DIRECTION ( 'NONE',  ( 0.000000000000000000, -1.000000000000000000, 0.000000000000000000 ) ) ;
#755 = ORIENTED_EDGE ( 'NONE', *, *, #308, .T. ) ;
#756 = EDGE_CURVE ( 'NONE', #399, #1405, #1656, .T. ) ;
#757 = LINE ( 'NONE', #3861, #1534 ) ;
#758 = ORIENTED_EDGE ( 'NONE', *, *, #655, .T. ) ;
#759 = DIRECTION ( 'NONE',  ( 0.9986295347545742773, 0.05233595624293681248, 0.000000000000000000 ) ) ;
#760 = SURFACE_STYLE_USAGE ( .BOTH. , #1408 ) ;
#761 = ORIENTED_EDGE ( 'NONE', *, *, #2492, .F. ) ;
#762 = EDGE_CURVE ( 'NONE', #2737, #2194, #1389, .T. ) ;
#763 = EDGE_CURVE ( 'NONE', #3575, #399, #3880, .T. ) ;
#764 = CARTESIAN_POINT ( 'NONE',  ( 1.900000000000000133, 0.2499999999999994726, -0.8374999999999999112 ) ) ;
#765 = PRODUCT ( 'PI4ULS5V202UEX', 'PI4ULS5V202UEX', '', ( #3408 ) ) ;
#766 = CIRCLE ( 'NONE', #3098, 0.3349999999999893618 ) ;
#767 = ORIENTED_EDGE ( 'NONE', *, *, #3348, .T. ) ;
#768 = EDGE_CURVE ( 'NONE', #2633, #2223, #2299, .T. ) ;
#769 = ADVANCED_FACE ( 'NONE', ( #3563 ), #718, .F. ) ;
#770 = DIRECTION ( 'NONE',  ( 0.000000000000000000, 0.000000000000000000, 1.000000000000000000 ) ) ;
#771 = EDGE_LOOP ( 'NONE', ( #2688, #2039, #2188, #342 ) ) ;
#772 = CARTESIAN_POINT ( 'NONE',  ( -2.210946256444942470, 0.1623227060421919554, 0.4625000000000000222 ) ) ;
#773 = CARTESIAN_POINT ( 'NONE',  ( -1.671891845382139641, 0.3650000000000053757, -0.1874999999999999445 ) ) ;
#774 = ADVANCED_FACE ( 'NONE', ( #3898 ), #136, .F. ) ;
#775 = CARTESIAN_POINT ( 'NONE',  ( 1.671891845382139641, 0.3650000000000053757, 0.4625000000000000222 ) ) ;
#776 = DIRECTION ( 'NONE',  ( -0.000000000000000000, -0.000000000000000000, -1.000000000000000000 ) ) ;
#777 = AXIS2_PLACEMENT_3D ( 'NONE', #188, #1189, #3997 ) ;
#778 = CARTESIAN_POINT ( 'NONE',  ( -1.671891845382139419, 0.5500000000000053735, 0.1874999999999999445 ) ) ;
#779 = ORIENTED_EDGE ( 'NONE', *, *, #1330, .T. ) ;
#780 = CARTESIAN_POINT ( 'NONE',  ( 2.210946256444942470, 0.1623227060421919277, 0.4625000000000000222 ) ) ;
#781 = CARTESIAN_POINT ( 'NONE',  ( 2.210946256444942470, 0.1623227060421919277, -0.1874999999999999445 ) ) ;
#782 = EDGE_LOOP ( 'NONE', ( #675, #3505, #2214, #923 ) ) ;
#783 = VECTOR ( 'NONE', #3203, 1000.000000000000000 ) ;
#784 = CIRCLE ( 'NONE', #3370, 0.1250000000000000000 ) ;
#785 = CARTESIAN_POINT ( 'NONE',  ( 1.900000000000000133, 0.2499999999999994726, 0.1874999999999999445 ) ) ;
#786 = CARTESIAN_POINT ( 'NONE',  ( 1.500000000000000444, 0.5500000000000053735, 1.112500000000000044 ) ) ;
#787 = ADVANCED_FACE ( 'NONE', ( #1406 ), #2681, .F. ) ;
#788 = VERTEX_POINT ( 'NONE', #1420 ) ;
#789 = CARTESIAN_POINT ( 'NONE',  ( 1.992520253732025237, 0.4620691699717939804, 0.8374999999999999112 ) ) ;
#790 = EDGE_LOOP ( 'NONE', ( #1538, #1078, #3761, #1104 ) ) ;
#791 = AXIS2_PLACEMENT_3D ( 'NONE', #2759, #1171, #2445 ) ;
#792 = DIRECTION ( 'NONE',  ( 0.000000000000000000, 0.000000000000000000, 1.000000000000000000 ) ) ;
#793 = CARTESIAN_POINT ( 'NONE',  ( -2.450000000000000178, 0.1497944302131754835, -0.8374999999999999112 ) ) ;
#794 = VECTOR ( 'NONE', #3297, 1000.000000000000000 ) ;
#795 = ORIENTED_EDGE ( 'NONE', *, *, #1940, .T. ) ;
#796 = VECTOR ( 'NONE', #3288, 1000.000000000000000 ) ;
#797 = CARTESIAN_POINT ( 'NONE',  ( -2.450000000000000178, 0.1497944302131754835, 0.1874999999999999445 ) ) ;
#798 = DIRECTION ( 'NONE',  ( 0.000000000000000000, 0.000000000000000000, 1.000000000000000000 ) ) ;
#799 = VERTEX_POINT ( 'NONE', #4041 ) ;
#800 = EDGE_CURVE ( 'NONE', #632, #3923, #150, .T. ) ;
#801 = VECTOR ( 'NONE', #1031, 1000.000000000000000 ) ;
#802 = DIRECTION ( 'NONE',  ( -0.9986295347545742773, -0.05233595624293681942, 0.000000000000000000 ) ) ;
#803 = ORIENTED_EDGE ( 'NONE', *, *, #800, .T. ) ;
#804 = LINE ( 'NONE', #780, #2897 ) ;
#805 = CARTESIAN_POINT ( 'NONE',  ( 2.442149606563560393, -3.252606517456513302E-16, 0.4625000000000000222 ) ) ;
#806 = EDGE_LOOP ( 'NONE', ( #3232, #171, #2596, #902 ) ) ;
#807 = LINE ( 'NONE', #1136, #3544 ) ;
#808 = FILL_AREA_STYLE_COLOUR ( '', #1859 ) ;
#809 = CIRCLE ( 'NONE', #2476, 0.1849999999999998312 ) ;
#810 = VERTEX_POINT ( 'NONE', #231 ) ;
#811 = SURFACE_SIDE_STYLE ('',( #1355 ) ) ;
#812 = ORIENTED_EDGE ( 'NONE', *, *, #169, .T. ) ;
#813 = DIRECTION ( 'NONE',  ( -0.000000000000000000, -0.000000000000000000, -1.000000000000000000 ) ) ;
#814 = CARTESIAN_POINT ( 'NONE',  ( 1.671891845382139419, 0.5500000000000054845, 1.112500000000000044 ) ) ;
#815 = ADVANCED_FACE ( 'NONE', ( #1106 ), #192, .T. ) ;
#816 = CYLINDRICAL_SURFACE ( 'NONE', #1308, 0.3349999999999893618 ) ;
#817 = DIRECTION ( 'NONE',  ( -1.000000000000000000, 0.000000000000000000, 0.000000000000000000 ) ) ;
#818 = CARTESIAN_POINT ( 'NONE',  ( 1.671891845382139419, 0.5500000000000054845, -0.8374999999999999112 ) ) ;
#819 = ORIENTED_EDGE ( 'NONE', *, *, #438, .F. ) ;
#820 = DIRECTION ( 'NONE',  ( -0.000000000000000000, -0.000000000000000000, -1.000000000000000000 ) ) ;
#821 = CARTESIAN_POINT ( 'NONE',  ( 2.210946256444942470, 0.1623227060421919277, -0.8374999999999999112 ) ) ;
#822 = DIRECTION ( 'NONE',  ( -0.9986295347545742773, 0.05233595624293624349, 0.000000000000000000 ) ) ;
#823 = AXIS2_PLACEMENT_3D ( 'NONE', #2473, #3713, #885 ) ;
#824 = CARTESIAN_POINT ( 'NONE',  ( 1.992520253732025237, 0.4620691699717939804, 0.4625000000000000222 ) ) ;
#825 = ADVANCED_FACE ( 'NONE', ( #3952 ), #510, .F. ) ;
#826 = ORIENTED_EDGE ( 'NONE', *, *, #1994, .T. ) ;
#827 = EDGE_LOOP ( 'NONE', ( #715, #1688, #230, #1424 ) ) ;
#828 = VECTOR ( 'NONE', #2745, 1000.000000000000000 ) ;
#829 = CARTESIAN_POINT ( 'NONE',  ( 1.992520253732025237, 0.4620691699717939804, 1.112500000000000044 ) ) ;
#830 = ORIENTED_EDGE ( 'NONE', *, *, #3412, .F. ) ;
#831 = DIRECTION ( 'NONE',  ( 1.000000000000000000, 0.000000000000000000, 0.000000000000000000 ) ) ;
#832 = DIRECTION ( 'NONE',  ( 0.000000000000000000, -0.000000000000000000, -1.000000000000000000 ) ) ;
#833 = ADVANCED_FACE ( 'NONE', ( #2721 ), #2379, .F. ) ;
#834 = CARTESIAN_POINT ( 'NONE',  ( -1.992520253732025237, 0.4620691699717940359, -0.1874999999999999445 ) ) ;
#835 = DIRECTION ( 'NONE',  ( 1.000000000000000000, -6.307467175508965595E-16, 0.000000000000000000 ) ) ;
#836 = ORIENTED_EDGE ( 'NONE', *, *, #4000, .F. ) ;
#837 = LINE ( 'NONE', #1795, #3580 ) ;
#838 = ORIENTED_EDGE ( 'NONE', *, *, #2429, .T. ) ;
#839 = AXIS2_PLACEMENT_3D ( 'NONE', #2513, #997, #1265 ) ;
#840 = CARTESIAN_POINT ( 'NONE',  ( 1.671891845382139641, 0.3650000000000053757, -1.112500000000000044 ) ) ;
#841 = FACE_OUTER_BOUND ( 'NONE', #409, .T. ) ;
#842 = EDGE_CURVE ( 'NONE', #1090, #682, #1749, .T. ) ;
#843 = LINE ( 'NONE', #1779, #2819 ) ;
#844 = CARTESIAN_POINT ( 'NONE',  ( -1.500000000000000444, -4.242640687119284770, 1.500000000000000222 ) ) ;
#845 = VECTOR ( 'NONE', #529, 999.9999999999998863 ) ;
#846 = AXIS2_PLACEMENT_3D ( 'NONE', #3668, #2092, #849 ) ;
#847 =( GEOMETRIC_REPRESENTATION_CONTEXT ( 3 ) GLOBAL_UNCERTAINTY_ASSIGNED_CONTEXT ( ( #557 ) ) GLOBAL_UNIT_ASSIGNED_CONTEXT ( ( #729, #1995, #3022 ) ) REPRESENTATION_CONTEXT ( 'NONE', 'WORKASPACE' ) );
#848 = VECTOR ( 'NONE', #3259, 999.9999999999998863 ) ;
#849 = DIRECTION ( 'NONE',  ( 0.2897587163337057570, 0.9570997264175991059, 0.000000000000000000 ) ) ;
#850 = EDGE_LOOP ( 'NONE', ( #2235, #2854, #3155, #2556 ) ) ;
#851 = CARTESIAN_POINT ( 'NONE',  ( -1.500000000000000444, 0.6999999999999948486, -1.112500000000000044 ) ) ;
#852 = VERTEX_POINT ( 'NONE', #1771 ) ;
#853 = LINE ( 'NONE', #2462, #1769 ) ;
#854 = FACE_OUTER_BOUND ( 'NONE', #2658, .T. ) ;
#855 = ADVANCED_FACE ( 'NONE', ( #170 ), #2742, .F. ) ;
#856 = VERTEX_POINT ( 'NONE', #2467 ) ;
#857 = VECTOR ( 'NONE', #974, 1000.000000000000000 ) ;
#858 = CIRCLE ( 'NONE', #3916, 0.3349999999999893618 ) ;
#859 = EDGE_LOOP ( 'NONE', ( #334, #3722, #1977, #2477 ) ) ;
#860 = DIRECTION ( 'NONE',  ( 0.000000000000000000, 0.000000000000000000, 1.000000000000000000 ) ) ;
#861 = ORIENTED_EDGE ( 'NONE', *, *, #205, .T. ) ;
#862 = CARTESIAN_POINT ( 'NONE',  ( 2.442149606563560393, -3.252606517456513302E-16, -1.112500000000000044 ) ) ;
#863 = DIRECTION ( 'NONE',  ( 0.000000000000000000, -0.9659258262890680902, -0.2588190451025213501 ) ) ;
#864 = DIRECTION ( 'NONE',  ( 0.2897587163337057570, 0.9570997264175991059, 0.000000000000000000 ) ) ;
#865 = EDGE_CURVE ( 'NONE', #1026, #1413, #1111, .T. ) ;
#866 = CARTESIAN_POINT ( 'NONE',  ( -1.500000000000000444, 0.5500000000000053735, 0.8374999999999999112 ) ) ;
#867 = CARTESIAN_POINT ( 'NONE',  ( -1.992520253732025237, 0.4620691699717939804, 0.8374999999999999112 ) ) ;
#868 = ORIENTED_EDGE ( 'NONE', *, *, #1247, .F. ) ;
#869 = DIRECTION ( 'NONE',  ( -0.000000000000000000, -0.000000000000000000, -1.000000000000000000 ) ) ;
#870 = ORIENTED_EDGE ( 'NONE', *, *, #3033, .T. ) ;
#871 = CARTESIAN_POINT ( 'NONE',  ( 1.900000000000000133, 0.2499999999999994726, -0.8374999999999999112 ) ) ;
#872 = AXIS2_PLACEMENT_3D ( 'NONE', #3451, #2781, #3986 ) ;
#873 = ORIENTED_EDGE ( 'NONE', *, *, #763, .F. ) ;
#874 = CARTESIAN_POINT ( 'NONE',  ( 1.500000000000000444, 0.5500000000000053735, -0.8374999999999999112 ) ) ;
#875 = FACE_BOUND ( 'NONE', #3398, .T. ) ;
#876 = EDGE_LOOP ( 'NONE', ( #422, #2078, #1524, #3884 ) ) ;
#877 = CARTESIAN_POINT ( 'NONE',  ( -1.900000000000000133, 0.2499999999999992506, -0.1874999999999999445 ) ) ;
#878 = VERTEX_POINT ( 'NONE', #879 ) ;
#879 = CARTESIAN_POINT ( 'NONE',  ( -2.450000000000000178, 0.1497944302131754835, 0.4625000000000000222 ) ) ;
#880 = VERTEX_POINT ( 'NONE', #1130 ) ;
#881 = DIRECTION ( 'NONE',  ( 1.000000000000000000, 0.000000000000000000, 0.000000000000000000 ) ) ;
#882 = UNCERTAINTY_MEASURE_WITH_UNIT (LENGTH_MEASURE( 1.000000000000000082E-05 ), #177, 'distance_accuracy_value', 'NONE');
#883 = LINE ( 'NONE', #821, #3712 ) ;
#884 = CARTESIAN_POINT ( 'NONE',  ( -2.210946256444942470, 0.1623227060421919277, 0.4625000000000000222 ) ) ;
#885 = DIRECTION ( 'NONE',  ( 1.000000000000000000, 0.000000000000000000, 0.000000000000000000 ) ) ;
#886 = SURFACE_STYLE_FILL_AREA ( #2749 ) ;
#887 = EDGE_CURVE ( 'NONE', #3462, #2466, #2174, .T. ) ;
#888 = VERTEX_POINT ( 'NONE', #3978 ) ;
#889 = DIRECTION ( 'NONE',  ( 0.000000000000000000, 0.000000000000000000, -1.000000000000000000 ) ) ;
#890 = ORIENTED_EDGE ( 'NONE', *, *, #3689, .T. ) ;
#891 = LINE ( 'NONE', #4095, #3057 ) ;
#892 = EDGE_CURVE ( 'NONE', #85, #2411, #3661, .T. ) ;
#893 = ORIENTED_EDGE ( 'NONE', *, *, #3384, .T. ) ;
#894 = AXIS2_PLACEMENT_3D ( 'NONE', #2132, #512, #3054 ) ;
#895 = DIRECTION ( 'NONE',  ( 0.000000000000000000, 0.000000000000000000, 1.000000000000000000 ) ) ;
#896 = CARTESIAN_POINT ( 'NONE',  ( 2.043564958962630129, 0.2934638074500524052, -0.4625000000000000222 ) ) ;
#897 = VERTEX_POINT ( 'NONE', #3682 ) ;
#898 = LINE ( 'NONE', #4102, #3904 ) ;
#899 = EDGE_CURVE ( 'NONE', #2862, #1815, #3092, .T. ) ;
#900 = EDGE_LOOP ( 'NONE', ( #944, #873, #3276, #2091, #2246, #2354, #3110, #1224, #1979, #2201, #1143, #836 ) ) ;
#901 = LINE ( 'NONE', #1861, #1393 ) ;
#902 = ORIENTED_EDGE ( 'NONE', *, *, #2320, .T. ) ;
#903 = DIRECTION ( 'NONE',  ( -0.000000000000000000, -0.000000000000000000, -1.000000000000000000 ) ) ;
#904 = PRESENTATION_STYLE_ASSIGNMENT (( #2407 ) ) ;
#905 = PLANE ( 'NONE',  #3632 ) ;
#906 = CARTESIAN_POINT ( 'NONE',  ( -1.500000000000000444, 0.6999999999999948486, -0.4625000000000000222 ) ) ;
#907 = LINE ( 'NONE', #505, #1436 ) ;
#908 = ADVANCED_FACE ( 'NONE', ( #573 ), #4001, .F. ) ;
#909 = ORIENTED_EDGE ( 'NONE', *, *, #2278, .F. ) ;
#910 = CARTESIAN_POINT ( 'NONE',  ( 1.992520253732025237, 0.4620691699717939804, -0.1874999999999999445 ) ) ;
#911 = EDGE_CURVE ( 'NONE', #434, #2037, #837, .T. ) ;
#912 = ORIENTED_EDGE ( 'NONE', *, *, #534, .F. ) ;
#913 = AXIS2_PLACEMENT_3D ( 'NONE', #1228, #3829, #4097 ) ;
#914 = CARTESIAN_POINT ( 'NONE',  ( 1.848955294769395463, 0.4186053625217409091, 0.4625000000000000222 ) ) ;
#915 = AXIS2_PLACEMENT_3D ( 'NONE', #910, #4028, #240 ) ;
#916 = CIRCLE ( 'NONE', #181, 0.1849999999999998312 ) ;
#917 = ADVANCED_FACE ( 'NONE', ( #3073 ), #212, .T. ) ;
#918 = EDGE_LOOP ( 'NONE', ( #1412, #4039, #1721, #3299 ) ) ;
#919 = LINE ( 'NONE', #2186, #2648 ) ;
#920 = LINE ( 'NONE', #943, #3310 ) ;
#921 = EDGE_LOOP ( 'NONE', ( #2836, #4059, #1988, #4056 ) ) ;
#922 = CARTESIAN_POINT ( 'NONE',  ( 1.500000000000000444, 0.5500000000000053735, 1.112500000000000044 ) ) ;
#923 = ORIENTED_EDGE ( 'NONE', *, *, #3079, .T. ) ;
#924 = CARTESIAN_POINT ( 'NONE',  ( -1.500000000000000444, 0.6999999999999948486, -0.1874999999999999445 ) ) ;
#925 = ORIENTED_EDGE ( 'NONE', *, *, #1015, .F. ) ;
#926 = VECTOR ( 'NONE', #3672, 1000.000000000000000 ) ;
#927 = DIRECTION ( 'NONE',  ( 6.307467175508965595E-16, 1.000000000000000000, -0.000000000000000000 ) ) ;
#928 = MECHANICAL_DESIGN_GEOMETRIC_PRESENTATION_REPRESENTATION (  '', ( #61 ), #532 ) ;
#929 = LINE ( 'NONE', #2579, #130 ) ;
#930 = CARTESIAN_POINT ( 'NONE',  ( 1.671891845382139641, 0.6999999999999948486, -1.112500000000000044 ) ) ;
#931 = EDGE_CURVE ( 'NONE', #1356, #2894, #1850, .T. ) ;
#932 = CARTESIAN_POINT ( 'NONE',  ( -1.100000000000000311, 1.050000000000000044, -1.099999999999999867 ) ) ;
#933 = DIRECTION ( 'NONE',  ( 0.000000000000000000, 1.000000000000000000, 0.000000000000000000 ) ) ;
#934 = DIRECTION ( 'NONE',  ( -0.000000000000000000, -0.000000000000000000, -1.000000000000000000 ) ) ;
#935 = ORIENTED_EDGE ( 'NONE', *, *, #3876, .T. ) ;
#936 = DIRECTION ( 'NONE',  ( 0.2897587163337057570, 0.9570997264175991059, 0.000000000000000000 ) ) ;
#937 = VERTEX_POINT ( 'NONE', #301 ) ;
#938 = DIRECTION ( 'NONE',  ( -0.000000000000000000, -0.000000000000000000, -1.000000000000000000 ) ) ;
#939 = EDGE_CURVE ( 'NONE', #2894, #1675, #949, .T. ) ;
#940 = EDGE_LOOP ( 'NONE', ( #3280, #4053, #423, #338, #1758, #1214, #2499, #2593, #3913, #972, #593, #1495 ) ) ;
#941 = CARTESIAN_POINT ( 'NONE',  ( 1.671891845382139419, 0.5500000000000054845, 1.112500000000000044 ) ) ;
#942 =( GEOMETRIC_REPRESENTATION_CONTEXT ( 3 ) GLOBAL_UNCERTAINTY_ASSIGNED_CONTEXT ( ( #1838 ) ) GLOBAL_UNIT_ASSIGNED_CONTEXT ( ( #2281, #3819, #666 ) ) REPRESENTATION_CONTEXT ( 'NONE', 'WORKASPACE' ) );
#943 = CARTESIAN_POINT ( 'NONE',  ( 2.203095863008502686, 0.01252827582901618921, 0.4625000000000000222 ) ) ;
#944 = ORIENTED_EDGE ( 'NONE', *, *, #756, .F. ) ;
#945 =( GEOMETRIC_REPRESENTATION_CONTEXT ( 3 ) GLOBAL_UNCERTAINTY_ASSIGNED_CONTEXT ( ( #1218 ) ) GLOBAL_UNIT_ASSIGNED_CONTEXT ( ( #3593, #747, #2346 ) ) REPRESENTATION_CONTEXT ( 'NONE', 'WORKASPACE' ) );
#946 = EDGE_CURVE ( 'NONE', #1196, #1205, #970, .T. ) ;
#947 = CARTESIAN_POINT ( 'NONE',  ( 2.442149606563560393, -3.252606517456513302E-16, 1.112500000000000044 ) ) ;
#948 = VERTEX_POINT ( 'NONE', #2555 ) ;
#949 = LINE ( 'NONE', #2816, #1985 ) ;
#950 = VERTEX_POINT ( 'NONE', #662 ) ;
#951 = CARTESIAN_POINT ( 'NONE',  ( -2.442149606563560393, -3.252606517456513302E-16, 0.8374999999999999112 ) ) ;
#952 = LINE ( 'NONE', #328, #857 ) ;
#953 = LINE ( 'NONE', #2559, #2545 ) ;
#954 = EDGE_CURVE ( 'NONE', #478, #3087, #3194, .T. ) ;
#955 = DIRECTION ( 'NONE',  ( -0.000000000000000000, 0.000000000000000000, -1.000000000000000000 ) ) ;
#956 = CARTESIAN_POINT ( 'NONE',  ( -2.210946256444942470, 0.1623227060421919554, -0.4625000000000000222 ) ) ;
#957 = SURFACE_STYLE_FILL_AREA ( #3474 ) ;
#958 = ORIENTED_EDGE ( 'NONE', *, *, #3072, .F. ) ;
#959 = EDGE_CURVE ( 'NONE', #799, #207, #901, .T. ) ;
#960 = LINE ( 'NONE', #2225, #3628 ) ;
#961 = VERTEX_POINT ( 'NONE', #638 ) ;
#962 = FACE_OUTER_BOUND ( 'NONE', #1579, .T. ) ;
#963 = ORIENTED_EDGE ( 'NONE', *, *, #1019, .F. ) ;
#964 = LINE ( 'NONE', #1942, #3833 ) ;
#965 = EDGE_CURVE ( 'NONE', #897, #4073, #3795, .T. ) ;
#966 = DIRECTION ( 'NONE',  ( 1.000000000000000000, 0.000000000000000000, 0.000000000000000000 ) ) ;
#967 = ORIENTED_EDGE ( 'NONE', *, *, #3407, .T. ) ;
#968 = ORIENTED_EDGE ( 'NONE', *, *, #725, .T. ) ;
#969 = AXIS2_PLACEMENT_3D ( 'NONE', #2488, #3684, #3381 ) ;
#970 = LINE ( 'NONE', #2797, #3317 ) ;
#971 = EDGE_CURVE ( 'NONE', #3645, #2942, #3158, .T. ) ;
#972 = ORIENTED_EDGE ( 'NONE', *, *, #3743, .F. ) ;
#973 = FACE_OUTER_BOUND ( 'NONE', #2531, .T. ) ;
#974 = DIRECTION ( 'NONE',  ( 0.9986295347545742773, 0.05233595624293681248, 0.000000000000000000 ) ) ;
#975 = SURFACE_STYLE_USAGE ( .BOTH. , #994 ) ;
#976 = LINE ( 'NONE', #670, #609 ) ;
#977 = DIRECTION ( 'NONE',  ( -0.000000000000000000, 0.000000000000000000, -1.000000000000000000 ) ) ;
#978 = DIRECTION ( 'NONE',  ( -0.000000000000000000, -0.000000000000000000, -1.000000000000000000 ) ) ;
#979 = ORIENTED_EDGE ( 'NONE', *, *, #1539, .T. ) ;
#980 = CARTESIAN_POINT ( 'NONE',  ( 2.203095863008502686, 0.01252827582901618921, 1.112500000000000044 ) ) ;
#981 = EDGE_LOOP ( 'NONE', ( #1954, #3652, #563, #2708 ) ) ;
#982 = DIRECTION ( 'NONE',  ( -0.000000000000000000, -0.000000000000000000, -1.000000000000000000 ) ) ;
#983 = AXIS2_PLACEMENT_3D ( 'NONE', #2738, #2375, #3045 ) ;
#984 = EDGE_CURVE ( 'NONE', #2156, #2229, #325, .T. ) ;
#985 = ORIENTED_EDGE ( 'NONE', *, *, #2928, .F. ) ;
#986 = PLANE ( 'NONE',  #1047 ) ;
#987 = AXIS2_PLACEMENT_3D ( 'NONE', #3930, #108, #2317 ) ;
#988 = VECTOR ( 'NONE', #592, 1000.000000000000000 ) ;
#989 = VECTOR ( 'NONE', #2070, 1000.000000000000000 ) ;
#990 = ORIENTED_EDGE ( 'NONE', *, *, #1487, .F. ) ;
#991 = ORIENTED_EDGE ( 'NONE', *, *, #1382, .T. ) ;
#992 = CARTESIAN_POINT ( 'NONE',  ( 1.992520253732025237, 0.4620691699717939804, -0.4625000000000000222 ) ) ;
#993 = DIRECTION ( 'NONE',  ( -1.000000000000000000, -0.000000000000000000, -0.000000000000000000 ) ) ;
#994 = SURFACE_SIDE_STYLE ('',( #283 ) ) ;
#995 = VECTOR ( 'NONE', #2673, 1000.000000000000000 ) ;
#996 = VECTOR ( 'NONE', #3209, 1000.000000000000000 ) ;
#997 = DIRECTION ( 'NONE',  ( -0.000000000000000000, -0.000000000000000000, -1.000000000000000000 ) ) ;
#998 = CARTESIAN_POINT ( 'NONE',  ( 1.671891845382139641, 0.3650000000000053757, 1.112500000000000044 ) ) ;
#999 = CARTESIAN_POINT ( 'NONE',  ( 2.450000000000000178, 0.1497944302131754835, -0.4625000000000000222 ) ) ;
#1000 = VECTOR ( 'NONE', #2219, 1000.000000000000000 ) ;
#1001 = EDGE_LOOP ( 'NONE', ( #2418, #3001, #4075, #767 ) ) ;
#1002 = AXIS2_PLACEMENT_3D ( 'NONE', #223, #1492, #2458 ) ;
#1003 = FACE_OUTER_BOUND ( 'NONE', #2772, .T. ) ;
#1004 = DIRECTION ( 'NONE',  ( -0.000000000000000000, -0.000000000000000000, -1.000000000000000000 ) ) ;
#1005 = ADVANCED_FACE ( 'NONE', ( #1570 ), #2486, .F. ) ;
#1006 = VECTOR ( 'NONE', #2705, 1000.000000000000000 ) ;
#1007 = DIRECTION ( 'NONE',  ( -0.05233595624293624349, 0.9986295347545742773, 0.000000000000000000 ) ) ;
#1008 = ORIENTED_EDGE ( 'NONE', *, *, #756, .T. ) ;
#1009 = ORIENTED_EDGE ( 'NONE', *, *, #3405, .T. ) ;
#1010 = CARTESIAN_POINT ( 'NONE',  ( 2.220628408349885508, 0.3470691699717879941, -0.1874999999999999445 ) ) ;
#1011 = DIRECTION ( 'NONE',  ( -0.000000000000000000, -0.000000000000000000, -1.000000000000000000 ) ) ;
#1012 = CARTESIAN_POINT ( 'NONE',  ( -2.210946256444942470, 0.1623227060421919554, 1.112500000000000044 ) ) ;
#1013 = CYLINDRICAL_SURFACE ( 'NONE', #3074, 0.1849999999999998312 ) ;
#1014 = PLANE ( 'NONE',  #1261 ) ;
#1015 = EDGE_CURVE ( 'NONE', #2339, #799, #3179, .T. ) ;
#1016 = ORIENTED_EDGE ( 'NONE', *, *, #1746, .T. ) ;
#1017 = DIRECTION ( 'NONE',  ( 0.000000000000000000, 1.000000000000000000, 0.000000000000000000 ) ) ;
#1018 = LINE ( 'NONE', #2609, #3852 ) ;
#1019 = EDGE_CURVE ( 'NONE', #1205, #2005, #3467, .T. ) ;
#1020 = DIRECTION ( 'NONE',  ( -0.9986295347545742773, 0.05233595624293681942, 0.000000000000000000 ) ) ;
#1021 = ORIENTED_EDGE ( 'NONE', *, *, #3464, .T. ) ;
#1022 = DIRECTION ( 'NONE',  ( -0.000000000000000000, -1.000000000000000000, -0.000000000000000000 ) ) ;
#1023 = EDGE_CURVE ( 'NONE', #2208, #3462, #3771, .T. ) ;
#1024 = EDGE_LOOP ( 'NONE', ( #162, #3850, #545, #2577 ) ) ;
#1025 = VECTOR ( 'NONE', #1755, 1000.000000000000000 ) ;
#1026 = VERTEX_POINT ( 'NONE', #2575 ) ;
#1027 = CARTESIAN_POINT ( 'NONE',  ( 2.043564958962630129, 0.2934638074500524052, -0.8374999999999999112 ) ) ;
#1028 = DIRECTION ( 'NONE',  ( -0.000000000000000000, -0.000000000000000000, -1.000000000000000000 ) ) ;
#1029 = ORIENTED_EDGE ( 'NONE', *, *, #3173, .F. ) ;
#1030 = VECTOR ( 'NONE', #3663, 1000.000000000000000 ) ;
#1031 = DIRECTION ( 'NONE',  ( 1.000000000000000000, -6.307467175508965595E-16, 0.000000000000000000 ) ) ;
#1032 = ORIENTED_EDGE ( 'NONE', *, *, #1487, .T. ) ;
#1033 = CARTESIAN_POINT ( 'NONE',  ( 2.442149606563560393, -3.252606517456513302E-16, -0.1874999999999999445 ) ) ;
#1034 = CARTESIAN_POINT ( 'NONE',  ( -2.203095863008502686, 0.01252827582901618921, -0.4625000000000000222 ) ) ;
#1035 = ORIENTED_EDGE ( 'NONE', *, *, #3407, .F. ) ;
#1036 = CARTESIAN_POINT ( 'NONE',  ( -1.900000000000000133, 0.2499999999999992506, 1.112500000000000044 ) ) ;
#1037 =( NAMED_UNIT ( * ) SI_UNIT ( $, .STERADIAN. ) SOLID_ANGLE_UNIT ( ) );
#1038 = EDGE_CURVE ( 'NONE', #167, #1645, #731, .T. ) ;
#1040 = EDGE_CURVE ( 'NONE', #2, #3125, #1321, .T. ) ;
#1039 = DIRECTION ( 'NONE',  ( -0.000000000000000000, -0.000000000000000000, -1.000000000000000000 ) ) ;
#1041 = ORIENTED_EDGE ( 'NONE', *, *, #2240, .F. ) ;
#1042 = AXIS2_PLACEMENT_3D ( 'NONE', #932, #309, #644 ) ;
#1043 = CARTESIAN_POINT ( 'NONE',  ( -1.900000000000000133, 0.2499999999999994726, 1.112500000000000044 ) ) ;
#1044 = DIRECTION ( 'NONE',  ( -0.000000000000000000, 0.000000000000000000, -1.000000000000000000 ) ) ;
#1045 = VERTEX_POINT ( 'NONE', #1280 ) ;
#1046 = EDGE_CURVE ( 'NONE', #1413, #1298, #2840, .T. ) ;
#1047 = AXIS2_PLACEMENT_3D ( 'NONE', #1565, #3198, #1588 ) ;
#1048 = DIRECTION ( 'NONE',  ( -0.9986295347545742773, 0.05233595624293624349, 0.000000000000000000 ) ) ;
#1049 = ADVANCED_FACE ( 'NONE', ( #1613 ), #28, .F. ) ;
#1050 = VECTOR ( 'NONE', #1899, 1000.000000000000000 ) ;
#1051 = DIRECTION ( 'NONE',  ( -0.9986295347545742773, -0.05233595624293647247, 0.000000000000000000 ) ) ;
#1052 = VECTOR ( 'NONE', #2987, 1000.000000000000000 ) ;
#1053 = CARTESIAN_POINT ( 'NONE',  ( -1.671891845382139641, 0.3650000000000053757, -0.8374999999999999112 ) ) ;
#1054 = DIRECTION ( 'NONE',  ( 0.000000000000000000, -0.000000000000000000, 1.000000000000000000 ) ) ;
#1055 =( LENGTH_UNIT ( ) NAMED_UNIT ( * ) SI_UNIT ( .MILLI., .METRE. ) );
#1056 = VERTEX_POINT ( 'NONE', #1529 ) ;
#1057 = AXIS2_PLACEMENT_3D ( 'NONE', #2085, #3686, #3711 ) ;
#1058 = ADVANCED_FACE ( 'NONE', ( #1215 ), #2507, .F. ) ;
#1059 = ORIENTED_EDGE ( 'NONE', *, *, #2248, .F. ) ;
#1060 = COLOUR_RGB ( '',0.7921568627450980005, 0.8196078431372548767, 0.9333333333333333481 ) ;
#1061 = AXIS2_PLACEMENT_3D ( 'NONE', #383, #3489, #2265 ) ;
#1062 = VECTOR ( 'NONE', #1562, 1000.000000000000000 ) ;
#1063 = FILL_AREA_STYLE ('',( #1683 ) ) ;
#1064 = ORIENTED_EDGE ( 'NONE', *, *, #2981, .T. ) ;
#1065 = CARTESIAN_POINT ( 'NONE',  ( -1.900000000000000133, 0.2499999999999992506, 0.8374999999999999112 ) ) ;
#1066 = DIRECTION ( 'NONE',  ( -0.000000000000000000, -0.000000000000000000, -1.000000000000000000 ) ) ;
#1067 = CARTESIAN_POINT ( 'NONE',  ( 2.210946256444942470, 0.1623227060421919277, 1.112500000000000044 ) ) ;
#1068 = CARTESIAN_POINT ( 'NONE',  ( -1.671891845382139641, 0.6999999999999948486, -0.8374999999999999112 ) ) ;
#1069 = EDGE_CURVE ( 'NONE', #2342, #880, #190, .T. ) ;
#1070 = ORIENTED_EDGE ( 'NONE', *, *, #513, .F. ) ;
#1071 = EDGE_CURVE ( 'NONE', #2707, #3172, #1082, .T. ) ;
#1072 = FACE_OUTER_BOUND ( 'NONE', #1281, .T. ) ;
#1073 = ORIENTED_EDGE ( 'NONE', *, *, #1890, .F. ) ;
#1074 = DIRECTION ( 'NONE',  ( -0.9986295347545742773, 0.05233595624293681942, 0.000000000000000000 ) ) ;
#1075 = CARTESIAN_POINT ( 'NONE',  ( -1.900000000000000133, 0.2499999999999992506, -1.112500000000000044 ) ) ;
#1076 = ORIENTED_EDGE ( 'NONE', *, *, #1500, .T. ) ;
#1077 = CARTESIAN_POINT ( 'NONE',  ( 1.475000000000000533, 0.6999999999999948486, 1.475000000000000533 ) ) ;
#1078 = ORIENTED_EDGE ( 'NONE', *, *, #3072, .T. ) ;
#1079 = ADVANCED_FACE ( 'NONE', ( #3928 ), #3614, .F. ) ;
#1080 = PRESENTATION_STYLE_ASSIGNMENT (( #1428 ) ) ;
#1081 = ORIENTED_EDGE ( 'NONE', *, *, #404, .F. ) ;
#1082 = LINE ( 'NONE', #2349, #2525 ) ;
#1083 = AXIS2_PLACEMENT_3D ( 'NONE', #3301, #496, #2621 ) ;
#1084 = LINE ( 'NONE', #377, #242 ) ;
#1085 = EDGE_CURVE ( 'NONE', #852, #2339, #3346, .T. ) ;
#1086 = CARTESIAN_POINT ( 'NONE',  ( 1.671891845382139419, 0.5500000000000054845, -0.4625000000000000222 ) ) ;
#1087 = DIRECTION ( 'NONE',  ( -0.000000000000000000, -0.000000000000000000, -1.000000000000000000 ) ) ;
#1088 = EDGE_CURVE ( 'NONE', #1501, #1735, #2393, .T. ) ;
#1089 = CARTESIAN_POINT ( 'NONE',  ( -1.474999999999999645, 0.6999999999999948486, 1.475000000000000533 ) ) ;
#1090 = VERTEX_POINT ( 'NONE', #163 ) ;
#1091 = DIRECTION ( 'NONE',  ( 0.000000000000000000, 0.000000000000000000, -1.000000000000000000 ) ) ;
#1092 = CARTESIAN_POINT ( 'NONE',  ( 0.000000000000000000, 0.1499999999999999944, -1.392820323027550433 ) ) ;
#1093 = CARTESIAN_POINT ( 'NONE',  ( -1.500000000000000444, 0.5500000000000053735, 1.112500000000000044 ) ) ;
#1094 = VECTOR ( 'NONE', #1594, 1000.000000000000000 ) ;
#1095 = FACE_OUTER_BOUND ( 'NONE', #1128, .T. ) ;
#1096 = EDGE_LOOP ( 'NONE', ( #3101, #2573, #1927, #1516 ) ) ;
#1097 =( NAMED_UNIT ( * ) PLANE_ANGLE_UNIT ( ) SI_UNIT ( $, .RADIAN. ) );
#1098 = ORIENTED_EDGE ( 'NONE', *, *, #3133, .T. ) ;
#1099 = DIRECTION ( 'NONE',  ( 0.000000000000000000, 0.000000000000000000, 1.000000000000000000 ) ) ;
#1100 = CARTESIAN_POINT ( 'NONE',  ( 1.500000000000000444, 0.6999999999999948486, 1.112500000000000044 ) ) ;
#1101 = EDGE_CURVE ( 'NONE', #2815, #3920, #3330, .T. ) ;
#1102 = CARTESIAN_POINT ( 'NONE',  ( 2.442149606563560393, -3.252606517456513302E-16, -0.1874999999999999445 ) ) ;
#1103 = CARTESIAN_POINT ( 'NONE',  ( 1.848955294769395463, 0.4186053625217409091, -1.112500000000000044 ) ) ;
#1104 = ORIENTED_EDGE ( 'NONE', *, *, #1071, .T. ) ;
#1105 = VECTOR ( 'NONE', #3192, 1000.000000000000000 ) ;
#1106 = FACE_OUTER_BOUND ( 'NONE', #3736, .T. ) ;
#1107 = ORIENTED_EDGE ( 'NONE', *, *, #946, .F. ) ;
#1108 = DIRECTION ( 'NONE',  ( -0.2505628070857293110, 0.9351131265310305141, -0.2505628070857293110 ) ) ;
#1109 = CARTESIAN_POINT ( 'NONE',  ( 0.000000000000000000, 1.100000000000000089, 0.000000000000000000 ) ) ;
#1110 = ORIENTED_EDGE ( 'NONE', *, *, #3481, .T. ) ;
#1111 = CIRCLE ( 'NONE', #2912, 0.3349999999999893618 ) ;
#1112 = CIRCLE ( 'NONE', #3837, 0.1849999999999998312 ) ;
#1113 = AXIS2_PLACEMENT_3D ( 'NONE', #109, #798, #2058 ) ;
#1114 = ORIENTED_EDGE ( 'NONE', *, *, #2645, .T. ) ;
#1115 = PLANE ( 'NONE',  #3136 ) ;
#1116 = CARTESIAN_POINT ( 'NONE',  ( 2.450000000000000178, 0.1497944302131754835, 0.4625000000000000222 ) ) ;
#1117 = ORIENTED_EDGE ( 'NONE', *, *, #2017, .T. ) ;
#1118 = ORIENTED_EDGE ( 'NONE', *, *, #4091, .F. ) ;
#1119 = EDGE_CURVE ( 'NONE', #302, #2919, #3273, .T. ) ;
#1120 = ORIENTED_EDGE ( 'NONE', *, *, #1320, .T. ) ;
#1121 = AXIS2_PLACEMENT_3D ( 'NONE', #1297, #3748, #3443 ) ;
#1122 = CARTESIAN_POINT ( 'NONE',  ( -1.305376667086488807, -0.1763441667716192651, 1.305376667086488807 ) ) ;
#1123 = COLOUR_RGB ( '',0.7921568627450980005, 0.8196078431372548767, 0.9333333333333333481 ) ;
#1124 = DIRECTION ( 'NONE',  ( -1.000000000000000000, 0.000000000000000000, 0.000000000000000000 ) ) ;
#1125 = PRESENTATION_LAYER_ASSIGNMENT (  '', '', ( #2927 ) ) ;
#1126 = FACE_OUTER_BOUND ( 'NONE', #3070, .T. ) ;
#1127 = DIRECTION ( 'NONE',  ( 0.000000000000000000, 1.000000000000000000, 0.000000000000000000 ) ) ;
#1128 = EDGE_LOOP ( 'NONE', ( #3725, #3343, #1081, #420, #3215, #57, #547, #1804, #524, #1381, #3825, #963 ) ) ;
#1129 = AXIS2_PLACEMENT_3D ( 'NONE', #2664, #408, #2338 ) ;
#1130 = CARTESIAN_POINT ( 'NONE',  ( -1.992520253732025237, 0.4620691699717940359, 1.112500000000000044 ) ) ;
#1131 = VERTEX_POINT ( 'NONE', #1997 ) ;
#1132 = CARTESIAN_POINT ( 'NONE',  ( 2.442149606563560393, -3.252606517456513302E-16, 0.4625000000000000222 ) ) ;
#1133 = VECTOR ( 'NONE', #3245, 999.9999999999998863 ) ;
#1134 = DIRECTION ( 'NONE',  ( -0.000000000000000000, -0.000000000000000000, -1.000000000000000000 ) ) ;
#1135 = DIRECTION ( 'NONE',  ( -1.000000000000000000, 0.000000000000000000, 0.000000000000000000 ) ) ;
#1136 = CARTESIAN_POINT ( 'NONE',  ( -1.848955294769395241, 0.4186053625217408536, -0.1874999999999999445 ) ) ;
#1137 =( LENGTH_UNIT ( ) NAMED_UNIT ( * ) SI_UNIT ( .MILLI., .METRE. ) );
#1138 = EDGE_CURVE ( 'NONE', #1679, #3172, #1400, .T. ) ;
#1139 = VECTOR ( 'NONE', #1617, 1000.000000000000000 ) ;
#1140 = EDGE_LOOP ( 'NONE', ( #3037, #2485, #1351, #536 ) ) ;
#1141 = ORIENTED_EDGE ( 'NONE', *, *, #1878, .F. ) ;
#1142 = CARTESIAN_POINT ( 'NONE',  ( 1.392820323027550211, 0.1499999999999999944, 0.000000000000000000 ) ) ;
#1143 = ORIENTED_EDGE ( 'NONE', *, *, #1361, .F. ) ;
#1144 = DIRECTION ( 'NONE',  ( -1.000000000000000000, 0.000000000000000000, 0.000000000000000000 ) ) ;
#1145 = DIRECTION ( 'NONE',  ( -1.000000000000000000, 0.000000000000000000, 0.000000000000000000 ) ) ;
#1146 = EDGE_CURVE ( 'NONE', #1343, #2707, #3312, .T. ) ;
#1147 = DIRECTION ( 'NONE',  ( -0.000000000000000000, -0.000000000000000000, -1.000000000000000000 ) ) ;
#1148 = CARTESIAN_POINT ( 'NONE',  ( 1.900000000000000133, 0.2499999999999994726, -0.1874999999999999445 ) ) ;
#1149 = ORIENTED_EDGE ( 'NONE', *, *, #3845, .T. ) ;
#1150 = DIRECTION ( 'NONE',  ( -6.307467175508965595E-16, 1.000000000000000000, 0.000000000000000000 ) ) ;
#1151 = VERTEX_POINT ( 'NONE', #2960 ) ;
#1152 = PLANE ( 'NONE',  #969 ) ;
#1153 = LINE ( 'NONE', #1948, #3639 ) ;
#1154 = LINE ( 'NONE', #1219, #3377 ) ;
#1155 = ADVANCED_FACE ( 'NONE', ( #2030 ), #462, .F. ) ;
#1156 = LINE ( 'NONE', #1221, #2626 ) ;
#1157 = CARTESIAN_POINT ( 'NONE',  ( 1.671891845382139419, 0.5500000000000054845, -0.1874999999999999445 ) ) ;
#1158 = ORIENTED_EDGE ( 'NONE', *, *, #3806, .F. ) ;
#1159 = EDGE_LOOP ( 'NONE', ( #1149, #2421 ) ) ;
#1160 = VECTOR ( 'NONE', #1260, 1000.000000000000000 ) ;
#1161 = DIRECTION ( 'NONE',  ( 1.000000000000000000, 0.000000000000000000, 0.000000000000000000 ) ) ;
#1162 = VERTEX_POINT ( 'NONE', #184 ) ;
#1163 = EDGE_CURVE ( 'NONE', #3979, #483, #2735, .T. ) ;
#1164 = FACE_OUTER_BOUND ( 'NONE', #1730, .T. ) ;
#1165 = PLANE ( 'NONE',  #1972 ) ;
#1166 = EDGE_CURVE ( 'NONE', #3611, #3564, #1724, .T. ) ;
#1167 = DIRECTION ( 'NONE',  ( -1.000000000000000000, 0.000000000000000000, 0.000000000000000000 ) ) ;
#1168 = DIRECTION ( 'NONE',  ( 0.2897587163337060900, 0.9570997264175991059, 0.000000000000000000 ) ) ;
#1169 = ORIENTED_EDGE ( 'NONE', *, *, #1781, .T. ) ;
#1170 = ADVANCED_FACE ( 'NONE', ( #3909 ), #3630, .T. ) ;
#1171 = DIRECTION ( 'NONE',  ( 1.000000000000000000, -0.000000000000000000, 0.000000000000000000 ) ) ;
#1172 = ORIENTED_EDGE ( 'NONE', *, *, #3907, .F. ) ;
#1173 = CARTESIAN_POINT ( 'NONE',  ( 1.500000000000000444, 0.5500000000000053735, -0.1874999999999999445 ) ) ;
#1174 = CARTESIAN_POINT ( 'NONE',  ( 1.500000000000000444, 0.6999999999999948486, 0.4625000000000000222 ) ) ;
#1175 = CARTESIAN_POINT ( 'NONE',  ( -2.442149606563560393, -3.252606517456513302E-16, -0.1874999999999999445 ) ) ;
#1176 = AXIS2_PLACEMENT_3D ( 'NONE', #3537, #3229, #362 ) ;
#1177 = CARTESIAN_POINT ( 'NONE',  ( 2.450000000000000178, 0.1497944302131754835, -0.8374999999999999112 ) ) ;
#1178 = FACE_OUTER_BOUND ( 'NONE', #135, .T. ) ;
#1179 = EDGE_CURVE ( 'NONE', #3788, #2866, #2709, .T. ) ;
#1180 = VECTOR ( 'NONE', #2352, 1000.000000000000000 ) ;
#1181 = VECTOR ( 'NONE', #2505, 1000.000000000000000 ) ;
#1182 = EDGE_LOOP ( 'NONE', ( #2027, #4115, #345, #3159 ) ) ;
#1183 = FACE_OUTER_BOUND ( 'NONE', #2841, .T. ) ;
#1184 = VERTEX_POINT ( 'NONE', #1065 ) ;
#1185 = CARTESIAN_POINT ( 'NONE',  ( 2.450000000000000178, 0.1497944302131754835, 1.112500000000000044 ) ) ;
#1186 = VECTOR ( 'NONE', #3891, 1000.000000000000000 ) ;
#1187 = VECTOR ( 'NONE', #2041, 1000.000000000000000 ) ;
#1188 = EDGE_LOOP ( 'NONE', ( #636, #3667, #1747, #3178 ) ) ;
#1189 = DIRECTION ( 'NONE',  ( -0.000000000000000000, -0.000000000000000000, -1.000000000000000000 ) ) ;
#1190 = DIRECTION ( 'NONE',  ( 0.000000000000000000, -0.000000000000000000, -1.000000000000000000 ) ) ;
#1191 = ORIENTED_EDGE ( 'NONE', *, *, #3803, .T. ) ;
#1192 = CIRCLE ( 'NONE', #1929, 0.3349999999999893618 ) ;
#1193 = CIRCLE ( 'NONE', #533, 0.3349999999999893618 ) ;
#1194 = ORIENTED_EDGE ( 'NONE', *, *, #3413, .F. ) ;
#1195 = DIRECTION ( 'NONE',  ( -1.000000000000000000, 0.000000000000000000, 0.000000000000000000 ) ) ;
#1196 = VERTEX_POINT ( 'NONE', #3598 ) ;
#1197 = EDGE_CURVE ( 'NONE', #207, #3327, #750, .T. ) ;
#1198 = DIRECTION ( 'NONE',  ( 0.000000000000000000, 0.000000000000000000, 1.000000000000000000 ) ) ;
#1199 = EDGE_CURVE ( 'NONE', #799, #2383, #2692, .T. ) ;
#1200 = LINE ( 'NONE', #4004, #333 ) ;
#1201 = DIRECTION ( 'NONE',  ( 0.9570997264175991059, -0.2897587163337057570, 0.000000000000000000 ) ) ;
#1202 = LINE ( 'NONE', #1447, #1025 ) ;
#1203 = FILL_AREA_STYLE_COLOUR ( '', #2941 ) ;
#1204 = EDGE_CURVE ( 'NONE', #1449, #1184, #2782, .T. ) ;
#1205 = VERTEX_POINT ( 'NONE', #484 ) ;
#1206 = DIRECTION ( 'NONE',  ( -0.9986295347545742773, 0.05233595624293647247, -0.000000000000000000 ) ) ;
#1207 = ORIENTED_EDGE ( 'NONE', *, *, #768, .F. ) ;
#1208 = DIRECTION ( 'NONE',  ( -0.000000000000000000, -0.000000000000000000, -1.000000000000000000 ) ) ;
#1209 = EDGE_CURVE ( 'NONE', #937, #1151, #1741, .T. ) ;
#1210 = DIRECTION ( 'NONE',  ( -1.000000000000000000, 0.000000000000000000, 0.000000000000000000 ) ) ;
#1211 = PLANE ( 'NONE',  #1445 ) ;
#1212 = VERTEX_POINT ( 'NONE', #2787 ) ;
#1213 = LINE ( 'NONE', #2484, #2102 ) ;
#1214 = ORIENTED_EDGE ( 'NONE', *, *, #2950, .F. ) ;
#1215 = FACE_OUTER_BOUND ( 'NONE', #1188, .T. ) ;
#1216 = ORIENTED_EDGE ( 'NONE', *, *, #428, .T. ) ;
#1217 = FACE_OUTER_BOUND ( 'NONE', #501, .T. ) ;
#1218 = UNCERTAINTY_MEASURE_WITH_UNIT (LENGTH_MEASURE( 1.000000000000000082E-05 ), #3593, 'distance_accuracy_value', 'NONE');
#1219 = CARTESIAN_POINT ( 'NONE',  ( 1.500000000000000444, 0.5500000000000053735, -1.112500000000000044 ) ) ;
#1220 = EDGE_CURVE ( 'NONE', #2881, #3468, #891, .T. ) ;
#1221 = CARTESIAN_POINT ( 'NONE',  ( -2.203095863008502686, 0.01252827582901618921, 1.112500000000000044 ) ) ;
#1222 = DIRECTION ( 'NONE',  ( 1.000000000000000000, 6.307467175508965595E-16, -0.000000000000000000 ) ) ;
#1223 = AXIS2_PLACEMENT_3D ( 'NONE', #2450, #2780, #4050 ) ;
#1224 = ORIENTED_EDGE ( 'NONE', *, *, #709, .F. ) ;
#1225 = CARTESIAN_POINT ( 'NONE',  ( -1.992520253732025237, 0.4620691699717939804, -1.112500000000000044 ) ) ;
#1226 = ORIENTED_EDGE ( 'NONE', *, *, #1654, .T. ) ;
#1227 = DIRECTION ( 'NONE',  ( -0.000000000000000000, 1.000000000000000000, -0.000000000000000000 ) ) ;
#1228 = CARTESIAN_POINT ( 'NONE',  ( 1.671891845382139641, 0.3650000000000053757, -0.8374999999999999112 ) ) ;
#1229 = ADVANCED_FACE ( 'NONE', ( #1164 ), #1787, .F. ) ;
#1230 = CARTESIAN_POINT ( 'NONE',  ( 1.475000000000000533, 0.6999999999999948486, 1.475000000000000533 ) ) ;
#1231 = DIRECTION ( 'NONE',  ( -0.000000000000000000, -1.000000000000000000, -0.000000000000000000 ) ) ;
#1232 = VERTEX_POINT ( 'NONE', #4031 ) ;
#1233 = DIRECTION ( 'NONE',  ( -0.000000000000000000, -0.000000000000000000, -1.000000000000000000 ) ) ;
#1234 = VERTEX_POINT ( 'NONE', #2500 ) ;
#1235 = LINE ( 'NONE', #621, #1444 ) ;
#1236 = CARTESIAN_POINT ( 'NONE',  ( 1.848955294769395463, 0.4186053625217409091, 1.112500000000000044 ) ) ;
#1237 = LINE ( 'NONE', #3799, #3777 ) ;
#1238 = AXIS2_PLACEMENT_3D ( 'NONE', #2871, #35, #1285 ) ;
#1239 = CARTESIAN_POINT ( 'NONE',  ( 2.043564958962630129, 0.2934638074500524052, -0.8374999999999999112 ) ) ;
#1240 = PLANE ( 'NONE',  #2743 ) ;
#1241 = CARTESIAN_POINT ( 'NONE',  ( -2.450000000000000178, 0.1497944302131754835, 0.1874999999999999445 ) ) ;
#1242 = ORIENTED_EDGE ( 'NONE', *, *, #534, .T. ) ;
#1243 = DIRECTION ( 'NONE',  ( -0.000000000000000000, -0.000000000000000000, -1.000000000000000000 ) ) ;
#1244 = VECTOR ( 'NONE', #1416, 1000.000000000000000 ) ;
#1245 = PLANE ( 'NONE',  #2123 ) ;
#1246 = VECTOR ( 'NONE', #1826, 1000.000000000000000 ) ;
#1247 = EDGE_CURVE ( 'NONE', #1645, #3788, #858, .T. ) ;
#1248 = AXIS2_PLACEMENT_3D ( 'NONE', #3069, #4038, #189 ) ;
#1249 = ORIENTED_EDGE ( 'NONE', *, *, #1823, .T. ) ;
#1250 = CIRCLE ( 'NONE', #1314, 0.1849999999999998312 ) ;
#1251 = APPLICATION_CONTEXT ( 'automotive_design' ) ;
#1252 = DIRECTION ( 'NONE',  ( -0.9986295347545742773, -0.05233595624293647247, 0.000000000000000000 ) ) ;
#1253 = CARTESIAN_POINT ( 'NONE',  ( -2.043564958962630129, 0.2934638074500523497, -0.8374999999999999112 ) ) ;
#1254 = VERTEX_POINT ( 'NONE', #4057 ) ;
#1255 = CARTESIAN_POINT ( 'NONE',  ( -1.900000000000000133, 0.2499999999999994726, -0.4625000000000000222 ) ) ;
#1256 = ORIENTED_EDGE ( 'NONE', *, *, #3851, .F. ) ;
#1257 = CARTESIAN_POINT ( 'NONE',  ( -1.900000000000000133, 0.2499999999999992506, 0.4625000000000000222 ) ) ;
#1258 = ORIENTED_EDGE ( 'NONE', *, *, #1345, .F. ) ;
#1259 = VECTOR ( 'NONE', #3052, 1000.000000000000000 ) ;
#1260 = DIRECTION ( 'NONE',  ( -1.000000000000000000, -0.000000000000000000, -0.000000000000000000 ) ) ;
#1261 = AXIS2_PLACEMENT_3D ( 'NONE', #2583, #672, #1967 ) ;
#1262 = CARTESIAN_POINT ( 'NONE',  ( -1.100000000000000311, 1.050000000000000044, -1.224999999999999867 ) ) ;
#1263 = CARTESIAN_POINT ( 'NONE',  ( -2.210946256444942470, 0.1623227060421919554, 0.8374999999999999112 ) ) ;
#1264 = EDGE_CURVE ( 'NONE', #3875, #628, #1193, .T. ) ;
#1265 = DIRECTION ( 'NONE',  ( -1.000000000000000000, 0.000000000000000000, 0.000000000000000000 ) ) ;
#1266 = FACE_OUTER_BOUND ( 'NONE', #24, .T. ) ;
#1267 = CARTESIAN_POINT ( 'NONE',  ( 1.500000000000000444, 0.6999999999999948486, -0.4625000000000000222 ) ) ;
#1268 = ORIENTED_EDGE ( 'NONE', *, *, #1701, .F. ) ;
#1269 = EDGE_CURVE ( 'NONE', #3468, #2286, #131, .T. ) ;
#1270 = DIRECTION ( 'NONE',  ( 1.000000000000000000, 0.000000000000000000, 0.000000000000000000 ) ) ;
#1271 = ORIENTED_EDGE ( 'NONE', *, *, #476, .F. ) ;
#1272 = DIRECTION ( 'NONE',  ( -0.2897587163337060345, 0.9570997264175989949, 0.000000000000000000 ) ) ;
#1273 = EDGE_LOOP ( 'NONE', ( #1862, #819, #2446, #1491 ) ) ;
#1274 = CARTESIAN_POINT ( 'NONE',  ( -1.500000000000000444, 0.5500000000000053735, -1.112500000000000044 ) ) ;
#1275 = VECTOR ( 'NONE', #2580, 999.9999999999998863 ) ;
#1276 = CARTESIAN_POINT ( 'NONE',  ( 2.043564958962630129, 0.2934638074500524052, -0.1874999999999999445 ) ) ;
#1277 = VERTEX_POINT ( 'NONE', #914 ) ;
#1278 = STYLED_ITEM ( 'NONE', ( #1756 ), #1560 ) ;
#1279 = ORIENTED_EDGE ( 'NONE', *, *, #971, .T. ) ;
#1280 = CARTESIAN_POINT ( 'NONE',  ( -1.671891845382139641, 0.6999999999999948486, 0.4625000000000000222 ) ) ;
#1281 = EDGE_LOOP ( 'NONE', ( #1360, #2817, #861, #531, #3335, #3283, #3903, #1697, #689, #2933, #2131, #2432 ) ) ;
#1282 = CARTESIAN_POINT ( 'NONE',  ( -2.442149606563560393, -3.252606517456513302E-16, -0.8374999999999999112 ) ) ;
#1283 = LINE ( 'NONE', #50, #3321 ) ;
#1284 = SURFACE_SIDE_STYLE ('',( #12 ) ) ;
#1285 = DIRECTION ( 'NONE',  ( 0.000000000000000000, 0.000000000000000000, 1.000000000000000000 ) ) ;
#1286 = DIRECTION ( 'NONE',  ( 0.2897587163337057570, -0.9570997264175991059, 0.000000000000000000 ) ) ;
#1287 = LINE ( 'NONE', #999, #2184 ) ;
#1288 = EDGE_CURVE ( 'NONE', #1413, #2454, #2524, .T. ) ;
#1289 = ORIENTED_EDGE ( 'NONE', *, *, #667, .T. ) ;
#1290 = CARTESIAN_POINT ( 'NONE',  ( -2.442149606563560393, -3.252606517456513302E-16, 0.1874999999999999445 ) ) ;
#1291 = FACE_OUTER_BOUND ( 'NONE', #2617, .T. ) ;
#1292 = ORIENTED_EDGE ( 'NONE', *, *, #2080, .T. ) ;
#1293 = DIRECTION ( 'NONE',  ( 1.000000000000000000, 0.000000000000000000, 0.000000000000000000 ) ) ;
#1294 = VERTEX_POINT ( 'NONE', #1185 ) ;
#1295 = ORIENTED_EDGE ( 'NONE', *, *, #2182, .F. ) ;
#1296 = AXIS2_PLACEMENT_3D ( 'NONE', #3822, #977, #720 ) ;
#1297 = CARTESIAN_POINT ( 'NONE',  ( 1.992520253732025237, 0.4620691699717939804, -0.8374999999999999112 ) ) ;
#1298 = VERTEX_POINT ( 'NONE', #3152 ) ;
#1299 = CARTESIAN_POINT ( 'NONE',  ( -1.500000000000000444, 0.6999999999999948486, -0.8374999999999999112 ) ) ;
#1300 = DIRECTION ( 'NONE',  ( -0.9986295347545742773, 0.05233595624293647247, -0.000000000000000000 ) ) ;
#1301 = CARTESIAN_POINT ( 'NONE',  ( 1.500000000000000444, 0.6999999999999948486, 0.1874999999999999445 ) ) ;
#1302 = DIRECTION ( 'NONE',  ( -0.05233595624293624349, 0.9986295347545742773, 0.000000000000000000 ) ) ;
#1303 = DIRECTION ( 'NONE',  ( -0.000000000000000000, -1.000000000000000000, -0.000000000000000000 ) ) ;
#1304 = ORIENTED_EDGE ( 'NONE', *, *, #2136, .T. ) ;
#1305 = LINE ( 'NONE', #337, #2589 ) ;
#1306 = ORIENTED_EDGE ( 'NONE', *, *, #694, .T. ) ;
#1307 = DIRECTION ( 'NONE',  ( -1.000000000000000000, 0.000000000000000000, 0.000000000000000000 ) ) ;
#1308 = AXIS2_PLACEMENT_3D ( 'NONE', #2076, #3350, #1167 ) ;
#1309 = ORIENTED_EDGE ( 'NONE', *, *, #911, .F. ) ;
#1310 = DIRECTION ( 'NONE',  ( -1.000000000000000000, -0.000000000000000000, -0.000000000000000000 ) ) ;
#1311 = VECTOR ( 'NONE', #3797, 1000.000000000000000 ) ;
#1312 = ORIENTED_EDGE ( 'NONE', *, *, #1402, .F. ) ;
#1313 = AXIS2_PLACEMENT_3D ( 'NONE', #1142, #2141, #889 ) ;
#1314 = AXIS2_PLACEMENT_3D ( 'NONE', #161, #3002, #3308 ) ;
#1315 = VERTEX_POINT ( 'NONE', #851 ) ;
#1316 = VECTOR ( 'NONE', #1485, 999.9999999999998863 ) ;
#1317 = DIRECTION ( 'NONE',  ( -1.000000000000000000, 6.307467175508965595E-16, 0.000000000000000000 ) ) ;
#1318 = DIRECTION ( 'NONE',  ( -0.000000000000000000, -0.000000000000000000, -1.000000000000000000 ) ) ;
#1319 = DIRECTION ( 'NONE',  ( -0.000000000000000000, -0.000000000000000000, -1.000000000000000000 ) ) ;
#1320 = EDGE_CURVE ( 'NONE', #1315, #75, #2160, .T. ) ;
#1321 = CIRCLE ( 'NONE', #3636, 0.3349999999999893618 ) ;
#1322 = AXIS2_PLACEMENT_3D ( 'NONE', #2908, #1326, #627 ) ;
#1323 = DIRECTION ( 'NONE',  ( -1.000000000000000000, 0.000000000000000000, 0.000000000000000000 ) ) ;
#1324 = ORIENTED_EDGE ( 'NONE', *, *, #2182, .T. ) ;
#1325 = CARTESIAN_POINT ( 'NONE',  ( -1.367820323027548968, 1.100000000000000089, -1.367820323027548524 ) ) ;
#1326 = DIRECTION ( 'NONE',  ( -0.000000000000000000, -0.000000000000000000, -1.000000000000000000 ) ) ;
#1327 = AXIS2_PLACEMENT_3D ( 'NONE', #1484, #3685, #863 ) ;
#1328 = ORIENTED_EDGE ( 'NONE', *, *, #3261, .T. ) ;
#1329 = VECTOR ( 'NONE', #1681, 1000.000000000000000 ) ;
#1330 = EDGE_CURVE ( 'NONE', #3897, #1234, #2858, .T. ) ;
#1331 = PLANE ( 'NONE',  #3695 ) ;
#1332 = DIRECTION ( 'NONE',  ( -1.000000000000000000, 0.000000000000000000, 0.000000000000000000 ) ) ;
#1333 = DIRECTION ( 'NONE',  ( 1.000000000000000000, 0.000000000000000000, 0.000000000000000000 ) ) ;
#1334 = VECTOR ( 'NONE', #2066, 1000.000000000000000 ) ;
#1335 = EDGE_CURVE ( 'NONE', #880, #3669, #1874, .T. ) ;
#1336 = LINE ( 'NONE', #2612, #2771 ) ;
#1337 = ORIENTED_EDGE ( 'NONE', *, *, #3106, .T. ) ;
#1338 = ORIENTED_EDGE ( 'NONE', *, *, #2278, .T. ) ;
#1339 = AXIS2_PLACEMENT_3D ( 'NONE', #307, #1574, #3206 ) ;
#1340 = LINE ( 'NONE', #3296, #453 ) ;
#1341 = VECTOR ( 'NONE', #1303, 1000.000000000000000 ) ;
#1342 = LINE ( 'NONE', #2020, #717 ) ;
#1343 = VERTEX_POINT ( 'NONE', #2480 ) ;
#1344 = CARTESIAN_POINT ( 'NONE',  ( 2.450000000000000178, 0.1497944302131754835, 0.8374999999999999112 ) ) ;
#1345 = EDGE_CURVE ( 'NONE', #2679, #1045, #2831, .T. ) ;
#1346 = EDGE_LOOP ( 'NONE', ( #2456, #1974, #2636, #2729 ) ) ;
#1347 = FACE_OUTER_BOUND ( 'NONE', #1944, .T. ) ;
#1348 = SURFACE_STYLE_FILL_AREA ( #1602 ) ;
#1349 = CYLINDRICAL_SURFACE ( 'NONE', #1083, 0.1849999999999998312 ) ;
#1350 = ADVANCED_FACE ( 'NONE', ( #3066 ), #1245, .F. ) ;
#1351 = ORIENTED_EDGE ( 'NONE', *, *, #865, .F. ) ;
#1352 = CARTESIAN_POINT ( 'NONE',  ( -1.900000000000000133, 0.2499999999999994726, 1.112500000000000044 ) ) ;
#1353 = CARTESIAN_POINT ( 'NONE',  ( -1.100000000000000311, 1.050000000000000044, -1.099999999999999867 ) ) ;
#1354 = EDGE_CURVE ( 'NONE', #1131, #2959, #2120, .T. ) ;
#1355 = SURFACE_STYLE_FILL_AREA ( #1063 ) ;
#1356 = VERTEX_POINT ( 'NONE', #1849 ) ;
#1357 = DIRECTION ( 'NONE',  ( 0.9986295347545742773, -0.05233595624293647941, 0.000000000000000000 ) ) ;
#1358 = VERTEX_POINT ( 'NONE', #3085 ) ;
#1359 = VECTOR ( 'NONE', #2409, 1000.000000000000000 ) ;
#1360 = ORIENTED_EDGE ( 'NONE', *, *, #1402, .T. ) ;
#1361 = EDGE_CURVE ( 'NONE', #3935, #1614, #2391, .T. ) ;
#1362 = PLANE ( 'NONE',  #52 ) ;
#1363 = PLANE ( 'NONE',  #3189 ) ;
#1364 = ORIENTED_EDGE ( 'NONE', *, *, #2750, .F. ) ;
#1365 = AXIS2_PLACEMENT_3D ( 'NONE', #3899, #116, #3921 ) ;
#1366 = CARTESIAN_POINT ( 'NONE',  ( -1.900000000000000133, 0.2499999999999994726, -0.8374999999999999112 ) ) ;
#1367 = DIRECTION ( 'NONE',  ( 1.000000000000000000, 0.000000000000000000, 0.000000000000000000 ) ) ;
#1368 = FACE_OUTER_BOUND ( 'NONE', #3243, .T. ) ;
#1369 = ORIENTED_EDGE ( 'NONE', *, *, #1264, .F. ) ;
#1370 = PRODUCT_DEFINITION ( 'UNKNOWN', '', #2852, #225 ) ;
#1371 = CARTESIAN_POINT ( 'NONE',  ( 1.900000000000000133, 0.2499999999999994726, 0.4625000000000000222 ) ) ;
#1372 = PRODUCT_RELATED_PRODUCT_CATEGORY ( 'part', '', ( #765 ) ) ;
#1373 = CARTESIAN_POINT ( 'NONE',  ( -2.442149606563560393, -3.252606517456513302E-16, -0.4625000000000000222 ) ) ;
#1374 = ORIENTED_EDGE ( 'NONE', *, *, #1994, .F. ) ;
#1375 = ADVANCED_FACE ( 'NONE', ( #243 ), #2143, .F. ) ;
#1376 = CIRCLE ( 'NONE', #839, 0.1849999999999998312 ) ;
#1377 = DIRECTION ( 'NONE',  ( -1.000000000000000000, -6.307467175508965595E-16, 0.000000000000000000 ) ) ;
#1378 = ORIENTED_EDGE ( 'NONE', *, *, #1803, .F. ) ;
#1379 = EDGE_CURVE ( 'NONE', #3169, #1131, #4076, .T. ) ;
#1380 = CARTESIAN_POINT ( 'NONE',  ( -1.474999999999999645, 0.6999999999999948486, -1.474999999999999867 ) ) ;
#1381 = ORIENTED_EDGE ( 'NONE', *, *, #3675, .F. ) ;
#1382 = EDGE_CURVE ( 'NONE', #3666, #1501, #3197, .T. ) ;
#1383 = VECTOR ( 'NONE', #128, 1000.000000000000000 ) ;
#1384 = CYLINDRICAL_SURFACE ( 'NONE', #1512, 0.1849999999999998312 ) ;
#1385 = CIRCLE ( 'NONE', #1973, 0.3349999999999893618 ) ;
#1386 = FACE_OUTER_BOUND ( 'NONE', #2751, .T. ) ;
#1387 = VERTEX_POINT ( 'NONE', #2938 ) ;
#1388 = CIRCLE ( 'NONE', #1113, 0.3349999999999893618 ) ;
#1389 = LINE ( 'NONE', #1344, #2604 ) ;
#1390 = DIRECTION ( 'NONE',  ( -1.000000000000000000, 0.000000000000000000, 0.000000000000000000 ) ) ;
#1391 = EDGE_CURVE ( 'NONE', #3400, #1559, #4051, .T. ) ;
#1392 = VERTEX_POINT ( 'NONE', #395 ) ;
#1393 = VECTOR ( 'NONE', #3486, 1000.000000000000000 ) ;
#1394 = DIRECTION ( 'NONE',  ( -1.000000000000000000, 0.000000000000000000, 0.000000000000000000 ) ) ;
#1395 = VECTOR ( 'NONE', #3541, 1000.000000000000000 ) ;
#1396 = AXIS2_PLACEMENT_3D ( 'NONE', #1606, #1624, #678 ) ;
#1397 = ADVANCED_FACE ( 'NONE', ( #59 ), #1919, .T. ) ;
#1398 = CARTESIAN_POINT ( 'NONE',  ( -1.992520253732025237, 0.4620691699717940359, 0.4625000000000000222 ) ) ;
#1399 = ORIENTED_EDGE ( 'NONE', *, *, #3079, .F. ) ;
#1400 = LINE ( 'NONE', #3969, #727 ) ;
#1401 = FACE_OUTER_BOUND ( 'NONE', #1902, .T. ) ;
#1402 = EDGE_CURVE ( 'NONE', #1090, #1796, #2668, .T. ) ;
#1403 = DIRECTION ( 'NONE',  ( -0.9986295347545742773, -0.05233595624293647247, 0.000000000000000000 ) ) ;
#1404 = DIRECTION ( 'NONE',  ( 1.000000000000000000, 0.000000000000000000, 0.000000000000000000 ) ) ;
#1405 = VERTEX_POINT ( 'NONE', #2273 ) ;
#1406 = FACE_OUTER_BOUND ( 'NONE', #2468, .T. ) ;
#1407 = PLANE ( 'NONE',  #2569 ) ;
#1408 = SURFACE_SIDE_STYLE ('',( #1990 ) ) ;
#1409 = FACE_OUTER_BOUND ( 'NONE', #1482, .T. ) ;
#1410 = LINE ( 'NONE', #1093, #1334 ) ;
#1411 = EDGE_CURVE ( 'NONE', #2466, #3575, #1583, .T. ) ;
#1412 = ORIENTED_EDGE ( 'NONE', *, *, #1019, .T. ) ;
#1413 = VERTEX_POINT ( 'NONE', #2915 ) ;
#1414 = DIRECTION ( 'NONE',  ( -6.307467175508965595E-16, 1.000000000000000000, 0.000000000000000000 ) ) ;
#1415 = CLOSED_SHELL ( 'NONE', ( #341, #1765, #129, #1939, #739, #2698, #2242, #3705, #1777, #1155, #2269, #3964, #683, #3914 ) ) ;
#1416 = DIRECTION ( 'NONE',  ( 1.000000000000000000, 6.307467175508965595E-16, -0.000000000000000000 ) ) ;
#1417 = DIRECTION ( 'NONE',  ( -0.05233595624293624349, -0.9986295347545742773, 0.000000000000000000 ) ) ;
#1418 = LINE ( 'NONE', #2661, #1586 ) ;
#1419 = EDGE_LOOP ( 'NONE', ( #758, #3016, #3702, #5 ) ) ;
#1420 = CARTESIAN_POINT ( 'NONE',  ( -1.500000000000000444, 0.5500000000000053735, 0.1874999999999999445 ) ) ;
#1421 = VERTEX_POINT ( 'NONE', #691 ) ;
#1422 = FACE_OUTER_BOUND ( 'NONE', #1757, .T. ) ;
#1423 = ORIENTED_EDGE ( 'NONE', *, *, #308, .F. ) ;
#1424 = ORIENTED_EDGE ( 'NONE', *, *, #1038, .T. ) ;
#1425 = DIRECTION ( 'NONE',  ( -0.000000000000000000, -0.000000000000000000, -1.000000000000000000 ) ) ;
#1426 = DIRECTION ( 'NONE',  ( -0.000000000000000000, -0.000000000000000000, -1.000000000000000000 ) ) ;
#1427 = EDGE_LOOP ( 'NONE', ( #1120, #3813, #2971, #1461 ) ) ;
#1428 = SURFACE_STYLE_USAGE ( .BOTH. , #811 ) ;
#1429 = ORIENTED_EDGE ( 'NONE', *, *, #1166, .F. ) ;
#1430 = DIRECTION ( 'NONE',  ( -0.000000000000000000, -0.000000000000000000, -1.000000000000000000 ) ) ;
#1431 = DIRECTION ( 'NONE',  ( -0.000000000000000000, -0.000000000000000000, -1.000000000000000000 ) ) ;
#1432 = DIRECTION ( 'NONE',  ( -0.000000000000000000, -0.000000000000000000, -1.000000000000000000 ) ) ;
#1433 = DIRECTION ( 'NONE',  ( 0.9986295347545742773, 0.05233595624293647941, 0.000000000000000000 ) ) ;
#1434 = EDGE_LOOP ( 'NONE', ( #1736, #2124, #2900, #1520 ) ) ;
#1435 = EDGE_CURVE ( 'NONE', #1356, #1151, #1018, .T. ) ;
#1436 = VECTOR ( 'NONE', #2416, 1000.000000000000000 ) ;
#1437 = AXIS2_PLACEMENT_3D ( 'NONE', #2498, #3757, #2180 ) ;
#1438 = DIRECTION ( 'NONE',  ( 1.000000000000000000, 0.000000000000000000, 0.000000000000000000 ) ) ;
#1439 = ORIENTED_EDGE ( 'NONE', *, *, #3885, .F. ) ;
#1440 = CARTESIAN_POINT ( 'NONE',  ( 1.499999999999999556, 0.6999999999999948486, 1.500000000000000222 ) ) ;
#1441 =( NAMED_UNIT ( * ) SI_UNIT ( $, .STERADIAN. ) SOLID_ANGLE_UNIT ( ) );
#1442 = PLANE ( 'NONE',  #330 ) ;
#1443 = VECTOR ( 'NONE', #2103, 1000.000000000000000 ) ;
#1444 = VECTOR ( 'NONE', #903, 1000.000000000000000 ) ;
#1445 = AXIS2_PLACEMENT_3D ( 'NONE', #1764, #817, #1812 ) ;
#1446 = EDGE_CURVE ( 'NONE', #3831, #1212, #3535, .T. ) ;
#1447 = CARTESIAN_POINT ( 'NONE',  ( -1.500000000000000444, 0.5500000000000053735, -0.1874999999999999445 ) ) ;
#1448 = DIRECTION ( 'NONE',  ( 0.000000000000000000, -0.000000000000000000, -1.000000000000000000 ) ) ;
#1449 = VERTEX_POINT ( 'NONE', #2205 ) ;
#1450 = EDGE_CURVE ( 'NONE', #1298, #291, #3478, .T. ) ;
#1451 = DIRECTION ( 'NONE',  ( -1.000000000000000000, 6.307467175508965595E-16, 0.000000000000000000 ) ) ;
#1452 = ORIENTED_EDGE ( 'NONE', *, *, #2540, .T. ) ;
#1453 = VECTOR ( 'NONE', #3392, 1000.000000000000000 ) ;
#1454 = DIRECTION ( 'NONE',  ( -0.2505628070857293110, -0.9351131265310305141, -0.2505628070857293110 ) ) ;
#1455 = VECTOR ( 'NONE', #722, 1000.000000000000000 ) ;
#1456 = PLANE ( 'NONE',  #463 ) ;
#1457 = CARTESIAN_POINT ( 'NONE',  ( -2.450000000000000178, 0.1497944302131754835, 0.4625000000000000222 ) ) ;
#1458 = FACE_OUTER_BOUND ( 'NONE', #2776, .T. ) ;
#1459 = ORIENTED_EDGE ( 'NONE', *, *, #4025, .F. ) ;
#1460 = DIRECTION ( 'NONE',  ( -0.05233595624293681942, 0.9986295347545742773, 0.000000000000000000 ) ) ;
#1461 = ORIENTED_EDGE ( 'NONE', *, *, #1957, .T. ) ;
#1462 = CARTESIAN_POINT ( 'NONE',  ( 1.671891845382139419, 0.5500000000000054845, 0.4625000000000000222 ) ) ;
#1463 = CARTESIAN_POINT ( 'NONE',  ( -1.900000000000000133, 0.2499999999999992506, -0.4625000000000000222 ) ) ;
#1464 = LINE ( 'NONE', #2153, #2720 ) ;
#1465 = EDGE_CURVE ( 'NONE', #1358, #2881, #1722, .T. ) ;
#1466 = ADVANCED_FACE ( 'NONE', ( #1291 ), #3212, .F. ) ;
#1467 = CYLINDRICAL_SURFACE ( 'NONE', #3161, 0.1849999999999998312 ) ;
#1468 = SURFACE_SIDE_STYLE ('',( #886 ) ) ;
#1469 = ADVANCED_FACE ( 'NONE', ( #20 ), #1894, .F. ) ;
#1470 = AXIS2_PLACEMENT_3D ( 'NONE', #1844, #3755, #517 ) ;
#1471 = ORIENTED_EDGE ( 'NONE', *, *, #3320, .F. ) ;
#1472 = DIRECTION ( 'NONE',  ( 0.000000000000000000, -0.000000000000000000, -1.000000000000000000 ) ) ;
#1473 = EDGE_LOOP ( 'NONE', ( #433, #1035, #3542, #3065 ) ) ;
#1474 = CARTESIAN_POINT ( 'NONE',  ( -1.671891845382139641, 0.3650000000000053757, -1.112500000000000044 ) ) ;
#1475 = EDGE_CURVE ( 'NONE', #3923, #961, #2547, .T. ) ;
#1476 = FACE_OUTER_BOUND ( 'NONE', #277, .T. ) ;
#1477 = FACE_OUTER_BOUND ( 'NONE', #1958, .T. ) ;
#1478 = DIRECTION ( 'NONE',  ( -0.000000000000000000, -0.000000000000000000, -1.000000000000000000 ) ) ;
#1479 = ORIENTED_EDGE ( 'NONE', *, *, #1450, .T. ) ;
#1480 = ADVANCED_FACE ( 'NONE', ( #962 ), #3550, .F. ) ;
#1481 = DIRECTION ( 'NONE',  ( -0.000000000000000000, -0.000000000000000000, -1.000000000000000000 ) ) ;
#1482 = EDGE_LOOP ( 'NONE', ( #1169, #958, #2931, #3091 ) ) ;
#1483 = CARTESIAN_POINT ( 'NONE',  ( 1.671891845382139641, 0.6999999999999948486, 1.112500000000000044 ) ) ;
#1484 = CARTESIAN_POINT ( 'NONE',  ( -1.474999999999999645, 0.6999999999999948486, -1.474999999999999867 ) ) ;
#1485 = DIRECTION ( 'NONE',  ( 0.2897587163337060900, -0.9570997264175991059, -0.000000000000000000 ) ) ;
#1486 = DIRECTION ( 'NONE',  ( 1.000000000000000000, -6.307467175508965595E-16, 0.000000000000000000 ) ) ;
#1487 = EDGE_CURVE ( 'NONE', #2286, #3468, #467, .T. ) ;
#1488 = VERTEX_POINT ( 'NONE', #1956 ) ;
#1489 = CIRCLE ( 'NONE', #3293, 0.1250000000000000000 ) ;
#1490 = CARTESIAN_POINT ( 'NONE',  ( 2.220628408349885508, 0.3470691699717879941, 1.112500000000000044 ) ) ;
#1491 = ORIENTED_EDGE ( 'NONE', *, *, #3020, .T. ) ;
#1492 = DIRECTION ( 'NONE',  ( 0.000000000000000000, 0.000000000000000000, 1.000000000000000000 ) ) ;
#1493 = EDGE_CURVE ( 'NONE', #2025, #487, #2568, .T. ) ;
#1494 = EDGE_CURVE ( 'NONE', #1694, #2691, #2896, .T. ) ;
#1495 = ORIENTED_EDGE ( 'NONE', *, *, #1320, .F. ) ;
#1496 = CARTESIAN_POINT ( 'NONE',  ( 1.671891845382139641, 0.3650000000000053757, -0.1874999999999999445 ) ) ;
#1497 = DIRECTION ( 'NONE',  ( -1.000000000000000000, 0.000000000000000000, 0.000000000000000000 ) ) ;
#1498 = VERTEX_POINT ( 'NONE', #2588 ) ;
#1499 = EDGE_CURVE ( 'NONE', #3831, #2400, #499, .T. ) ;
#1500 = EDGE_CURVE ( 'NONE', #4094, #3199, #3267, .T. ) ;
#1501 = VERTEX_POINT ( 'NONE', #2327 ) ;
#1502 = CARTESIAN_POINT ( 'NONE',  ( -1.500000000000000444, 0.5500000000000053735, 1.112500000000000044 ) ) ;
#1503 = ORIENTED_EDGE ( 'NONE', *, *, #1940, .F. ) ;
#1504 = LINE ( 'NONE', #3707, #2963 ) ;
#1505 = UNCERTAINTY_MEASURE_WITH_UNIT (LENGTH_MEASURE( 1.000000000000000082E-05 ), #1966, 'distance_accuracy_value', 'NONE');
#1506 = CARTESIAN_POINT ( 'NONE',  ( -1.474999999999999645, 0.6999999999999948486, -1.474999999999999867 ) ) ;
#1507 = DIRECTION ( 'NONE',  ( -1.000000000000000000, 0.000000000000000000, 0.000000000000000000 ) ) ;
#1508 = AXIS2_PLACEMENT_3D ( 'NONE', #2419, #165, #2398 ) ;
#1509 = DIRECTION ( 'NONE',  ( -0.000000000000000000, -0.000000000000000000, -1.000000000000000000 ) ) ;
#1510 = ADVANCED_FACE ( 'NONE', ( #456 ), #2999, .F. ) ;
#1511 = CARTESIAN_POINT ( 'NONE',  ( -2.203095863008502686, 0.01252827582901618921, -0.1874999999999999445 ) ) ;
#1512 = AXIS2_PLACEMENT_3D ( 'NONE', #775, #1672, #2034 ) ;
#1513 = CIRCLE ( 'NONE', #2512, 0.1849999999999998312 ) ;
#1514 = ORIENTED_EDGE ( 'NONE', *, *, #3020, .F. ) ;
#1515 = CARTESIAN_POINT ( 'NONE',  ( -1.992520253732025237, 0.4620691699717940359, -0.4625000000000000222 ) ) ;
#1516 = ORIENTED_EDGE ( 'NONE', *, *, #1119, .T. ) ;
#1517 = DIRECTION ( 'NONE',  ( 0.000000000000000000, 1.000000000000000000, 0.000000000000000000 ) ) ;
#1518 = VECTOR ( 'NONE', #8, 999.9999999999998863 ) ;
#1519 = AXIS2_PLACEMENT_3D ( 'NONE', #3802, #978, #1935 ) ;
#1520 = ORIENTED_EDGE ( 'NONE', *, *, #2105, .T. ) ;
#1521 = CARTESIAN_POINT ( 'NONE',  ( 2.220628408349885508, 0.3470691699717879941, 1.112500000000000044 ) ) ;
#1522 = EDGE_CURVE ( 'NONE', #3591, #3202, #3647, .T. ) ;
#1523 = DIRECTION ( 'NONE',  ( -1.000000000000000000, 0.000000000000000000, 0.000000000000000000 ) ) ;
#1524 = ORIENTED_EDGE ( 'NONE', *, *, #3432, .F. ) ;
#1525 = VECTOR ( 'NONE', #3818, 1000.000000000000000 ) ;
#1526 = LINE ( 'NONE', #3156, #1920 ) ;
#1527 = VECTOR ( 'NONE', #2306, 1000.000000000000000 ) ;
#1528 = ORIENTED_EDGE ( 'NONE', *, *, #168, .T. ) ;
#1529 = CARTESIAN_POINT ( 'NONE',  ( 2.210946256444942470, 0.1623227060421919277, 0.1874999999999999445 ) ) ;
#1530 = EDGE_LOOP ( 'NONE', ( #1289, #3683, #3340, #92, #1304, #3003, #3200, #826, #1941, #3765, #3533, #838 ) ) ;
#1531 = DIRECTION ( 'NONE',  ( 0.000000000000000000, 0.000000000000000000, 1.000000000000000000 ) ) ;
#1532 = DIRECTION ( 'NONE',  ( -1.000000000000000000, 0.000000000000000000, 0.000000000000000000 ) ) ;
#1533 = LINE ( 'NONE', #235, #2521 ) ;
#1534 = VECTOR ( 'NONE', #2949, 999.9999999999998863 ) ;
#1535 = AXIS2_PLACEMENT_3D ( 'NONE', #3018, #1699, #1394 ) ;
#1536 = DIRECTION ( 'NONE',  ( 0.000000000000000000, 0.000000000000000000, 1.000000000000000000 ) ) ;
#1537 = DIRECTION ( 'NONE',  ( -0.9986295347545742773, -0.05233595624293681942, 0.000000000000000000 ) ) ;
#1538 = ORIENTED_EDGE ( 'NONE', *, *, #1138, .F. ) ;
#1539 = EDGE_CURVE ( 'NONE', #2048, #724, #3019, .T. ) ;
#1540 = PLANE ( 'NONE',  #846 ) ;
#1541 = EDGE_LOOP ( 'NONE', ( #1924, #1834, #3650, #3796 ) ) ;
#1542 = CARTESIAN_POINT ( 'NONE',  ( -1.500000000000000444, 0.6999999999999948486, 0.4625000000000000222 ) ) ;
#1543 = ADVANCED_BREP_SHAPE_REPRESENTATION ( 'PI4ULS5V202UEX', ( #1560, #3007, #284, #175, #1553, #2930, #1639, #2983, #2951, #1661, #589 ), #847 ) ;
#1544 = ORIENTED_EDGE ( 'NONE', *, *, #3348, .F. ) ;
#1545 = CARTESIAN_POINT ( 'NONE',  ( 1.900000000000000133, 0.2499999999999994726, -0.1874999999999999445 ) ) ;
#1546 = LINE ( 'NONE', #3811, #2649 ) ;
#1547 = ORIENTED_EDGE ( 'NONE', *, *, #3413, .T. ) ;
#1548 = DIRECTION ( 'NONE',  ( 1.000000000000000000, 6.307467175508965595E-16, -0.000000000000000000 ) ) ;
#1549 = ORIENTED_EDGE ( 'NONE', *, *, #3820, .F. ) ;
#1550 = DIRECTION ( 'NONE',  ( -0.000000000000000000, -0.000000000000000000, -1.000000000000000000 ) ) ;
#1551 = ORIENTED_EDGE ( 'NONE', *, *, #3165, .T. ) ;
#1552 = CARTESIAN_POINT ( 'NONE',  ( 1.500000000000000444, 0.6999999999999948486, -1.112500000000000044 ) ) ;
#1553 = MANIFOLD_SOLID_BREP ( 'LPattern1[1]', #1619 ) ;
#1554 = CARTESIAN_POINT ( 'NONE',  ( -1.900000000000000133, 0.2499999999999994726, -0.8374999999999999112 ) ) ;
#1555 = CARTESIAN_POINT ( 'NONE',  ( 1.671891845382139641, 0.6999999999999948486, 0.8374999999999999112 ) ) ;
#1556 = EDGE_CURVE ( 'NONE', #2454, #3745, #809, .T. ) ;
#1557 =( NAMED_UNIT ( * ) PLANE_ANGLE_UNIT ( ) SI_UNIT ( $, .RADIAN. ) );
#1558 = DIRECTION ( 'NONE',  ( -1.000000000000000000, 0.000000000000000000, 0.000000000000000000 ) ) ;
#1559 = VERTEX_POINT ( 'NONE', #3905 ) ;
#1560 = MANIFOLD_SOLID_BREP ( 'Cut-Extrude2', #2344 ) ;
#1561 = LINE ( 'NONE', #3867, #3766 ) ;
#1562 = DIRECTION ( 'NONE',  ( -0.2897587163337057015, -0.9570997264175991059, 0.000000000000000000 ) ) ;
#1563 = AXIS2_PLACEMENT_3D ( 'NONE', #1677, #94, #1367 ) ;
#1564 = ORIENTED_EDGE ( 'NONE', *, *, #3568, .T. ) ;
#1565 = CARTESIAN_POINT ( 'NONE',  ( -1.474999999999999645, 0.6999999999999948486, 1.475000000000000533 ) ) ;
#1566 = CARTESIAN_POINT ( 'NONE',  ( -1.671891845382139419, 0.5500000000000054845, 1.112500000000000044 ) ) ;
#1567 = ORIENTED_EDGE ( 'NONE', *, *, #464, .F. ) ;
#1568 = CARTESIAN_POINT ( 'NONE',  ( 1.900000000000000133, 0.2499999999999994726, 1.112500000000000044 ) ) ;
#1569 = ORIENTED_EDGE ( 'NONE', *, *, #3204, .T. ) ;
#1570 = FACE_OUTER_BOUND ( 'NONE', #3444, .T. ) ;
#1571 = ORIENTED_EDGE ( 'NONE', *, *, #4013, .T. ) ;
#1572 = LINE ( 'NONE', #1631, #1094 ) ;
#1573 = DIRECTION ( 'NONE',  ( 0.000000000000000000, 0.000000000000000000, 1.000000000000000000 ) ) ;
#1574 = DIRECTION ( 'NONE',  ( -0.000000000000000000, -0.000000000000000000, -1.000000000000000000 ) ) ;
#1575 = ADVANCED_FACE ( 'NONE', ( #1095 ), #2364, .T. ) ;
#1576 = VECTOR ( 'NONE', #4110, 1000.000000000000000 ) ;
#1577 = DIRECTION ( 'NONE',  ( 0.9986295347545742773, -0.05233595624293681248, -0.000000000000000000 ) ) ;
#1578 = LINE ( 'NONE', #2907, #3996 ) ;
#1579 = EDGE_LOOP ( 'NONE', ( #3577, #379, #2372, #3739 ) ) ;
#1580 = CARTESIAN_POINT ( 'NONE',  ( 2.450000000000000178, 0.1497944302131754835, 1.112500000000000044 ) ) ;
#1581 = VERTEX_POINT ( 'NONE', #786 ) ;
#1582 = VECTOR ( 'NONE', #1252, 1000.000000000000000 ) ;
#1583 = LINE ( 'NONE', #83, #1599 ) ;
#1584 = AXIS2_PLACEMENT_3D ( 'NONE', #3726, #3177, #1590 ) ;
#1585 = ADVANCED_FACE ( 'NONE', ( #1801 ), #198, .F. ) ;
#1586 = VECTOR ( 'NONE', #1709, 1000.000000000000000 ) ;
#1587 = VERTEX_POINT ( 'NONE', #3388 ) ;
#1588 = DIRECTION ( 'NONE',  ( 0.2588190451025213501, 0.9659258262890680902, 0.000000000000000000 ) ) ;
#1589 = LINE ( 'NONE', #1253, #988 ) ;
#1590 = DIRECTION ( 'NONE',  ( -0.2897587163337060345, 0.9570997264175989949, 0.000000000000000000 ) ) ;
#1591 = ORIENTED_EDGE ( 'NONE', *, *, #4087, .F. ) ;
#1592 = CARTESIAN_POINT ( 'NONE',  ( 2.442149606563560393, -3.252606517456513302E-16, -1.112500000000000044 ) ) ;
#1593 = ORIENTED_EDGE ( 'NONE', *, *, #1361, .T. ) ;
#1594 = DIRECTION ( 'NONE',  ( -0.9986295347545742773, -0.05233595624293647247, 0.000000000000000000 ) ) ;
#1595 = EDGE_CURVE ( 'NONE', #3979, #2005, #2474, .T. ) ;
#1596 = CIRCLE ( 'NONE', #2264, 0.1849999999999998312 ) ;
#1597 = CARTESIAN_POINT ( 'NONE',  ( -2.442149606563560393, -3.252606517456513302E-16, 0.1874999999999999445 ) ) ;
#1598 = CARTESIAN_POINT ( 'NONE',  ( 1.475000000000000533, 0.6999999999999948486, -1.474999999999999867 ) ) ;
#1599 = VECTOR ( 'NONE', #938, 1000.000000000000000 ) ;
#1600 = PLANE ( 'NONE',  #1910 ) ;
#1601 = CARTESIAN_POINT ( 'NONE',  ( -1.100000000000000311, 1.050000000000000044, -1.224999999999999867 ) ) ;
#1602 = FILL_AREA_STYLE ('',( #332 ) ) ;
#1603 = EDGE_CURVE ( 'NONE', #1684, #356, #2728, .T. ) ;
#1604 = ORIENTED_EDGE ( 'NONE', *, *, #763, .T. ) ;
#1605 = CARTESIAN_POINT ( 'NONE',  ( -2.203095863008502686, 0.01252827582901618921, -1.112500000000000044 ) ) ;
#1606 = CARTESIAN_POINT ( 'NONE',  ( 2.220628408349885508, 0.3470691699717879941, 0.4625000000000000222 ) ) ;
#1607 = ADVANCED_FACE ( 'NONE', ( #605 ), #218, .F. ) ;
#1608 = ORIENTED_EDGE ( 'NONE', *, *, #1088, .F. ) ;
#1609 = CARTESIAN_POINT ( 'NONE',  ( 1.500000000000000444, 0.6999999999999948486, -0.1874999999999999445 ) ) ;
#1610 = VERTEX_POINT ( 'NONE', #2494 ) ;
#1611 = COLOUR_RGB ( '',0.2509803921568627416, 0.2509803921568627416, 0.2509803921568627416 ) ;
#1612 = ORIENTED_EDGE ( 'NONE', *, *, #352, .F. ) ;
#1613 = FACE_OUTER_BOUND ( 'NONE', #3433, .T. ) ;
#1614 = VERTEX_POINT ( 'NONE', #1868 ) ;
#1615 = FACE_OUTER_BOUND ( 'NONE', #297, .T. ) ;
#1616 = LINE ( 'NONE', #3182, #3385 ) ;
#1617 = DIRECTION ( 'NONE',  ( -0.000000000000000000, -0.000000000000000000, -1.000000000000000000 ) ) ;
#1618 = LINE ( 'NONE', #2541, #2436 ) ;
#1619 = CLOSED_SHELL ( 'NONE', ( #527, #1805, #1607, #3105, #3352, #3784, #2362, #2075, #1229, #3984, #2823, #1650, #2256, #113 ) ) ;
#1620 = CARTESIAN_POINT ( 'NONE',  ( 1.500000000000000444, 0.5500000000000053735, 1.112500000000000044 ) ) ;
#1621 =( NAMED_UNIT ( * ) PLANE_ANGLE_UNIT ( ) SI_UNIT ( $, .RADIAN. ) );
#1622 = VERTEX_POINT ( 'NONE', #2088 ) ;
#1623 = PLANE ( 'NONE',  #382 ) ;
#1624 = DIRECTION ( 'NONE',  ( 0.000000000000000000, 0.000000000000000000, 1.000000000000000000 ) ) ;
#1625 = ORIENTED_EDGE ( 'NONE', *, *, #34, .F. ) ;
#1626 = CARTESIAN_POINT ( 'NONE',  ( 1.671891845382139419, 0.5500000000000054845, 0.8374999999999999112 ) ) ;
#1627 = ORIENTED_EDGE ( 'NONE', *, *, #4032, .F. ) ;
#1628 = EDGE_CURVE ( 'NONE', #2866, #1735, #80, .T. ) ;
#1629 = ORIENTED_EDGE ( 'NONE', *, *, #25, .F. ) ;
#1630 = VECTOR ( 'NONE', #3263, 1000.000000000000000 ) ;
#1631 = CARTESIAN_POINT ( 'NONE',  ( -2.210946256444942470, 0.1623227060421919277, 1.112500000000000044 ) ) ;
#1632 = DIRECTION ( 'NONE',  ( -0.000000000000000000, -0.000000000000000000, -1.000000000000000000 ) ) ;
#1633 = EDGE_CURVE ( 'NONE', #2339, #3327, #544, .T. ) ;
#1634 = DIRECTION ( 'NONE',  ( -0.2897587163337057015, -0.9570997264175991059, 0.000000000000000000 ) ) ;
#1635 = VERTEX_POINT ( 'NONE', #4052 ) ;
#1636 = DIRECTION ( 'NONE',  ( 0.2897587163337060900, -0.9570997264175991059, -0.000000000000000000 ) ) ;
#1637 = PRESENTATION_STYLE_ASSIGNMENT (( #370 ) ) ;
#1638 = ORIENTED_EDGE ( 'NONE', *, *, #2056, .F. ) ;
#1639 = MANIFOLD_SOLID_BREP ( 'LPattern1[3]', #3216 ) ;
#1640 = ADVANCED_FACE ( 'NONE', ( #3688 ), #3147, .F. ) ;
#1641 = DIRECTION ( 'NONE',  ( -1.000000000000000000, 0.000000000000000000, 0.000000000000000000 ) ) ;
#1642 = DIRECTION ( 'NONE',  ( 0.000000000000000000, 1.000000000000000000, 0.000000000000000000 ) ) ;
#1643 = CIRCLE ( 'NONE', #2584, 0.1849999999999998312 ) ;
#1644 = VECTOR ( 'NONE', #4098, 1000.000000000000000 ) ;
#1645 = VERTEX_POINT ( 'NONE', #4026 ) ;
#1646 = CARTESIAN_POINT ( 'NONE',  ( -2.043564958962630129, 0.2934638074500523497, -0.1874999999999999445 ) ) ;
#1647 = ORIENTED_EDGE ( 'NONE', *, *, #2689, .F. ) ;
#1648 = VECTOR ( 'NONE', #3602, 1000.000000000000000 ) ;
#1649 = ORIENTED_EDGE ( 'NONE', *, *, #3183, .T. ) ;
#1650 = ADVANCED_FACE ( 'NONE', ( #1178 ), #264, .F. ) ;
#1651 = CARTESIAN_POINT ( 'NONE',  ( -1.671891845382139641, 0.3650000000000053757, -0.8374999999999999112 ) ) ;
#1652 = CARTESIAN_POINT ( 'NONE',  ( -2.043564958962630129, 0.2934638074500523497, 1.112500000000000044 ) ) ;
#1653 = EDGE_LOOP ( 'NONE', ( #2608, #118, #3290, #2496 ) ) ;
#1654 = EDGE_CURVE ( 'NONE', #1614, #3224, #2155, .T. ) ;
#1655 = AXIS2_PLACEMENT_3D ( 'NONE', #1725, #1431, #1558 ) ;
#1656 = LINE ( 'NONE', #2929, #3857 ) ;
#1657 = ORIENTED_EDGE ( 'NONE', *, *, #3384, .F. ) ;
#1658 = CARTESIAN_POINT ( 'NONE',  ( -2.442149606563560393, -3.252606517456513302E-16, -0.8374999999999999112 ) ) ;
#1659 =( NAMED_UNIT ( * ) SI_UNIT ( $, .STERADIAN. ) SOLID_ANGLE_UNIT ( ) );
#1660 = VERTEX_POINT ( 'NONE', #1511 ) ;
#1661 = MANIFOLD_SOLID_BREP ( 'LPattern1[6]', #3933 ) ;
#1662 = DIRECTION ( 'NONE',  ( -1.000000000000000000, 0.000000000000000000, 0.000000000000000000 ) ) ;
#1663 = CARTESIAN_POINT ( 'NONE',  ( -2.220628408349885508, 0.3470691699717879941, -0.1874999999999999445 ) ) ;
#1664 = ADVANCED_FACE ( 'NONE', ( #1266 ), #2804, .T. ) ;
#1665 = FACE_OUTER_BOUND ( 'NONE', #3953, .T. ) ;
#1666 = ORIENTED_EDGE ( 'NONE', *, *, #892, .T. ) ;
#1667 =( GEOMETRIC_REPRESENTATION_CONTEXT ( 3 ) GLOBAL_UNCERTAINTY_ASSIGNED_CONTEXT ( ( #258 ) ) GLOBAL_UNIT_ASSIGNED_CONTEXT ( ( #2973, #2687, #455 ) ) REPRESENTATION_CONTEXT ( 'NONE', 'WORKASPACE' ) );
#1668 = DIRECTION ( 'NONE',  ( -0.000000000000000000, -0.000000000000000000, -1.000000000000000000 ) ) ;
#1669 = VERTEX_POINT ( 'NONE', #1952 ) ;
#1670 = ORIENTED_EDGE ( 'NONE', *, *, #2475, .F. ) ;
#1671 = PRESENTATION_LAYER_ASSIGNMENT (  '', '', ( #2402 ) ) ;
#1672 = DIRECTION ( 'NONE',  ( -0.000000000000000000, -0.000000000000000000, -1.000000000000000000 ) ) ;
#1673 = AXIS2_PLACEMENT_3D ( 'NONE', #417, #3625, #480 ) ;
#1674 = CARTESIAN_POINT ( 'NONE',  ( 2.220628408349885508, 0.3470691699717879941, -0.1874999999999999445 ) ) ;
#1675 = VERTEX_POINT ( 'NONE', #2848 ) ;
#1676 = CARTESIAN_POINT ( 'NONE',  ( -1.367820323027548968, 1.100000000000000089, 0.000000000000000000 ) ) ;
#1677 = CARTESIAN_POINT ( 'NONE',  ( 2.220628408349885508, 0.3470691699717879941, -0.4625000000000000222 ) ) ;
#1678 = ORIENTED_EDGE ( 'NONE', *, *, #3106, .F. ) ;
#1679 = VERTEX_POINT ( 'NONE', #3208 ) ;
#1680 = EDGE_CURVE ( 'NONE', #3827, #1581, #1912, .T. ) ;
#1681 = DIRECTION ( 'NONE',  ( -0.000000000000000000, -0.000000000000000000, -1.000000000000000000 ) ) ;
#1682 = ADVANCED_FACE ( 'NONE', ( #4089 ), #1240, .F. ) ;
#1683 = FILL_AREA_STYLE_COLOUR ( '', #1778 ) ;
#1684 = VERTEX_POINT ( 'NONE', #2582 ) ;
#1685 = CARTESIAN_POINT ( 'NONE',  ( 1.671891845382139419, 0.5500000000000054845, 0.4625000000000000222 ) ) ;
#1686 = EDGE_LOOP ( 'NONE', ( #1073, #618, #2310, #3274, #3526, #616, #1369, #1118, #1591, #3337, #2628, #1549 ) ) ;
#1687 = CARTESIAN_POINT ( 'NONE',  ( -1.671891845382139419, 0.5500000000000053735, 0.4625000000000000222 ) ) ;
#1688 = ORIENTED_EDGE ( 'NONE', *, *, #2373, .F. ) ;
#1689 = EDGE_CURVE ( 'NONE', #1660, #2, #3513, .T. ) ;
#1690 = LINE ( 'NONE', #3601, #4033 ) ;
#1691 = CARTESIAN_POINT ( 'NONE',  ( -1.500000000000000444, 0.6999999999999948486, 1.500000000000000222 ) ) ;
#1692 = AXIS2_PLACEMENT_3D ( 'NONE', #700, #2892, #2542 ) ;
#1693 = DIRECTION ( 'NONE',  ( -0.000000000000000000, -0.000000000000000000, -1.000000000000000000 ) ) ;
#1694 = VERTEX_POINT ( 'NONE', #1325 ) ;
#1695 = DIRECTION ( 'NONE',  ( 0.000000000000000000, 0.000000000000000000, 1.000000000000000000 ) ) ;
#1696 = CARTESIAN_POINT ( 'NONE',  ( -1.500000000000000444, 0.5500000000000053735, -0.1874999999999999445 ) ) ;
#1697 = ORIENTED_EDGE ( 'NONE', *, *, #2073, .T. ) ;
#1698 = EDGE_CURVE ( 'NONE', #3420, #2808, #3166, .T. ) ;
#1699 = DIRECTION ( 'NONE',  ( -0.000000000000000000, -0.000000000000000000, -1.000000000000000000 ) ) ;
#1700 = SURFACE_STYLE_USAGE ( .BOTH. , #1719 ) ;
#1701 = EDGE_CURVE ( 'NONE', #3084, #2093, #1578, .T. ) ;
#1702 = ORIENTED_EDGE ( 'NONE', *, *, #614, .F. ) ;
#1703 = CARTESIAN_POINT ( 'NONE',  ( -1.500000000000000444, 0.6999999999999948486, 1.500000000000000222 ) ) ;
#1704 = PLANE ( 'NONE',  #2245 ) ;
#1705 = VECTOR ( 'NONE', #3599, 1000.000000000000000 ) ;
#1706 = CIRCLE ( 'NONE', #586, 0.1849999999999998312 ) ;
#1707 = CARTESIAN_POINT ( 'NONE',  ( 1.500000000000000444, 0.5500000000000053735, -1.112500000000000044 ) ) ;
#1708 = AXIS2_PLACEMENT_3D ( 'NONE', #2272, #3517, #677 ) ;
#1709 = DIRECTION ( 'NONE',  ( -0.000000000000000000, -0.000000000000000000, -1.000000000000000000 ) ) ;
#1710 = ADVANCED_FACE ( 'NONE', ( #4111 ), #1013, .F. ) ;
#1711 = LINE ( 'NONE', #2356, #1726 ) ;
#1712 = ORIENTED_EDGE ( 'NONE', *, *, #1728, .F. ) ;
#1713 = LINE ( 'NONE', #3954, #2228 ) ;
#1714 = FACE_OUTER_BOUND ( 'NONE', #2117, .T. ) ;
#1715 = DIRECTION ( 'NONE',  ( 0.000000000000000000, -0.000000000000000000, 1.000000000000000000 ) ) ;
#1716 = VECTOR ( 'NONE', #1454, 1000.000000000000000 ) ;
#1717 = COLOUR_RGB ( '',1.000000000000000000, 1.000000000000000000, 1.000000000000000000 ) ;
#1718 = CARTESIAN_POINT ( 'NONE',  ( 2.210946256444942470, 0.1623227060421919277, 0.1874999999999999445 ) ) ;
#1719 = SURFACE_SIDE_STYLE ('',( #2956 ) ) ;
#1720 = VECTOR ( 'NONE', #11, 1000.000000000000000 ) ;
#1721 = ORIENTED_EDGE ( 'NONE', *, *, #3112, .F. ) ;
#1722 = CIRCLE ( 'NONE', #2996, 0.1250000000000000000 ) ;
#1723 = VERTEX_POINT ( 'NONE', #3546 ) ;
#1724 = LINE ( 'NONE', #442, #2043 ) ;
#1725 = CARTESIAN_POINT ( 'NONE',  ( -2.220628408349885508, 0.3470691699717879941, -0.8374999999999999112 ) ) ;
#1726 = VECTOR ( 'NONE', #3298, 1000.000000000000000 ) ;
#1727 = CARTESIAN_POINT ( 'NONE',  ( 2.450000000000000178, 0.1497944302131754835, -0.4625000000000000222 ) ) ;
#1728 = EDGE_CURVE ( 'NONE', #3794, #3645, #2206, .T. ) ;
#1729 = CYLINDRICAL_SURFACE ( 'NONE', #3770, 0.1849999999999998312 ) ;
#1730 = EDGE_LOOP ( 'NONE', ( #612, #4084, #1629, #3768 ) ) ;
#1731 = CARTESIAN_POINT ( 'NONE',  ( 2.450000000000000178, 0.1497944302131754835, 0.1874999999999999445 ) ) ;
#1732 = ORIENTED_EDGE ( 'NONE', *, *, #3604, .T. ) ;
#1733 = CARTESIAN_POINT ( 'NONE',  ( 1.671891845382139641, 0.3650000000000053757, -0.8374999999999999112 ) ) ;
#1734 = PLANE ( 'NONE',  #127 ) ;
#1735 = VERTEX_POINT ( 'NONE', #956 ) ;
#1736 = ORIENTED_EDGE ( 'NONE', *, *, #105, .T. ) ;
#1737 = DIRECTION ( 'NONE',  ( -1.000000000000000000, 0.000000000000000000, 0.000000000000000000 ) ) ;
#1738 = ORIENTED_EDGE ( 'NONE', *, *, #3557, .F. ) ;
#1739 = CARTESIAN_POINT ( 'NONE',  ( -1.671891845382139419, 0.5500000000000054845, 0.4625000000000000222 ) ) ;
#1740 = EDGE_LOOP ( 'NONE', ( #4066, #2832, #1471, #2159 ) ) ;
#1741 = LINE ( 'NONE', #3367, #1453 ) ;
#1742 = CARTESIAN_POINT ( 'NONE',  ( 1.848955294769395463, 0.4186053625217409091, 0.1874999999999999445 ) ) ;
#1743 = ADVANCED_FACE ( 'NONE', ( #2514 ), #626, .F. ) ;
#1744 = DIRECTION ( 'NONE',  ( 1.000000000000000000, 0.000000000000000000, 0.000000000000000000 ) ) ;
#1745 = LINE ( 'NONE', #3416, #2110 ) ;
#1746 = EDGE_CURVE ( 'NONE', #1669, #695, #3779, .T. ) ;
#1747 = ORIENTED_EDGE ( 'NONE', *, *, #800, .F. ) ;
#1748 = VECTOR ( 'NONE', #541, 1000.000000000000000 ) ;
#1749 = LINE ( 'NONE', #2060, #1443 ) ;
#1750 = VERTEX_POINT ( 'NONE', #2199 ) ;
#1751 = DIRECTION ( 'NONE',  ( -0.000000000000000000, -0.000000000000000000, -1.000000000000000000 ) ) ;
#1752 = LINE ( 'NONE', #805, #257 ) ;
#1753 = FACE_OUTER_BOUND ( 'NONE', #570, .T. ) ;
#1754 = ADVANCED_FACE ( 'NONE', ( #16 ), #2562, .F. ) ;
#1755 = DIRECTION ( 'NONE',  ( -0.000000000000000000, -0.000000000000000000, -1.000000000000000000 ) ) ;
#1756 = PRESENTATION_STYLE_ASSIGNMENT (( #3342 ) ) ;
#1757 = EDGE_LOOP ( 'NONE', ( #3029, #3747, #3874, #3294 ) ) ;
#1758 = ORIENTED_EDGE ( 'NONE', *, *, #3925, .F. ) ;
#1759 = ORIENTED_EDGE ( 'NONE', *, *, #1163, .F. ) ;
#1760 = CARTESIAN_POINT ( 'NONE',  ( -2.210946256444942470, 0.1623227060421919554, -0.1874999999999999445 ) ) ;
#1761 = CARTESIAN_POINT ( 'NONE',  ( 2.442149606563560393, -3.252606517456513302E-16, 0.8374999999999999112 ) ) ;
#1762 = AXIS2_PLACEMENT_3D ( 'NONE', #2241, #955, #2581 ) ;
#1763 = DIRECTION ( 'NONE',  ( 0.000000000000000000, 0.000000000000000000, -1.000000000000000000 ) ) ;
#1764 = CARTESIAN_POINT ( 'NONE',  ( -1.500000000000000444, 0.5500000000000053735, -0.8374999999999999112 ) ) ;
#1765 = ADVANCED_FACE ( 'NONE', ( #1347 ), #1407, .F. ) ;
#1766 = ORIENTED_EDGE ( 'NONE', *, *, #2731, .T. ) ;
#1767 = EDGE_CURVE ( 'NONE', #3923, #2614, #766, .T. ) ;
#1768 = EDGE_CURVE ( 'NONE', #3988, #565, #2697, .T. ) ;
#1769 = VECTOR ( 'NONE', #1432, 1000.000000000000000 ) ;
#1770 = VECTOR ( 'NONE', #2895, 1000.000000000000000 ) ;
#1771 = CARTESIAN_POINT ( 'NONE',  ( -1.392820323027551099, 0.1499999999999999944, 1.392820323027550877 ) ) ;
#1772 = ORIENTED_EDGE ( 'NONE', *, *, #3112, .T. ) ;
#1773 = CARTESIAN_POINT ( 'NONE',  ( 2.210946256444942470, 0.1623227060421919277, 0.4625000000000000222 ) ) ;
#1774 = LINE ( 'NONE', #1506, #3849 ) ;
#1775 = FACE_OUTER_BOUND ( 'NONE', #389, .T. ) ;
#1776 = AXIS2_PLACEMENT_3D ( 'NONE', #2098, #3028, #1190 ) ;
#1777 = ADVANCED_FACE ( 'NONE', ( #1989 ), #2969, .F. ) ;
#1778 = COLOUR_RGB ( '',0.7921568627450980005, 0.8196078431372548767, 0.9333333333333333481 ) ;
#1779 = CARTESIAN_POINT ( 'NONE',  ( -1.671891845382139419, 0.5500000000000054845, -0.4625000000000000222 ) ) ;
#1780 = CARTESIAN_POINT ( 'NONE',  ( -2.442149606563560393, -3.252606517456513302E-16, 0.4625000000000000222 ) ) ;
#1781 = EDGE_CURVE ( 'NONE', #2700, #1343, #2301, .T. ) ;
#1782 = ORIENTED_EDGE ( 'NONE', *, *, #748, .T. ) ;
#1783 = VERTEX_POINT ( 'NONE', #2682 ) ;
#1784 = DIRECTION ( 'NONE',  ( 0.000000000000000000, -1.000000000000000000, 0.000000000000000000 ) ) ;
#1785 = ORIENTED_EDGE ( 'NONE', *, *, #1923, .T. ) ;
#1786 = VECTOR ( 'NONE', #1903, 999.9999999999998863 ) ;
#1787 = PLANE ( 'NONE',  #676 ) ;
#1788 = PRESENTATION_LAYER_ASSIGNMENT (  '', '', ( #61 ) ) ;
#1789 = DIRECTION ( 'NONE',  ( 0.2897587163337057570, -0.9570997264175991059, 0.000000000000000000 ) ) ;
#1790 = EDGE_CURVE ( 'NONE', #3113, #1610, #2340, .T. ) ;
#1791 = ORIENTED_EDGE ( 'NONE', *, *, #2387, .F. ) ;
#1792 = CARTESIAN_POINT ( 'NONE',  ( -2.210946256444942470, 0.1623227060421919277, -1.112500000000000044 ) ) ;
#1793 = CARTESIAN_POINT ( 'NONE',  ( -1.671891845382139641, 0.3650000000000053757, -0.1874999999999999445 ) ) ;
#1794 = EDGE_LOOP ( 'NONE', ( #1991, #2104, #2071, #3483 ) ) ;
#1795 = CARTESIAN_POINT ( 'NONE',  ( -1.671891845382139419, 0.5500000000000053735, -0.1874999999999999445 ) ) ;
#1796 = VERTEX_POINT ( 'NONE', #76 ) ;
#1797 = CARTESIAN_POINT ( 'NONE',  ( -1.100000000000000311, 1.050000000000000044, -0.9749999999999998668 ) ) ;
#1798 = CARTESIAN_POINT ( 'NONE',  ( 2.210946256444942470, 0.1623227060421919277, 0.8374999999999999112 ) ) ;
#1799 = CARTESIAN_POINT ( 'NONE',  ( 2.450000000000000178, 0.1497944302131754835, 0.4625000000000000222 ) ) ;
#1800 = CARTESIAN_POINT ( 'NONE',  ( -2.220628408349885508, 0.3470691699717879941, 0.4625000000000000222 ) ) ;
#1801 = FACE_OUTER_BOUND ( 'NONE', #1427, .T. ) ;
#1802 = MECHANICAL_DESIGN_GEOMETRIC_PRESENTATION_REPRESENTATION (  '', ( #1945 ), #687 ) ;
#1803 = EDGE_CURVE ( 'NONE', #2050, #1056, #804, .T. ) ;
#1804 = ORIENTED_EDGE ( 'NONE', *, *, #2965, .F. ) ;
#1805 = ADVANCED_FACE ( 'NONE', ( #451 ), #2358, .F. ) ;
#1806 = DIRECTION ( 'NONE',  ( 0.000000000000000000, 0.000000000000000000, 1.000000000000000000 ) ) ;
#1807 = ORIENTED_EDGE ( 'NONE', *, *, #2064, .F. ) ;
#1808 = CARTESIAN_POINT ( 'NONE',  ( 1.900000000000000133, 0.2499999999999994726, 0.8374999999999999112 ) ) ;
#1809 = EDGE_CURVE ( 'NONE', #1815, #2528, #3565, .T. ) ;
#1810 = ORIENTED_EDGE ( 'NONE', *, *, #716, .T. ) ;
#1811 = DIRECTION ( 'NONE',  ( -0.000000000000000000, 0.000000000000000000, -1.000000000000000000 ) ) ;
#1812 = DIRECTION ( 'NONE',  ( 0.000000000000000000, 0.000000000000000000, 1.000000000000000000 ) ) ;
#1813 = ORIENTED_EDGE ( 'NONE', *, *, #2870, .T. ) ;
#1814 = EDGE_CURVE ( 'NONE', #2466, #3213, #2023, .T. ) ;
#1815 = VERTEX_POINT ( 'NONE', #1658 ) ;
#1816 = DIRECTION ( 'NONE',  ( 0.000000000000000000, -0.000000000000000000, -1.000000000000000000 ) ) ;
#1817 = ORIENTED_EDGE ( 'NONE', *, *, #3375, .F. ) ;
#1818 = CARTESIAN_POINT ( 'NONE',  ( -1.500000000000000444, 0.6999999999999948486, -0.8374999999999999112 ) ) ;
#1819 = LINE ( 'NONE', #259, #2991 ) ;
#1820 = DIRECTION ( 'NONE',  ( 0.05233595624293625043, -0.9986295347545743883, 0.000000000000000000 ) ) ;
#1821 = DIRECTION ( 'NONE',  ( -0.000000000000000000, -0.000000000000000000, -1.000000000000000000 ) ) ;
#1822 = DIRECTION ( 'NONE',  ( -0.2897587163337060345, 0.9570997264175989949, 0.000000000000000000 ) ) ;
#1823 = EDGE_CURVE ( 'NONE', #1343, #2339, #2620, .T. ) ;
#1824 = ORIENTED_EDGE ( 'NONE', *, *, #486, .F. ) ;
#1825 = CIRCLE ( 'NONE', #37, 0.3349999999999893618 ) ;
#1826 = DIRECTION ( 'NONE',  ( 1.000000000000000000, -6.307467175508965595E-16, 0.000000000000000000 ) ) ;
#1827 = EDGE_CURVE ( 'NONE', #4094, #1635, #1713, .T. ) ;
#1828 = ORIENTED_EDGE ( 'NONE', *, *, #2100, .F. ) ;
#1829 = CARTESIAN_POINT ( 'NONE',  ( -1.100000000000000311, 1.100000000000000089, -1.099999999999999867 ) ) ;
#1830 = FACE_OUTER_BOUND ( 'NONE', #3103, .T. ) ;
#1831 = DIRECTION ( 'NONE',  ( -1.000000000000000000, 0.000000000000000000, 0.000000000000000000 ) ) ;
#1832 = ORIENTED_EDGE ( 'NONE', *, *, #1411, .F. ) ;
#1833 = DIRECTION ( 'NONE',  ( -0.9986295347545742773, -0.05233595624293647247, 0.000000000000000000 ) ) ;
#1834 = ORIENTED_EDGE ( 'NONE', *, *, #3845, .F. ) ;
#1835 = DIRECTION ( 'NONE',  ( -0.000000000000000000, -0.000000000000000000, -1.000000000000000000 ) ) ;
#1836 = ORIENTED_EDGE ( 'NONE', *, *, #468, .F. ) ;
#1837 = CARTESIAN_POINT ( 'NONE',  ( -2.442149606563560393, -3.252606517456513302E-16, 0.4625000000000000222 ) ) ;
#1838 = UNCERTAINTY_MEASURE_WITH_UNIT (LENGTH_MEASURE( 1.000000000000000082E-05 ), #2281, 'distance_accuracy_value', 'NONE');
#1839 = CARTESIAN_POINT ( 'NONE',  ( -1.992520253732025237, 0.4620691699717939804, 1.112500000000000044 ) ) ;
#1840 = ADVANCED_FACE ( 'NONE', ( #1422 ), #3936, .T. ) ;
#1841 = VECTOR ( 'NONE', #2716, 1000.000000000000000 ) ;
#1842 = AXIS2_PLACEMENT_3D ( 'NONE', #2566, #1243, #2913 ) ;
#1843 = DIRECTION ( 'NONE',  ( -0.000000000000000000, -0.000000000000000000, -1.000000000000000000 ) ) ;
#1844 = CARTESIAN_POINT ( 'NONE',  ( -2.220628408349885508, 0.3470691699717879941, -0.4625000000000000222 ) ) ;
#1845 = AXIS2_PLACEMENT_3D ( 'NONE', #712, #3917, #2924 ) ;
#1846 = ORIENTED_EDGE ( 'NONE', *, *, #3817, .T. ) ;
#1847 = DIRECTION ( 'NONE',  ( -0.000000000000000000, -0.000000000000000000, -1.000000000000000000 ) ) ;
#1848 = ORIENTED_EDGE ( 'NONE', *, *, #415, .T. ) ;
#1849 = CARTESIAN_POINT ( 'NONE',  ( 1.992520253732025237, 0.4620691699717939804, 0.4625000000000000222 ) ) ;
#1850 = CIRCLE ( 'NONE', #2988, 0.3349999999999893618 ) ;
#1851 = CIRCLE ( 'NONE', #2783, 0.3349999999999893618 ) ;
#1852 = ORIENTED_EDGE ( 'NONE', *, *, #1701, .T. ) ;
#1853 = DIRECTION ( 'NONE',  ( 0.000000000000000000, 1.000000000000000000, 0.000000000000000000 ) ) ;
#1854 = CARTESIAN_POINT ( 'NONE',  ( -2.442149606563560393, -3.252606517456513302E-16, 0.8374999999999999112 ) ) ;
#1855 = VERTEX_POINT ( 'NONE', #410 ) ;
#1856 = VECTOR ( 'NONE', #3835, 999.9999999999998863 ) ;
#1857 = EDGE_CURVE ( 'NONE', #289, #3564, #2427, .T. ) ;
#1858 = CARTESIAN_POINT ( 'NONE',  ( -1.671891845382139641, 0.3650000000000053757, 1.112500000000000044 ) ) ;
#1859 = COLOUR_RGB ( '',0.7921568627450980005, 0.8196078431372548767, 0.9333333333333333481 ) ;
#1860 = ORIENTED_EDGE ( 'NONE', *, *, #2820, .F. ) ;
#1861 = CARTESIAN_POINT ( 'NONE',  ( 1.499999999999999556, -4.242640687119284770, 1.500000000000000222 ) ) ;
#1862 = ORIENTED_EDGE ( 'NONE', *, *, #2799, .T. ) ;
#1863 = DIRECTION ( 'NONE',  ( -1.000000000000000000, 0.000000000000000000, 0.000000000000000000 ) ) ;
#1864 =( LENGTH_UNIT ( ) NAMED_UNIT ( * ) SI_UNIT ( .MILLI., .METRE. ) );
#1865 = FILL_AREA_STYLE ('',( #3509 ) ) ;
#1866 = AXIS2_PLACEMENT_3D ( 'NONE', #3934, #2282, #3620 ) ;
#1867 = DIRECTION ( 'NONE',  ( -0.000000000000000000, -0.000000000000000000, -1.000000000000000000 ) ) ;
#1868 = CARTESIAN_POINT ( 'NONE',  ( -1.992520253732025237, 0.4620691699717940359, 0.8374999999999999112 ) ) ;
#1869 = CARTESIAN_POINT ( 'NONE',  ( -1.500000000000000444, 0.5500000000000053735, 0.1874999999999999445 ) ) ;
#1870 = ORIENTED_EDGE ( 'NONE', *, *, #46, .F. ) ;
#1871 = VECTOR ( 'NONE', #1319, 1000.000000000000000 ) ;
#1872 = CARTESIAN_POINT ( 'NONE',  ( -1.992520253732025237, 0.4620691699717939804, -0.8374999999999999112 ) ) ;
#1873 = ORIENTED_EDGE ( 'NONE', *, *, #2136, .F. ) ;
#1874 = LINE ( 'NONE', #203, #1062 ) ;
#1875 = MECHANICAL_DESIGN_GEOMETRIC_PRESENTATION_REPRESENTATION (  '', ( #2611 ), #2404 ) ;
#1876 = ORIENTED_EDGE ( 'NONE', *, *, #357, .T. ) ;
#1877 = CARTESIAN_POINT ( 'NONE',  ( 1.671891845382139641, 0.3650000000000053757, 0.1874999999999999445 ) ) ;
#1878 = EDGE_CURVE ( 'NONE', #103, #3827, #2638, .T. ) ;
#1879 = DIRECTION ( 'NONE',  ( -0.9986295347545742773, 0.05233595624293647247, -0.000000000000000000 ) ) ;
#1880 = ORIENTED_EDGE ( 'NONE', *, *, #1914, .T. ) ;
#1881 = LINE ( 'NONE', #4063, #53 ) ;
#1882 = ORIENTED_EDGE ( 'NONE', *, *, #965, .T. ) ;
#1883 = DIRECTION ( 'NONE',  ( -1.000000000000000000, 0.000000000000000000, 0.000000000000000000 ) ) ;
#1884 = VERTEX_POINT ( 'NONE', #431 ) ;
#1885 = DIRECTION ( 'NONE',  ( 0.05233595624293625043, -0.9986295347545743883, 0.000000000000000000 ) ) ;
#1886 = LINE ( 'NONE', #3798, #2788 ) ;
#1887 = LINE ( 'NONE', #3163, #3071 ) ;
#1888 = FACE_OUTER_BOUND ( 'NONE', #3968, .T. ) ;
#1889 = PRESENTATION_STYLE_ASSIGNMENT (( #3492 ) ) ;
#1890 = EDGE_CURVE ( 'NONE', #2959, #2400, #4015, .T. ) ;
#1891 = CARTESIAN_POINT ( 'NONE',  ( -2.043564958962630129, 0.2934638074500523497, -0.4625000000000000222 ) ) ;
#1892 = ORIENTED_EDGE ( 'NONE', *, *, #954, .F. ) ;
#1893 = CARTESIAN_POINT ( 'NONE',  ( 1.500000000000000444, 0.6999999999999948486, 1.112500000000000044 ) ) ;
#1894 = PLANE ( 'NONE',  #3644 ) ;
#1895 = EDGE_CURVE ( 'NONE', #596, #229, #2993, .T. ) ;
#1896 = AXIS2_PLACEMENT_3D ( 'NONE', #3187, #2243, #1286 ) ;
#1897 = ORIENTED_EDGE ( 'NONE', *, *, #2532, .T. ) ;
#1898 = CARTESIAN_POINT ( 'NONE',  ( -2.210946256444942470, 0.1623227060421919277, 0.1874999999999999445 ) ) ;
#1899 = DIRECTION ( 'NONE',  ( -0.000000000000000000, -0.000000000000000000, -1.000000000000000000 ) ) ;
#1900 = ORIENTED_EDGE ( 'NONE', *, *, #3063, .T. ) ;
#1901 = DIRECTION ( 'NONE',  ( -6.307467175508965595E-16, 1.000000000000000000, 0.000000000000000000 ) ) ;
#1902 = EDGE_LOOP ( 'NONE', ( #2632, #79, #87, #3011 ) ) ;
#1903 = DIRECTION ( 'NONE',  ( 0.05233595624293625043, -0.9986295347545743883, 0.000000000000000000 ) ) ;
#1904 = ORIENTED_EDGE ( 'NONE', *, *, #2647, .F. ) ;
#1905 = LINE ( 'NONE', #2537, #1311 ) ;
#1906 = LINE ( 'NONE', #134, #261 ) ;
#1907 = DIRECTION ( 'NONE',  ( 0.05233595624293625043, 0.9986295347545743883, -0.000000000000000000 ) ) ;
#1908 = EDGE_CURVE ( 'NONE', #2461, #3420, #3094, .T. ) ;
#1909 = VECTOR ( 'NONE', #2149, 1000.000000000000000 ) ;
#1910 = AXIS2_PLACEMENT_3D ( 'NONE', #2198, #2493, #1302 ) ;
#1911 = CARTESIAN_POINT ( 'NONE',  ( 1.671891845382139641, 0.6999999999999948486, -0.1874999999999999445 ) ) ;
#1912 = LINE ( 'NONE', #1620, #1341 ) ;
#1913 = CARTESIAN_POINT ( 'NONE',  ( 1.671891845382139419, 0.5500000000000054845, 0.1874999999999999445 ) ) ;
#1914 = EDGE_CURVE ( 'NONE', #1684, #948, #3731, .T. ) ;
#1915 = ORIENTED_EDGE ( 'NONE', *, *, #168, .F. ) ;
#1916 = PLANE ( 'NONE',  #2977 ) ;
#1917 = ORIENTED_EDGE ( 'NONE', *, *, #1411, .T. ) ;
#1918 = VECTOR ( 'NONE', #2293, 1000.000000000000000 ) ;
#1919 = PLANE ( 'NONE',  #2732 ) ;
#1920 = VECTOR ( 'NONE', #1548, 1000.000000000000000 ) ;
#1921 = EDGE_LOOP ( 'NONE', ( #3866, #2548, #2367, #2806 ) ) ;
#1922 = FACE_OUTER_BOUND ( 'NONE', #790, .T. ) ;
#1923 = EDGE_CURVE ( 'NONE', #856, #2208, #1825, .T. ) ;
#1924 = ORIENTED_EDGE ( 'NONE', *, *, #3289, .F. ) ;
#1925 = ORIENTED_EDGE ( 'NONE', *, *, #3228, .T. ) ;
#1926 = CARTESIAN_POINT ( 'NONE',  ( -2.220628408349885508, 0.3470691699717879941, -0.8374999999999999112 ) ) ;
#1927 = ORIENTED_EDGE ( 'NONE', *, *, #2576, .F. ) ;
#1928 = DIRECTION ( 'NONE',  ( -0.2897587163337057015, 0.9570997264175991059, -0.000000000000000000 ) ) ;
#1929 = AXIS2_PLACEMENT_3D ( 'NONE', #2821, #3508, #665 ) ;
#1930 = DIRECTION ( 'NONE',  ( -1.000000000000000000, 0.000000000000000000, 0.000000000000000000 ) ) ;
#1931 = CARTESIAN_POINT ( 'NONE',  ( -1.900000000000000133, 0.2499999999999994726, 0.8374999999999999112 ) ) ;
#1932 = AXIS2_PLACEMENT_3D ( 'NONE', #359, #652, #3787 ) ;
#1933 = CARTESIAN_POINT ( 'NONE',  ( 1.500000000000000444, 0.5500000000000053735, 0.8374999999999999112 ) ) ;
#1934 = DIRECTION ( 'NONE',  ( -0.000000000000000000, -0.000000000000000000, -1.000000000000000000 ) ) ;
#1935 = DIRECTION ( 'NONE',  ( 1.000000000000000000, 0.000000000000000000, 0.000000000000000000 ) ) ;
#1936 = ORIENTED_EDGE ( 'NONE', *, *, #2828, .T. ) ;
#1937 = FACE_OUTER_BOUND ( 'NONE', #3061, .T. ) ;
#1938 = DIRECTION ( 'NONE',  ( 0.000000000000000000, -0.000000000000000000, -1.000000000000000000 ) ) ;
#1939 = ADVANCED_FACE ( 'NONE', ( #3032 ), #2761, .F. ) ;
#1940 = EDGE_CURVE ( 'NONE', #3911, #2544, #1504, .T. ) ;
#1941 = ORIENTED_EDGE ( 'NONE', *, *, #865, .T. ) ;
#1942 = CARTESIAN_POINT ( 'NONE',  ( -1.671891845382139419, 0.5500000000000054845, 0.4625000000000000222 ) ) ;
#1943 = EDGE_CURVE ( 'NONE', #3172, #207, #3118, .T. ) ;
#1944 = EDGE_LOOP ( 'NONE', ( #2029, #2283, #2055, #2148 ) ) ;
#1945 = STYLED_ITEM ( 'NONE', ( #562 ), #1639 ) ;
#1946 = ORIENTED_EDGE ( 'NONE', *, *, #1628, .F. ) ;
#1947 = CARTESIAN_POINT ( 'NONE',  ( 1.500000000000000444, 0.6999999999999948486, -0.1874999999999999445 ) ) ;
#1948 = CARTESIAN_POINT ( 'NONE',  ( 1.500000000000000444, 0.6999999999999948486, -1.112500000000000044 ) ) ;
#1949 = PRESENTATION_STYLE_ASSIGNMENT (( #975 ) ) ;
#1950 = EDGE_CURVE ( 'NONE', #961, #191, #3168, .T. ) ;
#1951 = FACE_OUTER_BOUND ( 'NONE', #2885, .T. ) ;
#1952 = CARTESIAN_POINT ( 'NONE',  ( -1.100000000000000311, 1.050000000000000044, -1.224999999999999867 ) ) ;
#1953 = CARTESIAN_POINT ( 'NONE',  ( 2.043564958962630129, 0.2934638074500524052, 1.112500000000000044 ) ) ;
#1954 = ORIENTED_EDGE ( 'NONE', *, *, #1943, .F. ) ;
#1955 = PLANE ( 'NONE',  #713 ) ;
#1956 = CARTESIAN_POINT ( 'NONE',  ( -2.450000000000000178, 0.1497944302131754835, 1.112500000000000044 ) ) ;
#1957 = EDGE_CURVE ( 'NONE', #2901, #1315, #2447, .T. ) ;
#1958 = EDGE_LOOP ( 'NONE', ( #1810, #2291, #2119, #2315 ) ) ;
#1959 = DIRECTION ( 'NONE',  ( -1.000000000000000000, 0.000000000000000000, 0.000000000000000000 ) ) ;
#1960 = ORIENTED_EDGE ( 'NONE', *, *, #1166, .T. ) ;
#1961 = ORIENTED_EDGE ( 'NONE', *, *, #2248, .T. ) ;
#1962 = CARTESIAN_POINT ( 'NONE',  ( -1.474999999999999645, 0.6999999999999948486, 1.475000000000000533 ) ) ;
#1963 = CARTESIAN_POINT ( 'NONE',  ( 1.992520253732025237, 0.4620691699717939804, -0.1874999999999999445 ) ) ;
#1964 = EDGE_LOOP ( 'NONE', ( #3879, #3272, #3180, #2300 ) ) ;
#1965 = CYLINDRICAL_SURFACE ( 'NONE', #472, 0.1849999999999998312 ) ;
#1966 =( LENGTH_UNIT ( ) NAMED_UNIT ( * ) SI_UNIT ( .MILLI., .METRE. ) );
#1967 = DIRECTION ( 'NONE',  ( -1.000000000000000000, 6.307467175508965595E-16, 0.000000000000000000 ) ) ;
#1968 = EDGE_CURVE ( 'NONE', #2934, #2911, #3338, .T. ) ;
#1969 = EDGE_LOOP ( 'NONE', ( #734, #3809, #3435, #2619 ) ) ;
#1970 = CARTESIAN_POINT ( 'NONE',  ( -1.500000000000000444, 0.6999999999999948486, 0.4625000000000000222 ) ) ;
#1971 = DIRECTION ( 'NONE',  ( 0.000000000000000000, 1.000000000000000000, 0.000000000000000000 ) ) ;
#1972 = AXIS2_PLACEMENT_3D ( 'NONE', #2369, #3631, #1145 ) ;
#1973 = AXIS2_PLACEMENT_3D ( 'NONE', #3211, #630, #650 ) ;
#1974 = ORIENTED_EDGE ( 'NONE', *, *, #1435, .F. ) ;
#1975 = CARTESIAN_POINT ( 'NONE',  ( -2.450000000000000178, 0.1497944302131754835, -0.1874999999999999445 ) ) ;
#1976 = VECTOR ( 'NONE', #2217, 1000.000000000000000 ) ;
#1977 = ORIENTED_EDGE ( 'NONE', *, *, #3261, .F. ) ;
#1978 = MECHANICAL_DESIGN_GEOMETRIC_PRESENTATION_REPRESENTATION (  '', ( #2254 ), #2111 ) ;
#1979 = ORIENTED_EDGE ( 'NONE', *, *, #2343, .F. ) ;
#1980 = VECTOR ( 'NONE', #3143, 1000.000000000000000 ) ;
#1981 = CARTESIAN_POINT ( 'NONE',  ( 2.220628408349885508, 0.3470691699717879941, -1.112500000000000044 ) ) ;
#1982 = FACE_OUTER_BOUND ( 'NONE', #1182, .T. ) ;
#1983 = ORIENTED_EDGE ( 'NONE', *, *, #3150, .T. ) ;
#1984 = ADVANCED_FACE ( 'NONE', ( #2425 ), #172, .T. ) ;
#1985 = VECTOR ( 'NONE', #2215, 1000.000000000000000 ) ;
#1986 = VECTOR ( 'NONE', #3655, 1000.000000000000000 ) ;
#1987 = DIRECTION ( 'NONE',  ( -0.9570997264175989949, 0.2897587163337060345, 0.000000000000000000 ) ) ;
#1988 = ORIENTED_EDGE ( 'NONE', *, *, #1138, .T. ) ;
#1989 = FACE_OUTER_BOUND ( 'NONE', #2185, .T. ) ;
#1990 = SURFACE_STYLE_FILL_AREA ( #3608 ) ;
#1991 = ORIENTED_EDGE ( 'NONE', *, *, #2518, .T. ) ;
#1992 = ORIENTED_EDGE ( 'NONE', *, *, #1603, .T. ) ;
#1993 = DIRECTION ( 'NONE',  ( -0.9570997264175989949, 0.2897587163337060345, 0.000000000000000000 ) ) ;
#1994 = EDGE_CURVE ( 'NONE', #3591, #1026, #3980, .T. ) ;
#1995 =( NAMED_UNIT ( * ) PLANE_ANGLE_UNIT ( ) SI_UNIT ( $, .RADIAN. ) );
#1996 = ORIENTED_EDGE ( 'NONE', *, *, #1890, .T. ) ;
#1997 = CARTESIAN_POINT ( 'NONE',  ( 1.848955294769395463, 0.4186053625217409091, 0.8374999999999999112 ) ) ;
#1998 = ORIENTED_EDGE ( 'NONE', *, *, #200, .T. ) ;
#1999 = LINE ( 'NONE', #1626, #1383 ) ;
#2000 = ORIENTED_EDGE ( 'NONE', *, *, #1499, .F. ) ;
#2001 = ADVANCED_FACE ( 'NONE', ( #1217 ), #1152, .F. ) ;
#2002 = DIRECTION ( 'NONE',  ( -0.000000000000000000, -0.000000000000000000, -1.000000000000000000 ) ) ;
#2003 = VECTOR ( 'NONE', #369, 1000.000000000000000 ) ;
#2004 = CARTESIAN_POINT ( 'NONE',  ( 1.671891845382139641, 0.3650000000000053757, -0.8374999999999999112 ) ) ;
#2005 = VERTEX_POINT ( 'NONE', #862 ) ;
#2006 = DIRECTION ( 'NONE',  ( 0.000000000000000000, 0.000000000000000000, 1.000000000000000000 ) ) ;
#2007 = VERTEX_POINT ( 'NONE', #4044 ) ;
#2008 = CARTESIAN_POINT ( 'NONE',  ( 2.220628408349885508, 0.3470691699717879941, 0.8374999999999999112 ) ) ;
#2009 = DIRECTION ( 'NONE',  ( 0.9986295347545742773, -0.05233595624293681248, -0.000000000000000000 ) ) ;
#2010 = ORIENTED_EDGE ( 'NONE', *, *, #2606, .F. ) ;
#2011 = ORIENTED_EDGE ( 'NONE', *, *, #428, .F. ) ;
#2012 = CLOSED_SHELL ( 'NONE', ( #2417, #2179, #2307, #2218, #3476, #1058, #2247, #3716, #2329, #908, #2501, #1350, #3892, #1575 ) ) ;
#2013 = FACE_OUTER_BOUND ( 'NONE', #3389, .T. ) ;
#2014 = EDGE_LOOP ( 'NONE', ( #418, #572, #1638, #520 ) ) ;
#2015 = DIRECTION ( 'NONE',  ( -0.000000000000000000, -0.000000000000000000, -1.000000000000000000 ) ) ;
#2016 = DIRECTION ( 'NONE',  ( 0.000000000000000000, 0.000000000000000000, 1.000000000000000000 ) ) ;
#2017 = EDGE_CURVE ( 'NONE', #2059, #1669, #1489, .T. ) ;
#2018 = VERTEX_POINT ( 'NONE', #3750 ) ;
#2019 = DIRECTION ( 'NONE',  ( -0.000000000000000000, -0.000000000000000000, -1.000000000000000000 ) ) ;
#2020 = CARTESIAN_POINT ( 'NONE',  ( -0.000000000000000000, 1.100000000000000089, 1.367820323027549856 ) ) ;
#2021 = VECTOR ( 'NONE', #30, 1000.000000000000000 ) ;
#2022 = CARTESIAN_POINT ( 'NONE',  ( 1.500000000000000444, 0.5500000000000053735, -0.8374999999999999112 ) ) ;
#2023 = LINE ( 'NONE', #2952, #1630 ) ;
#2024 = PRESENTATION_STYLE_ASSIGNMENT (( #760 ) ) ;
#2025 = VERTEX_POINT ( 'NONE', #1132 ) ;
#2026 = DIRECTION ( 'NONE',  ( 0.2897587163337060900, -0.9570997264175991059, -0.000000000000000000 ) ) ;
#2027 = ORIENTED_EDGE ( 'NONE', *, *, #4000, .T. ) ;
#2028 = FACE_OUTER_BOUND ( 'NONE', #9, .T. ) ;
#2029 = ORIENTED_EDGE ( 'NONE', *, *, #629, .T. ) ;
#2030 = FACE_OUTER_BOUND ( 'NONE', #2014, .T. ) ;
#2031 = LINE ( 'NONE', #1646, #112 ) ;
#2032 = VECTOR ( 'NONE', #2882, 1000.000000000000000 ) ;
#2033 = VECTOR ( 'NONE', #1928, 1000.000000000000000 ) ;
#2034 = DIRECTION ( 'NONE',  ( -1.000000000000000000, 0.000000000000000000, 0.000000000000000000 ) ) ;
#2035 = VECTOR ( 'NONE', #634, 1000.000000000000000 ) ;
#2036 = CARTESIAN_POINT ( 'NONE',  ( -1.500000000000000444, 0.1499999999999999944, 1.392820323027550877 ) ) ;
#2037 = VERTEX_POINT ( 'NONE', #2106 ) ;
#2038 = CARTESIAN_POINT ( 'NONE',  ( 2.220628408349885508, 0.3470691699717879941, 0.4625000000000000222 ) ) ;
#2039 = ORIENTED_EDGE ( 'NONE', *, *, #735, .F. ) ;
#2040 = DIRECTION ( 'NONE',  ( 1.000000000000000000, 0.000000000000000000, 0.000000000000000000 ) ) ;
#2041 = DIRECTION ( 'NONE',  ( -0.9986295347545742773, 0.05233595624293647247, -0.000000000000000000 ) ) ;
#2042 = ORIENTED_EDGE ( 'NONE', *, *, #3006, .T. ) ;
#2043 = VECTOR ( 'NONE', #813, 1000.000000000000000 ) ;
#2044 = AXIS2_PLACEMENT_3D ( 'NONE', #164, #144, #3331 ) ;
#2045 = ORIENTED_EDGE ( 'NONE', *, *, #1209, .F. ) ;
#2046 = DIRECTION ( 'NONE',  ( 0.2588190451025213501, -0.9659258262890680902, 0.000000000000000000 ) ) ;
#2047 = CIRCLE ( 'NONE', #466, 0.3349999999999893618 ) ;
#2048 = VERTEX_POINT ( 'NONE', #537 ) ;
#2049 = VECTOR ( 'NONE', #1426, 1000.000000000000000 ) ;
#2050 = VERTEX_POINT ( 'NONE', #214 ) ;
#2051 = ADVANCED_FACE ( 'NONE', ( #494 ), #3356, .F. ) ;
#2052 = DIRECTION ( 'NONE',  ( 1.000000000000000000, 0.000000000000000000, 0.000000000000000000 ) ) ;
#2053 = CARTESIAN_POINT ( 'NONE',  ( 2.442149606563560393, -3.252606517456513302E-16, -0.4625000000000000222 ) ) ;
#2054 = CIRCLE ( 'NONE', #497, 0.3349999999999893618 ) ;
#2055 = ORIENTED_EDGE ( 'NONE', *, *, #2954, .F. ) ;
#2056 = EDGE_CURVE ( 'NONE', #222, #302, #194, .T. ) ;
#2057 = CARTESIAN_POINT ( 'NONE',  ( 0.000000000000000000, 0.1499999999999999944, 0.000000000000000000 ) ) ;
#2058 = DIRECTION ( 'NONE',  ( -1.000000000000000000, 0.000000000000000000, 0.000000000000000000 ) ) ;
#2059 = VERTEX_POINT ( 'NONE', #1797 ) ;
#2060 = CARTESIAN_POINT ( 'NONE',  ( 1.900000000000000133, 0.2499999999999994726, 0.4625000000000000222 ) ) ;
#2061 = EDGE_LOOP ( 'NONE', ( #1098, #658, #2696, #2961 ) ) ;
#2062 = DIRECTION ( 'NONE',  ( -0.05233595624293647941, -0.9986295347545742773, 0.000000000000000000 ) ) ;
#2063 = DIRECTION ( 'NONE',  ( 0.000000000000000000, -0.000000000000000000, -1.000000000000000000 ) ) ;
#2064 = EDGE_CURVE ( 'NONE', #103, #628, #3076, .T. ) ;
#2065 = ORIENTED_EDGE ( 'NONE', *, *, #3231, .F. ) ;
#2066 = DIRECTION ( 'NONE',  ( -0.000000000000000000, -0.000000000000000000, -1.000000000000000000 ) ) ;
#2067 = FILL_AREA_STYLE ('',( #140 ) ) ;
#2068 = ORIENTED_EDGE ( 'NONE', *, *, #2518, .F. ) ;
#2069 = EDGE_LOOP ( 'NONE', ( #299, #990 ) ) ;
#2070 = DIRECTION ( 'NONE',  ( -0.2897587163337057015, 0.9570997264175991059, -0.000000000000000000 ) ) ;
#2071 = ORIENTED_EDGE ( 'NONE', *, *, #62, .F. ) ;
#2072 = DIRECTION ( 'NONE',  ( 0.000000000000000000, 1.000000000000000000, 0.000000000000000000 ) ) ;
#2073 = EDGE_CURVE ( 'NONE', #2894, #3021, #3469, .T. ) ;
#2074 = DIRECTION ( 'NONE',  ( -0.000000000000000000, -0.000000000000000000, -1.000000000000000000 ) ) ;
#2075 = ADVANCED_FACE ( 'NONE', ( #973 ), #3445, .F. ) ;
#2076 = CARTESIAN_POINT ( 'NONE',  ( 2.220628408349885508, 0.3470691699717879941, -0.8374999999999999112 ) ) ;
#2077 = CARTESIAN_POINT ( 'NONE',  ( -1.848955294769395241, 0.4186053625217408536, 1.112500000000000044 ) ) ;
#2078 = ORIENTED_EDGE ( 'NONE', *, *, #385, .F. ) ;
#2079 = VECTOR ( 'NONE', #3428, 999.9999999999998863 ) ;
#2080 = EDGE_CURVE ( 'NONE', #888, #1488, #1572, .T. ) ;
#2081 = DIRECTION ( 'NONE',  ( -1.000000000000000000, 0.000000000000000000, 0.000000000000000000 ) ) ;
#2082 = ORIENTED_EDGE ( 'NONE', *, *, #3727, .T. ) ;
#2083 = CARTESIAN_POINT ( 'NONE',  ( -1.100000000000000311, 1.050000000000000044, -1.099999999999999867 ) ) ;
#2084 = CARTESIAN_POINT ( 'NONE',  ( -1.671891845382139419, 0.5500000000000053735, -0.8374999999999999112 ) ) ;
#2085 = CARTESIAN_POINT ( 'NONE',  ( -1.671891845382139641, 0.3650000000000053757, 0.4625000000000000222 ) ) ;
#2086 = VECTOR ( 'NONE', #1531, 1000.000000000000000 ) ;
#2087 = DIRECTION ( 'NONE',  ( -0.2897587163337057015, 0.9570997264175991059, -0.000000000000000000 ) ) ;
#2088 = CARTESIAN_POINT ( 'NONE',  ( -1.848955294769395241, 0.4186053625217408536, -0.8374999999999999112 ) ) ;
#2089 = EDGE_CURVE ( 'NONE', #2901, #1783, #684, .T. ) ;
#2090 = ORIENTED_EDGE ( 'NONE', *, *, #3658, .F. ) ;
#2091 = ORIENTED_EDGE ( 'NONE', *, *, #211, .F. ) ;
#2092 = DIRECTION ( 'NONE',  ( 0.9570997264175991059, -0.2897587163337057570, 0.000000000000000000 ) ) ;
#2093 = VERTEX_POINT ( 'NONE', #4085 ) ;
#2094 = DIRECTION ( 'NONE',  ( 0.2897587163337060900, 0.9570997264175991059, 0.000000000000000000 ) ) ;
#2095 = LINE ( 'NONE', #701, #996 ) ;
#2096 = ADVANCED_FACE ( 'NONE', ( #2578 ), #327, .T. ) ;
#2097 = CARTESIAN_POINT ( 'NONE',  ( 1.392820323027550211, 0.1499999999999999944, 1.392820323027550877 ) ) ;
#2098 = CARTESIAN_POINT ( 'NONE',  ( 0.000000000000000000, 0.6999999999999948486, 0.000000000000000000 ) ) ;
#2099 = VERTEX_POINT ( 'NONE', #664 ) ;
#2100 = EDGE_CURVE ( 'NONE', #3564, #3794, #2818, .T. ) ;
#2101 = AXIS2_PLACEMENT_3D ( 'NONE', #1521, #2529, #613 ) ;
#2102 = VECTOR ( 'NONE', #3137, 1000.000000000000000 ) ;
#2103 = DIRECTION ( 'NONE',  ( -0.000000000000000000, -0.000000000000000000, -1.000000000000000000 ) ) ;
#2104 = ORIENTED_EDGE ( 'NONE', *, *, #2320, .F. ) ;
#2105 = EDGE_CURVE ( 'NONE', #1488, #3422, #1235, .T. ) ;
#2106 = CARTESIAN_POINT ( 'NONE',  ( -1.671891845382139419, 0.5500000000000053735, -0.4625000000000000222 ) ) ;
#2107 = EDGE_CURVE ( 'NONE', #1815, #2389, #2263, .T. ) ;
#2108 = CARTESIAN_POINT ( 'NONE',  ( 1.900000000000000133, 0.2499999999999994726, -0.4625000000000000222 ) ) ;
#2109 = FACE_OUTER_BOUND ( 'NONE', #2129, .T. ) ;
#2110 = VECTOR ( 'NONE', #835, 1000.000000000000000 ) ;
#2111 =( GEOMETRIC_REPRESENTATION_CONTEXT ( 3 ) GLOBAL_UNCERTAINTY_ASSIGNED_CONTEXT ( ( #3095 ) ) GLOBAL_UNIT_ASSIGNED_CONTEXT ( ( #3943, #1097, #439 ) ) REPRESENTATION_CONTEXT ( 'NONE', 'WORKASPACE' ) );
#2112 = CARTESIAN_POINT ( 'NONE',  ( -1.500000000000000444, 0.6999999999999948486, -1.499999999999999778 ) ) ;
#2113 = DIRECTION ( 'NONE',  ( -0.05233595624293681942, 0.9986295347545742773, 0.000000000000000000 ) ) ;
#2114 = AXIS2_PLACEMENT_3D ( 'NONE', #1799, #822, #2135 ) ;
#2115 = EDGE_CURVE ( 'NONE', #1488, #1162, #3528, .T. ) ;
#2116 = MECHANICAL_DESIGN_GEOMETRIC_PRESENTATION_REPRESENTATION (  '', ( #3910 ), #3708 ) ;
#2117 = EDGE_LOOP ( 'NONE', ( #2650, #2082, #2479, #1782 ) ) ;
#2118 = FACE_OUTER_BOUND ( 'NONE', #2922, .T. ) ;
#2119 = ORIENTED_EDGE ( 'NONE', *, *, #899, .F. ) ;
#2120 = LINE ( 'NONE', #1808, #3524 ) ;
#2121 = VECTOR ( 'NONE', #1532, 1000.000000000000000 ) ;
#2122 = EDGE_CURVE ( 'NONE', #2614, #191, #48, .T. ) ;
#2123 = AXIS2_PLACEMENT_3D ( 'NONE', #871, #3458, #3740 ) ;
#2124 = ORIENTED_EDGE ( 'NONE', *, *, #2828, .F. ) ;
#2125 = FACE_OUTER_BOUND ( 'NONE', #620, .T. ) ;
#2126 = CARTESIAN_POINT ( 'NONE',  ( -2.442149606563560393, -3.252606517456513302E-16, -0.1874999999999999445 ) ) ;
#2127 = ORIENTED_EDGE ( 'NONE', *, *, #4091, .T. ) ;
#2128 = ADVANCED_FACE ( 'NONE', ( #1615 ), #640, .F. ) ;
#2129 = EDGE_LOOP ( 'NONE', ( #1226, #3013, #3556, #3417 ) ) ;
#2130 = CARTESIAN_POINT ( 'NONE',  ( -1.671891845382139641, 0.3650000000000053757, 1.112500000000000044 ) ) ;
#2131 = ORIENTED_EDGE ( 'NONE', *, *, #2576, .T. ) ;
#2132 = CARTESIAN_POINT ( 'NONE',  ( -1.100000000000000311, 1.050000000000000044, -1.099999999999999867 ) ) ;
#2133 = UNCERTAINTY_MEASURE_WITH_UNIT (LENGTH_MEASURE( 1.000000000000000082E-05 ), #2302, 'distance_accuracy_value', 'NONE');
#2134 = CARTESIAN_POINT ( 'NONE',  ( -2.220628408349885508, 0.3470691699717879941, 0.1874999999999999445 ) ) ;
#2135 = DIRECTION ( 'NONE',  ( -0.05233595624293624349, -0.9986295347545742773, 0.000000000000000000 ) ) ;
#2136 = EDGE_CURVE ( 'NONE', #1635, #2815, #244, .T. ) ;
#2137 = DIRECTION ( 'NONE',  ( 0.000000000000000000, 0.000000000000000000, -1.000000000000000000 ) ) ;
#2138 = DIRECTION ( 'NONE',  ( 0.000000000000000000, -1.000000000000000000, 0.000000000000000000 ) ) ;
#2139 =( GEOMETRIC_REPRESENTATION_CONTEXT ( 3 ) GLOBAL_UNCERTAINTY_ASSIGNED_CONTEXT ( ( #882 ) ) GLOBAL_UNIT_ASSIGNED_CONTEXT ( ( #177, #3888, #1037 ) ) REPRESENTATION_CONTEXT ( 'NONE', 'WORKASPACE' ) );
#2140 = EDGE_LOOP ( 'NONE', ( #294, #3075, #115, #3499 ) ) ;
#2141 = DIRECTION ( 'NONE',  ( 0.9659258262890689783, -0.2588190451025183525, 0.000000000000000000 ) ) ;
#2142 = ORIENTED_EDGE ( 'NONE', *, *, #4118, .F. ) ;
#2143 = PLANE ( 'NONE',  #400 ) ;
#2144 = DIRECTION ( 'NONE',  ( -1.000000000000000000, 0.000000000000000000, 0.000000000000000000 ) ) ;
#2145 = LINE ( 'NONE', #3660, #387 ) ;
#2146 = ORIENTED_EDGE ( 'NONE', *, *, #174, .F. ) ;
#2147 = CARTESIAN_POINT ( 'NONE',  ( -2.210946256444942470, 0.1623227060421919554, 0.1874999999999999445 ) ) ;
#2148 = ORIENTED_EDGE ( 'NONE', *, *, #3673, .T. ) ;
#2149 = DIRECTION ( 'NONE',  ( -0.2897587163337057015, 0.9570997264175991059, -0.000000000000000000 ) ) ;
#2150 = ORIENTED_EDGE ( 'NONE', *, *, #3086, .F. ) ;
#2151 = DIRECTION ( 'NONE',  ( 0.9986295347545742773, -0.05233595624293647941, 0.000000000000000000 ) ) ;
#2152 = LINE ( 'NONE', #2778, #2121 ) ;
#2153 = CARTESIAN_POINT ( 'NONE',  ( -2.450000000000000178, 0.1497944302131754835, 0.8374999999999999112 ) ) ;
#2154 = LINE ( 'NONE', #2727, #293 ) ;
#2155 = LINE ( 'NONE', #867, #275 ) ;
#2156 = VERTEX_POINT ( 'NONE', #10 ) ;
#2157 = AXIS2_PLACEMENT_3D ( 'NONE', #2723, #4003, #2406 ) ;
#2158 = DIRECTION ( 'NONE',  ( -1.000000000000000000, 0.000000000000000000, 0.000000000000000000 ) ) ;
#2159 = ORIENTED_EDGE ( 'NONE', *, *, #1895, .T. ) ;
#2160 = LINE ( 'NONE', #292, #3714 ) ;
#2161 = EDGE_CURVE ( 'NONE', #441, #1694, #3141, .T. ) ;
#2162 = CARTESIAN_POINT ( 'NONE',  ( -1.100000000000000311, 1.050000000000000044, -1.099999999999999867 ) ) ;
#2163 = PLANE ( 'NONE',  #2717 ) ;
#2164 = ORIENTED_EDGE ( 'NONE', *, *, #280, .F. ) ;
#2165 = LINE ( 'NONE', #3767, #721 ) ;
#2166 = ORIENTED_EDGE ( 'NONE', *, *, #1040, .T. ) ;
#2167 = CARTESIAN_POINT ( 'NONE',  ( -1.671891845382139641, 0.6999999999999948486, -0.1874999999999999445 ) ) ;
#2168 = ORIENTED_EDGE ( 'NONE', *, *, #4025, .T. ) ;
#2169 = DIRECTION ( 'NONE',  ( 0.000000000000000000, -1.000000000000000000, 0.000000000000000000 ) ) ;
#2170 = FACE_OUTER_BOUND ( 'NONE', #3958, .T. ) ;
#2171 = DIRECTION ( 'NONE',  ( -0.000000000000000000, -1.000000000000000000, -0.000000000000000000 ) ) ;
#2172 = VECTOR ( 'NONE', #869, 1000.000000000000000 ) ;
#2173 = CARTESIAN_POINT ( 'NONE',  ( 1.671891845382139419, 0.5500000000000054845, -0.8374999999999999112 ) ) ;
#2174 = CIRCLE ( 'NONE', #3781, 0.1849999999999998312 ) ;
#2175 = CARTESIAN_POINT ( 'NONE',  ( -2.210946256444942470, 0.1623227060421919554, 0.4625000000000000222 ) ) ;
#2176 = VECTOR ( 'NONE', #2902, 1000.000000000000000 ) ;
#2177 = AXIS2_PLACEMENT_3D ( 'NONE', #530, #1478, #1497 ) ;
#2178 = VERTEX_POINT ( 'NONE', #1552 ) ;
#2179 = ADVANCED_FACE ( 'NONE', ( #2195 ), #3160, .F. ) ;
#2180 = DIRECTION ( 'NONE',  ( -0.9986295347545742773, -0.05233595624293681942, 0.000000000000000000 ) ) ;
#2181 = CARTESIAN_POINT ( 'NONE',  ( 1.848955294769395463, 0.4186053625217409091, 1.112500000000000044 ) ) ;
#2182 = EDGE_CURVE ( 'NONE', #3815, #2633, #1905, .T. ) ;
#2183 = VECTOR ( 'NONE', #3814, 1000.000000000000000 ) ;
#2184 = VECTOR ( 'NONE', #2849, 999.9999999999998863 ) ;
#2185 = EDGE_LOOP ( 'NONE', ( #2917, #3691, #1904, #2212 ) ) ;
#2186 = CARTESIAN_POINT ( 'NONE',  ( 2.450000000000000178, 0.1497944302131754835, 1.112500000000000044 ) ) ;
#2187 = CARTESIAN_POINT ( 'NONE',  ( 1.500000000000000444, 0.6999999999999948486, -0.8374999999999999112 ) ) ;
#2188 = ORIENTED_EDGE ( 'NONE', *, *, #3165, .F. ) ;
#2189 = PLANE ( 'NONE',  #3044 ) ;
#2190 = AXIS2_PLACEMENT_3D ( 'NONE', #1474, #1208, #3759 ) ;
#2191 = EDGE_CURVE ( 'NONE', #3633, #1449, #2867, .T. ) ;
#2192 = ORIENTED_EDGE ( 'NONE', *, *, #762, .T. ) ;
#2193 = DIRECTION ( 'NONE',  ( 0.000000000000000000, 0.000000000000000000, 1.000000000000000000 ) ) ;
#2194 = VERTEX_POINT ( 'NONE', #3488 ) ;
#2195 = FACE_OUTER_BOUND ( 'NONE', #918, .T. ) ;
#2196 = CARTESIAN_POINT ( 'NONE',  ( -1.100000000000000311, 1.050000000000000044, -1.099999999999999867 ) ) ;
#2197 = LINE ( 'NONE', #3859, #1275 ) ;
#2198 = CARTESIAN_POINT ( 'NONE',  ( -2.450000000000000178, 0.1497944302131754835, 1.112500000000000044 ) ) ;
#2199 = CARTESIAN_POINT ( 'NONE',  ( 2.450000000000000178, 0.1497944302131754835, -1.112500000000000044 ) ) ;
#2200 = CARTESIAN_POINT ( 'NONE',  ( -1.671891845382139641, 0.3650000000000053757, -0.4625000000000000222 ) ) ;
#2201 = ORIENTED_EDGE ( 'NONE', *, *, #1654, .F. ) ;
#2202 = COLOUR_RGB ( '',0.7921568627450980005, 0.8196078431372548767, 0.9333333333333333481 ) ;
#2203 = DIRECTION ( 'NONE',  ( 0.9986295347545742773, -0.05233595624293681248, -0.000000000000000000 ) ) ;
#2204 = ORIENTED_EDGE ( 'NONE', *, *, #667, .F. ) ;
#2205 = CARTESIAN_POINT ( 'NONE',  ( -2.203095863008502686, 0.01252827582901618921, 0.8374999999999999112 ) ) ;
#2206 = CIRCLE ( 'NONE', #1692, 0.3349999999999893618 ) ;
#2207 = EDGE_CURVE ( 'NONE', #2934, #2378, #2557, .T. ) ;
#2208 = VERTEX_POINT ( 'NONE', #753 ) ;
#2209 = DIRECTION ( 'NONE',  ( -1.000000000000000000, 0.000000000000000000, 0.000000000000000000 ) ) ;
#2210 = EDGE_CURVE ( 'NONE', #3264, #3758, #1706, .T. ) ;
#2211 = LINE ( 'NONE', #4, #2846 ) ;
#2212 = ORIENTED_EDGE ( 'NONE', *, *, #89, .T. ) ;
#2213 = PLANE ( 'NONE',  #2309 ) ;
#2214 = ORIENTED_EDGE ( 'NONE', *, *, #2880, .F. ) ;
#2215 = DIRECTION ( 'NONE',  ( -0.000000000000000000, -0.000000000000000000, -1.000000000000000000 ) ) ;
#2216 = EDGE_LOOP ( 'NONE', ( #3786, #3613, #1256, #3704 ) ) ;
#2217 = DIRECTION ( 'NONE',  ( 0.9986295347545742773, 0.05233595624293681248, 0.000000000000000000 ) ) ;
#2218 = ADVANCED_FACE ( 'NONE', ( #469 ), #3008, .F. ) ;
#2219 = DIRECTION ( 'NONE',  ( -0.000000000000000000, -0.000000000000000000, -1.000000000000000000 ) ) ;
#2220 = DIRECTION ( 'NONE',  ( -0.2897587163337057015, 0.9570997264175991059, -0.000000000000000000 ) ) ;
#2221 = LINE ( 'NONE', #3821, #2396 ) ;
#2222 = DIRECTION ( 'NONE',  ( -0.000000000000000000, -0.000000000000000000, -1.000000000000000000 ) ) ;
#2223 = VERTEX_POINT ( 'NONE', #1707 ) ;
#2224 = EDGE_CURVE ( 'NONE', #632, #3758, #90, .T. ) ;
#2225 = CARTESIAN_POINT ( 'NONE',  ( -1.474999999999999645, 0.6999999999999948486, 1.475000000000000533 ) ) ;
#2226 = ORIENTED_EDGE ( 'NONE', *, *, #2337, .T. ) ;
#2227 = CARTESIAN_POINT ( 'NONE',  ( -1.100000000000000311, 1.100000000000000089, -1.099999999999999867 ) ) ;
#2228 = VECTOR ( 'NONE', #152, 1000.000000000000000 ) ;
#2229 = VERTEX_POINT ( 'NONE', #2334 ) ;
#2230 = CARTESIAN_POINT ( 'NONE',  ( -1.671891845382139419, 0.5500000000000053735, 1.112500000000000044 ) ) ;
#2231 = LINE ( 'NONE', #2187, #120 ) ;
#2232 = ORIENTED_EDGE ( 'NONE', *, *, #2115, .T. ) ;
#2233 = ORIENTED_EDGE ( 'NONE', *, *, #4072, .T. ) ;
#2234 = DIRECTION ( 'NONE',  ( 0.9986295347545742773, -0.05233595624293681248, -0.000000000000000000 ) ) ;
#2235 = ORIENTED_EDGE ( 'NONE', *, *, #1790, .T. ) ;
#2236 = CARTESIAN_POINT ( 'NONE',  ( 1.500000000000000444, 0.6999999999999948486, 0.4625000000000000222 ) ) ;
#2237 = CARTESIAN_POINT ( 'NONE',  ( -1.367820323027548746, 1.100000000000000311, 1.367820323027549856 ) ) ;
#2238 = EDGE_CURVE ( 'NONE', #1735, #897, #1340, .T. ) ;
#2239 = AXIS2_PLACEMENT_3D ( 'NONE', #1053, #1693, #2968 ) ;
#2240 = EDGE_CURVE ( 'NONE', #1622, #3084, #2587, .T. ) ;
#2241 = CARTESIAN_POINT ( 'NONE',  ( -1.671891845382139641, 0.3650000000000053757, 0.1874999999999999445 ) ) ;
#2242 = ADVANCED_FACE ( 'NONE', ( #2615 ), #132, .T. ) ;
#2243 = DIRECTION ( 'NONE',  ( -0.9570997264175991059, -0.2897587163337057570, 0.000000000000000000 ) ) ;
#2244 = CARTESIAN_POINT ( 'NONE',  ( 2.043564958962630129, 0.2934638074500524052, 0.8374999999999999112 ) ) ;
#2245 = AXIS2_PLACEMENT_3D ( 'NONE', #2674, #2592, #1357 ) ;
#2246 = ORIENTED_EDGE ( 'NONE', *, *, #1204, .F. ) ;
#2247 = ADVANCED_FACE ( 'NONE', ( #446 ), #2296, .T. ) ;
#2248 = EDGE_CURVE ( 'NONE', #3950, #2959, #1690, .T. ) ;
#2249 = PLANE ( 'NONE',  #1708 ) ;
#2250 = ORIENTED_EDGE ( 'NONE', *, *, #2680, .T. ) ;
#2251 = VECTOR ( 'NONE', #2002, 1000.000000000000000 ) ;
#2252 = CARTESIAN_POINT ( 'NONE',  ( -1.289793925130688468, 1.391198481282668320, -1.289793925130688246 ) ) ;
#2253 = VECTOR ( 'NONE', #2835, 1000.000000000000000 ) ;
#2254 = STYLED_ITEM ( 'NONE', ( #1080 ), #1543 ) ;
#2255 = VERTEX_POINT ( 'NONE', #3617 ) ;
#2256 = ADVANCED_FACE ( 'NONE', ( #696 ), #3559, .F. ) ;
#2257 = CARTESIAN_POINT ( 'NONE',  ( -1.500000000000000444, 0.6999999999999948486, 1.112500000000000044 ) ) ;
#2258 = ORIENTED_EDGE ( 'NONE', *, *, #2475, .T. ) ;
#2259 = AXIS2_PLACEMENT_3D ( 'NONE', #3654, #2415, #102 ) ;
#2260 = VECTOR ( 'NONE', #2222, 1000.000000000000000 ) ;
#2261 = VERTEX_POINT ( 'NONE', #1086 ) ;
#2262 = VERTEX_POINT ( 'NONE', #1962 ) ;
#2263 = LINE ( 'NONE', #1282, #783 ) ;
#2264 = AXIS2_PLACEMENT_3D ( 'NONE', #2134, #1134, #576 ) ;
#2265 = DIRECTION ( 'NONE',  ( -1.000000000000000000, 0.000000000000000000, 0.000000000000000000 ) ) ;
#2266 = VECTOR ( 'NONE', #3226, 1000.000000000000000 ) ;
#2267 = FACE_OUTER_BOUND ( 'NONE', #1964, .T. ) ;
#2268 = CARTESIAN_POINT ( 'NONE',  ( 1.848955294769395463, 0.4186053625217409091, 0.4625000000000000222 ) ) ;
#2269 = ADVANCED_FACE ( 'NONE', ( #405 ), #1384, .F. ) ;
#2270 = ORIENTED_EDGE ( 'NONE', *, *, #513, .T. ) ;
#2271 = AXIS2_PLACEMENT_3D ( 'NONE', #121, #726, #99 ) ;
#2272 = CARTESIAN_POINT ( 'NONE',  ( 0.000000000000000000, 0.1499999999999999944, 1.392820323027550877 ) ) ;
#2273 = CARTESIAN_POINT ( 'NONE',  ( -1.500000000000000444, 0.6999999999999948486, 0.8374999999999999112 ) ) ;
#2274 = VERTEX_POINT ( 'NONE', #3315 ) ;
#2275 = CARTESIAN_POINT ( 'NONE',  ( 2.220628408349885508, 0.3470691699717879941, 0.4625000000000000222 ) ) ;
#2276 = VERTEX_POINT ( 'NONE', #1067 ) ;
#2277 = ORIENTED_EDGE ( 'NONE', *, *, #588, .T. ) ;
#2278 = EDGE_CURVE ( 'NONE', #1387, #2383, #69, .T. ) ;
#2279 = DIRECTION ( 'NONE',  ( 0.000000000000000000, 0.000000000000000000, 1.000000000000000000 ) ) ;
#2280 = CARTESIAN_POINT ( 'NONE',  ( -1.500000000000000444, 0.5500000000000053735, -0.1874999999999999445 ) ) ;
#2281 =( LENGTH_UNIT ( ) NAMED_UNIT ( * ) SI_UNIT ( .MILLI., .METRE. ) );
#2282 = DIRECTION ( 'NONE',  ( -0.000000000000000000, 0.000000000000000000, -1.000000000000000000 ) ) ;
#2283 = ORIENTED_EDGE ( 'NONE', *, *, #1493, .F. ) ;
#2284 = CARTESIAN_POINT ( 'NONE',  ( -1.671891845382139641, 0.3650000000000053757, 1.112500000000000044 ) ) ;
#2285 = SURFACE_SIDE_STYLE ('',( #957 ) ) ;
#2286 = VERTEX_POINT ( 'NONE', #2660 ) ;
#2287 = DIRECTION ( 'NONE',  ( 0.000000000000000000, 0.000000000000000000, 1.000000000000000000 ) ) ;
#2288 = CARTESIAN_POINT ( 'NONE',  ( -2.210946256444942470, 0.1623227060421919277, 1.112500000000000044 ) ) ;
#2289 = CIRCLE ( 'NONE', #823, 0.1849999999999998312 ) ;
#2290 = LINE ( 'NONE', #922, #247 ) ;
#2291 = ORIENTED_EDGE ( 'NONE', *, *, #2107, .F. ) ;
#2292 = EDGE_CURVE ( 'NONE', #356, #3911, #1112, .T. ) ;
#2293 = DIRECTION ( 'NONE',  ( 0.000000000000000000, 0.000000000000000000, -1.000000000000000000 ) ) ;
#2294 = ORIENTED_EDGE ( 'NONE', *, *, #3817, .F. ) ;
#2295 = ORIENTED_EDGE ( 'NONE', *, *, #1046, .T. ) ;
#2296 = CYLINDRICAL_SURFACE ( 'NONE', #3769, 0.3349999999999893618 ) ;
#2297 = CARTESIAN_POINT ( 'NONE',  ( -1.500000000000000444, 0.6999999999999948486, 1.112500000000000044 ) ) ;
#2298 = VERTEX_POINT ( 'NONE', #1727 ) ;
#2299 = LINE ( 'NONE', #2022, #70 ) ;
#2300 = ORIENTED_EDGE ( 'NONE', *, *, #3585, .T. ) ;
#2301 = LINE ( 'NONE', #3281, #3349 ) ;
#2302 =( LENGTH_UNIT ( ) NAMED_UNIT ( * ) SI_UNIT ( .MILLI., .METRE. ) );
#2303 = ORIENTED_EDGE ( 'NONE', *, *, #3515, .T. ) ;
#2304 = ORIENTED_EDGE ( 'NONE', *, *, #2523, .F. ) ;
#2305 = FACE_OUTER_BOUND ( 'NONE', #940, .T. ) ;
#2306 = DIRECTION ( 'NONE',  ( -0.000000000000000000, -0.000000000000000000, -1.000000000000000000 ) ) ;
#2307 = ADVANCED_FACE ( 'NONE', ( #3233 ), #1362, .F. ) ;
#2308 = CARTESIAN_POINT ( 'NONE',  ( -1.474999999999999645, 0.6999999999999948486, 1.475000000000000533 ) ) ;
#2309 = AXIS2_PLACEMENT_3D ( 'NONE', #2533, #1901, #3249 ) ;
#2310 = ORIENTED_EDGE ( 'NONE', *, *, #611, .F. ) ;
#2311 = CARTESIAN_POINT ( 'NONE',  ( -2.450000000000000178, 0.1497944302131754835, -0.4625000000000000222 ) ) ;
#2312 = LINE ( 'NONE', #3292, #449 ) ;
#2313 = ORIENTED_EDGE ( 'NONE', *, *, #205, .F. ) ;
#2314 = AXIS2_PLACEMENT_3D ( 'NONE', #569, #2739, #1831 ) ;
#2315 = ORIENTED_EDGE ( 'NONE', *, *, #2820, .T. ) ;
#2316 = AXIS2_PLACEMENT_3D ( 'NONE', #2684, #743, #1715 ) ;
#2317 = DIRECTION ( 'NONE',  ( -1.000000000000000000, 0.000000000000000000, 0.000000000000000000 ) ) ;
#2318 = CARTESIAN_POINT ( 'NONE',  ( 2.450000000000000178, 0.1497944302131754835, 0.1874999999999999445 ) ) ;
#2319 = VERTEX_POINT ( 'NONE', #3582 ) ;
#2320 = EDGE_CURVE ( 'NONE', #878, #2740, #737, .T. ) ;
#2321 = DIRECTION ( 'NONE',  ( 1.000000000000000000, 0.000000000000000000, 0.000000000000000000 ) ) ;
#2322 = CARTESIAN_POINT ( 'NONE',  ( 1.500000000000000444, 0.6999999999999948486, 1.112500000000000044 ) ) ;
#2323 =( NAMED_UNIT ( * ) PLANE_ANGLE_UNIT ( ) SI_UNIT ( $, .RADIAN. ) );
#2324 = AXIS2_PLACEMENT_3D ( 'NONE', #2288, #703, #41 ) ;
#2325 = ORIENTED_EDGE ( 'NONE', *, *, #959, .T. ) ;
#2326 = EDGE_LOOP ( 'NONE', ( #2392, #1059, #1625, #2640 ) ) ;
#2327 = CARTESIAN_POINT ( 'NONE',  ( -2.210946256444942470, 0.1623227060421919554, -0.1874999999999999445 ) ) ;
#2328 = DIRECTION ( 'NONE',  ( 0.9986295347545742773, 0.05233595624293681248, 0.000000000000000000 ) ) ;
#2329 = ADVANCED_FACE ( 'NONE', ( #1830 ), #3088, .F. ) ;
#2330 = ORIENTED_EDGE ( 'NONE', *, *, #3142, .T. ) ;
#2331 = DIRECTION ( 'NONE',  ( -0.2505628070857293110, 0.9351131265310305141, 0.2505628070857293110 ) ) ;
#2332 = CARTESIAN_POINT ( 'NONE',  ( -1.392820323027551099, 0.1499999999999999944, -1.499999999999999778 ) ) ;
#2333 = ADVANCED_FACE ( 'NONE', ( #2125 ), #4036, .F. ) ;
#2334 = CARTESIAN_POINT ( 'NONE',  ( -1.500000000000000444, 0.6999999999999948486, -0.4625000000000000222 ) ) ;
#2335 = AXIS2_PLACEMENT_3D ( 'NONE', #1780, #2113, #1537 ) ;
#2336 = LINE ( 'NONE', #2635, #1648 ) ;
#2337 = EDGE_CURVE ( 'NONE', #1559, #2536, #227, .T. ) ;
#2338 = DIRECTION ( 'NONE',  ( -0.9986295347545742773, -0.05233595624293681942, 0.000000000000000000 ) ) ;
#2339 = VERTEX_POINT ( 'NONE', #3332 ) ;
#2340 = LINE ( 'NONE', #3300, #3427 ) ;
#2341 = FILL_AREA_STYLE_COLOUR ( '', #1123 ) ;
#2342 = VERTEX_POINT ( 'NONE', #488 ) ;
#2343 = EDGE_CURVE ( 'NONE', #3224, #265, #3369, .T. ) ;
#2344 = CLOSED_SHELL ( 'NONE', ( #2051, #917, #1984, #2985, #2495, #2394, #3839, #3366, #3709, #33, #1510, #3051, #2439, #4113, #3449, #2984, #2526, #3536 ) ) ;
#2345 = PLANE ( 'NONE',  #3463 ) ;
#2346 =( NAMED_UNIT ( * ) SI_UNIT ( $, .STERADIAN. ) SOLID_ANGLE_UNIT ( ) );
#2347 = EDGE_LOOP ( 'NONE', ( #4021, #1107, #702, #1009 ) ) ;
#2348 = ORIENTED_EDGE ( 'NONE', *, *, #1069, .F. ) ;
#2349 = CARTESIAN_POINT ( 'NONE',  ( 1.499999999999999556, 0.6999999999999948486, -1.499999999999999778 ) ) ;
#2350 = DIRECTION ( 'NONE',  ( 1.000000000000000000, 0.000000000000000000, 0.000000000000000000 ) ) ;
#2351 = EDGE_LOOP ( 'NONE', ( #1564, #2768, #2150, #4106 ) ) ;
#2352 = DIRECTION ( 'NONE',  ( -0.2897587163337057015, 0.9570997264175991059, -0.000000000000000000 ) ) ;
#2353 = LINE ( 'NONE', #2036, #3573 ) ;
#2354 = ORIENTED_EDGE ( 'NONE', *, *, #2191, .F. ) ;
#2355 = VECTOR ( 'NONE', #1751, 1000.000000000000000 ) ;
#2356 = CARTESIAN_POINT ( 'NONE',  ( 2.442149606563560393, -3.252606517456513302E-16, 1.112500000000000044 ) ) ;
#2357 = ORIENTED_EDGE ( 'NONE', *, *, #1088, .T. ) ;
#2358 = PLANE ( 'NONE',  #2827 ) ;
#2359 = LINE ( 'NONE', #3955, #3521 ) ;
#2360 = DIRECTION ( 'NONE',  ( -0.000000000000000000, -0.2588190451025183525, -0.9659258262890689783 ) ) ;
#2361 = EDGE_CURVE ( 'NONE', #1855, #2298, #853, .T. ) ;
#2362 = ADVANCED_FACE ( 'NONE', ( #2769 ), #3948, .T. ) ;
#2363 = SURFACE_STYLE_USAGE ( .BOTH. , #1284 ) ;
#2364 = PLANE ( 'NONE',  #1673 ) ;
#2365 = ORIENTED_EDGE ( 'NONE', *, *, #1809, .F. ) ;
#2366 = ADVANCED_FACE ( 'NONE', ( #3372 ), #3723, .F. ) ;
#2367 = ORIENTED_EDGE ( 'NONE', *, *, #3519, .F. ) ;
#2368 = CARTESIAN_POINT ( 'NONE',  ( -2.220628408349885508, 0.3470691699717879941, 0.8374999999999999112 ) ) ;
#2369 = CARTESIAN_POINT ( 'NONE',  ( -1.671891845382139641, 0.3650000000000053757, -0.8374999999999999112 ) ) ;
#2370 = CIRCLE ( 'NONE', #3109, 0.3349999999999893618 ) ;
#2371 = VECTOR ( 'NONE', #1168, 999.9999999999998863 ) ;
#2372 = ORIENTED_EDGE ( 'NONE', *, *, #2080, .F. ) ;
#2373 = EDGE_CURVE ( 'NONE', #78, #3788, #3677, .T. ) ;
#2374 = VECTOR ( 'NONE', #2597, 1000.000000000000000 ) ;
#2375 = DIRECTION ( 'NONE',  ( -0.000000000000000000, -0.000000000000000000, -1.000000000000000000 ) ) ;
#2376 = CIRCLE ( 'NONE', #587, 0.3349999999999893618 ) ;
#2377 = CARTESIAN_POINT ( 'NONE',  ( -2.450000000000000178, 0.1497944302131754835, 0.8374999999999999112 ) ) ;
#2378 = VERTEX_POINT ( 'NONE', #3107 ) ;
#2379 = PLANE ( 'NONE',  #3244 ) ;
#2380 = ORIENTED_EDGE ( 'NONE', *, *, #3594, .F. ) ;
#2381 = DIRECTION ( 'NONE',  ( 0.000000000000000000, 0.000000000000000000, 1.000000000000000000 ) ) ;
#2382 = CARTESIAN_POINT ( 'NONE',  ( -1.500000000000000444, -4.242640687119284770, 1.500000000000000222 ) ) ;
#2383 = VERTEX_POINT ( 'NONE', #2097 ) ;
#2384 = AXIS2_PLACEMENT_3D ( 'NONE', #1926, #597, #1883 ) ;
#2385 = DIRECTION ( 'NONE',  ( 0.2897587163337060900, -0.9570997264175991059, -0.000000000000000000 ) ) ;
#2386 = DIRECTION ( 'NONE',  ( -0.9659258262890680902, -0.2588190451025213501, 0.000000000000000000 ) ) ;
#2387 = EDGE_CURVE ( 'NONE', #2740, #3202, #3027, .T. ) ;
#2388 = AXIS2_PLACEMENT_3D ( 'NONE', #2196, #2599, #3219 ) ;
#2389 = VERTEX_POINT ( 'NONE', #3659 ) ;
#2390 = ORIENTED_EDGE ( 'NONE', *, *, #2089, .T. ) ;
#2391 = CIRCLE ( 'NONE', #1002, 0.3349999999999893618 ) ;
#2392 = ORIENTED_EDGE ( 'NONE', *, *, #1354, .T. ) ;
#2393 = LINE ( 'NONE', #1760, #396 ) ;
#2394 = ADVANCED_FACE ( 'NONE', ( #1126 ), #248, .F. ) ;
#2395 = LINE ( 'NONE', #2053, #3043 ) ;
#2396 = VECTOR ( 'NONE', #3491, 1000.000000000000000 ) ;
#2397 = VECTOR ( 'NONE', #2385, 999.9999999999998863 ) ;
#2398 = DIRECTION ( 'NONE',  ( -1.000000000000000000, 0.000000000000000000, 0.000000000000000000 ) ) ;
#2399 = DIRECTION ( 'NONE',  ( -1.000000000000000000, 0.000000000000000000, 0.000000000000000000 ) ) ;
#2400 = VERTEX_POINT ( 'NONE', #3415 ) ;
#2401 = ADVANCED_FACE ( 'NONE', ( #1477 ), #568, .F. ) ;
#2402 = STYLED_ITEM ( 'NONE', ( #3924 ), #284 ) ;
#2403 = CARTESIAN_POINT ( 'NONE',  ( -2.442149606563560393, -3.252606517456513302E-16, 1.112500000000000044 ) ) ;
#2404 =( GEOMETRIC_REPRESENTATION_CONTEXT ( 3 ) GLOBAL_UNCERTAINTY_ASSIGNED_CONTEXT ( ( #1505 ) ) GLOBAL_UNIT_ASSIGNED_CONTEXT ( ( #1966, #1557, #646 ) ) REPRESENTATION_CONTEXT ( 'NONE', 'WORKASPACE' ) );
#2405 = ORIENTED_EDGE ( 'NONE', *, *, #1878, .T. ) ;
#2406 = DIRECTION ( 'NONE',  ( 1.000000000000000000, 0.000000000000000000, -0.000000000000000000 ) ) ;
#2407 = SURFACE_STYLE_USAGE ( .BOTH. , #215 ) ;
#2408 = DIRECTION ( 'NONE',  ( -1.000000000000000000, 0.000000000000000000, 0.000000000000000000 ) ) ;
#2409 = DIRECTION ( 'NONE',  ( -0.000000000000000000, -0.000000000000000000, -1.000000000000000000 ) ) ;
#2410 =( NAMED_UNIT ( * ) PLANE_ANGLE_UNIT ( ) SI_UNIT ( $, .RADIAN. ) );
#2411 = VERTEX_POINT ( 'NONE', #1102 ) ;
#2412 = ORIENTED_EDGE ( 'NONE', *, *, #1288, .F. ) ;
#2413 = FACE_OUTER_BOUND ( 'NONE', #68, .T. ) ;
#2414 = VERTEX_POINT ( 'NONE', #3973 ) ;
#2415 = DIRECTION ( 'NONE',  ( 0.9986295347545742773, 0.05233595624293624349, -0.000000000000000000 ) ) ;
#2416 = DIRECTION ( 'NONE',  ( 1.000000000000000000, 0.000000000000000000, 0.000000000000000000 ) ) ;
#2417 = ADVANCED_FACE ( 'NONE', ( #4016 ), #816, .T. ) ;
#2418 = ORIENTED_EDGE ( 'NONE', *, *, #2875, .T. ) ;
#2419 = CARTESIAN_POINT ( 'NONE',  ( 1.671891845382139641, 0.3650000000000053757, 1.112500000000000044 ) ) ;
#2420 = DIRECTION ( 'NONE',  ( -0.000000000000000000, -0.000000000000000000, -1.000000000000000000 ) ) ;
#2421 = ORIENTED_EDGE ( 'NONE', *, *, #1465, .T. ) ;
#2422 = ADVANCED_FACE ( 'NONE', ( #507 ), #2438, .F. ) ;
#2423 = DIRECTION ( 'NONE',  ( -1.000000000000000000, -6.307467175508965595E-16, 0.000000000000000000 ) ) ;
#2424 = ORIENTED_EDGE ( 'NONE', *, *, #2928, .T. ) ;
#2425 = FACE_OUTER_BOUND ( 'NONE', #2714, .T. ) ;
#2426 = PLANE ( 'NONE',  #2114 ) ;
#2427 = CIRCLE ( 'NONE', #1563, 0.1849999999999998312 ) ;
#2428 = CARTESIAN_POINT ( 'NONE',  ( 2.442149606563560393, -3.252606517456513302E-16, 0.1874999999999999445 ) ) ;
#2429 = EDGE_CURVE ( 'NONE', #3745, #2744, #964, .T. ) ;
#2430 = ORIENTED_EDGE ( 'NONE', *, *, #2517, .F. ) ;
#2431 = DIRECTION ( 'NONE',  ( 0.000000000000000000, -1.000000000000000000, 0.000000000000000000 ) ) ;
#2432 = ORIENTED_EDGE ( 'NONE', *, *, #311, .T. ) ;
#2433 = CARTESIAN_POINT ( 'NONE',  ( -1.900000000000000133, 0.2499999999999994726, 0.4625000000000000222 ) ) ;
#2434 = DIRECTION ( 'NONE',  ( 0.000000000000000000, 1.000000000000000000, 0.000000000000000000 ) ) ;
#2435 = EDGE_CURVE ( 'NONE', #3950, #3831, #518, .T. ) ;
#2436 = VECTOR ( 'NONE', #688, 1000.000000000000000 ) ;
#2437 = VERTEX_POINT ( 'NONE', #3789 ) ;
#2438 = PLANE ( 'NONE',  #47 ) ;
#2439 = ADVANCED_FACE ( 'NONE', ( #3810 ), #986, .F. ) ;
#2440 = CARTESIAN_POINT ( 'NONE',  ( -1.671891845382139419, 0.5500000000000053735, 0.8374999999999999112 ) ) ;
#2441 = ORIENTED_EDGE ( 'NONE', *, *, #2870, .F. ) ;
#2442 = ORIENTED_EDGE ( 'NONE', *, *, #3951, .T. ) ;
#2443 = VECTOR ( 'NONE', #3578, 1000.000000000000000 ) ;
#2444 = AXIS2_PLACEMENT_3D ( 'NONE', #3126, #2431, #1472 ) ;
#2445 = DIRECTION ( 'NONE',  ( 0.000000000000000000, 0.000000000000000000, -1.000000000000000000 ) ) ;
#2446 = ORIENTED_EDGE ( 'NONE', *, *, #892, .F. ) ;
#2447 = LINE ( 'NONE', #1818, #1030 ) ;
#2448 = CARTESIAN_POINT ( 'NONE',  ( 1.671891845382139419, 0.5500000000000054845, 0.8374999999999999112 ) ) ;
#2449 = CARTESIAN_POINT ( 'NONE',  ( -1.500000000000000444, 0.6999999999999948486, 0.1874999999999999445 ) ) ;
#2450 = CARTESIAN_POINT ( 'NONE',  ( -1.100000000000000311, 1.100000000000000089, -1.099999999999999867 ) ) ;
#2451 = CARTESIAN_POINT ( 'NONE',  ( 1.900000000000000133, 0.2499999999999994726, -0.1874999999999999445 ) ) ;
#2452 = VECTOR ( 'NONE', #3291, 1000.000000000000000 ) ;
#2453 = CIRCLE ( 'NONE', #3581, 0.1849999999999998312 ) ;
#2454 = VERTEX_POINT ( 'NONE', #3174 ) ;
#2455 = PLANE ( 'NONE',  #1437 ) ;
#2456 = ORIENTED_EDGE ( 'NONE', *, *, #1209, .T. ) ;
#2457 = EDGE_CURVE ( 'NONE', #1151, #1675, #178, .T. ) ;
#2458 = DIRECTION ( 'NONE',  ( -1.000000000000000000, 0.000000000000000000, 0.000000000000000000 ) ) ;
#2459 = AXIS2_PLACEMENT_3D ( 'NONE', #514, #234, #3382 ) ;
#2460 = VECTOR ( 'NONE', #3869, 999.9999999999998863 ) ;
#2461 = VERTEX_POINT ( 'NONE', #343 ) ;
#2462 = CARTESIAN_POINT ( 'NONE',  ( 2.450000000000000178, 0.1497944302131754835, -0.1874999999999999445 ) ) ;
#2463 = DIRECTION ( 'NONE',  ( 0.000000000000000000, 0.000000000000000000, 1.000000000000000000 ) ) ;
#2464 = ORIENTED_EDGE ( 'NONE', *, *, #2856, .F. ) ;
#2465 = PLANE ( 'NONE',  #3049 ) ;
#2466 = VERTEX_POINT ( 'NONE', #2230 ) ;
#2467 = CARTESIAN_POINT ( 'NONE',  ( -2.203095863008502686, 0.01252827582901618921, 1.112500000000000044 ) ) ;
#2468 = EDGE_LOOP ( 'NONE', ( #1242, #1271, #2567, #1076 ) ) ;
#2469 = DIRECTION ( 'NONE',  ( -0.000000000000000000, -0.000000000000000000, -1.000000000000000000 ) ) ;
#2470 = UNCERTAINTY_MEASURE_WITH_UNIT (LENGTH_MEASURE( 1.000000000000000082E-05 ), #3514, 'distance_accuracy_value', 'NONE');
#2471 = DIRECTION ( 'NONE',  ( 0.9986295347545742773, -0.05233595624293681248, -0.000000000000000000 ) ) ;
#2472 = CARTESIAN_POINT ( 'NONE',  ( -2.210946256444942470, 0.1623227060421919277, 0.4625000000000000222 ) ) ;
#2473 = CARTESIAN_POINT ( 'NONE',  ( 1.671891845382139641, 0.3650000000000053757, -1.112500000000000044 ) ) ;
#2474 = LINE ( 'NONE', #3081, #414 ) ;
#2475 = EDGE_CURVE ( 'NONE', #483, #1750, #656, .T. ) ;
#2476 = AXIS2_PLACEMENT_3D ( 'NONE', #437, #2644, #2706 ) ;
#2477 = ORIENTED_EDGE ( 'NONE', *, *, #385, .T. ) ;
#2478 = PLANE ( 'NONE',  #1313 ) ;
#2479 = ORIENTED_EDGE ( 'NONE', *, *, #2161, .T. ) ;
#2480 = CARTESIAN_POINT ( 'NONE',  ( -1.500000000000000444, 0.5500000000000053735, -1.499999999999999778 ) ) ;
#2481 = LINE ( 'NONE', #2257, #2975 ) ;
#2482 = CARTESIAN_POINT ( 'NONE',  ( -1.500000000000000444, 0.5500000000000053735, -0.8374999999999999112 ) ) ;
#2483 = ORIENTED_EDGE ( 'NONE', *, *, #2100, .T. ) ;
#2484 = CARTESIAN_POINT ( 'NONE',  ( -1.500000000000000444, 0.6999999999999948486, 0.8374999999999999112 ) ) ;
#2485 = ORIENTED_EDGE ( 'NONE', *, *, #1046, .F. ) ;
#2486 = CYLINDRICAL_SURFACE ( 'NONE', #3123, 0.1849999999999998312 ) ;
#2487 = ORIENTED_EDGE ( 'NONE', *, *, #3285, .F. ) ;
#2488 = CARTESIAN_POINT ( 'NONE',  ( 1.671891845382139419, 0.5500000000000054845, 1.112500000000000044 ) ) ;
#2489 = CIRCLE ( 'NONE', #1223, 0.1250000000000000000 ) ;
#2490 =( NAMED_UNIT ( * ) SI_UNIT ( $, .STERADIAN. ) SOLID_ANGLE_UNIT ( ) );
#2491 = CARTESIAN_POINT ( 'NONE',  ( 1.900000000000000133, 0.2499999999999994726, 1.112500000000000044 ) ) ;
#2492 = EDGE_CURVE ( 'NONE', #2437, #2942, #633, .T. ) ;
#2493 = DIRECTION ( 'NONE',  ( 0.9986295347545742773, 0.05233595624293624349, -0.000000000000000000 ) ) ;
#2494 = CARTESIAN_POINT ( 'NONE',  ( 1.475000000000000533, 0.6999999999999948486, 1.475000000000000533 ) ) ;
#2495 = ADVANCED_FACE ( 'NONE', ( #1922 ), #2502, .T. ) ;
#2496 = ORIENTED_EDGE ( 'NONE', *, *, #2361, .T. ) ;
#2497 = DIRECTION ( 'NONE',  ( 1.000000000000000000, 0.000000000000000000, 0.000000000000000000 ) ) ;
#2498 = CARTESIAN_POINT ( 'NONE',  ( -2.442149606563560393, -3.252606517456513302E-16, -0.8374999999999999112 ) ) ;
#2499 = ORIENTED_EDGE ( 'NONE', *, *, #716, .F. ) ;
#2500 = CARTESIAN_POINT ( 'NONE',  ( -1.671891845382139419, 0.5500000000000053735, -1.112500000000000044 ) ) ;
#2501 = ADVANCED_FACE ( 'NONE', ( #2571 ), #2549, .F. ) ;
#2502 = PLANE ( 'NONE',  #3694 ) ;
#2503 = LINE ( 'NONE', #2812, #2253 ) ;
#2504 = ORIENTED_EDGE ( 'NONE', *, *, #4019, .T. ) ;
#2505 = DIRECTION ( 'NONE',  ( 0.000000000000000000, 1.000000000000000000, 0.000000000000000000 ) ) ;
#2506 = ORIENTED_EDGE ( 'NONE', *, *, #2904, .T. ) ;
#2507 = PLANE ( 'NONE',  #1121 ) ;
#2508 = ORIENTED_EDGE ( 'NONE', *, *, #1040, .F. ) ;
#2509 = DIRECTION ( 'NONE',  ( -1.000000000000000000, 0.000000000000000000, 0.000000000000000000 ) ) ;
#2510 = CARTESIAN_POINT ( 'NONE',  ( 1.499999999999999556, 0.6999999999999948486, -1.499999999999999778 ) ) ;
#2511 = AXIS2_PLACEMENT_3D ( 'NONE', #1975, #104, #1007 ) ;
#2512 = AXIS2_PLACEMENT_3D ( 'NONE', #1490, #1847, #523 ) ;
#2513 = CARTESIAN_POINT ( 'NONE',  ( -1.671891845382139641, 0.3650000000000053757, 0.1874999999999999445 ) ) ;
#2514 = FACE_OUTER_BOUND ( 'NONE', #4103, .T. ) ;
#2515 = DIRECTION ( 'NONE',  ( 0.9986295347545742773, -0.05233595624293681248, -0.000000000000000000 ) ) ;
#2516 = AXIS2_PLACEMENT_3D ( 'NONE', #3351, #1127, #228 ) ;
#2517 = EDGE_CURVE ( 'NONE', #2585, #1405, #2481, .T. ) ;
#2518 = EDGE_CURVE ( 'NONE', #3920, #2740, #680, .T. ) ;
#2519 = ORIENTED_EDGE ( 'NONE', *, *, #155, .T. ) ;
#2520 = VECTOR ( 'NONE', #2328, 1000.000000000000000 ) ;
#2521 = VECTOR ( 'NONE', #4069, 1000.000000000000000 ) ;
#2522 = LINE ( 'NONE', #2607, #179 ) ;
#2523 = EDGE_CURVE ( 'NONE', #2156, #167, #3480, .T. ) ;
#2524 = LINE ( 'NONE', #2433, #3387 ) ;
#2525 = VECTOR ( 'NONE', #504, 1000.000000000000000 ) ;
#2526 = ADVANCED_FACE ( 'NONE', ( #2791 ), #2811, .F. ) ;
#2527 = AXIS2_PLACEMENT_3D ( 'NONE', #3970, #4012, #1124 ) ;
#2528 = VERTEX_POINT ( 'NONE', #3742 ) ;
#2529 = DIRECTION ( 'NONE',  ( 0.000000000000000000, 0.000000000000000000, 1.000000000000000000 ) ) ;
#2530 = CARTESIAN_POINT ( 'NONE',  ( 2.220628408349885508, 0.3470691699717879941, 0.1874999999999999445 ) ) ;
#2531 = EDGE_LOOP ( 'NONE', ( #1279, #761, #1702, #967 ) ) ;
#2532 = EDGE_CURVE ( 'NONE', #3117, #1315, #3436, .T. ) ;
#2533 = CARTESIAN_POINT ( 'NONE',  ( 1.671891845382139419, 0.5500000000000054845, -0.1874999999999999445 ) ) ;
#2534 = ORIENTED_EDGE ( 'NONE', *, *, #540, .F. ) ;
#2535 = DIRECTION ( 'NONE',  ( 0.000000000000000000, 0.000000000000000000, 1.000000000000000000 ) ) ;
#2536 = VERTEX_POINT ( 'NONE', #3132 ) ;
#2537 = CARTESIAN_POINT ( 'NONE',  ( 1.500000000000000444, 0.5500000000000053735, -0.8374999999999999112 ) ) ;
#2538 = CARTESIAN_POINT ( 'NONE',  ( 2.210946256444942470, 0.1623227060421919277, -1.112500000000000044 ) ) ;
#2539 = LINE ( 'NONE', #2890, #3472 ) ;
#2540 = EDGE_CURVE ( 'NONE', #1581, #2255, #271, .T. ) ;
#2541 = CARTESIAN_POINT ( 'NONE',  ( 1.500000000000000444, 0.6999999999999948486, -0.1874999999999999445 ) ) ;
#2542 = DIRECTION ( 'NONE',  ( 1.000000000000000000, 0.000000000000000000, 0.000000000000000000 ) ) ;
#2543 = CARTESIAN_POINT ( 'NONE',  ( -2.442149606563560393, -3.252606517456513302E-16, -1.112500000000000044 ) ) ;
#2544 = VERTEX_POINT ( 'NONE', #1545 ) ;
#2545 = VECTOR ( 'NONE', #3471, 999.9999999999998863 ) ;
#2546 = CARTESIAN_POINT ( 'NONE',  ( -1.848955294769395241, 0.4186053625217408536, -1.112500000000000044 ) ) ;
#2547 = LINE ( 'NONE', #3807, #2266 ) ;
#2548 = ORIENTED_EDGE ( 'NONE', *, *, #1500, .F. ) ;
#2549 = CYLINDRICAL_SURFACE ( 'NONE', #913, 0.1849999999999998312 ) ;
#2550 = CARTESIAN_POINT ( 'NONE',  ( -2.043564958962630129, 0.2934638074500523497, -0.1874999999999999445 ) ) ;
#2551 = ORIENTED_EDGE ( 'NONE', *, *, #3257, .T. ) ;
#2552 = EDGE_CURVE ( 'NONE', #1783, #551, #2370, .T. ) ;
#2553 = EDGE_CURVE ( 'NONE', #1212, #1294, #919, .T. ) ;
#2554 = ORIENTED_EDGE ( 'NONE', *, *, #1085, .F. ) ;
#2555 = CARTESIAN_POINT ( 'NONE',  ( 1.500000000000000444, 0.5500000000000053735, -0.4625000000000000222 ) ) ;
#2556 = ORIENTED_EDGE ( 'NONE', *, *, #3727, .F. ) ;
#2557 = LINE ( 'NONE', #3816, #1180 ) ;
#2558 = LINE ( 'NONE', #1262, #1525 ) ;
#2559 = CARTESIAN_POINT ( 'NONE',  ( 2.450000000000000178, 0.1497944302131754835, 0.4625000000000000222 ) ) ;
#2560 = EDGE_CURVE ( 'NONE', #1587, #1298, #3960, .T. ) ;
#2561 = LINE ( 'NONE', #1933, #3561 ) ;
#2562 = PLANE ( 'NONE',  #1296 ) ;
#2563 = CARTESIAN_POINT ( 'NONE',  ( 1.671891845382139641, 0.6999999999999948486, 0.4625000000000000222 ) ) ;
#2564 = ORIENTED_EDGE ( 'NONE', *, *, #2622, .T. ) ;
#2565 = EDGE_CURVE ( 'NONE', #852, #2700, #43, .T. ) ;
#2566 = CARTESIAN_POINT ( 'NONE',  ( -1.671891845382139641, 0.3650000000000053757, 0.4625000000000000222 ) ) ;
#2567 = ORIENTED_EDGE ( 'NONE', *, *, #1827, .F. ) ;
#2568 = LINE ( 'NONE', #375, #3130 ) ;
#2569 = AXIS2_PLACEMENT_3D ( 'NONE', #390, #3621, #475 ) ;
#2570 = ORIENTED_EDGE ( 'NONE', *, *, #2552, .F. ) ;
#2571 = FACE_OUTER_BOUND ( 'NONE', #1740, .T. ) ;
#2572 = ADVANCED_FACE ( 'NONE', ( #3912 ), #401, .F. ) ;
#2573 = ORIENTED_EDGE ( 'NONE', *, *, #2904, .F. ) ;
#2574 = ORIENTED_EDGE ( 'NONE', *, *, #1790, .F. ) ;
#2575 = CARTESIAN_POINT ( 'NONE',  ( -2.203095863008502686, 0.01252827582901618921, 0.4625000000000000222 ) ) ;
#2576 = EDGE_CURVE ( 'NONE', #302, #1277, #119, .T. ) ;
#2577 = ORIENTED_EDGE ( 'NONE', *, *, #2565, .F. ) ;
#2578 = FACE_OUTER_BOUND ( 'NONE', #1686, .T. ) ;
#2579 = CARTESIAN_POINT ( 'NONE',  ( 2.210946256444942470, 0.1623227060421919277, -0.1874999999999999445 ) ) ;
#2580 = DIRECTION ( 'NONE',  ( 0.2897587163337060900, -0.9570997264175991059, -0.000000000000000000 ) ) ;
#2581 = DIRECTION ( 'NONE',  ( -1.000000000000000000, 0.000000000000000000, 0.000000000000000000 ) ) ;
#2582 = CARTESIAN_POINT ( 'NONE',  ( 1.500000000000000444, 0.5500000000000053735, -0.1874999999999999445 ) ) ;
#2583 = CARTESIAN_POINT ( 'NONE',  ( -1.671891845382139419, 0.5500000000000054845, -0.1874999999999999445 ) ) ;
#2584 = AXIS2_PLACEMENT_3D ( 'NONE', #2275, #692, #2350 ) ;
#2585 = VERTEX_POINT ( 'NONE', #3873 ) ;
#2586 = CARTESIAN_POINT ( 'NONE',  ( 1.992520253732025237, 0.4620691699717939804, 0.8374999999999999112 ) ) ;
#2587 = CIRCLE ( 'NONE', #2715, 0.1849999999999998312 ) ;
#2588 = CARTESIAN_POINT ( 'NONE',  ( -2.043564958962630129, 0.2934638074500523497, 0.1874999999999999445 ) ) ;
#2589 = VECTOR ( 'NONE', #3170, 1000.000000000000000 ) ;
#2590 = EDGE_CURVE ( 'NONE', #27, #3031, #1999, .T. ) ;
#2591 = ORIENTED_EDGE ( 'NONE', *, *, #1556, .F. ) ;
#2592 = DIRECTION ( 'NONE',  ( -0.05233595624293647941, -0.9986295347545742773, 0.000000000000000000 ) ) ;
#2593 = ORIENTED_EDGE ( 'NONE', *, *, #2337, .F. ) ;
#2594 = VECTOR ( 'NONE', #278, 1000.000000000000000 ) ;
#2595 = STYLED_ITEM ( 'NONE', ( #904 ), #3007 ) ;
#2596 = ORIENTED_EDGE ( 'NONE', *, *, #3359, .F. ) ;
#2597 = DIRECTION ( 'NONE',  ( -1.000000000000000000, 0.000000000000000000, 0.000000000000000000 ) ) ;
#2598 = AXIS2_PLACEMENT_3D ( 'NONE', #2297, #754, #3316 ) ;
#2599 = DIRECTION ( 'NONE',  ( 0.000000000000000000, 1.000000000000000000, 0.000000000000000000 ) ) ;
#2600 = LINE ( 'NONE', #1301, #1980 ) ;
#2601 = AXIS2_PLACEMENT_3D ( 'NONE', #1077, #2386, #2046 ) ;
#2602 = CARTESIAN_POINT ( 'NONE',  ( 1.900000000000000133, 0.2499999999999994726, 0.1874999999999999445 ) ) ;
#2603 = DIRECTION ( 'NONE',  ( -1.000000000000000000, 0.000000000000000000, 0.000000000000000000 ) ) ;
#2604 = VECTOR ( 'NONE', #3586, 999.9999999999998863 ) ;
#2605 = ORIENTED_EDGE ( 'NONE', *, *, #3150, .F. ) ;
#2606 = EDGE_CURVE ( 'NONE', #483, #2007, #752, .T. ) ;
#2607 = CARTESIAN_POINT ( 'NONE',  ( 1.499999999999999556, 0.5500000000000053735, -1.499999999999999778 ) ) ;
#2608 = ORIENTED_EDGE ( 'NONE', *, *, #3806, .T. ) ;
#2609 = CARTESIAN_POINT ( 'NONE',  ( 1.992520253732025237, 0.4620691699717939804, 0.4625000000000000222 ) ) ;
#2610 = LINE ( 'NONE', #704, #3697 ) ;
#2611 = STYLED_ITEM ( 'NONE', ( #1889 ), #1661 ) ;
#2612 = CARTESIAN_POINT ( 'NONE',  ( -1.671891845382139641, 0.6999999999999948486, 1.112500000000000044 ) ) ;
#2613 = ORIENTED_EDGE ( 'NONE', *, *, #2457, .F. ) ;
#2614 = VERTEX_POINT ( 'NONE', #2899 ) ;
#2615 = FACE_OUTER_BOUND ( 'NONE', #3538, .T. ) ;
#2616 = DIRECTION ( 'NONE',  ( 1.000000000000000000, 0.000000000000000000, 0.000000000000000000 ) ) ;
#2617 = EDGE_LOOP ( 'NONE', ( #2519, #2730, #1258, #3496 ) ) ;
#2618 = LINE ( 'NONE', #1012, #268 ) ;
#2619 = ORIENTED_EDGE ( 'NONE', *, *, #1475, .T. ) ;
#2620 = LINE ( 'NONE', #3014, #3227 ) ;
#2621 = DIRECTION ( 'NONE',  ( -1.000000000000000000, 0.000000000000000000, 0.000000000000000000 ) ) ;
#2622 = EDGE_CURVE ( 'NONE', #628, #3730, #2312, .T. ) ;
#2623 = EDGE_LOOP ( 'NONE', ( #1882, #3579, #3548, #373 ) ) ;
#2624 = DIRECTION ( 'NONE',  ( -0.2897587163337060345, -0.9570997264175989949, 0.000000000000000000 ) ) ;
#2625 = ADVANCED_FACE ( 'NONE', ( #1401 ), #1704, .F. ) ;
#2626 = VECTOR ( 'NONE', #1843, 1000.000000000000000 ) ;
#2627 = CARTESIAN_POINT ( 'NONE',  ( -2.442149606563560393, -3.252606517456513302E-16, 1.112500000000000044 ) ) ;
#2628 = ORIENTED_EDGE ( 'NONE', *, *, #762, .F. ) ;
#2629 = DIRECTION ( 'NONE',  ( 0.000000000000000000, 0.000000000000000000, 1.000000000000000000 ) ) ;
#2630 = ADVANCED_FACE ( 'NONE', ( #3853 ), #707, .F. ) ;
#2631 = VECTOR ( 'NONE', #256, 1000.000000000000000 ) ;
#2632 = ORIENTED_EDGE ( 'NONE', *, *, #3121, .T. ) ;
#2633 = VERTEX_POINT ( 'NONE', #3929 ) ;
#2634 = DIRECTION ( 'NONE',  ( -0.000000000000000000, 0.000000000000000000, -1.000000000000000000 ) ) ;
#2635 = CARTESIAN_POINT ( 'NONE',  ( 1.671891845382139641, 0.6999999999999948486, -0.1874999999999999445 ) ) ;
#2636 = ORIENTED_EDGE ( 'NONE', *, *, #500, .F. ) ;
#2637 = DIRECTION ( 'NONE',  ( -0.2897587163337060345, -0.9570997264175989949, 0.000000000000000000 ) ) ;
#2638 = LINE ( 'NONE', #2322, #3676 ) ;
#2639 = CARTESIAN_POINT ( 'NONE',  ( -2.450000000000000178, 0.1497944302131754835, -0.1874999999999999445 ) ) ;
#2640 = ORIENTED_EDGE ( 'NONE', *, *, #1379, .T. ) ;
#2641 = EDGE_LOOP ( 'NONE', ( #1117, #1016, #1070, #2829 ) ) ;
#2642 = VECTOR ( 'NONE', #1634, 1000.000000000000000 ) ;
#2643 = CARTESIAN_POINT ( 'NONE',  ( -1.671891845382139641, 0.3650000000000053757, 0.8374999999999999112 ) ) ;
#2644 = DIRECTION ( 'NONE',  ( -0.000000000000000000, -0.000000000000000000, -1.000000000000000000 ) ) ;
#2645 = EDGE_CURVE ( 'NONE', #3815, #2178, #66, .T. ) ;
#2647 = EDGE_CURVE ( 'NONE', #3021, #222, #1084, .T. ) ;
#2646 = LINE ( 'NONE', #789, #989 ) ;
#2648 = VECTOR ( 'NONE', #3460, 999.9999999999998863 ) ;
#2649 = VECTOR ( 'NONE', #4079, 1000.000000000000000 ) ;
#2650 = ORIENTED_EDGE ( 'NONE', *, *, #3375, .T. ) ;
#2651 = DIRECTION ( 'NONE',  ( 0.05233595624293625043, 0.9986295347545743883, -0.000000000000000000 ) ) ;
#2652 = ORIENTED_EDGE ( 'NONE', *, *, #611, .T. ) ;
#2653 = DIRECTION ( 'NONE',  ( 1.000000000000000000, 0.000000000000000000, 0.000000000000000000 ) ) ;
#2654 = PRESENTATION_LAYER_ASSIGNMENT (  '', '', ( #2254 ) ) ;
#2655 = EDGE_LOOP ( 'NONE', ( #3479, #1832, #506, #1191 ) ) ;
#2656 = AXIS2_PLACEMENT_3D ( 'NONE', #2004, #3583, #1404 ) ;
#2657 = EDGE_CURVE ( 'NONE', #2050, #2319, #1643, .T. ) ;
#2658 = EDGE_LOOP ( 'NONE', ( #1897, #3140, #3430, #154 ) ) ;
#2659 = VECTOR ( 'NONE', #3664, 1000.000000000000000 ) ;
#2660 = CARTESIAN_POINT ( 'NONE',  ( -1.100000000000000311, 1.100000000000000089, -1.224999999999999867 ) ) ;
#2661 = CARTESIAN_POINT ( 'NONE',  ( 1.900000000000000133, 0.2499999999999994726, -0.8374999999999999112 ) ) ;
#2662 = ORIENTED_EDGE ( 'NONE', *, *, #2678, .F. ) ;
#2663 = VECTOR ( 'NONE', #2903, 1000.000000000000000 ) ;
#2664 = CARTESIAN_POINT ( 'NONE',  ( -2.442149606563560393, -3.252606517456513302E-16, -0.1874999999999999445 ) ) ;
#2665 = EDGE_LOOP ( 'NONE', ( #3252, #3371, #3397, #3023 ) ) ;
#2666 = CARTESIAN_POINT ( 'NONE',  ( 1.671891845382139419, 0.5500000000000054845, -0.8374999999999999112 ) ) ;
#2667 = CARTESIAN_POINT ( 'NONE',  ( 1.900000000000000133, 0.2499999999999994726, 0.8374999999999999112 ) ) ;
#2668 = CIRCLE ( 'NONE', #1396, 0.3349999999999893618 ) ;
#2669 = ORIENTED_EDGE ( 'NONE', *, *, #3808, .F. ) ;
#2670 = EDGE_CURVE ( 'NONE', #167, #78, #3626, .T. ) ;
#2671 = SURFACE_SIDE_STYLE ('',( #3959 ) ) ;
#2672 = ORIENTED_EDGE ( 'NONE', *, *, #3432, .T. ) ;
#2673 = DIRECTION ( 'NONE',  ( -1.000000000000000000, 0.000000000000000000, 0.000000000000000000 ) ) ;
#2674 = CARTESIAN_POINT ( 'NONE',  ( 2.210946256444942470, 0.1623227060421919277, 1.112500000000000044 ) ) ;
#2675 = DIRECTION ( 'NONE',  ( -1.000000000000000000, 0.000000000000000000, 0.000000000000000000 ) ) ;
#2676 = PRESENTATION_LAYER_ASSIGNMENT (  '', '', ( #1945 ) ) ;
#2677 = LINE ( 'NONE', #2925, #848 ) ;
#2678 = EDGE_CURVE ( 'NONE', #3666, #2866, #2031, .T. ) ;
#2679 = VERTEX_POINT ( 'NONE', #2918 ) ;
#2680 = EDGE_CURVE ( 'NONE', #2342, #3935, #1336, .T. ) ;
#2681 = PLANE ( 'NONE',  #445 ) ;
#2682 = CARTESIAN_POINT ( 'NONE',  ( -1.671891845382139641, 0.6999999999999948486, -0.8374999999999999112 ) ) ;
#2683 = PLANE ( 'NONE',  #669 ) ;
#2684 = CARTESIAN_POINT ( 'NONE',  ( -1.100000000000000311, 1.100000000000000089, -1.099999999999999867 ) ) ;
#2685 = ADVANCED_FACE ( 'NONE', ( #2943 ), #86, .T. ) ;
#2686 = CLOSED_SHELL ( 'NONE', ( #3543, #1585, #3993, #3900, #1005, #1682, #2401, #3793, #2810, #769, #774, #2128, #2741, #317 ) ) ;
#2687 =( NAMED_UNIT ( * ) PLANE_ANGLE_UNIT ( ) SI_UNIT ( $, .RADIAN. ) );
#2688 = ORIENTED_EDGE ( 'NONE', *, *, #2343, .T. ) ;
#2689 = EDGE_CURVE ( 'NONE', #3745, #730, #421, .T. ) ;
#2690 = DIRECTION ( 'NONE',  ( 0.000000000000000000, -0.2588190451025213501, -0.9659258262890680902 ) ) ;
#2691 = VERTEX_POINT ( 'NONE', #1380 ) ;
#2692 = LINE ( 'NONE', #3041, #1716 ) ;
#2693 = DIRECTION ( 'NONE',  ( -0.000000000000000000, -0.000000000000000000, -1.000000000000000000 ) ) ;
#2694 = CARTESIAN_POINT ( 'NONE',  ( -2.450000000000000178, 0.1497944302131754835, -0.8374999999999999112 ) ) ;
#2695 = DIRECTION ( 'NONE',  ( 1.000000000000000000, 0.000000000000000000, 0.000000000000000000 ) ) ;
#2696 = ORIENTED_EDGE ( 'NONE', *, *, #3680, .F. ) ;
#2697 = CIRCLE ( 'NONE', #3887, 0.3349999999999893618 ) ;
#2698 = ADVANCED_FACE ( 'NONE', ( #3313 ), #3946, .F. ) ;
#2699 = DIRECTION ( 'NONE',  ( -1.000000000000000000, 0.000000000000000000, 0.000000000000000000 ) ) ;
#2700 = VERTEX_POINT ( 'NONE', #3347 ) ;
#2701 = DIRECTION ( 'NONE',  ( 0.2505628070857320866, -0.9351131265310290708, 0.2505628070857320866 ) ) ;
#2702 = DIRECTION ( 'NONE',  ( 0.000000000000000000, 0.000000000000000000, 1.000000000000000000 ) ) ;
#2703 = ORIENTED_EDGE ( 'NONE', *, *, #2731, .F. ) ;
#2704 = VERTEX_POINT ( 'NONE', #1742 ) ;
#2705 = DIRECTION ( 'NONE',  ( -0.000000000000000000, -0.000000000000000000, -1.000000000000000000 ) ) ;
#2706 = DIRECTION ( 'NONE',  ( -1.000000000000000000, 0.000000000000000000, 0.000000000000000000 ) ) ;
#2707 = VERTEX_POINT ( 'NONE', #3067 ) ;
#2708 = ORIENTED_EDGE ( 'NONE', *, *, #1197, .F. ) ;
#2709 = LINE ( 'NONE', #143, #2452 ) ;
#2710 = CYLINDRICAL_SURFACE ( 'NONE', #2527, 0.3349999999999893618 ) ;
#2711 = EDGE_CURVE ( 'NONE', #2700, #1387, #907, .T. ) ;
#2712 = AXIS2_PLACEMENT_3D ( 'NONE', #2057, #3068, #549 ) ;
#2713 = AXIS2_PLACEMENT_3D ( 'NONE', #3390, #1784, #2752 ) ;
#2714 = EDGE_LOOP ( 'NONE', ( #279, #3901, #2325, #3466 ) ) ;
#2715 = AXIS2_PLACEMENT_3D ( 'NONE', #1651, #2966, #2675 ) ;
#2716 = DIRECTION ( 'NONE',  ( -0.000000000000000000, -0.000000000000000000, -1.000000000000000000 ) ) ;
#2717 = AXIS2_PLACEMENT_3D ( 'NONE', #508, #249, #1433 ) ;
#2718 = DIRECTION ( 'NONE',  ( 0.000000000000000000, 1.000000000000000000, 0.000000000000000000 ) ) ;
#2719 = ORIENTED_EDGE ( 'NONE', *, *, #3236, .F. ) ;
#2720 = VECTOR ( 'NONE', #1820, 999.9999999999998863 ) ;
#2721 = FACE_OUTER_BOUND ( 'NONE', #3976, .T. ) ;
#2722 = ORIENTED_EDGE ( 'NONE', *, *, #1391, .T. ) ;
#2723 = CARTESIAN_POINT ( 'NONE',  ( -1.500000000000000444, -4.242640687119284770, 1.500000000000000222 ) ) ;
#2724 = DIRECTION ( 'NONE',  ( -0.9570997264175989949, 0.2897587163337060345, 0.000000000000000000 ) ) ;
#2725 = VECTOR ( 'NONE', #1430, 1000.000000000000000 ) ;
#2726 = VECTOR ( 'NONE', #3494, 1000.000000000000000 ) ;
#2727 = CARTESIAN_POINT ( 'NONE',  ( -1.848955294769395241, 0.4186053625217408536, 0.4625000000000000222 ) ) ;
#2728 = LINE ( 'NONE', #1157, #3596 ) ;
#2729 = ORIENTED_EDGE ( 'NONE', *, *, #3670, .T. ) ;
#2730 = ORIENTED_EDGE ( 'NONE', *, *, #3653, .F. ) ;
#2731 = EDGE_CURVE ( 'NONE', #3827, #3730, #3368, .T. ) ;
#2732 = AXIS2_PLACEMENT_3D ( 'NONE', #3847, #2855, #1332 ) ;
#2733 = CARTESIAN_POINT ( 'NONE',  ( 2.220628408349885508, 0.3470691699717879941, -1.112500000000000044 ) ) ;
#2734 = ORIENTED_EDGE ( 'NONE', *, *, #2957, .F. ) ;
#2735 = LINE ( 'NONE', #3025, #461 ) ;
#2736 = CARTESIAN_POINT ( 'NONE',  ( -1.500000000000000444, 0.6999999999999948486, -0.1874999999999999445 ) ) ;
#2737 = VERTEX_POINT ( 'NONE', #1761 ) ;
#2738 = CARTESIAN_POINT ( 'NONE',  ( -1.671891845382139641, 0.3650000000000053757, -0.1874999999999999445 ) ) ;
#2739 = DIRECTION ( 'NONE',  ( 0.000000000000000000, 0.000000000000000000, 1.000000000000000000 ) ) ;
#2740 = VERTEX_POINT ( 'NONE', #1241 ) ;
#2741 = ADVANCED_FACE ( 'NONE', ( #1476 ), #1165, .F. ) ;
#2742 = PLANE ( 'NONE',  #3963 ) ;
#2743 = AXIS2_PLACEMENT_3D ( 'NONE', #3863, #310, #355 ) ;
#2744 = VERTEX_POINT ( 'NONE', #2755 ) ;
#2745 = DIRECTION ( 'NONE',  ( 1.000000000000000000, 6.307467175508965595E-16, -0.000000000000000000 ) ) ;
#2746 = FILL_AREA_STYLE_COLOUR ( '', #1717 ) ;
#2747 = FACE_OUTER_BOUND ( 'NONE', #1794, .T. ) ;
#2748 = DIRECTION ( 'NONE',  ( -0.000000000000000000, -0.000000000000000000, -1.000000000000000000 ) ) ;
#2749 = FILL_AREA_STYLE ('',( #3060 ) ) ;
#2750 = EDGE_CURVE ( 'NONE', #788, #1392, #3693, .T. ) ;
#2751 = EDGE_LOOP ( 'NONE', ( #471, #1429, #1194, #1925 ) ) ;
#2752 = DIRECTION ( 'NONE',  ( 0.000000000000000000, -0.000000000000000000, -1.000000000000000000 ) ) ;
#2753 = EDGE_LOOP ( 'NONE', ( #2065, #7, #985, #3326, #2508, #2719, #511, #202, #1946, #3956, #868, #3562 ) ) ;
#2754 = DIRECTION ( 'NONE',  ( 0.000000000000000000, 0.000000000000000000, -1.000000000000000000 ) ) ;
#2755 = CARTESIAN_POINT ( 'NONE',  ( -1.500000000000000444, 0.5500000000000053735, 0.4625000000000000222 ) ) ;
#2756 = ORIENTED_EDGE ( 'NONE', *, *, #2606, .T. ) ;
#2757 = DIRECTION ( 'NONE',  ( -0.05233595624293624349, 0.9986295347545742773, 0.000000000000000000 ) ) ;
#2758 = FACE_OUTER_BOUND ( 'NONE', #771, .T. ) ;
#2759 = CARTESIAN_POINT ( 'NONE',  ( 1.499999999999999556, -4.242640687119284770, 1.500000000000000222 ) ) ;
#2760 = ORIENTED_EDGE ( 'NONE', *, *, #2191, .T. ) ;
#2761 = PLANE ( 'NONE',  #436 ) ;
#2762 = CYLINDRICAL_SURFACE ( 'NONE', #3448, 0.3349999999999893618 ) ;
#2763 = LINE ( 'NONE', #3404, #3024 ) ;
#2764 =( NAMED_UNIT ( * ) SI_UNIT ( $, .STERADIAN. ) SOLID_ANGLE_UNIT ( ) );
#2765 = PLANE ( 'NONE',  #915 ) ;
#2766 = ORIENTED_EDGE ( 'NONE', *, *, #3419, .T. ) ;
#2767 = CARTESIAN_POINT ( 'NONE',  ( -1.671891845382139641, 0.3650000000000053757, -0.4625000000000000222 ) ) ;
#2768 = ORIENTED_EDGE ( 'NONE', *, *, #3257, .F. ) ;
#2769 = FACE_OUTER_BOUND ( 'NONE', #1473, .T. ) ;
#2770 = LINE ( 'NONE', #2482, #3046 ) ;
#2771 = VECTOR ( 'NONE', #1668, 1000.000000000000000 ) ;
#2772 = EDGE_LOOP ( 'NONE', ( #3502, #2945, #2146, #3406 ) ) ;
#2773 = ORIENTED_EDGE ( 'NONE', *, *, #122, .F. ) ;
#2774 = AXIS2_PLACEMENT_3D ( 'NONE', #2530, #3175, #966 ) ;
#2775 = DIRECTION ( 'NONE',  ( 0.2897587163337057570, 0.9570997264175991059, 0.000000000000000000 ) ) ;
#2776 = EDGE_LOOP ( 'NONE', ( #124, #830, #3539, #2357 ) ) ;
#2777 = CARTESIAN_POINT ( 'NONE',  ( 2.043564958962630129, 0.2934638074500524052, 1.112500000000000044 ) ) ;
#2778 = CARTESIAN_POINT ( 'NONE',  ( -1.500000000000000444, 0.5500000000000053735, -1.499999999999999778 ) ) ;
#2779 = CARTESIAN_POINT ( 'NONE',  ( 1.305376667086488141, -0.1763441667716191541, -1.305376667086488141 ) ) ;
#2780 = DIRECTION ( 'NONE',  ( 0.000000000000000000, 1.000000000000000000, 0.000000000000000000 ) ) ;
#2781 = DIRECTION ( 'NONE',  ( -0.9986295347545742773, 0.05233595624293624349, 0.000000000000000000 ) ) ;
#2782 = CIRCLE ( 'NONE', #4043, 0.3349999999999893618 ) ;
#2783 = AXIS2_PLACEMENT_3D ( 'NONE', #647, #2702, #95 ) ;
#2784 = ORIENTED_EDGE ( 'NONE', *, *, #360, .T. ) ;
#2785 = LINE ( 'NONE', #1225, #3115 ) ;
#2786 = ORIENTED_EDGE ( 'NONE', *, *, #1038, .F. ) ;
#2787 = CARTESIAN_POINT ( 'NONE',  ( 2.442149606563560393, -3.252606517456513302E-16, 1.112500000000000044 ) ) ;
#2788 = VECTOR ( 'NONE', #1930, 1000.000000000000000 ) ;
#2789 = AXIS2_PLACEMENT_3D ( 'NONE', #2227, #1642, #3246 ) ;
#2790 = EDGE_LOOP ( 'NONE', ( #3701, #1666, #323, #2042, #1547, #1528, #2851, #2813, #3881, #1992, #3323, #795 ) ) ;
#2791 = FACE_OUTER_BOUND ( 'NONE', #1541, .T. ) ;
#2792 = FACE_OUTER_BOUND ( 'NONE', #1159, .T. ) ;
#2793 = ORIENTED_EDGE ( 'NONE', *, *, #187, .T. ) ;
#2794 = AXIS2_PLACEMENT_3D ( 'NONE', #2643, #746, #3287 ) ;
#2795 = CARTESIAN_POINT ( 'NONE',  ( 1.992520253732025237, 0.4620691699717939804, -0.1874999999999999445 ) ) ;
#2796 = ORIENTED_EDGE ( 'NONE', *, *, #2429, .F. ) ;
#2797 = CARTESIAN_POINT ( 'NONE',  ( 2.203095863008502686, 0.01252827582901618921, -0.8374999999999999112 ) ) ;
#2798 = ORIENTED_EDGE ( 'NONE', *, *, #3378, .T. ) ;
#2799 = EDGE_CURVE ( 'NONE', #3176, #3196, #2395, .T. ) ;
#2800 = DIRECTION ( 'NONE',  ( 0.2897587163337060900, -0.9570997264175991059, -0.000000000000000000 ) ) ;
#2801 = DIRECTION ( 'NONE',  ( 0.2897587163337060900, 0.9570997264175991059, 0.000000000000000000 ) ) ;
#2802 = CYLINDRICAL_SURFACE ( 'NONE', #1057, 0.3349999999999893618 ) ;
#2803 = DIRECTION ( 'NONE',  ( -1.000000000000000000, 0.000000000000000000, 0.000000000000000000 ) ) ;
#2804 = CYLINDRICAL_SURFACE ( 'NONE', #3657, 0.3349999999999893618 ) ;
#2805 = EDGE_CURVE ( 'NONE', #1884, #2919, #3148, .T. ) ;
#2806 = ORIENTED_EDGE ( 'NONE', *, *, #3653, .T. ) ;
#2807 = PLANE ( 'NONE',  #2713 ) ;
#2808 = VERTEX_POINT ( 'NONE', #3005 ) ;
#2809 = DIRECTION ( 'NONE',  ( 0.000000000000000000, -0.000000000000000000, 1.000000000000000000 ) ) ;
#2810 = ADVANCED_FACE ( 'NONE', ( #3674 ), #288, .T. ) ;
#2811 = CYLINDRICAL_SURFACE ( 'NONE', #2845, 0.1250000000000000000 ) ;
#2812 = CARTESIAN_POINT ( 'NONE',  ( -1.671891845382139641, 0.6999999999999948486, 0.4625000000000000222 ) ) ;
#2813 = ORIENTED_EDGE ( 'NONE', *, *, #614, .T. ) ;
#2814 = PLANE ( 'NONE',  #1584 ) ;
#2815 = VERTEX_POINT ( 'NONE', #2175 ) ;
#2816 = CARTESIAN_POINT ( 'NONE',  ( 1.671891845382139641, 0.6999999999999948486, 0.4625000000000000222 ) ) ;
#2817 = ORIENTED_EDGE ( 'NONE', *, *, #2954, .T. ) ;
#2818 = LINE ( 'NONE', #992, #2033 ) ;
#2819 = VECTOR ( 'NONE', #1486, 1000.000000000000000 ) ;
#2820 = EDGE_CURVE ( 'NONE', #2862, #2536, #3780, .T. ) ;
#2821 = CARTESIAN_POINT ( 'NONE',  ( 2.220628408349885508, 0.3470691699717879941, 0.1874999999999999445 ) ) ;
#2822 = DIRECTION ( 'NONE',  ( -0.2897587163337057015, -0.9570997264175991059, 0.000000000000000000 ) ) ;
#2823 = ADVANCED_FACE ( 'NONE', ( #3042 ), #3452, .F. ) ;
#2824 = LINE ( 'NONE', #354, #706 ) ;
#2825 = DIRECTION ( 'NONE',  ( -1.000000000000000000, 0.000000000000000000, 0.000000000000000000 ) ) ;
#2826 = CARTESIAN_POINT ( 'NONE',  ( 1.848955294769395463, 0.4186053625217409091, -0.4625000000000000222 ) ) ;
#2827 = AXIS2_PLACEMENT_3D ( 'NONE', #1033, #3882, #1074 ) ;
#2828 = EDGE_CURVE ( 'NONE', #1162, #3633, #485, .T. ) ;
#2829 = ORIENTED_EDGE ( 'NONE', *, *, #3481, .F. ) ;
#2830 = DIRECTION ( 'NONE',  ( -0.000000000000000000, 0.000000000000000000, -1.000000000000000000 ) ) ;
#2831 = LINE ( 'NONE', #1542, #65 ) ;
#2832 = ORIENTED_EDGE ( 'NONE', *, *, #1908, .F. ) ;
#2833 = CARTESIAN_POINT ( 'NONE',  ( 2.450000000000000178, 0.1497944302131754835, -0.8374999999999999112 ) ) ;
#2834 = ADVANCED_FACE ( 'NONE', ( #3026 ), #2710, .T. ) ;
#2835 = DIRECTION ( 'NONE',  ( -0.000000000000000000, -0.000000000000000000, -1.000000000000000000 ) ) ;
#2836 = ORIENTED_EDGE ( 'NONE', *, *, #959, .F. ) ;
#2837 = AXIS2_PLACEMENT_3D ( 'NONE', #3221, #2891, #3473 ) ;
#2838 = DIRECTION ( 'NONE',  ( -1.000000000000000000, 0.000000000000000000, 0.000000000000000000 ) ) ;
#2839 = VERTEX_POINT ( 'NONE', #2826 ) ;
#2840 = LINE ( 'NONE', #1257, #2594 ) ;
#2841 = EDGE_LOOP ( 'NONE', ( #106, #1627, #2365, #402 ) ) ;
#2842 = DIRECTION ( 'NONE',  ( 0.05233595624293681942, 0.9986295347545742773, -0.000000000000000000 ) ) ;
#2843 = CARTESIAN_POINT ( 'NONE',  ( 2.450000000000000178, 0.1497944302131754835, -1.112500000000000044 ) ) ;
#2844 = CARTESIAN_POINT ( 'NONE',  ( 1.500000000000000444, 0.5500000000000053735, 0.4625000000000000222 ) ) ;
#2845 = AXIS2_PLACEMENT_3D ( 'NONE', #2162, #3, #4060 ) ;
#2846 = VECTOR ( 'NONE', #3154, 1000.000000000000227 ) ;
#2847 = DIRECTION ( 'NONE',  ( -0.000000000000000000, -1.000000000000000000, -0.000000000000000000 ) ) ;
#2848 = CARTESIAN_POINT ( 'NONE',  ( 1.671891845382139641, 0.6999999999999948486, 0.1874999999999999445 ) ) ;
#2849 = DIRECTION ( 'NONE',  ( 0.05233595624293625043, 0.9986295347545743883, -0.000000000000000000 ) ) ;
#2850 = VECTOR ( 'NONE', #447, 1000.000000000000000 ) ;
#2851 = ORIENTED_EDGE ( 'NONE', *, *, #1768, .T. ) ;
#2852 = PRODUCT_DEFINITION_FORMATION_WITH_SPECIFIED_SOURCE ( 'ANY', '', #765, .NOT_KNOWN. ) ;
#2853 = CARTESIAN_POINT ( 'NONE',  ( -1.100000000000000311, 1.050000000000000044, -1.099999999999999867 ) ) ;
#2854 = ORIENTED_EDGE ( 'NONE', *, *, #3658, .T. ) ;
#2855 = DIRECTION ( 'NONE',  ( -0.000000000000000000, 0.000000000000000000, -1.000000000000000000 ) ) ;
#2856 = EDGE_CURVE ( 'NONE', #2255, #3031, #4090, .T. ) ;
#2857 = ADVANCED_FACE ( 'NONE', ( #185 ), #1456, .F. ) ;
#2858 = CIRCLE ( 'NONE', #2190, 0.1849999999999998312 ) ;
#2859 = CARTESIAN_POINT ( 'NONE',  ( -1.500000000000000444, -4.242640687119284770, -1.499999999999999778 ) ) ;
#2860 = EDGE_CURVE ( 'NONE', #222, #1884, #2095, .T. ) ;
#2861 = LINE ( 'NONE', #3790, #1050 ) ;
#2862 = VERTEX_POINT ( 'NONE', #17 ) ;
#2863 = DIRECTION ( 'NONE',  ( 0.2897587163337060900, 0.9570997264175991059, 0.000000000000000000 ) ) ;
#2864 = ORIENTED_EDGE ( 'NONE', *, *, #3590, .T. ) ;
#2865 = CARTESIAN_POINT ( 'NONE',  ( 1.499999999999999112, 0.5500000000000053735, 1.500000000000000222 ) ) ;
#2866 = VERTEX_POINT ( 'NONE', #1891 ) ;
#2867 = LINE ( 'NONE', #951, #1976 ) ;
#2868 = CARTESIAN_POINT ( 'NONE',  ( -1.848955294769395241, 0.4186053625217408536, -0.8374999999999999112 ) ) ;
#2869 = FILL_AREA_STYLE ('',( #329 ) ) ;
#2870 = EDGE_CURVE ( 'NONE', #3196, #2298, #1287, .T. ) ;
#2871 = CARTESIAN_POINT ( 'NONE',  ( -1.500000000000000444, 0.5500000000000053735, 0.4625000000000000222 ) ) ;
#2872 = DIRECTION ( 'NONE',  ( -1.000000000000000000, 0.000000000000000000, 0.000000000000000000 ) ) ;
#2873 = SURFACE_SIDE_STYLE ('',( #1348 ) ) ;
#2874 = ORIENTED_EDGE ( 'NONE', *, *, #460, .T. ) ;
#2875 = EDGE_CURVE ( 'NONE', #2261, #2839, #3058, .T. ) ;
#2876 = CARTESIAN_POINT ( 'NONE',  ( 2.220628408349885508, 0.3470691699717879941, -0.8374999999999999112 ) ) ;
#2877 = ORIENTED_EDGE ( 'NONE', *, *, #2981, .F. ) ;
#2878 = DIRECTION ( 'NONE',  ( 0.9570997264175989949, 0.2897587163337060345, -0.000000000000000000 ) ) ;
#2879 = MECHANICAL_DESIGN_GEOMETRIC_PRESENTATION_REPRESENTATION (  '', ( #1278 ), #2139 ) ;
#2880 = EDGE_CURVE ( 'NONE', #2007, #632, #3782, .T. ) ;
#2881 = VERTEX_POINT ( 'NONE', #3864 ) ;
#2882 = DIRECTION ( 'NONE',  ( -0.000000000000000000, -0.000000000000000000, -1.000000000000000000 ) ) ;
#2883 = ORIENTED_EDGE ( 'NONE', *, *, #468, .T. ) ;
#2884 = VECTOR ( 'NONE', #723, 1000.000000000000000 ) ;
#2885 = EDGE_LOOP ( 'NONE', ( #4040, #3932, #2204, #3854 ) ) ;
#2886 = CARTESIAN_POINT ( 'NONE',  ( -2.220628408349885508, 0.3470691699717879941, -0.8374999999999999112 ) ) ;
#2887 = ORIENTED_EDGE ( 'NONE', *, *, #2957, .T. ) ;
#2888 = CARTESIAN_POINT ( 'NONE',  ( -1.671891845382139419, 0.5500000000000054845, -0.8374999999999999112 ) ) ;
#2889 = LINE ( 'NONE', #3470, #2663 ) ;
#2890 = CARTESIAN_POINT ( 'NONE',  ( -1.992520253732025237, 0.4620691699717940359, -0.8374999999999999112 ) ) ;
#2891 = DIRECTION ( 'NONE',  ( -0.000000000000000000, -0.000000000000000000, -1.000000000000000000 ) ) ;
#2892 = DIRECTION ( 'NONE',  ( 0.000000000000000000, 0.000000000000000000, 1.000000000000000000 ) ) ;
#2893 = DIRECTION ( 'NONE',  ( -0.000000000000000000, -0.000000000000000000, -1.000000000000000000 ) ) ;
#2894 = VERTEX_POINT ( 'NONE', #2563 ) ;
#2895 = DIRECTION ( 'NONE',  ( 0.9986295347545742773, 0.05233595624293681248, 0.000000000000000000 ) ) ;
#2896 = LINE ( 'NONE', #2252, #3325 ) ;
#2897 = VECTOR ( 'NONE', #3324, 1000.000000000000000 ) ;
#2898 = EDGE_LOOP ( 'NONE', ( #1604, #3717, #430, #1917 ) ) ;
#2899 = CARTESIAN_POINT ( 'NONE',  ( 1.671891845382139641, 0.6999999999999948486, -0.8374999999999999112 ) ) ;
#2900 = ORIENTED_EDGE ( 'NONE', *, *, #2115, .F. ) ;
#2901 = VERTEX_POINT ( 'NONE', #3167 ) ;
#2902 = DIRECTION ( 'NONE',  ( -0.000000000000000000, -0.000000000000000000, -1.000000000000000000 ) ) ;
#2903 = DIRECTION ( 'NONE',  ( 0.000000000000000000, 1.000000000000000000, 0.000000000000000000 ) ) ;
#2904 = EDGE_CURVE ( 'NONE', #1277, #2704, #3823, .T. ) ;
#2905 = CARTESIAN_POINT ( 'NONE',  ( -2.220628408349885508, 0.3470691699717879941, -0.1874999999999999445 ) ) ;
#2906 = ORIENTED_EDGE ( 'NONE', *, *, #221, .T. ) ;
#2907 = CARTESIAN_POINT ( 'NONE',  ( -1.671891845382139419, 0.5500000000000054845, -0.8374999999999999112 ) ) ;
#2908 = CARTESIAN_POINT ( 'NONE',  ( 1.671891845382139641, 0.3650000000000053757, -0.4625000000000000222 ) ) ;
#2909 = AXIS2_PLACEMENT_3D ( 'NONE', #2694, #208, #2757 ) ;
#2910 = CIRCLE ( 'NONE', #2774, 0.1849999999999998312 ) ;
#2911 = VERTEX_POINT ( 'NONE', #2244 ) ;
#2912 = AXIS2_PLACEMENT_3D ( 'NONE', #3379, #3729, #1438 ) ;
#2913 = DIRECTION ( 'NONE',  ( -1.000000000000000000, 0.000000000000000000, 0.000000000000000000 ) ) ;
#2914 = AXIS2_PLACEMENT_3D ( 'NONE', #1010, #2634, #3258 ) ;
#2915 = CARTESIAN_POINT ( 'NONE',  ( -1.900000000000000133, 0.2499999999999992506, 0.4625000000000000222 ) ) ;
#2916 = AXIS2_PLACEMENT_3D ( 'NONE', #2940, #571, #3440 ) ;
#2917 = ORIENTED_EDGE ( 'NONE', *, *, #46, .T. ) ;
#2918 = CARTESIAN_POINT ( 'NONE',  ( -1.500000000000000444, 0.6999999999999948486, 0.4625000000000000222 ) ) ;
#2919 = VERTEX_POINT ( 'NONE', #1913 ) ;
#2920 = VECTOR ( 'NONE', #3421, 999.9999999999998863 ) ;
#2921 =( GEOMETRIC_REPRESENTATION_CONTEXT ( 3 ) GLOBAL_UNCERTAINTY_ASSIGNED_CONTEXT ( ( #2470 ) ) GLOBAL_UNIT_ASSIGNED_CONTEXT ( ( #3514, #1621, #1659 ) ) REPRESENTATION_CONTEXT ( 'NONE', 'WORKASPACE' ) );
#2922 = EDGE_LOOP ( 'NONE', ( #812, #378, #3457, #64 ) ) ;
#2923 = ADVANCED_FACE ( 'NONE', ( #3843 ), #1014, .F. ) ;
#2924 = DIRECTION ( 'NONE',  ( 0.9986295347545742773, -0.05233595624293647941, 0.000000000000000000 ) ) ;
#2925 = CARTESIAN_POINT ( 'NONE',  ( -2.450000000000000178, 0.1497944302131754835, 0.4625000000000000222 ) ) ;
#2926 = ORIENTED_EDGE ( 'NONE', *, *, #1220, .F. ) ;
#2927 = STYLED_ITEM ( 'NONE', ( #2974 ), #1553 ) ;
#2928 = EDGE_CURVE ( 'NONE', #1254, #2037, #2453, .T. ) ;
#2929 = CARTESIAN_POINT ( 'NONE',  ( -1.500000000000000444, 0.5500000000000053735, 0.8374999999999999112 ) ) ;
#2930 = MANIFOLD_SOLID_BREP ( 'LPattern1[2]', #1415 ) ;
#2931 = ORIENTED_EDGE ( 'NONE', *, *, #122, .T. ) ;
#2932 = CARTESIAN_POINT ( 'NONE',  ( 1.500000000000000444, 0.5500000000000053735, 0.4625000000000000222 ) ) ;
#2933 = ORIENTED_EDGE ( 'NONE', *, *, #2056, .T. ) ;
#2934 = VERTEX_POINT ( 'NONE', #1953 ) ;
#2935 = CIRCLE ( 'NONE', #2794, 0.1849999999999998312 ) ;
#2936 = EDGE_CURVE ( 'NONE', #2099, #2964, #36, .T. ) ;
#2937 = CARTESIAN_POINT ( 'NONE',  ( -1.848955294769395241, 0.4186053625217408536, 0.1874999999999999445 ) ) ;
#2938 = CARTESIAN_POINT ( 'NONE',  ( 1.392820323027550211, 0.1499999999999999944, -1.392820323027550433 ) ) ;
#2939 = COLOUR_RGB ( '',0.7921568627450980005, 0.8196078431372548767, 0.9333333333333333481 ) ;
#2940 = CARTESIAN_POINT ( 'NONE',  ( 1.671891845382139641, 0.3650000000000053757, 0.1874999999999999445 ) ) ;
#2941 = COLOUR_RGB ( '',0.7921568627450980005, 0.8196078431372548767, 0.9333333333333333481 ) ;
#2942 = VERTEX_POINT ( 'NONE', #1267 ) ;
#2943 = FACE_OUTER_BOUND ( 'NONE', #900, .T. ) ;
#2944 = EDGE_LOOP ( 'NONE', ( #38, #1423, #4002, #2955, #1870, #254, #2613, #2045, #72, #1612, #1657, #3804 ) ) ;
#2945 = ORIENTED_EDGE ( 'NONE', *, *, #3604, .F. ) ;
#2946 = CARTESIAN_POINT ( 'NONE',  ( 1.392820323027550211, 0.1499999999999999944, 1.500000000000000222 ) ) ;
#2947 = PLANE ( 'NONE',  #2598 ) ;
#2948 = ORIENTED_EDGE ( 'NONE', *, *, #939, .F. ) ;
#2949 = DIRECTION ( 'NONE',  ( 0.05233595624293625043, -0.9986295347545743883, 0.000000000000000000 ) ) ;
#2950 = EDGE_CURVE ( 'NONE', #2389, #3844, #77, .T. ) ;
#2951 = MANIFOLD_SOLID_BREP ( 'LPattern1[5]', #3082 ) ;
#2952 = CARTESIAN_POINT ( 'NONE',  ( -1.671891845382139419, 0.5500000000000054845, 1.112500000000000044 ) ) ;
#2953 = CARTESIAN_POINT ( 'NONE',  ( -2.203095863008502686, 0.01252827582901618921, 0.4625000000000000222 ) ) ;
#2954 = EDGE_CURVE ( 'NONE', #1796, #2025, #1752, .T. ) ;
#2955 = ORIENTED_EDGE ( 'NONE', *, *, #2805, .F. ) ;
#2956 = SURFACE_STYLE_FILL_AREA ( #3304 ) ;
#2957 = EDGE_CURVE ( 'NONE', #2378, #103, #1851, .T. ) ;
#2958 = PLANE ( 'NONE',  #3574 ) ;
#2959 = VERTEX_POINT ( 'NONE', #2667 ) ;
#2960 = CARTESIAN_POINT ( 'NONE',  ( 1.992520253732025237, 0.4620691699717939804, 0.1874999999999999445 ) ) ;
#2961 = ORIENTED_EDGE ( 'NONE', *, *, #2122, .T. ) ;
#2962 = DIRECTION ( 'NONE',  ( -0.000000000000000000, -0.000000000000000000, -1.000000000000000000 ) ) ;
#2963 = VECTOR ( 'NONE', #2800, 999.9999999999998863 ) ;
#2964 = VERTEX_POINT ( 'NONE', #1075 ) ;
#2965 = EDGE_CURVE ( 'NONE', #3758, #961, #2359, .T. ) ;
#2966 = DIRECTION ( 'NONE',  ( -0.000000000000000000, -0.000000000000000000, -1.000000000000000000 ) ) ;
#2967 = CARTESIAN_POINT ( 'NONE',  ( -1.392820323027551099, 0.1499999999999999944, 0.000000000000000000 ) ) ;
#2968 = DIRECTION ( 'NONE',  ( -1.000000000000000000, 0.000000000000000000, 0.000000000000000000 ) ) ;
#2969 = PLANE ( 'NONE',  #100 ) ;
#2970 = DIRECTION ( 'NONE',  ( -1.000000000000000000, 0.000000000000000000, 0.000000000000000000 ) ) ;
#2971 = ORIENTED_EDGE ( 'NONE', *, *, #2089, .F. ) ;
#2972 = AXIS2_PLACEMENT_3D ( 'NONE', #492, #3030, #2699 ) ;
#2973 =( LENGTH_UNIT ( ) NAMED_UNIT ( * ) SI_UNIT ( .MILLI., .METRE. ) );
#2974 = PRESENTATION_STYLE_ASSIGNMENT (( #1700 ) ) ;
#2975 = VECTOR ( 'NONE', #3500, 1000.000000000000000 ) ;
#2976 = AXIS2_PLACEMENT_3D ( 'NONE', #2888, #927, #1317 ) ;
#2977 = AXIS2_PLACEMENT_3D ( 'NONE', #313, #1270, #3151 ) ;
#2978 = VERTEX_POINT ( 'NONE', #2639 ) ;
#2979 = EDGE_CURVE ( 'NONE', #948, #2261, #3034, .T. ) ;
#2980 = CARTESIAN_POINT ( 'NONE',  ( -1.500000000000000444, -4.242640687119284770, -1.499999999999999778 ) ) ;
#2981 = EDGE_CURVE ( 'NONE', #730, #788, #495, .T. ) ;
#2982 = CARTESIAN_POINT ( 'NONE',  ( 2.210946256444942470, 0.1623227060421919277, -0.8374999999999999112 ) ) ;
#2983 = MANIFOLD_SOLID_BREP ( 'LPattern1[4]', #21 ) ;
#2984 = ADVANCED_FACE ( 'NONE', ( #3566, #1714 ), #1734, .F. ) ;
#2985 = ADVANCED_FACE ( 'NONE', ( #742 ), #2683, .T. ) ;
#2986 = DIRECTION ( 'NONE',  ( -1.000000000000000000, 0.000000000000000000, 0.000000000000000000 ) ) ;
#2987 = DIRECTION ( 'NONE',  ( -0.000000000000000000, -0.000000000000000000, -1.000000000000000000 ) ) ;
#2988 = AXIS2_PLACEMENT_3D ( 'NONE', #3703, #2193, #3504 ) ;
#2989 = ORIENTED_EDGE ( 'NONE', *, *, #3033, .F. ) ;
#2990 = AXIS2_PLACEMENT_3D ( 'NONE', #1696, #2970, #3339 ) ;
#2991 = VECTOR ( 'NONE', #3752, 1000.000000000000000 ) ;
#2992 = FACE_OUTER_BOUND ( 'NONE', #3862, .T. ) ;
#2993 = LINE ( 'NONE', #2666, #3824 ) ;
#2994 = DIRECTION ( 'NONE',  ( 1.000000000000000000, 6.307467175508965595E-16, -0.000000000000000000 ) ) ;
#2995 = ADVANCED_FACE ( 'NONE', ( #432 ), #3937, .F. ) ;
#2996 = AXIS2_PLACEMENT_3D ( 'NONE', #1353, #631, #3828 ) ;
#2997 = CARTESIAN_POINT ( 'NONE',  ( 1.500000000000000444, 0.5500000000000053735, 0.8374999999999999112 ) ) ;
#2998 = DIRECTION ( 'NONE',  ( -0.9986295347545742773, 0.05233595624293647247, -0.000000000000000000 ) ) ;
#2999 = PLANE ( 'NONE',  #2601 ) ;
#3000 = VECTOR ( 'NONE', #3605, 1000.000000000000000 ) ;
#3001 = ORIENTED_EDGE ( 'NONE', *, *, #187, .F. ) ;
#3002 = DIRECTION ( 'NONE',  ( -0.000000000000000000, -0.000000000000000000, -1.000000000000000000 ) ) ;
#3003 = ORIENTED_EDGE ( 'NONE', *, *, #62, .T. ) ;
#3004 = DIRECTION ( 'NONE',  ( -0.000000000000000000, -0.000000000000000000, -1.000000000000000000 ) ) ;
#3005 = CARTESIAN_POINT ( 'NONE',  ( 1.900000000000000133, 0.2499999999999994726, -1.112500000000000044 ) ) ;
#3006 = EDGE_CURVE ( 'NONE', #1855, #1421, #3622, .T. ) ;
#3007 = MANIFOLD_SOLID_BREP ( 'Boss-Extrude2', #751 ) ;
#3008 = PLANE ( 'NONE',  #1845 ) ;
#3009 = AXIS2_PLACEMENT_3D ( 'NONE', #2451, #3429, #1822 ) ;
#3010 = CARTESIAN_POINT ( 'NONE',  ( 1.671891845382139419, 0.5500000000000054845, -0.1874999999999999445 ) ) ;
#3011 = ORIENTED_EDGE ( 'NONE', *, *, #3808, .T. ) ;
#3012 = DIRECTION ( 'NONE',  ( -0.000000000000000000, 0.000000000000000000, -1.000000000000000000 ) ) ;
#3013 = ORIENTED_EDGE ( 'NONE', *, *, #3305, .F. ) ;
#3014 = CARTESIAN_POINT ( 'NONE',  ( -1.500000000000000444, 0.5500000000000053735, 1.500000000000000222 ) ) ;
#3015 = DIRECTION ( 'NONE',  ( -0.2897587163337057015, 0.9570997264175991059, -0.000000000000000000 ) ) ;
#3016 = ORIENTED_EDGE ( 'NONE', *, *, #1895, .F. ) ;
#3017 = ORIENTED_EDGE ( 'NONE', *, *, #3925, .T. ) ;
#3018 = CARTESIAN_POINT ( 'NONE',  ( 2.220628408349885508, 0.3470691699717879941, 0.4625000000000000222 ) ) ;
#3019 = LINE ( 'NONE', #1116, #1329 ) ;
#3020 = EDGE_CURVE ( 'NONE', #85, #3176, #1819, .T. ) ;
#3021 = VERTEX_POINT ( 'NONE', #1174 ) ;
#3022 =( NAMED_UNIT ( * ) SI_UNIT ( $, .STERADIAN. ) SOLID_ANGLE_UNIT ( ) );
#3023 = ORIENTED_EDGE ( 'NONE', *, *, #1908, .T. ) ;
#3024 = VECTOR ( 'NONE', #3386, 1000.000000000000000 ) ;
#3025 = CARTESIAN_POINT ( 'NONE',  ( 2.450000000000000178, 0.1497944302131754835, -0.8374999999999999112 ) ) ;
#3026 = FACE_OUTER_BOUND ( 'NONE', #1140, .T. ) ;
#3027 = LINE ( 'NONE', #797, #845 ) ;
#3028 = DIRECTION ( 'NONE',  ( 0.000000000000000000, -1.000000000000000000, 0.000000000000000000 ) ) ;
#3029 = ORIENTED_EDGE ( 'NONE', *, *, #1204, .T. ) ;
#3030 = DIRECTION ( 'NONE',  ( -0.000000000000000000, -0.000000000000000000, -1.000000000000000000 ) ) ;
#3031 = VERTEX_POINT ( 'NONE', #2448 ) ;
#3032 = FACE_OUTER_BOUND ( 'NONE', #3641, .T. ) ;
#3033 = EDGE_CURVE ( 'NONE', #4018, #29, #3981, .T. ) ;
#3034 = LINE ( 'NONE', #411, #528 ) ;
#3035 = LINE ( 'NONE', #216, #2659 ) ;
#3036 = DIRECTION ( 'NONE',  ( -0.000000000000000000, -0.000000000000000000, -1.000000000000000000 ) ) ;
#3037 = ORIENTED_EDGE ( 'NONE', *, *, #2560, .T. ) ;
#3038 = AXIS2_PLACEMENT_3D ( 'NONE', #2905, #1867, #3146 ) ;
#3039 = LINE ( 'NONE', #3718, #2172 ) ;
#3040 = ORIENTED_EDGE ( 'NONE', *, *, #2240, .T. ) ;
#3041 = CARTESIAN_POINT ( 'NONE',  ( 1.305376667086488141, -0.1763441667716192651, 1.305376667086488585 ) ) ;
#3042 = FACE_OUTER_BOUND ( 'NONE', #1001, .T. ) ;
#3043 = VECTOR ( 'NONE', #2515, 1000.000000000000000 ) ;
#3044 = AXIS2_PLACEMENT_3D ( 'NONE', #947, #251, #1020 ) ;
#3045 = DIRECTION ( 'NONE',  ( -1.000000000000000000, 0.000000000000000000, 0.000000000000000000 ) ) ;
#3046 = VECTOR ( 'NONE', #3744, 1000.000000000000000 ) ;
#3047 = CYLINDRICAL_SURFACE ( 'NONE', #1248, 0.1849999999999998312 ) ;
#3048 = ORIENTED_EDGE ( 'NONE', *, *, #3760, .T. ) ;
#3049 = AXIS2_PLACEMENT_3D ( 'NONE', #1858, #276, #3484 ) ;
#3050 = AXIS2_PLACEMENT_3D ( 'NONE', #1092, #2360, #560 ) ;
#3051 = ADVANCED_FACE ( 'NONE', ( #2170 ), #3446, .F. ) ;
#3052 = DIRECTION ( 'NONE',  ( 0.9986295347545742773, -0.05233595624293681248, -0.000000000000000000 ) ) ;
#3053 = ORIENTED_EDGE ( 'NONE', *, *, #3820, .T. ) ;
#3054 = DIRECTION ( 'NONE',  ( 0.000000000000000000, 0.000000000000000000, 1.000000000000000000 ) ) ;
#3055 = CARTESIAN_POINT ( 'NONE',  ( 1.367820323027549634, 1.100000000000000311, 1.367820323027549856 ) ) ;
#3056 = DIRECTION ( 'NONE',  ( -0.000000000000000000, -0.000000000000000000, -1.000000000000000000 ) ) ;
#3057 = VECTOR ( 'NONE', #1227, 1000.000000000000000 ) ;
#3058 = CIRCLE ( 'NONE', #1322, 0.1849999999999998312 ) ;
#3059 = CARTESIAN_POINT ( 'NONE',  ( -1.671891845382139419, 0.5500000000000053735, -0.1874999999999999445 ) ) ;
#3060 = FILL_AREA_STYLE_COLOUR ( '', #3926 ) ;
#3061 = EDGE_LOOP ( 'NONE', ( #3394, #3238, #364, #1766 ) ) ;
#3062 = ORIENTED_EDGE ( 'NONE', *, *, #3957, .T. ) ;
#3063 = EDGE_CURVE ( 'NONE', #1498, #3920, #1596, .T. ) ;
#3064 = FACE_OUTER_BOUND ( 'NONE', #232, .T. ) ;
#3065 = ORIENTED_EDGE ( 'NONE', *, *, #3173, .T. ) ;
#3066 = FACE_OUTER_BOUND ( 'NONE', #2665, .T. ) ;
#3067 = CARTESIAN_POINT ( 'NONE',  ( -1.499999999999999556, 0.6999999999999948486, -1.499999999999999778 ) ) ;
#3068 = DIRECTION ( 'NONE',  ( 0.000000000000000000, 1.000000000000000000, 0.000000000000000000 ) ) ;
#3069 = CARTESIAN_POINT ( 'NONE',  ( -2.220628408349885508, 0.3470691699717879941, 1.112500000000000044 ) ) ;
#3070 = EDGE_LOOP ( 'NONE', ( #4010, #459, #1338, #749 ) ) ;
#3071 = VECTOR ( 'NONE', #1907, 999.9999999999998863 ) ;
#3072 = EDGE_CURVE ( 'NONE', #1679, #1343, #2152, .T. ) ;
#3073 = FACE_OUTER_BOUND ( 'NONE', #921, .T. ) ;
#3074 = AXIS2_PLACEMENT_3D ( 'NONE', #2284, #1934, #2872 ) ;
#3075 = ORIENTED_EDGE ( 'NONE', *, *, #3803, .F. ) ;
#3076 = LINE ( 'NONE', #1483, #2021 ) ;
#3077 = DIRECTION ( 'NONE',  ( 0.2897587163337060900, 0.9570997264175991059, 0.000000000000000000 ) ) ;
#3078 = DIRECTION ( 'NONE',  ( -0.2897587163337060345, -0.9570997264175989949, 0.000000000000000000 ) ) ;
#3079 = EDGE_CURVE ( 'NONE', #2007, #3264, #883, .T. ) ;
#3080 = LINE ( 'NONE', #176, #4077 ) ;
#3081 = CARTESIAN_POINT ( 'NONE',  ( 2.442149606563560393, -3.252606517456513302E-16, -0.8374999999999999112 ) ) ;
#3082 = CLOSED_SHELL ( 'NONE', ( #643, #1466, #39, #787, #440, #160, #1079, #1640, #2834, #133, #3865, #4096, #2422, #649 ) ) ;
#3083 = CARTESIAN_POINT ( 'NONE',  ( 1.500000000000000444, 0.6999999999999948486, 0.8374999999999999112 ) ) ;
#3084 = VERTEX_POINT ( 'NONE', #2084 ) ;
#3085 = CARTESIAN_POINT ( 'NONE',  ( -1.100000000000000311, 1.050000000000000044, -1.224999999999999867 ) ) ;
#3086 = EDGE_CURVE ( 'NONE', #2099, #1622, #282, .T. ) ;
#3087 = VERTEX_POINT ( 'NONE', #558 ) ;
#3088 = PLANE ( 'NONE',  #3442 ) ;
#3089 = LINE ( 'NONE', #3724, #1644 ) ;
#3090 = ORIENTED_EDGE ( 'NONE', *, *, #1809, .T. ) ;
#3091 = ORIENTED_EDGE ( 'NONE', *, *, #2711, .F. ) ;
#3092 = LINE ( 'NONE', #535, #2920 ) ;
#3093 = VERTEX_POINT ( 'NONE', #2108 ) ;
#3094 = LINE ( 'NONE', #4022, #3616 ) ;
#3095 = UNCERTAINTY_MEASURE_WITH_UNIT (LENGTH_MEASURE( 1.000000000000000082E-05 ), #3943, 'distance_accuracy_value', 'NONE');
#3096 = FACE_OUTER_BOUND ( 'NONE', #1653, .T. ) ;
#3097 = DIRECTION ( 'NONE',  ( -0.9986295347545742773, -0.05233595624293647247, 0.000000000000000000 ) ) ;
#3098 = AXIS2_PLACEMENT_3D ( 'NONE', #1733, #137, #2040 ) ;
#3099 = CARTESIAN_POINT ( 'NONE',  ( -1.900000000000000133, 0.2499999999999992506, -0.1874999999999999445 ) ) ;
#3100 = DIRECTION ( 'NONE',  ( -0.2897587163337057015, -0.9570997264175991059, 0.000000000000000000 ) ) ;
#3101 = ORIENTED_EDGE ( 'NONE', *, *, #4014, .T. ) ;
#3102 = CARTESIAN_POINT ( 'NONE',  ( -2.220628408349885508, 0.3470691699717879941, -0.8374999999999999112 ) ) ;
#3103 = EDGE_LOOP ( 'NONE', ( #745, #1207, #1295, #1114 ) ) ;
#3104 = DIRECTION ( 'NONE',  ( 0.000000000000000000, 0.000000000000000000, 1.000000000000000000 ) ) ;
#3105 = ADVANCED_FACE ( 'NONE', ( #3096 ), #3357, .F. ) ;
#3106 = EDGE_CURVE ( 'NONE', #267, #2691, #1774, .T. ) ;
#3107 = CARTESIAN_POINT ( 'NONE',  ( 1.992520253732025237, 0.4620691699717939804, 1.112500000000000044 ) ) ;
#3108 = FACE_OUTER_BOUND ( 'NONE', #782, .T. ) ;
#3109 = AXIS2_PLACEMENT_3D ( 'NONE', #3762, #3153, #2209 ) ;
#3110 = ORIENTED_EDGE ( 'NONE', *, *, #105, .F. ) ;
#3111 = DIRECTION ( 'NONE',  ( 0.000000000000000000, 0.000000000000000000, 1.000000000000000000 ) ) ;
#3112 = EDGE_CURVE ( 'NONE', #1196, #3979, #1200, .T. ) ;
#3113 = VERTEX_POINT ( 'NONE', #3055 ) ;
#3114 = AXIS2_PLACEMENT_3D ( 'NONE', #3507, #3218, #2509 ) ;
#3115 = VECTOR ( 'NONE', #3364, 1000.000000000000000 ) ;
#3116 = DIRECTION ( 'NONE',  ( -1.000000000000000000, 0.000000000000000000, 0.000000000000000000 ) ) ;
#3117 = VERTEX_POINT ( 'NONE', #195 ) ;
#3118 = LINE ( 'NONE', #1440, #2086 ) ;
#3119 = LINE ( 'NONE', #884, #392 ) ;
#3120 = DIRECTION ( 'NONE',  ( -0.9986295347545742773, 0.05233595624293624349, 0.000000000000000000 ) ) ;
#3121 = EDGE_CURVE ( 'NONE', #2194, #363, #3732, .T. ) ;
#3122 = SURFACE_STYLE_USAGE ( .BOTH. , #1468 ) ;
#3123 = AXIS2_PLACEMENT_3D ( 'NONE', #2886, #3201, #347 ) ;
#3124 = STYLED_ITEM ( 'NONE', ( #3547 ), #2930 ) ;
#3125 = VERTEX_POINT ( 'NONE', #1463 ) ;
#3126 = CARTESIAN_POINT ( 'NONE',  ( 1.500000000000000444, 0.6999999999999948486, -0.8374999999999999112 ) ) ;
#3127 = EDGE_LOOP ( 'NONE', ( #3053, #3927, #4029, #88 ) ) ;
#3128 = DIRECTION ( 'NONE',  ( -1.000000000000000000, 0.000000000000000000, 0.000000000000000000 ) ) ;
#3129 = VECTOR ( 'NONE', #3205, 1000.000000000000000 ) ;
#3130 = VECTOR ( 'NONE', #982, 1000.000000000000000 ) ;
#3131 = ORIENTED_EDGE ( 'NONE', *, *, #464, .T. ) ;
#3132 = CARTESIAN_POINT ( 'NONE',  ( -2.450000000000000178, 0.1497944302131754835, -1.112500000000000044 ) ) ;
#3133 = EDGE_CURVE ( 'NONE', #191, #2178, #1153, .T. ) ;
#3134 = CARTESIAN_POINT ( 'NONE',  ( 1.671891845382139641, 0.6999999999999948486, -0.4625000000000000222 ) ) ;
#3135 = EDGE_LOOP ( 'NONE', ( #3362, #925, #2554, #145 ) ) ;
#3136 = AXIS2_PLACEMENT_3D ( 'NONE', #1352, #1993, #2624 ) ;
#3137 = DIRECTION ( 'NONE',  ( -1.000000000000000000, 0.000000000000000000, 0.000000000000000000 ) ) ;
#3138 = EDGE_LOOP ( 'NONE', ( #2277, #2786, #2304, #3662 ) ) ;
#3139 = DIRECTION ( 'NONE',  ( -1.000000000000000000, -0.000000000000000000, -0.000000000000000000 ) ) ;
#3140 = ORIENTED_EDGE ( 'NONE', *, *, #1957, .F. ) ;
#3141 = LINE ( 'NONE', #281, #2374 ) ;
#3142 = EDGE_CURVE ( 'NONE', #2005, #1750, #3234, .T. ) ;
#3143 = DIRECTION ( 'NONE',  ( -1.000000000000000000, -0.000000000000000000, -0.000000000000000000 ) ) ;
#3144 = CIRCLE ( 'NONE', #1339, 0.1849999999999998312 ) ;
#3145 = PRESENTATION_LAYER_ASSIGNMENT (  '', '', ( #2611 ) ) ;
#3146 = DIRECTION ( 'NONE',  ( -1.000000000000000000, 0.000000000000000000, 0.000000000000000000 ) ) ;
#3147 = PLANE ( 'NONE',  #2335 ) ;
#3148 = LINE ( 'NONE', #465, #1244 ) ;
#3149 = ORIENTED_EDGE ( 'NONE', *, *, #2670, .T. ) ;
#3150 = EDGE_CURVE ( 'NONE', #1669, #2059, #674, .T. ) ;
#3151 = DIRECTION ( 'NONE',  ( 0.000000000000000000, 0.000000000000000000, -1.000000000000000000 ) ) ;
#3152 = CARTESIAN_POINT ( 'NONE',  ( -1.900000000000000133, 0.2499999999999992506, 0.1874999999999999445 ) ) ;
#3153 = DIRECTION ( 'NONE',  ( 0.000000000000000000, 0.000000000000000000, 1.000000000000000000 ) ) ;
#3154 = DIRECTION ( 'NONE',  ( 0.2505628070857320866, -0.9351131265310290708, -0.2505628070857320866 ) ) ;
#3155 = ORIENTED_EDGE ( 'NONE', *, *, #3648, .F. ) ;
#3156 = CARTESIAN_POINT ( 'NONE',  ( 1.671891845382139419, 0.5500000000000054845, -0.8374999999999999112 ) ) ;
#3157 = ORIENTED_EDGE ( 'NONE', *, *, #540, .T. ) ;
#3158 = LINE ( 'NONE', #4105, #255 ) ;
#3159 = ORIENTED_EDGE ( 'NONE', *, *, #2517, .T. ) ;
#3160 = PLANE ( 'NONE',  #3510 ) ;
#3161 = AXIS2_PLACEMENT_3D ( 'NONE', #1800, #1821, #3341 ) ;
#3162 = LINE ( 'NONE', #306, #1000 ) ;
#3163 = CARTESIAN_POINT ( 'NONE',  ( 2.450000000000000178, 0.1497944302131754835, -0.1874999999999999445 ) ) ;
#3164 = FACE_OUTER_BOUND ( 'NONE', #3503, .T. ) ;
#3165 = EDGE_CURVE ( 'NONE', #3669, #888, #3195, .T. ) ;
#3166 = LINE ( 'NONE', #3842, #3271 ) ;
#3167 = CARTESIAN_POINT ( 'NONE',  ( -1.500000000000000444, 0.6999999999999948486, -0.8374999999999999112 ) ) ;
#3168 = CIRCLE ( 'NONE', #3947, 0.3349999999999893618 ) ;
#3169 = VERTEX_POINT ( 'NONE', #1236 ) ;
#3170 = DIRECTION ( 'NONE',  ( -0.000000000000000000, -0.000000000000000000, 1.000000000000000000 ) ) ;
#3171 = DIRECTION ( 'NONE',  ( 0.9986295347545742773, -0.05233595624293681248, -0.000000000000000000 ) ) ;
#3172 = VERTEX_POINT ( 'NONE', #2510 ) ;
#3173 = EDGE_CURVE ( 'NONE', #3988, #3794, #366, .T. ) ;
#3174 = CARTESIAN_POINT ( 'NONE',  ( -1.848955294769395241, 0.4186053625217408536, 0.4625000000000000222 ) ) ;
#3175 = DIRECTION ( 'NONE',  ( -0.000000000000000000, -0.000000000000000000, -1.000000000000000000 ) ) ;
#3176 = VERTEX_POINT ( 'NONE', #697 ) ;
#3177 = DIRECTION ( 'NONE',  ( 0.9570997264175989949, 0.2897587163337060345, -0.000000000000000000 ) ) ;
#3178 = ORIENTED_EDGE ( 'NONE', *, *, #2224, .T. ) ;
#3179 = LINE ( 'NONE', #2865, #1186 ) ;
#3180 = ORIENTED_EDGE ( 'NONE', *, *, #3590, .F. ) ;
#3181 = CARTESIAN_POINT ( 'NONE',  ( -2.220628408349885508, 0.3470691699717879941, 0.4625000000000000222 ) ) ;
#3182 = CARTESIAN_POINT ( 'NONE',  ( 2.210946256444942470, 0.1623227060421919277, 1.112500000000000044 ) ) ;
#3183 = EDGE_CURVE ( 'NONE', #3087, #1559, #3530, .T. ) ;
#3184 = AXIS2_PLACEMENT_3D ( 'NONE', #443, #1066, #2653 ) ;
#3185 = VECTOR ( 'NONE', #1206, 1000.000000000000000 ) ;
#3186 = FACE_OUTER_BOUND ( 'NONE', #3890, .T. ) ;
#3187 = CARTESIAN_POINT ( 'NONE',  ( 1.992520253732025237, 0.4620691699717939804, 1.112500000000000044 ) ) ;
#3188 = SURFACE_STYLE_USAGE ( .BOTH. , #2285 ) ;
#3189 = AXIS2_PLACEMENT_3D ( 'NONE', #2967, #470, #3918 ) ;
#3190 = EDGE_CURVE ( 'NONE', #682, #1232, #1192, .T. ) ;
#3191 = ORIENTED_EDGE ( 'NONE', *, *, #311, .F. ) ;
#3192 = DIRECTION ( 'NONE',  ( -0.2897587163337057015, -0.9570997264175991059, 0.000000000000000000 ) ) ;
#3193 = CARTESIAN_POINT ( 'NONE',  ( -1.900000000000000133, 0.2499999999999994726, 0.1874999999999999445 ) ) ;
#3194 = CIRCLE ( 'NONE', #2384, 0.1849999999999998312 ) ;
#3195 = CIRCLE ( 'NONE', #1061, 0.1849999999999998312 ) ;
#3196 = VERTEX_POINT ( 'NONE', #4086 ) ;
#3197 = CIRCLE ( 'NONE', #335, 0.1849999999999998312 ) ;
#3198 = DIRECTION ( 'NONE',  ( 0.9659258262890680902, -0.2588190451025213501, 0.000000000000000000 ) ) ;
#3199 = VERTEX_POINT ( 'NONE', #31 ) ;
#3200 = ORIENTED_EDGE ( 'NONE', *, *, #3359, .T. ) ;
#3201 = DIRECTION ( 'NONE',  ( -0.000000000000000000, -0.000000000000000000, -1.000000000000000000 ) ) ;
#3202 = VERTEX_POINT ( 'NONE', #1597 ) ;
#3203 = DIRECTION ( 'NONE',  ( -0.000000000000000000, -0.000000000000000000, -1.000000000000000000 ) ) ;
#3204 = EDGE_CURVE ( 'NONE', #1294, #2276, #1616, .T. ) ;
#3205 = DIRECTION ( 'NONE',  ( -0.000000000000000000, -0.000000000000000000, -1.000000000000000000 ) ) ;
#3206 = DIRECTION ( 'NONE',  ( 1.000000000000000000, 0.000000000000000000, 0.000000000000000000 ) ) ;
#3207 = DIRECTION ( 'NONE',  ( 0.000000000000000000, 1.000000000000000000, 0.000000000000000000 ) ) ;
#3208 = CARTESIAN_POINT ( 'NONE',  ( 1.499999999999999556, 0.5500000000000053735, -1.499999999999999778 ) ) ;
#3209 = DIRECTION ( 'NONE',  ( -0.000000000000000000, -0.000000000000000000, -1.000000000000000000 ) ) ;
#3210 = ORIENTED_EDGE ( 'NONE', *, *, #3289, .T. ) ;
#3211 = CARTESIAN_POINT ( 'NONE',  ( -2.220628408349885508, 0.3470691699717879941, -0.1874999999999999445 ) ) ;
#3212 = PLANE ( 'NONE',  #263 ) ;
#3213 = VERTEX_POINT ( 'NONE', #3774 ) ;
#3214 = CARTESIAN_POINT ( 'NONE',  ( -1.500000000000000444, 0.6999999999999948486, -0.1874999999999999445 ) ) ;
#3215 = ORIENTED_EDGE ( 'NONE', *, *, #97, .F. ) ;
#3216 = CLOSED_SHELL ( 'NONE', ( #287, #3939, #424, #2625, #1049, #1743, #1664, #833, #3870, #2001, #2366, #1469, #736, #2096 ) ) ;
#3217 = ORIENTED_EDGE ( 'NONE', *, *, #1382, .F. ) ;
#3218 = DIRECTION ( 'NONE',  ( -0.000000000000000000, 0.000000000000000000, -1.000000000000000000 ) ) ;
#3219 = DIRECTION ( 'NONE',  ( 0.000000000000000000, 0.000000000000000000, 1.000000000000000000 ) ) ;
#3220 = DIRECTION ( 'NONE',  ( 0.9986295347545742773, 0.05233595624293647941, 0.000000000000000000 ) ) ;
#3221 = CARTESIAN_POINT ( 'NONE',  ( 2.220628408349885508, 0.3470691699717879941, -0.1874999999999999445 ) ) ;
#3222 = CARTESIAN_POINT ( 'NONE',  ( -2.203095863008502686, 0.01252827582901618921, -0.1874999999999999445 ) ) ;
#3223 = CARTESIAN_POINT ( 'NONE',  ( -1.900000000000000133, 0.2499999999999992506, -0.8374999999999999112 ) ) ;
#3224 = VERTEX_POINT ( 'NONE', #685 ) ;
#3225 = LINE ( 'NONE', #1290, #1770 ) ;
#3226 = DIRECTION ( 'NONE',  ( -0.000000000000000000, -0.000000000000000000, -1.000000000000000000 ) ) ;
#3227 = VECTOR ( 'NONE', #1054, 1000.000000000000000 ) ;
#3228 = EDGE_CURVE ( 'NONE', #1421, #289, #929, .T. ) ;
#3229 = DIRECTION ( 'NONE',  ( -0.9570997264175989949, 0.2897587163337060345, 0.000000000000000000 ) ) ;
#3230 = ORIENTED_EDGE ( 'NONE', *, *, #1335, .T. ) ;
#3231 = EDGE_CURVE ( 'NONE', #810, #2229, #2889, .T. ) ;
#3232 = ORIENTED_EDGE ( 'NONE', *, *, #2387, .T. ) ;
#3233 = FACE_OUTER_BOUND ( 'NONE', #567, .T. ) ;
#3234 = LINE ( 'NONE', #2843, #1856 ) ;
#3235 = ORIENTED_EDGE ( 'NONE', *, *, #336, .T. ) ;
#3236 = EDGE_CURVE ( 'NONE', #4073, #2, #952, .T. ) ;
#3237 = DIRECTION ( 'NONE',  ( -0.000000000000000000, -0.000000000000000000, -1.000000000000000000 ) ) ;
#3238 = ORIENTED_EDGE ( 'NONE', *, *, #4054, .F. ) ;
#3239 = DIRECTION ( 'NONE',  ( 1.000000000000000000, 0.000000000000000000, 0.000000000000000000 ) ) ;
#3240 = FILL_AREA_STYLE_COLOUR ( '', #1060 ) ;
#3241 = AXIS2_PLACEMENT_3D ( 'NONE', #526, #204, #1789 ) ;
#3242 = CIRCLE ( 'NONE', #585, 0.3349999999999893618 ) ;
#3243 = EDGE_LOOP ( 'NONE', ( #2270, #3235 ) ) ;
#3244 = AXIS2_PLACEMENT_3D ( 'NONE', #4020, #3640, #1816 ) ;
#3245 = DIRECTION ( 'NONE',  ( 0.2897587163337060900, -0.9570997264175991059, -0.000000000000000000 ) ) ;
#3246 = DIRECTION ( 'NONE',  ( 0.000000000000000000, 0.000000000000000000, 1.000000000000000000 ) ) ;
#3247 = CIRCLE ( 'NONE', #2314, 0.3349999999999893618 ) ;
#3248 = AXIS2_PLACEMENT_3D ( 'NONE', #2472, #3733, #3220 ) ;
#3249 = DIRECTION ( 'NONE',  ( -1.000000000000000000, -6.307467175508965595E-16, 0.000000000000000000 ) ) ;
#3250 = ORIENTED_EDGE ( 'NONE', *, *, #200, .F. ) ;
#3251 = CARTESIAN_POINT ( 'NONE',  ( 1.500000000000000444, 0.6999999999999948486, -0.8374999999999999112 ) ) ;
#3252 = ORIENTED_EDGE ( 'NONE', *, *, #1698, .T. ) ;
#3253 = AXIS2_PLACEMENT_3D ( 'NONE', #126, #1414, #1377 ) ;
#3254 = VECTOR ( 'NONE', #2074, 1000.000000000000000 ) ;
#3255 = EDGE_CURVE ( 'NONE', #2679, #1392, #1283, .T. ) ;
#3256 = EDGE_LOOP ( 'NONE', ( #2168, #320, #403, #3230, #1551, #1292, #2232, #2233, #1785, #3318, #521, #238 ) ) ;
#3257 = EDGE_CURVE ( 'NONE', #1622, #3897, #3858, .T. ) ;
#3258 = DIRECTION ( 'NONE',  ( -1.000000000000000000, 0.000000000000000000, 0.000000000000000000 ) ) ;
#3259 = DIRECTION ( 'NONE',  ( 0.05233595624293625043, -0.9986295347545743883, 0.000000000000000000 ) ) ;
#3260 = ORIENTED_EDGE ( 'NONE', *, *, #3600, .T. ) ;
#3261 = EDGE_CURVE ( 'NONE', #950, #2156, #623, .T. ) ;
#3262 = LINE ( 'NONE', #450, #3000 ) ;
#3263 = DIRECTION ( 'NONE',  ( 1.000000000000000000, -6.307467175508965595E-16, 0.000000000000000000 ) ) ;
#3264 = VERTEX_POINT ( 'NONE', #2538 ) ;
#3265 = ORIENTED_EDGE ( 'NONE', *, *, #1767, .T. ) ;
#3266 = DIRECTION ( 'NONE',  ( -0.000000000000000000, 0.000000000000000000, -1.000000000000000000 ) ) ;
#3267 = LINE ( 'NONE', #159, #2049 ) ;
#3268 = EDGE_CURVE ( 'NONE', #2585, #2342, #1886, .T. ) ;
#3269 = MECHANICAL_DESIGN_GEOMETRIC_PRESENTATION_REPRESENTATION (  '', ( #3800 ), #942 ) ;
#3270 = CARTESIAN_POINT ( 'NONE',  ( -1.671891845382139641, 0.3650000000000053757, 0.1874999999999999445 ) ) ;
#3271 = VECTOR ( 'NONE', #1636, 999.9999999999998863 ) ;
#3272 = ORIENTED_EDGE ( 'NONE', *, *, #1689, .F. ) ;
#3273 = LINE ( 'NONE', #1685, #668 ) ;
#3274 = ORIENTED_EDGE ( 'NONE', *, *, #2590, .F. ) ;
#3275 = DIRECTION ( 'NONE',  ( -1.000000000000000000, 0.000000000000000000, 0.000000000000000000 ) ) ;
#3276 = ORIENTED_EDGE ( 'NONE', *, *, #340, .F. ) ;
#3277 = CARTESIAN_POINT ( 'NONE',  ( 1.671891845382139641, 0.3650000000000053757, -0.1874999999999999445 ) ) ;
#3278 = CARTESIAN_POINT ( 'NONE',  ( 1.500000000000000444, 0.6999999999999948486, 0.1874999999999999445 ) ) ;
#3279 = PLANE ( 'NONE',  #1866 ) ;
#3280 = ORIENTED_EDGE ( 'NONE', *, *, #2532, .F. ) ;
#3281 = CARTESIAN_POINT ( 'NONE',  ( -1.305376667086489029, -0.1763441667716191541, -1.305376667086488141 ) ) ;
#3282 = DIRECTION ( 'NONE',  ( 0.000000000000000000, 0.000000000000000000, 1.000000000000000000 ) ) ;
#3283 = ORIENTED_EDGE ( 'NONE', *, *, #500, .T. ) ;
#3284 = VERTEX_POINT ( 'NONE', #2237 ) ;
#3285 = EDGE_CURVE ( 'NONE', #2744, #788, #3162, .T. ) ;
#3286 = EDGE_CURVE ( 'NONE', #2544, #85, #2047, .T. ) ;
#3287 = DIRECTION ( 'NONE',  ( -1.000000000000000000, 0.000000000000000000, 0.000000000000000000 ) ) ;
#3288 = DIRECTION ( 'NONE',  ( -0.000000000000000000, -0.000000000000000000, -1.000000000000000000 ) ) ;
#3289 = EDGE_CURVE ( 'NONE', #1358, #2286, #2558, .T. ) ;
#3290 = ORIENTED_EDGE ( 'NONE', *, *, #3006, .F. ) ;
#3291 = DIRECTION ( 'NONE',  ( -0.2897587163337057015, -0.9570997264175991059, 0.000000000000000000 ) ) ;
#3292 = CARTESIAN_POINT ( 'NONE',  ( 1.500000000000000444, 0.6999999999999948486, 0.8374999999999999112 ) ) ;
#3293 = AXIS2_PLACEMENT_3D ( 'NONE', #2083, #556, #1198 ) ;
#3294 = ORIENTED_EDGE ( 'NONE', *, *, #486, .T. ) ;
#3295 = EDGE_CURVE ( 'NONE', #3084, #1234, #1906, .T. ) ;
#3296 = CARTESIAN_POINT ( 'NONE',  ( -2.210946256444942470, 0.1623227060421919277, -0.4625000000000000222 ) ) ;
#3297 = DIRECTION ( 'NONE',  ( -0.000000000000000000, -0.000000000000000000, -1.000000000000000000 ) ) ;
#3298 = DIRECTION ( 'NONE',  ( -0.000000000000000000, -0.000000000000000000, -1.000000000000000000 ) ) ;
#3299 = ORIENTED_EDGE ( 'NONE', *, *, #946, .T. ) ;
#3300 = CARTESIAN_POINT ( 'NONE',  ( 1.475000000000000533, 0.6999999999999948486, 1.475000000000000533 ) ) ;
#3301 = CARTESIAN_POINT ( 'NONE',  ( -2.220628408349885508, 0.3470691699717879941, -0.1874999999999999445 ) ) ;
#3302 = ADVANCED_FACE ( 'NONE', ( #1982 ), #2947, .F. ) ;
#3303 = LINE ( 'NONE', #1718, #270 ) ;
#3304 = FILL_AREA_STYLE ('',( #808 ) ) ;
#3305 = EDGE_CURVE ( 'NONE', #3669, #3224, #3635, .T. ) ;
#3306 = AXIS2_PLACEMENT_3D ( 'NONE', #1496, #1147, #2144 ) ;
#3307 = ORIENTED_EDGE ( 'NONE', *, *, #4072, .F. ) ;
#3308 = DIRECTION ( 'NONE',  ( 1.000000000000000000, 0.000000000000000000, 0.000000000000000000 ) ) ;
#3309 = VECTOR ( 'NONE', #2279, 1000.000000000000000 ) ;
#3310 = VECTOR ( 'NONE', #296, 1000.000000000000000 ) ;
#3311 = ORIENTED_EDGE ( 'NONE', *, *, #1435, .T. ) ;
#3312 = LINE ( 'NONE', #2980, #926 ) ;
#3313 = FACE_OUTER_BOUND ( 'NONE', #1346, .T. ) ;
#3314 = ORIENTED_EDGE ( 'NONE', *, *, #1379, .F. ) ;
#3315 = CARTESIAN_POINT ( 'NONE',  ( -1.848955294769395241, 0.4186053625217408536, 0.8374999999999999112 ) ) ;
#3316 = DIRECTION ( 'NONE',  ( 0.000000000000000000, -0.000000000000000000, -1.000000000000000000 ) ) ;
#3317 = VECTOR ( 'NONE', #1550, 1000.000000000000000 ) ;
#3318 = ORIENTED_EDGE ( 'NONE', *, *, #1023, .T. ) ;
#3319 = COLOUR_RGB ( '',0.7921568627450980005, 0.8196078431372548767, 0.9333333333333333481 ) ;
#3320 = EDGE_CURVE ( 'NONE', #596, #2461, #324, .T. ) ;
#3321 = VECTOR ( 'NONE', #1318, 1000.000000000000000 ) ;
#3322 = PLANE ( 'NONE',  #3529 ) ;
#3323 = ORIENTED_EDGE ( 'NONE', *, *, #2292, .T. ) ;
#3324 = DIRECTION ( 'NONE',  ( -0.000000000000000000, -0.000000000000000000, -1.000000000000000000 ) ) ;
#3325 = VECTOR ( 'NONE', #3518, 1000.000000000000227 ) ;
#3326 = ORIENTED_EDGE ( 'NONE', *, *, #3951, .F. ) ;
#3327 = VERTEX_POINT ( 'NONE', #1691 ) ;
#3328 = VECTOR ( 'NONE', #2321, 1000.000000000000000 ) ;
#3329 = EDGE_LOOP ( 'NONE', ( #427, #3623, #3516, #1569, #890, #4100, #2887, #2405, #250, #1452, #2906, #3629 ) ) ;
#3330 = LINE ( 'NONE', #772, #2725 ) ;
#3331 = DIRECTION ( 'NONE',  ( -1.000000000000000000, 0.000000000000000000, 0.000000000000000000 ) ) ;
#3332 = CARTESIAN_POINT ( 'NONE',  ( -1.500000000000000444, 0.5500000000000053735, 1.500000000000000222 ) ) ;
#3333 = EDGE_CURVE ( 'NONE', #2383, #852, #2353, .T. ) ;
#3334 = LINE ( 'NONE', #3896, #3699 ) ;
#3335 = ORIENTED_EDGE ( 'NONE', *, *, #2657, .T. ) ;
#3336 = DIRECTION ( 'NONE',  ( 0.9570997264175991059, -0.2897587163337057570, 0.000000000000000000 ) ) ;
#3337 = ORIENTED_EDGE ( 'NONE', *, *, #3121, .F. ) ;
#3338 = LINE ( 'NONE', #2777, #300 ) ;
#3339 = DIRECTION ( 'NONE',  ( 0.000000000000000000, 0.000000000000000000, 1.000000000000000000 ) ) ;
#3340 = ORIENTED_EDGE ( 'NONE', *, *, #3519, .T. ) ;
#3341 = DIRECTION ( 'NONE',  ( -1.000000000000000000, 0.000000000000000000, 0.000000000000000000 ) ) ;
#3342 = SURFACE_STYLE_USAGE ( .BOTH. , #2671 ) ;
#3343 = ORIENTED_EDGE ( 'NONE', *, *, #1698, .F. ) ;
#3344 = DIRECTION ( 'NONE',  ( -1.000000000000000000, 6.307467175508965595E-16, 0.000000000000000000 ) ) ;
#3345 = VERTEX_POINT ( 'NONE', #3278 ) ;
#3346 = LINE ( 'NONE', #1122, #3975 ) ;
#3347 = CARTESIAN_POINT ( 'NONE',  ( -1.392820323027551099, 0.1499999999999999944, -1.392820323027550433 ) ) ;
#3348 = EDGE_CURVE ( 'NONE', #356, #2261, #426, .T. ) ;
#3349 = VECTOR ( 'NONE', #1108, 1000.000000000000000 ) ;
#3350 = DIRECTION ( 'NONE',  ( -0.000000000000000000, -0.000000000000000000, -1.000000000000000000 ) ) ;
#3351 = CARTESIAN_POINT ( 'NONE',  ( -1.100000000000000311, 1.050000000000000044, -1.099999999999999867 ) ) ;
#3352 = ADVANCED_FACE ( 'NONE', ( #1386 ), #1729, .F. ) ;
#3353 = ORIENTED_EDGE ( 'NONE', *, *, #3715, .T. ) ;
#3354 = CARTESIAN_POINT ( 'NONE',  ( 1.992520253732025237, 0.4620691699717939804, -0.8374999999999999112 ) ) ;
#3355 = ORIENTED_EDGE ( 'NONE', *, *, #2017, .F. ) ;
#3356 = CYLINDRICAL_SURFACE ( 'NONE', #894, 0.1250000000000000000 ) ;
#3357 = PLANE ( 'NONE',  #2459 ) ;
#3358 = LINE ( 'NONE', #2449, #3971 ) ;
#3359 = EDGE_CURVE ( 'NONE', #878, #3591, #2677, .T. ) ;
#3360 = CARTESIAN_POINT ( 'NONE',  ( -2.450000000000000178, 0.1497944302131754835, -0.1874999999999999445 ) ) ;
#3361 = CARTESIAN_POINT ( 'NONE',  ( -1.500000000000000444, 0.6999999999999948486, -0.8374999999999999112 ) ) ;
#3362 = ORIENTED_EDGE ( 'NONE', *, *, #1199, .F. ) ;
#3363 = ORIENTED_EDGE ( 'NONE', *, *, #1857, .F. ) ;
#3364 = DIRECTION ( 'NONE',  ( -0.2897587163337057015, -0.9570997264175991059, 0.000000000000000000 ) ) ;
#3365 = EDGE_LOOP ( 'NONE', ( #1900, #3872, #1873, #3728 ) ) ;
#3366 = ADVANCED_FACE ( 'NONE', ( #3931 ), #1363, .T. ) ;
#3367 = CARTESIAN_POINT ( 'NONE',  ( 1.992520253732025237, 0.4620691699717939804, 0.1874999999999999445 ) ) ;
#3368 = LINE ( 'NONE', #1100, #3764 ) ;
#3369 = CIRCLE ( 'NONE', #777, 0.1849999999999998312 ) ;
#3370 = AXIS2_PLACEMENT_3D ( 'NONE', #2853, #1017, #2287 ) ;
#3371 = ORIENTED_EDGE ( 'NONE', *, *, #3405, .F. ) ;
#3372 = FACE_OUTER_BOUND ( 'NONE', #663, .T. ) ;
#3373 = VECTOR ( 'NONE', #3878, 999.9999999999998863 ) ;
#3374 = CYLINDRICAL_SURFACE ( 'NONE', #2177, 0.1849999999999998312 ) ;
#3375 = EDGE_CURVE ( 'NONE', #3284, #3113, #1342, .T. ) ;
#3376 = ORIENTED_EDGE ( 'NONE', *, *, #2880, .T. ) ;
#3377 = VECTOR ( 'NONE', #2171, 1000.000000000000000 ) ;
#3378 = EDGE_CURVE ( 'NONE', #1783, #75, #147, .T. ) ;
#3379 = CARTESIAN_POINT ( 'NONE',  ( -2.220628408349885508, 0.3470691699717879941, 0.4625000000000000222 ) ) ;
#3380 = ORIENTED_EDGE ( 'NONE', *, *, #438, .T. ) ;
#3381 = DIRECTION ( 'NONE',  ( -1.000000000000000000, -6.307467175508965595E-16, 0.000000000000000000 ) ) ;
#3382 = DIRECTION ( 'NONE',  ( 0.9986295347545742773, -0.05233595624293647941, 0.000000000000000000 ) ) ;
#3383 = CARTESIAN_POINT ( 'NONE',  ( 1.671891845382139641, 0.6999999999999948486, 1.112500000000000044 ) ) ;
#3384 = EDGE_CURVE ( 'NONE', #487, #724, #91, .T. ) ;
#3385 = VECTOR ( 'NONE', #1300, 1000.000000000000000 ) ;
#3386 = DIRECTION ( 'NONE',  ( -0.000000000000000000, -0.000000000000000000, -1.000000000000000000 ) ) ;
#3387 = VECTOR ( 'NONE', #2094, 999.9999999999998863 ) ;
#3388 = CARTESIAN_POINT ( 'NONE',  ( -2.203095863008502686, 0.01252827582901618921, 0.1874999999999999445 ) ) ;
#3389 = EDGE_LOOP ( 'NONE', ( #1996, #2000, #490, #1961 ) ) ;
#3390 = CARTESIAN_POINT ( 'NONE',  ( 1.500000000000000444, 0.6999999999999948486, 0.4625000000000000222 ) ) ;
#3391 = ORIENTED_EDGE ( 'NONE', *, *, #1465, .F. ) ;
#3392 = DIRECTION ( 'NONE',  ( -0.2897587163337057015, 0.9570997264175991059, -0.000000000000000000 ) ) ;
#3393 = EDGE_CURVE ( 'NONE', #376, #1196, #1388, .T. ) ;
#3394 = ORIENTED_EDGE ( 'NONE', *, *, #645, .T. ) ;
#3395 = DIRECTION ( 'NONE',  ( -0.000000000000000000, -0.000000000000000000, -1.000000000000000000 ) ) ;
#3396 = CARTESIAN_POINT ( 'NONE',  ( 2.220628408349885508, 0.3470691699717879941, -0.4625000000000000222 ) ) ;
#3397 = ORIENTED_EDGE ( 'NONE', *, *, #344, .F. ) ;
#3398 = EDGE_LOOP ( 'NONE', ( #3772, #3868, #1678, #2090 ) ) ;
#3399 = CARTESIAN_POINT ( 'NONE',  ( 2.442149606563560393, -3.252606517456513302E-16, -0.1874999999999999445 ) ) ;
#3400 = VERTEX_POINT ( 'NONE', #3618 ) ;
#3401 = DIRECTION ( 'NONE',  ( 1.000000000000000000, 0.000000000000000000, 0.000000000000000000 ) ) ;
#3402 = DIRECTION ( 'NONE',  ( -0.000000000000000000, -0.000000000000000000, -1.000000000000000000 ) ) ;
#3403 = FACE_OUTER_BOUND ( 'NONE', #827, .T. ) ;
#3404 = CARTESIAN_POINT ( 'NONE',  ( 2.442149606563560393, -3.252606517456513302E-16, -0.1874999999999999445 ) ) ;
#3405 = EDGE_CURVE ( 'NONE', #376, #2808, #1418, .T. ) ;
#3406 = ORIENTED_EDGE ( 'NONE', *, *, #272, .T. ) ;
#3407 = EDGE_CURVE ( 'NONE', #565, #3645, #2336, .T. ) ;
#3408 = PRODUCT_CONTEXT ( 'NONE', #1251, 'mechanical' ) ;
#3409 = LINE ( 'NONE', #4055, #3185 ) ;
#3410 = ORIENTED_EDGE ( 'NONE', *, *, #3190, .T. ) ;
#3411 = DIRECTION ( 'NONE',  ( 0.000000000000000000, 1.000000000000000000, 0.000000000000000000 ) ) ;
#3412 = EDGE_CURVE ( 'NONE', #2978, #897, #3334, .T. ) ;
#3413 = EDGE_CURVE ( 'NONE', #1421, #3611, #4104, .T. ) ;
#3414 = EDGE_LOOP ( 'NONE', ( #2226, #1860, #315, #1649 ) ) ;
#3415 = CARTESIAN_POINT ( 'NONE',  ( 2.203095863008502686, 0.01252827582901618921, 0.8374999999999999112 ) ) ;
#3416 = CARTESIAN_POINT ( 'NONE',  ( -1.671891845382139419, 0.5500000000000054845, -0.1874999999999999445 ) ) ;
#3417 = ORIENTED_EDGE ( 'NONE', *, *, #280, .T. ) ;
#3418 = CARTESIAN_POINT ( 'NONE',  ( -1.671891845382139641, 0.6999999999999948486, 0.8374999999999999112 ) ) ;
#3419 = EDGE_CURVE ( 'NONE', #1501, #2978, #3949, .T. ) ;
#3420 = VERTEX_POINT ( 'NONE', #1103 ) ;
#3421 = DIRECTION ( 'NONE',  ( 0.05233595624293625043, -0.9986295347545743883, 0.000000000000000000 ) ) ;
#3422 = VERTEX_POINT ( 'NONE', #2377 ) ;
#3423 = DIRECTION ( 'NONE',  ( -0.000000000000000000, -0.000000000000000000, -1.000000000000000000 ) ) ;
#3424 = UNCERTAINTY_MEASURE_WITH_UNIT (LENGTH_MEASURE( 1.000000000000000082E-05 ), #1864, 'distance_accuracy_value', 'NONE');
#3425 = DIRECTION ( 'NONE',  ( -0.9986295347545742773, 0.05233595624293647247, -0.000000000000000000 ) ) ;
#3426 = CARTESIAN_POINT ( 'NONE',  ( 2.220628408349885508, 0.3470691699717879941, -0.4625000000000000222 ) ) ;
#3427 = VECTOR ( 'NONE', #2701, 1000.000000000000227 ) ;
#3428 = DIRECTION ( 'NONE',  ( 0.05233595624293625043, -0.9986295347545743883, 0.000000000000000000 ) ) ;
#3429 = DIRECTION ( 'NONE',  ( 0.9570997264175989949, 0.2897587163337060345, -0.000000000000000000 ) ) ;
#3430 = ORIENTED_EDGE ( 'NONE', *, *, #4013, .F. ) ;
#3431 = DIRECTION ( 'NONE',  ( 0.000000000000000000, 0.000000000000000000, 1.000000000000000000 ) ) ;
#3432 = EDGE_CURVE ( 'NONE', #434, #950, #1745, .T. ) ;
#3433 = EDGE_LOOP ( 'NONE', ( #457, #693, #3855, #574 ) ) ;
#3434 = DIRECTION ( 'NONE',  ( 1.000000000000000000, 0.000000000000000000, 0.000000000000000000 ) ) ;
#3435 = ORIENTED_EDGE ( 'NONE', *, *, #1767, .F. ) ;
#3436 = LINE ( 'NONE', #1274, #3902 ) ;
#3437 = DIRECTION ( 'NONE',  ( -1.000000000000000000, -0.000000000000000000, -0.000000000000000000 ) ) ;
#3438 = AXIS2_PLACEMENT_3D ( 'NONE', #3893, #1044, #3275 ) ;
#3439 = CIRCLE ( 'NONE', #4034, 0.3349999999999893618 ) ;
#3440 = DIRECTION ( 'NONE',  ( 1.000000000000000000, 0.000000000000000000, 0.000000000000000000 ) ) ;
#3441 = ORIENTED_EDGE ( 'NONE', *, *, #219, .F. ) ;
#3442 = AXIS2_PLACEMENT_3D ( 'NONE', #874, #1744, #1763 ) ;
#3443 = DIRECTION ( 'NONE',  ( 0.2897587163337057570, -0.9570997264175991059, 0.000000000000000000 ) ) ;
#3444 = EDGE_LOOP ( 'NONE', ( #2722, #3908, #1892, #1732 ) ) ;
#3445 = PLANE ( 'NONE',  #226 ) ;
#3446 = PLANE ( 'NONE',  #1327 ) ;
#3447 = LINE ( 'NONE', #2779, #56 ) ;
#3448 = AXIS2_PLACEMENT_3D ( 'NONE', #3983, #3056, #1135 ) ;
#3449 = ADVANCED_FACE ( 'NONE', ( #4061, #875 ), #166, .F. ) ;
#3450 = FACE_OUTER_BOUND ( 'NONE', #1434, .T. ) ;
#3451 = CARTESIAN_POINT ( 'NONE',  ( 2.450000000000000178, 0.1497944302131754835, -0.1874999999999999445 ) ) ;
#3452 = CYLINDRICAL_SURFACE ( 'NONE', #2044, 0.1849999999999998312 ) ;
#3453 = AXIS2_PLACEMENT_3D ( 'NONE', #619, #3992, #1144 ) ;
#3454 = PRESENTATION_LAYER_ASSIGNMENT (  '', '', ( #3910 ) ) ;
#3455 = EDGE_LOOP ( 'NONE', ( #3017, #3527, #252, #3679 ) ) ;
#3456 = CARTESIAN_POINT ( 'NONE',  ( 1.992520253732025237, 0.4620691699717939804, -0.4625000000000000222 ) ) ;
#3457 = ORIENTED_EDGE ( 'NONE', *, *, #2073, .F. ) ;
#3458 = DIRECTION ( 'NONE',  ( 0.9570997264175989949, 0.2897587163337060345, -0.000000000000000000 ) ) ;
#3459 = MECHANICAL_DESIGN_GEOMETRIC_PRESENTATION_REPRESENTATION (  '', ( #2927 ), #945 ) ;
#3460 = DIRECTION ( 'NONE',  ( 0.05233595624293625043, 0.9986295347545743883, -0.000000000000000000 ) ) ;
#3461 = FACE_OUTER_BOUND ( 'NONE', #2898, .T. ) ;
#3462 = VERTEX_POINT ( 'NONE', #2077 ) ;
#3463 = AXIS2_PLACEMENT_3D ( 'NONE', #3940, #3266, #1737 ) ;
#3464 = EDGE_CURVE ( 'NONE', #3093, #3176, #2376, .T. ) ;
#3465 = CARTESIAN_POINT ( 'NONE',  ( -1.671891845382139641, 0.3650000000000053757, -0.8374999999999999112 ) ) ;
#3466 = ORIENTED_EDGE ( 'NONE', *, *, #1197, .T. ) ;
#3467 = LINE ( 'NONE', #1592, #599 ) ;
#3468 = VERTEX_POINT ( 'NONE', #3678 ) ;
#3469 = LINE ( 'NONE', #2236, #1160 ) ;
#3470 = CARTESIAN_POINT ( 'NONE',  ( -1.500000000000000444, 0.5500000000000053735, -0.4625000000000000222 ) ) ;
#3471 = DIRECTION ( 'NONE',  ( 0.05233595624293625043, 0.9986295347545743883, -0.000000000000000000 ) ) ;
#3472 = VECTOR ( 'NONE', #351, 1000.000000000000000 ) ;
#3473 = DIRECTION ( 'NONE',  ( -1.000000000000000000, 0.000000000000000000, 0.000000000000000000 ) ) ;
#3474 = FILL_AREA_STYLE ('',( #3240 ) ) ;
#3475 = ORIENTED_EDGE ( 'NONE', *, *, #1522, .T. ) ;
#3476 = ADVANCED_FACE ( 'NONE', ( #3108 ), #3374, .F. ) ;
#3477 = DIRECTION ( 'NONE',  ( -0.000000000000000000, -0.000000000000000000, -1.000000000000000000 ) ) ;
#3478 = LINE ( 'NONE', #3193, #2460 ) ;
#3479 = ORIENTED_EDGE ( 'NONE', *, *, #340, .T. ) ;
#3480 = LINE ( 'NONE', #3214, #654 ) ;
#3481 = EDGE_CURVE ( 'NONE', #2059, #2414, #2145, .T. ) ;
#3482 = PLANE ( 'NONE',  #49 ) ;
#3483 = ORIENTED_EDGE ( 'NONE', *, *, #1101, .T. ) ;
#3484 = DIRECTION ( 'NONE',  ( -1.000000000000000000, 0.000000000000000000, 0.000000000000000000 ) ) ;
#3485 = ORIENTED_EDGE ( 'NONE', *, *, #3286, .F. ) ;
#3486 = DIRECTION ( 'NONE',  ( 0.000000000000000000, 1.000000000000000000, 0.000000000000000000 ) ) ;
#3487 = ORIENTED_EDGE ( 'NONE', *, *, #842, .T. ) ;
#3488 = CARTESIAN_POINT ( 'NONE',  ( 2.450000000000000178, 0.1497944302131754835, 0.8374999999999999112 ) ) ;
#3489 = DIRECTION ( 'NONE',  ( -0.000000000000000000, -0.000000000000000000, -1.000000000000000000 ) ) ;
#3490 = LINE ( 'NONE', #642, #1871 ) ;
#3491 = DIRECTION ( 'NONE',  ( 1.000000000000000000, 6.307467175508965595E-16, -0.000000000000000000 ) ) ;
#3492 = SURFACE_STYLE_USAGE ( .BOTH. , #286 ) ;
#3493 = ADVANCED_FACE ( 'NONE', ( #1458 ), #2163, .F. ) ;
#3494 = DIRECTION ( 'NONE',  ( 0.9986295347545742773, 0.05233595624293681248, 0.000000000000000000 ) ) ;
#3495 = VECTOR ( 'NONE', #759, 1000.000000000000000 ) ;
#3496 = ORIENTED_EDGE ( 'NONE', *, *, #3255, .T. ) ;
#3497 = FACE_OUTER_BOUND ( 'NONE', #45, .T. ) ;
#3498 = DIRECTION ( 'NONE',  ( -0.000000000000000000, -0.000000000000000000, -1.000000000000000000 ) ) ;
#3499 = ORIENTED_EDGE ( 'NONE', *, *, #305, .T. ) ;
#3500 = DIRECTION ( 'NONE',  ( -0.000000000000000000, -0.000000000000000000, -1.000000000000000000 ) ) ;
#3501 = LINE ( 'NONE', #1230, #2035 ) ;
#3502 = ORIENTED_EDGE ( 'NONE', *, *, #3743, .T. ) ;
#3503 = EDGE_LOOP ( 'NONE', ( #1364, #2877, #2534, #4042, #3989, #1172, #1791, #2068, #3558, #912, #2142, #582 ) ) ;
#3504 = DIRECTION ( 'NONE',  ( 1.000000000000000000, 0.000000000000000000, 0.000000000000000000 ) ) ;
#3505 = ORIENTED_EDGE ( 'NONE', *, *, #2224, .F. ) ;
#3506 = AXIS2_PLACEMENT_3D ( 'NONE', #3555, #2016, #3615 ) ;
#3507 = CARTESIAN_POINT ( 'NONE',  ( 2.220628408349885508, 0.3470691699717879941, 0.8374999999999999112 ) ) ;
#3508 = DIRECTION ( 'NONE',  ( 0.000000000000000000, 0.000000000000000000, 1.000000000000000000 ) ) ;
#3509 = FILL_AREA_STYLE_COLOUR ( '', #2202 ) ;
#3510 = AXIS2_PLACEMENT_3D ( 'NONE', #304, #2842, #4107 ) ;
#3511 = CIRCLE ( 'NONE', #2916, 0.1849999999999998312 ) ;
#3512 = LINE ( 'NONE', #906, #1576 ) ;
#3513 = LINE ( 'NONE', #3222, #2003 ) ;
#3514 =( LENGTH_UNIT ( ) NAMED_UNIT ( * ) SI_UNIT ( .MILLI., .METRE. ) );
#3515 = EDGE_CURVE ( 'NONE', #29, #434, #916, .T. ) ;
#3516 = ORIENTED_EDGE ( 'NONE', *, *, #2553, .T. ) ;
#3517 = DIRECTION ( 'NONE',  ( 0.000000000000000000, -0.2588190451025183525, 0.9659258262890689783 ) ) ;
#3518 = DIRECTION ( 'NONE',  ( -0.2505628070857320866, -0.9351131265310290708, -0.2505628070857320866 ) ) ;
#3519 = EDGE_CURVE ( 'NONE', #1045, #4094, #3247, .T. ) ;
#3520 = VECTOR ( 'NONE', #253, 1000.000000000000000 ) ;
#3521 = VECTOR ( 'NONE', #3015, 1000.000000000000000 ) ;
#3522 = VECTOR ( 'NONE', #1011, 1000.000000000000000 ) ;
#3523 = ORIENTED_EDGE ( 'NONE', *, *, #1, .F. ) ;
#3524 = VECTOR ( 'NONE', #584, 999.9999999999998863 ) ;
#3525 = DIRECTION ( 'NONE',  ( -1.000000000000000000, 0.000000000000000000, 0.000000000000000000 ) ) ;
#3526 = ORIENTED_EDGE ( 'NONE', *, *, #645, .F. ) ;
#3527 = ORIENTED_EDGE ( 'NONE', *, *, #2936, .F. ) ;
#3528 = LINE ( 'NONE', #349, #657 ) ;
#3529 = AXIS2_PLACEMENT_3D ( 'NONE', #699, #3012, #740 ) ;
#3530 = LINE ( 'NONE', #350, #1395 ) ;
#3531 = PLANE ( 'NONE',  #1129 ) ;
#3532 = DIRECTION ( 'NONE',  ( -0.000000000000000000, -0.000000000000000000, -1.000000000000000000 ) ) ;
#3533 = ORIENTED_EDGE ( 'NONE', *, *, #1556, .T. ) ;
#3534 = CARTESIAN_POINT ( 'NONE',  ( 1.500000000000000444, 0.6999999999999948486, -0.8374999999999999112 ) ) ;
#3535 = LINE ( 'NONE', #314, #4116 ) ;
#3536 = ADVANCED_FACE ( 'NONE', ( #2792 ), #489, .T. ) ;
#3537 = CARTESIAN_POINT ( 'NONE',  ( -1.900000000000000133, 0.2499999999999994726, -0.1874999999999999445 ) ) ;
#3538 = EDGE_LOOP ( 'NONE', ( #3619, #2948, #4027, #3311 ) ) ;
#3539 = ORIENTED_EDGE ( 'NONE', *, *, #3419, .F. ) ;
#3540 = DIRECTION ( 'NONE',  ( 1.000000000000000000, 0.000000000000000000, 0.000000000000000000 ) ) ;
#3541 = DIRECTION ( 'NONE',  ( -0.000000000000000000, -0.000000000000000000, -1.000000000000000000 ) ) ;
#3542 = ORIENTED_EDGE ( 'NONE', *, *, #1768, .F. ) ;
#3543 = ADVANCED_FACE ( 'NONE', ( #854 ), #1211, .F. ) ;
#3544 = VECTOR ( 'NONE', #2748, 1000.000000000000000 ) ;
#3545 = FACE_OUTER_BOUND ( 'NONE', #3329, .T. ) ;
#3546 = CARTESIAN_POINT ( 'NONE',  ( -1.671891845382139641, 0.6999999999999948486, 0.1874999999999999445 ) ) ;
#3547 = PRESENTATION_STYLE_ASSIGNMENT (( #3188 ) ) ;
#3548 = ORIENTED_EDGE ( 'NONE', *, *, #415, .F. ) ;
#3549 = LINE ( 'NONE', #358, #1105 ) ;
#3550 = PLANE ( 'NONE',  #2324 ) ;
#3551 = ADVANCED_FACE ( 'NONE', ( #2758 ), #3047, .F. ) ;
#3553 = EDGE_CURVE ( 'NONE', #2093, #3117, #2770, .T. ) ;
#3552 = CARTESIAN_POINT ( 'NONE',  ( -2.220628408349885508, 0.3470691699717879941, -1.112500000000000044 ) ) ;
#3554 = ORIENTED_EDGE ( 'NONE', *, *, #1746, .F. ) ;
#3555 = CARTESIAN_POINT ( 'NONE',  ( -2.220628408349885508, 0.3470691699717879941, 0.1874999999999999445 ) ) ;
#3556 = ORIENTED_EDGE ( 'NONE', *, *, #1335, .F. ) ;
#3557 = EDGE_CURVE ( 'NONE', #2544, #3093, #3998, .T. ) ;
#3558 = ORIENTED_EDGE ( 'NONE', *, *, #3063, .F. ) ;
#3559 = PLANE ( 'NONE',  #2914 ) ;
#3560 = DIRECTION ( 'NONE',  ( -0.000000000000000000, -0.000000000000000000, -1.000000000000000000 ) ) ;
#3561 = VECTOR ( 'NONE', #2847, 1000.000000000000000 ) ;
#3562 = ORIENTED_EDGE ( 'NONE', *, *, #588, .F. ) ;
#3563 = FACE_OUTER_BOUND ( 'NONE', #2351, .T. ) ;
#3564 = VERTEX_POINT ( 'NONE', #896 ) ;
#3565 = LINE ( 'NONE', #3607, #3495 ) ;
#3566 = FACE_BOUND ( 'NONE', #2069, .T. ) ;
#3567 = LINE ( 'NONE', #452, #2884 ) ;
#3568 = EDGE_CURVE ( 'NONE', #2964, #3897, #209, .T. ) ;
#3569 = VECTOR ( 'NONE', #2863, 999.9999999999998863 ) ;
#3570 = ORIENTED_EDGE ( 'NONE', *, *, #3553, .F. ) ;
#3571 = CARTESIAN_POINT ( 'NONE',  ( 2.210946256444942470, 0.1623227060421919277, -0.4625000000000000222 ) ) ;
#3572 = CARTESIAN_POINT ( 'NONE',  ( 2.203095863008502686, 0.01252827582901618921, 1.112500000000000044 ) ) ;
#3573 = VECTOR ( 'NONE', #71, 1000.000000000000000 ) ;
#3574 = AXIS2_PLACEMENT_3D ( 'NONE', #2308, #2690, #3651 ) ;
#3575 = VERTEX_POINT ( 'NONE', #2440 ) ;
#3576 = DIRECTION ( 'NONE',  ( 1.000000000000000000, 0.000000000000000000, 0.000000000000000000 ) ) ;
#3577 = ORIENTED_EDGE ( 'NONE', *, *, #709, .T. ) ;
#3578 = DIRECTION ( 'NONE',  ( -0.000000000000000000, -0.000000000000000000, -1.000000000000000000 ) ) ;
#3579 = ORIENTED_EDGE ( 'NONE', *, *, #3585, .F. ) ;
#3580 = VECTOR ( 'NONE', #1835, 1000.000000000000000 ) ;
#3581 = AXIS2_PLACEMENT_3D ( 'NONE', #2200, #2893, #2603 ) ;
#3582 = CARTESIAN_POINT ( 'NONE',  ( 2.043564958962630129, 0.2934638074500524052, 0.4625000000000000222 ) ) ;
#3583 = DIRECTION ( 'NONE',  ( -0.000000000000000000, -0.000000000000000000, -1.000000000000000000 ) ) ;
#3584 = EDGE_LOOP ( 'NONE', ( #2192, #2669, #157, #968 ) ) ;
#3585 = EDGE_CURVE ( 'NONE', #151, #4073, #3700, .T. ) ;
#3586 = DIRECTION ( 'NONE',  ( 0.05233595624293625043, 0.9986295347545743883, -0.000000000000000000 ) ) ;
#3587 = DIRECTION ( 'NONE',  ( -1.000000000000000000, -0.000000000000000000, -0.000000000000000000 ) ) ;
#3588 = DIRECTION ( 'NONE',  ( 0.000000000000000000, -1.000000000000000000, 0.000000000000000000 ) ) ;
#3589 = PLANE ( 'NONE',  #2316 ) ;
#3590 = EDGE_CURVE ( 'NONE', #151, #1660, #3089, .T. ) ;
#3591 = VERTEX_POINT ( 'NONE', #318 ) ;
#3592 = LINE ( 'NONE', #1371, #1133 ) ;
#3593 =( LENGTH_UNIT ( ) NAMED_UNIT ( * ) SI_UNIT ( .MILLI., .METRE. ) );
#3594 = EDGE_CURVE ( 'NONE', #2048, #2050, #3763, .T. ) ;
#3595 = APPLICATION_PROTOCOL_DEFINITION ( 'draft international standard', 'automotive_design', 1998, #1251 ) ;
#3596 = VECTOR ( 'NONE', #1222, 1000.000000000000000 ) ;
#3597 = ORIENTED_EDGE ( 'NONE', *, *, #352, .T. ) ;
#3598 = CARTESIAN_POINT ( 'NONE',  ( 2.203095863008502686, 0.01252827582901618921, -0.8374999999999999112 ) ) ;
#3599 = DIRECTION ( 'NONE',  ( -0.9986295347545742773, 0.05233595624293647247, -0.000000000000000000 ) ) ;
#3600 = EDGE_CURVE ( 'NONE', #1056, #937, #2910, .T. ) ;
#3601 = CARTESIAN_POINT ( 'NONE',  ( 1.900000000000000133, 0.2499999999999994726, 1.112500000000000044 ) ) ;
#3602 = DIRECTION ( 'NONE',  ( -0.000000000000000000, -0.000000000000000000, -1.000000000000000000 ) ) ;
#3603 = ORIENTED_EDGE ( 'NONE', *, *, #1264, .T. ) ;
#3604 = EDGE_CURVE ( 'NONE', #478, #3400, #1589, .T. ) ;
#3605 = DIRECTION ( 'NONE',  ( -0.9986295347545742773, -0.05233595624293647247, 0.000000000000000000 ) ) ;
#3606 = ORIENTED_EDGE ( 'NONE', *, *, #3320, .T. ) ;
#3607 = CARTESIAN_POINT ( 'NONE',  ( -2.442149606563560393, -3.252606517456513302E-16, -0.8374999999999999112 ) ) ;
#3608 = FILL_AREA_STYLE ('',( #2341 ) ) ;
#3609 = LINE ( 'NONE', #2953, #559 ) ;
#3610 = LINE ( 'NONE', #764, #3860 ) ;
#3611 = VERTEX_POINT ( 'NONE', #1276 ) ;
#3612 = CARTESIAN_POINT ( 'NONE',  ( 0.000000000000000000, 0.000000000000000000, 0.000000000000000000 ) ) ;
#3613 = ORIENTED_EDGE ( 'NONE', *, *, #3841, .T. ) ;
#3614 = PLANE ( 'NONE',  #2259 ) ;
#3615 = DIRECTION ( 'NONE',  ( 1.000000000000000000, 0.000000000000000000, 0.000000000000000000 ) ) ;
#3616 = VECTOR ( 'NONE', #3423, 1000.000000000000000 ) ;
#3617 = CARTESIAN_POINT ( 'NONE',  ( 1.671891845382139419, 0.5500000000000054845, 1.112500000000000044 ) ) ;
#3618 = CARTESIAN_POINT ( 'NONE',  ( -2.043564958962630129, 0.2934638074500523497, -1.112500000000000044 ) ) ;
#3619 = ORIENTED_EDGE ( 'NONE', *, *, #2457, .T. ) ;
#3620 = DIRECTION ( 'NONE',  ( -1.000000000000000000, 0.000000000000000000, 0.000000000000000000 ) ) ;
#3621 = DIRECTION ( 'NONE',  ( 0.05233595624293681942, 0.9986295347545742773, -0.000000000000000000 ) ) ;
#3622 = LINE ( 'NONE', #781, #1187 ) ;
#3623 = ORIENTED_EDGE ( 'NONE', *, *, #1446, .T. ) ;
#3624 = LINE ( 'NONE', #785, #2397 ) ;
#3625 = DIRECTION ( 'NONE',  ( -0.000000000000000000, 0.000000000000000000, -1.000000000000000000 ) ) ;
#3626 = CIRCLE ( 'NONE', #583, 0.3349999999999893618 ) ;
#3627 = VECTOR ( 'NONE', #3395, 1000.000000000000000 ) ;
#3628 = VECTOR ( 'NONE', #374, 1000.000000000000227 ) ;
#3629 = ORIENTED_EDGE ( 'NONE', *, *, #34, .T. ) ;
#3630 = CYLINDRICAL_SURFACE ( 'NONE', #125, 0.1250000000000000000 ) ;
#3631 = DIRECTION ( 'NONE',  ( -0.000000000000000000, 0.000000000000000000, -1.000000000000000000 ) ) ;
#3632 = AXIS2_PLACEMENT_3D ( 'NONE', #1839, #1201, #864 ) ;
#3633 = VERTEX_POINT ( 'NONE', #1854 ) ;
#3634 = DIRECTION ( 'NONE',  ( -0.9986295347545742773, -0.05233595624293647247, 0.000000000000000000 ) ) ;
#3635 = LINE ( 'NONE', #1652, #794 ) ;
#3636 = AXIS2_PLACEMENT_3D ( 'NONE', #4083, #2535, #3576 ) ;
#3637 = ORIENTED_EDGE ( 'NONE', *, *, #1603, .F. ) ;
#3638 = MECHANICAL_DESIGN_GEOMETRIC_PRESENTATION_REPRESENTATION (  '', ( #3124 ), #2921 ) ;
#3639 = VECTOR ( 'NONE', #993, 1000.000000000000000 ) ;
#3640 = DIRECTION ( 'NONE',  ( 0.000000000000000000, -1.000000000000000000, 0.000000000000000000 ) ) ;
#3641 = EDGE_LOOP ( 'NONE', ( #3597, #1378, #2380, #979 ) ) ;
#3642 = DIRECTION ( 'NONE',  ( 1.000000000000000000, 0.000000000000000000, 0.000000000000000000 ) ) ;
#3643 = DIRECTION ( 'NONE',  ( -1.000000000000000000, 0.000000000000000000, 0.000000000000000000 ) ) ;
#3644 = AXIS2_PLACEMENT_3D ( 'NONE', #4119, #2878, #1272 ) ;
#3645 = VERTEX_POINT ( 'NONE', #3134 ) ;
#3646 = LINE ( 'NONE', #3360, #2079 ) ;
#3647 = LINE ( 'NONE', #3941, #796 ) ;
#3648 = EDGE_CURVE ( 'NONE', #441, #267, #2211, .T. ) ;
#3649 = VECTOR ( 'NONE', #2006, 1000.000000000000000 ) ;
#3650 = ORIENTED_EDGE ( 'NONE', *, *, #1220, .T. ) ;
#3651 = DIRECTION ( 'NONE',  ( 0.000000000000000000, 0.9659258262890680902, -0.2588190451025213501 ) ) ;
#3652 = ORIENTED_EDGE ( 'NONE', *, *, #1071, .F. ) ;
#3653 = EDGE_CURVE ( 'NONE', #1045, #1723, #2503, .T. ) ;
#3654 = CARTESIAN_POINT ( 'NONE',  ( -2.450000000000000178, 0.1497944302131754835, 0.4625000000000000222 ) ) ;
#3655 = DIRECTION ( 'NONE',  ( -0.000000000000000000, -0.000000000000000000, -1.000000000000000000 ) ) ;
#3656 = PRESENTATION_LAYER_ASSIGNMENT (  '', '', ( #3800 ) ) ;
#3657 = AXIS2_PLACEMENT_3D ( 'NONE', #998, #3532, #2825 ) ;
#3658 = EDGE_CURVE ( 'NONE', #1610, #267, #3501, .T. ) ;
#3659 = CARTESIAN_POINT ( 'NONE',  ( -2.442149606563560393, -3.252606517456513302E-16, -1.112500000000000044 ) ) ;
#3660 = CARTESIAN_POINT ( 'NONE',  ( -1.100000000000000311, 1.050000000000000044, -0.9749999999999998668 ) ) ;
#3661 = LINE ( 'NONE', #3399, #1259 ) ;
#3662 = ORIENTED_EDGE ( 'NONE', *, *, #984, .T. ) ;
#3663 = DIRECTION ( 'NONE',  ( -0.000000000000000000, -0.000000000000000000, -1.000000000000000000 ) ) ;
#3664 = DIRECTION ( 'NONE',  ( -0.000000000000000000, -1.000000000000000000, -0.000000000000000000 ) ) ;
#3665 = LINE ( 'NONE', #824, #3671 ) ;
#3666 = VERTEX_POINT ( 'NONE', #2550 ) ;
#3667 = ORIENTED_EDGE ( 'NONE', *, *, #1475, .F. ) ;
#3668 = CARTESIAN_POINT ( 'NONE',  ( -1.992520253732025237, 0.4620691699717939804, -0.1874999999999999445 ) ) ;
#3669 = VERTEX_POINT ( 'NONE', #273 ) ;
#3670 = EDGE_CURVE ( 'NONE', #2319, #937, #2861, .T. ) ;
#3671 = VECTOR ( 'NONE', #2087, 1000.000000000000000 ) ;
#3672 = DIRECTION ( 'NONE',  ( 0.000000000000000000, 1.000000000000000000, 0.000000000000000000 ) ) ;
#3673 = EDGE_CURVE ( 'NONE', #1796, #1232, #920, .T. ) ;
#3674 = FACE_OUTER_BOUND ( 'NONE', #3455, .T. ) ;
#3675 = EDGE_CURVE ( 'NONE', #1750, #3264, #1546, .T. ) ;
#3676 = VECTOR ( 'NONE', #3587, 1000.000000000000000 ) ;
#3677 = LINE ( 'NONE', #834, #1841 ) ;
#3678 = CARTESIAN_POINT ( 'NONE',  ( -1.100000000000000311, 1.100000000000000089, -0.9749999999999998668 ) ) ;
#3679 = ORIENTED_EDGE ( 'NONE', *, *, #4032, .T. ) ;
#3680 = EDGE_CURVE ( 'NONE', #2614, #3815, #2231, .T. ) ;
#3681 = ADVANCED_FACE ( 'NONE', ( #3461 ), #3482, .F. ) ;
#3682 = CARTESIAN_POINT ( 'NONE',  ( -2.450000000000000178, 0.1497944302131754835, -0.4625000000000000222 ) ) ;
#3683 = ORIENTED_EDGE ( 'NONE', *, *, #1345, .T. ) ;
#3684 = DIRECTION ( 'NONE',  ( -6.307467175508965595E-16, 1.000000000000000000, 0.000000000000000000 ) ) ;
#3685 = DIRECTION ( 'NONE',  ( 0.000000000000000000, -0.2588190451025213501, 0.9659258262890680902 ) ) ;
#3686 = DIRECTION ( 'NONE',  ( -0.000000000000000000, -0.000000000000000000, -1.000000000000000000 ) ) ;
#3687 = CARTESIAN_POINT ( 'NONE',  ( 2.210946256444942470, 0.1623227060421919277, 1.112500000000000044 ) ) ;
#3688 = FACE_OUTER_BOUND ( 'NONE', #412, .T. ) ;
#3689 = EDGE_CURVE ( 'NONE', #2276, #2934, #1513, .T. ) ;
#3690 = FACE_OUTER_BOUND ( 'NONE', #503, .T. ) ;
#3691 = ORIENTED_EDGE ( 'NONE', *, *, #2860, .F. ) ;
#3692 = DIRECTION ( 'NONE',  ( 0.000000000000000000, 0.000000000000000000, 1.000000000000000000 ) ) ;
#3693 = LINE ( 'NONE', #1869, #711 ) ;
#3694 = AXIS2_PLACEMENT_3D ( 'NONE', #2859, #590, #23 ) ;
#3695 = AXIS2_PLACEMENT_3D ( 'NONE', #40, #2830, #4093 ) ;
#3696 = EDGE_CURVE ( 'NONE', #2378, #3875, #608, .T. ) ;
#3697 = VECTOR ( 'NONE', #1833, 1000.000000000000000 ) ;
#3698 = CARTESIAN_POINT ( 'NONE',  ( -1.671891845382139641, 0.3650000000000053757, 0.4625000000000000222 ) ) ;
#3699 = VECTOR ( 'NONE', #1087, 1000.000000000000000 ) ;
#3700 = LINE ( 'NONE', #2126, #454 ) ;
#3701 = ORIENTED_EDGE ( 'NONE', *, *, #3286, .T. ) ;
#3702 = ORIENTED_EDGE ( 'NONE', *, *, #3957, .F. ) ;
#3703 = CARTESIAN_POINT ( 'NONE',  ( 1.671891845382139641, 0.3650000000000053757, 0.4625000000000000222 ) ) ;
#3704 = ORIENTED_EDGE ( 'NONE', *, *, #748, .F. ) ;
#3705 = ADVANCED_FACE ( 'NONE', ( #2118 ), #2807, .F. ) ;
#3706 = AXIS2_PLACEMENT_3D ( 'NONE', #818, #1150, #2423 ) ;
#3707 = CARTESIAN_POINT ( 'NONE',  ( 1.900000000000000133, 0.2499999999999994726, -0.1874999999999999445 ) ) ;
#3708 =( GEOMETRIC_REPRESENTATION_CONTEXT ( 3 ) GLOBAL_UNCERTAINTY_ASSIGNED_CONTEXT ( ( #4046 ) ) GLOBAL_UNIT_ASSIGNED_CONTEXT ( ( #1055, #2323, #153 ) ) REPRESENTATION_CONTEXT ( 'NONE', 'WORKASPACE' ) );
#3709 = ADVANCED_FACE ( 'NONE', ( #3064 ), #2478, .T. ) ;
#3710 = CARTESIAN_POINT ( 'NONE',  ( -1.900000000000000133, 0.2499999999999994726, -0.1874999999999999445 ) ) ;
#3711 = DIRECTION ( 'NONE',  ( -1.000000000000000000, 0.000000000000000000, 0.000000000000000000 ) ) ;
#3712 = VECTOR ( 'NONE', #3402, 1000.000000000000000 ) ;
#3713 = DIRECTION ( 'NONE',  ( -0.000000000000000000, -0.000000000000000000, -1.000000000000000000 ) ) ;
#3714 = VECTOR ( 'NONE', #3720, 1000.000000000000000 ) ;
#3715 = EDGE_CURVE ( 'NONE', #1234, #3117, #4074, .T. ) ;
#3716 = ADVANCED_FACE ( 'NONE', ( #581 ), #3738, .F. ) ;
#3717 = ORIENTED_EDGE ( 'NONE', *, *, #357, .F. ) ;
#3718 = CARTESIAN_POINT ( 'NONE',  ( -1.848955294769395241, 0.4186053625217408536, 1.112500000000000044 ) ) ;
#3719 = ORIENTED_EDGE ( 'NONE', *, *, #3670, .F. ) ;
#3720 = DIRECTION ( 'NONE',  ( -1.000000000000000000, 0.000000000000000000, 0.000000000000000000 ) ) ;
#3721 = EDGE_CURVE ( 'NONE', #2808, #1205, #659, .T. ) ;
#3722 = ORIENTED_EDGE ( 'NONE', *, *, #984, .F. ) ;
#3723 = CYLINDRICAL_SURFACE ( 'NONE', #1508, 0.1849999999999998312 ) ;
#3724 = CARTESIAN_POINT ( 'NONE',  ( -2.442149606563560393, -3.252606517456513302E-16, -0.1874999999999999445 ) ) ;
#3725 = ORIENTED_EDGE ( 'NONE', *, *, #3721, .F. ) ;
#3726 = CARTESIAN_POINT ( 'NONE',  ( 1.900000000000000133, 0.2499999999999994726, 0.4625000000000000222 ) ) ;
#3727 = EDGE_CURVE ( 'NONE', #3113, #441, #266, .T. ) ;
#3728 = ORIENTED_EDGE ( 'NONE', *, *, #476, .T. ) ;
#3729 = DIRECTION ( 'NONE',  ( 0.000000000000000000, 0.000000000000000000, 1.000000000000000000 ) ) ;
#3730 = VERTEX_POINT ( 'NONE', #3083 ) ;
#3731 = LINE ( 'NONE', #1173, #2355 ) ;
#3732 = LINE ( 'NONE', #1798, #4049 ) ;
#3733 = DIRECTION ( 'NONE',  ( 0.05233595624293647941, -0.9986295347545742773, 0.000000000000000000 ) ) ;
#3734 = ADVANCED_FACE ( 'NONE', ( #2413 ), #1540, .F. ) ;
#3735 = PLANE ( 'NONE',  #3741 ) ;
#3736 = EDGE_LOOP ( 'NONE', ( #1593, #2164, #2348, #2250 ) ) ;
#3737 = SHAPE_DEFINITION_REPRESENTATION ( #542, #1543 ) ;
#3738 = PLANE ( 'NONE',  #2444 ) ;
#3739 = ORIENTED_EDGE ( 'NONE', *, *, #735, .T. ) ;
#3740 = DIRECTION ( 'NONE',  ( -0.2897587163337060345, 0.9570997264175989949, 0.000000000000000000 ) ) ;
#3741 = AXIS2_PLACEMENT_3D ( 'NONE', #578, #3120, #197 ) ;
#3742 = CARTESIAN_POINT ( 'NONE',  ( -2.203095863008502686, 0.01252827582901618921, -0.8374999999999999112 ) ) ;
#3743 = EDGE_CURVE ( 'NONE', #2018, #3400, #2785, .T. ) ;
#3744 = DIRECTION ( 'NONE',  ( -0.000000000000000000, -0.000000000000000000, -1.000000000000000000 ) ) ;
#3745 = VERTEX_POINT ( 'NONE', #220 ) ;
#3746 = LINE ( 'NONE', #4081, #1181 ) ;
#3747 = ORIENTED_EDGE ( 'NONE', *, *, #305, .F. ) ;
#3748 = DIRECTION ( 'NONE',  ( -0.9570997264175991059, -0.2897587163337057570, 0.000000000000000000 ) ) ;
#3749 = ORIENTED_EDGE ( 'NONE', *, *, #3557, .T. ) ;
#3750 = CARTESIAN_POINT ( 'NONE',  ( -1.992520253732025237, 0.4620691699717940359, -1.112500000000000044 ) ) ;
#3751 = UNCERTAINTY_MEASURE_WITH_UNIT (LENGTH_MEASURE( 1.000000000000000082E-05 ), #1137, 'distance_accuracy_value', 'NONE');
#3752 = DIRECTION ( 'NONE',  ( -0.000000000000000000, -0.000000000000000000, -1.000000000000000000 ) ) ;
#3753 = FACE_OUTER_BOUND ( 'NONE', #1921, .T. ) ;
#3754 = CYLINDRICAL_SURFACE ( 'NONE', #2837, 0.3349999999999893618 ) ;
#3755 = DIRECTION ( 'NONE',  ( -0.000000000000000000, -0.000000000000000000, -1.000000000000000000 ) ) ;
#3756 = EDGE_LOOP ( 'NONE', ( #1328, #698, #3149, #935, #991, #2766, #1848, #2864, #1846, #870, #2303, #2672 ) ) ;
#3757 = DIRECTION ( 'NONE',  ( -0.05233595624293681942, 0.9986295347545742773, 0.000000000000000000 ) ) ;
#3758 = VERTEX_POINT ( 'NONE', #564 ) ;
#3759 = DIRECTION ( 'NONE',  ( -1.000000000000000000, 0.000000000000000000, 0.000000000000000000 ) ) ;
#3760 = EDGE_CURVE ( 'NONE', #2528, #2099, #3242, .T. ) ;
#3761 = ORIENTED_EDGE ( 'NONE', *, *, #1146, .T. ) ;
#3762 = CARTESIAN_POINT ( 'NONE',  ( -1.671891845382139641, 0.3650000000000053757, -0.8374999999999999112 ) ) ;
#3763 = LINE ( 'NONE', #615, #519 ) ;
#3764 = VECTOR ( 'NONE', #2693, 1000.000000000000000 ) ;
#3765 = ORIENTED_EDGE ( 'NONE', *, *, #1288, .T. ) ;
#3766 = VECTOR ( 'NONE', #2203, 1000.000000000000000 ) ;
#3767 = CARTESIAN_POINT ( 'NONE',  ( -2.203095863008502686, 0.01252827582901618921, -0.8374999999999999112 ) ) ;
#3768 = ORIENTED_EDGE ( 'NONE', *, *, #2492, .T. ) ;
#3769 = AXIS2_PLACEMENT_3D ( 'NONE', #3856, #425, #2986 ) ;
#3770 = AXIS2_PLACEMENT_3D ( 'NONE', #1674, #3560, #714 ) ;
#3771 = LINE ( 'NONE', #1043, #1518 ) ;
#3772 = ORIENTED_EDGE ( 'NONE', *, *, #694, .F. ) ;
#3773 = CARTESIAN_POINT ( 'NONE',  ( 1.671891845382139641, 0.6999999999999948486, -0.8374999999999999112 ) ) ;
#3774 = CARTESIAN_POINT ( 'NONE',  ( -1.500000000000000444, 0.5500000000000053735, 1.112500000000000044 ) ) ;
#3775 = CARTESIAN_POINT ( 'NONE',  ( 1.848955294769395463, 0.4186053625217409091, -0.1874999999999999445 ) ) ;
#3776 = AXIS2_PLACEMENT_3D ( 'NONE', #3270, #3965, #123 ) ;
#3777 = VECTOR ( 'NONE', #2220, 1000.000000000000000 ) ;
#3778 = PLANE ( 'NONE',  #1762 ) ;
#3779 = LINE ( 'NONE', #1601, #502 ) ;
#3780 = LINE ( 'NONE', #793, #728 ) ;
#3781 = AXIS2_PLACEMENT_3D ( 'NONE', #2130, #1481, #2081 ) ;
#3782 = CIRCLE ( 'NONE', #1519, 0.1849999999999998312 ) ;
#3783 = ORIENTED_EDGE ( 'NONE', *, *, #3675, .T. ) ;
#3784 = ADVANCED_FACE ( 'NONE', ( #3690 ), #2765, .F. ) ;
#3785 = DIRECTION ( 'NONE',  ( -0.000000000000000000, 0.000000000000000000, -1.000000000000000000 ) ) ;
#3786 = ORIENTED_EDGE ( 'NONE', *, *, #1494, .T. ) ;
#3787 = DIRECTION ( 'NONE',  ( -1.000000000000000000, 0.000000000000000000, 0.000000000000000000 ) ) ;
#3788 = VERTEX_POINT ( 'NONE', #1515 ) ;
#3789 = CARTESIAN_POINT ( 'NONE',  ( 1.500000000000000444, 0.6999999999999948486, -0.1874999999999999445 ) ) ;
#3790 = CARTESIAN_POINT ( 'NONE',  ( 2.043564958962630129, 0.2934638074500524052, 0.4625000000000000222 ) ) ;
#3791 = ORIENTED_EDGE ( 'NONE', *, *, #3907, .T. ) ;
#3792 = FACE_OUTER_BOUND ( 'NONE', #3127, .T. ) ;
#3793 = ADVANCED_FACE ( 'NONE', ( #1183 ), #2455, .F. ) ;
#3794 = VERTEX_POINT ( 'NONE', #3456 ) ;
#3795 = LINE ( 'NONE', #2311, #1786 ) ;
#3796 = ORIENTED_EDGE ( 'NONE', *, *, #1269, .T. ) ;
#3797 = DIRECTION ( 'NONE',  ( -0.000000000000000000, -1.000000000000000000, -0.000000000000000000 ) ) ;
#3798 = CARTESIAN_POINT ( 'NONE',  ( -1.500000000000000444, 0.6999999999999948486, 1.112500000000000044 ) ) ;
#3799 = CARTESIAN_POINT ( 'NONE',  ( 1.992520253732025237, 0.4620691699717939804, -0.1874999999999999445 ) ) ;
#3800 = STYLED_ITEM ( 'NONE', ( #1949 ), #175 ) ;
#3801 = LINE ( 'NONE', #625, #2642 ) ;
#3802 = CARTESIAN_POINT ( 'NONE',  ( 2.220628408349885508, 0.3470691699717879941, -0.8374999999999999112 ) ) ;
#3803 = EDGE_CURVE ( 'NONE', #3462, #2274, #3039, .T. ) ;
#3804 = ORIENTED_EDGE ( 'NONE', *, *, #629, .F. ) ;
#3805 = DIRECTION ( 'NONE',  ( 0.9570997264175991059, -0.2897587163337057570, 0.000000000000000000 ) ) ;
#3806 = EDGE_CURVE ( 'NONE', #2298, #289, #3409, .T. ) ;
#3807 = CARTESIAN_POINT ( 'NONE',  ( 1.992520253732025237, 0.4620691699717939804, -0.8374999999999999112 ) ) ;
#3808 = EDGE_CURVE ( 'NONE', #1294, #2194, #3826, .T. ) ;
#3809 = ORIENTED_EDGE ( 'NONE', *, *, #2122, .F. ) ;
#3810 = FACE_OUTER_BOUND ( 'NONE', #2216, .T. ) ;
#3811 = CARTESIAN_POINT ( 'NONE',  ( 2.210946256444942470, 0.1623227060421919277, -1.112500000000000044 ) ) ;
#3812 = ORIENTED_EDGE ( 'NONE', *, *, #2979, .T. ) ;
#3813 = ORIENTED_EDGE ( 'NONE', *, *, #3378, .F. ) ;
#3814 = DIRECTION ( 'NONE',  ( -0.000000000000000000, -0.000000000000000000, -1.000000000000000000 ) ) ;
#3815 = VERTEX_POINT ( 'NONE', #3534 ) ;
#3816 = CARTESIAN_POINT ( 'NONE',  ( 1.992520253732025237, 0.4620691699717939804, 1.112500000000000044 ) ) ;
#3817 = EDGE_CURVE ( 'NONE', #1660, #4018, #1385, .T. ) ;
#3818 = DIRECTION ( 'NONE',  ( -0.000000000000000000, 1.000000000000000000, -0.000000000000000000 ) ) ;
#3819 =( NAMED_UNIT ( * ) PLANE_ANGLE_UNIT ( ) SI_UNIT ( $, .RADIAN. ) );
#3820 = EDGE_CURVE ( 'NONE', #2400, #2737, #1561, .T. ) ;
#3821 = CARTESIAN_POINT ( 'NONE',  ( 1.671891845382139419, 0.5500000000000054845, -1.112500000000000044 ) ) ;
#3822 = CARTESIAN_POINT ( 'NONE',  ( -1.671891845382139641, 0.3650000000000053757, -0.1874999999999999445 ) ) ;
#3823 = LINE ( 'NONE', #2268, #397 ) ;
#3824 = VECTOR ( 'NONE', #2469, 1000.000000000000000 ) ;
#3825 = ORIENTED_EDGE ( 'NONE', *, *, #3142, .F. ) ;
#3826 = LINE ( 'NONE', #1580, #3838 ) ;
#3827 = VERTEX_POINT ( 'NONE', #1893 ) ;
#3828 = DIRECTION ( 'NONE',  ( 0.000000000000000000, 0.000000000000000000, 1.000000000000000000 ) ) ;
#3829 = DIRECTION ( 'NONE',  ( -0.000000000000000000, -0.000000000000000000, -1.000000000000000000 ) ) ;
#3830 = EDGE_LOOP ( 'NONE', ( #3355, #2605 ) ) ;
#3831 = VERTEX_POINT ( 'NONE', #980 ) ;
#3832 = EDGE_LOOP ( 'NONE', ( #2442, #2011, #2989, #3131 ) ) ;
#3833 = VECTOR ( 'NONE', #4078, 1000.000000000000000 ) ;
#3834 = DIRECTION ( 'NONE',  ( -0.000000000000000000, -0.000000000000000000, -1.000000000000000000 ) ) ;
#3835 = DIRECTION ( 'NONE',  ( 0.05233595624293625043, 0.9986295347545743883, -0.000000000000000000 ) ) ;
#3836 = CARTESIAN_POINT ( 'NONE',  ( -1.671891845382139641, 0.6999999999999948486, -0.1874999999999999445 ) ) ;
#3837 = AXIS2_PLACEMENT_3D ( 'NONE', #3277, #2019, #3540 ) ;
#3838 = VECTOR ( 'NONE', #3477, 1000.000000000000000 ) ;
#3839 = ADVANCED_FACE ( 'NONE', ( #690 ), #2249, .T. ) ;
#3840 = CYLINDRICAL_SURFACE ( 'NONE', #3038, 0.3349999999999893618 ) ;
#3841 = EDGE_CURVE ( 'NONE', #2691, #2262, #1305, .T. ) ;
#3842 = CARTESIAN_POINT ( 'NONE',  ( 1.900000000000000133, 0.2499999999999994726, -1.112500000000000044 ) ) ;
#3843 = FACE_OUTER_BOUND ( 'NONE', #876, .T. ) ;
#3844 = VERTEX_POINT ( 'NONE', #1605 ) ;
#3845 = EDGE_CURVE ( 'NONE', #2881, #1358, #784, .T. ) ;
#3846 = DIRECTION ( 'NONE',  ( 0.000000000000000000, 0.000000000000000000, -1.000000000000000000 ) ) ;
#3847 = CARTESIAN_POINT ( 'NONE',  ( -1.671891845382139641, 0.3650000000000053757, -0.4625000000000000222 ) ) ;
#3848 = MECHANICAL_DESIGN_GEOMETRIC_PRESENTATION_REPRESENTATION (  '', ( #2595 ), #3977 ) ;
#3849 = VECTOR ( 'NONE', #4047, 1000.000000000000000 ) ;
#3850 = ORIENTED_EDGE ( 'NONE', *, *, #1823, .F. ) ;
#3851 = EDGE_CURVE ( 'NONE', #3284, #2262, #960, .T. ) ;
#3852 = VECTOR ( 'NONE', #1004, 1000.000000000000000 ) ;
#3853 = FACE_OUTER_BOUND ( 'NONE', #2623, .T. ) ;
#3854 = ORIENTED_EDGE ( 'NONE', *, *, #3285, .T. ) ;
#3855 = ORIENTED_EDGE ( 'NONE', *, *, #3689, .F. ) ;
#3856 = CARTESIAN_POINT ( 'NONE',  ( 1.671891845382139641, 0.3650000000000053757, -0.8374999999999999112 ) ) ;
#3857 = VECTOR ( 'NONE', #74, 1000.000000000000000 ) ;
#3858 = LINE ( 'NONE', #2868, #3522 ) ;
#3859 = CARTESIAN_POINT ( 'NONE',  ( 1.900000000000000133, 0.2499999999999994726, -0.4625000000000000222 ) ) ;
#3860 = VECTOR ( 'NONE', #2026, 999.9999999999998863 ) ;
#3861 = CARTESIAN_POINT ( 'NONE',  ( -2.450000000000000178, 0.1497944302131754835, -1.112500000000000044 ) ) ;
#3862 = EDGE_LOOP ( 'NONE', ( #3260, #3719, #346, #3942 ) ) ;
#3863 = CARTESIAN_POINT ( 'NONE',  ( -2.210946256444942470, 0.1623227060421919277, -0.8374999999999999112 ) ) ;
#3864 = CARTESIAN_POINT ( 'NONE',  ( -1.100000000000000311, 1.050000000000000044, -0.9749999999999998668 ) ) ;
#3865 = ADVANCED_FACE ( 'NONE', ( #3497 ), #4117, .F. ) ;
#3866 = ORIENTED_EDGE ( 'NONE', *, *, #4118, .T. ) ;
#3867 = CARTESIAN_POINT ( 'NONE',  ( 2.442149606563560393, -3.252606517456513302E-16, 0.8374999999999999112 ) ) ;
#3868 = ORIENTED_EDGE ( 'NONE', *, *, #3841, .F. ) ;
#3869 = DIRECTION ( 'NONE',  ( 0.2897587163337060900, 0.9570997264175991059, 0.000000000000000000 ) ) ;
#3870 = ADVANCED_FACE ( 'NONE', ( #1937 ), #1916, .F. ) ;
#3871 = FACE_OUTER_BOUND ( 'NONE', #3256, .T. ) ;
#3872 = ORIENTED_EDGE ( 'NONE', *, *, #1101, .F. ) ;
#3873 = CARTESIAN_POINT ( 'NONE',  ( -1.500000000000000444, 0.6999999999999948486, 1.112500000000000044 ) ) ;
#3874 = ORIENTED_EDGE ( 'NONE', *, *, #1923, .F. ) ;
#3875 = VERTEX_POINT ( 'NONE', #2586 ) ;
#3876 = EDGE_CURVE ( 'NONE', #78, #3666, #3549, .T. ) ;
#3877 = DIRECTION ( 'NONE',  ( -0.000000000000000000, -0.000000000000000000, -1.000000000000000000 ) ) ;
#3878 = DIRECTION ( 'NONE',  ( 0.05233595624293625043, 0.9986295347545743883, -0.000000000000000000 ) ) ;
#3879 = ORIENTED_EDGE ( 'NONE', *, *, #3236, .T. ) ;
#3880 = LINE ( 'NONE', #93, #801 ) ;
#3881 = ORIENTED_EDGE ( 'NONE', *, *, #25, .T. ) ;
#3882 = DIRECTION ( 'NONE',  ( 0.05233595624293681942, 0.9986295347545742773, -0.000000000000000000 ) ) ;
#3883 = DIRECTION ( 'NONE',  ( -0.000000000000000000, -0.000000000000000000, -1.000000000000000000 ) ) ;
#3884 = ORIENTED_EDGE ( 'NONE', *, *, #911, .T. ) ;
#3885 = EDGE_CURVE ( 'NONE', #799, #1679, #2522, .T. ) ;
#3886 = LINE ( 'NONE', #1036, #1006 ) ;
#3887 = AXIS2_PLACEMENT_3D ( 'NONE', #741, #2381, #3642 ) ;
#3888 =( NAMED_UNIT ( * ) PLANE_ANGLE_UNIT ( ) SI_UNIT ( $, .RADIAN. ) );
#3889 = PLANE ( 'NONE',  #660 ) ;
#3890 = EDGE_LOOP ( 'NONE', ( #1021, #1514, #3485, #3749 ) ) ;
#3891 = DIRECTION ( 'NONE',  ( 1.000000000000000000, 0.000000000000000000, 0.000000000000000000 ) ) ;
#3892 = ADVANCED_FACE ( 'NONE', ( #19 ), #1623, .F. ) ;
#3893 = CARTESIAN_POINT ( 'NONE',  ( -1.671891845382139641, 0.3650000000000053757, 0.8374999999999999112 ) ) ;
#3894 = ORIENTED_EDGE ( 'NONE', *, *, #3295, .F. ) ;
#3895 = DIRECTION ( 'NONE',  ( -0.000000000000000000, -0.000000000000000000, -1.000000000000000000 ) ) ;
#3896 = CARTESIAN_POINT ( 'NONE',  ( -2.450000000000000178, 0.1497944302131754835, -0.1874999999999999445 ) ) ;
#3897 = VERTEX_POINT ( 'NONE', #2546 ) ;
#3898 = FACE_OUTER_BOUND ( 'NONE', #580, .T. ) ;
#3899 = CARTESIAN_POINT ( 'NONE',  ( -2.220628408349885508, 0.3470691699717879941, 1.112500000000000044 ) ) ;
#3900 = ADVANCED_FACE ( 'NONE', ( #1003 ), #1955, .F. ) ;
#3901 = ORIENTED_EDGE ( 'NONE', *, *, #1015, .T. ) ;
#3902 = VECTOR ( 'NONE', #1853, 1000.000000000000000 ) ;
#3903 = ORIENTED_EDGE ( 'NONE', *, *, #931, .T. ) ;
#3904 = VECTOR ( 'NONE', #1971, 1000.000000000000000 ) ;
#3905 = CARTESIAN_POINT ( 'NONE',  ( -2.210946256444942470, 0.1623227060421919554, -1.112500000000000044 ) ) ;
#3906 = VECTOR ( 'NONE', #1051, 1000.000000000000000 ) ;
#3907 = EDGE_CURVE ( 'NONE', #3202, #1587, #3225, .T. ) ;
#3908 = ORIENTED_EDGE ( 'NONE', *, *, #3183, .F. ) ;
#3909 = FACE_OUTER_BOUND ( 'NONE', #246, .T. ) ;
#3910 = STYLED_ITEM ( 'NONE', ( #2024 ), #2983 ) ;
#3911 = VERTEX_POINT ( 'NONE', #290 ) ;
#3912 = FACE_OUTER_BOUND ( 'NONE', #3832, .T. ) ;
#3913 = ORIENTED_EDGE ( 'NONE', *, *, #1391, .F. ) ;
#3914 = ADVANCED_FACE ( 'NONE', ( #58 ), #1331, .T. ) ;
#3915 = VECTOR ( 'NONE', #3077, 999.9999999999998863 ) ;
#3916 = AXIS2_PLACEMENT_3D ( 'NONE', #2767, #3104, #3128 ) ;
#3917 = DIRECTION ( 'NONE',  ( -0.05233595624293647941, -0.9986295347545742773, 0.000000000000000000 ) ) ;
#3918 = DIRECTION ( 'NONE',  ( 0.000000000000000000, -0.000000000000000000, 1.000000000000000000 ) ) ;
#3919 = DIRECTION ( 'NONE',  ( -0.000000000000000000, -0.000000000000000000, -1.000000000000000000 ) ) ;
#3920 = VERTEX_POINT ( 'NONE', #2147 ) ;
#3921 = DIRECTION ( 'NONE',  ( -1.000000000000000000, 0.000000000000000000, 0.000000000000000000 ) ) ;
#3922 = CARTESIAN_POINT ( 'NONE',  ( -1.671891845382139419, 0.5500000000000054845, 0.1874999999999999445 ) ) ;
#3923 = VERTEX_POINT ( 'NONE', #84 ) ;
#3924 = PRESENTATION_STYLE_ASSIGNMENT (( #2363 ) ) ;
#3925 = EDGE_CURVE ( 'NONE', #3844, #2964, #3439, .T. ) ;
#3926 = COLOUR_RGB ( '',0.7921568627450980005, 0.8196078431372548767, 0.9333333333333333481 ) ;
#3927 = ORIENTED_EDGE ( 'NONE', *, *, #725, .F. ) ;
#3928 = FACE_OUTER_BOUND ( 'NONE', #806, .T. ) ;
#3929 = CARTESIAN_POINT ( 'NONE',  ( 1.500000000000000444, 0.5500000000000053735, -0.8374999999999999112 ) ) ;
#3930 = CARTESIAN_POINT ( 'NONE',  ( 1.671891845382139641, 0.3650000000000053757, 0.4625000000000000222 ) ) ;
#3931 = FACE_OUTER_BOUND ( 'NONE', #1024, .T. ) ;
#3932 = ORIENTED_EDGE ( 'NONE', *, *, #3255, .F. ) ;
#3933 = CLOSED_SHELL ( 'NONE', ( #855, #3302, #815, #81, #3551, #1480, #595, #825, #1840, #303, #1710, #3681, #4037, #2685 ) ) ;
#3934 = CARTESIAN_POINT ( 'NONE',  ( 2.220628408349885508, 0.3470691699717879941, 0.4625000000000000222 ) ) ;
#3935 = VERTEX_POINT ( 'NONE', #3418 ) ;
#3936 = CYLINDRICAL_SURFACE ( 'NONE', #1365, 0.3349999999999893618 ) ;
#3937 = PLANE ( 'NONE',  #2990 ) ;
#3938 = PLANE ( 'NONE',  #3050 ) ;
#3939 = ADVANCED_FACE ( 'NONE', ( #3792 ), #2189, .F. ) ;
#3940 = CARTESIAN_POINT ( 'NONE',  ( -1.671891845382139641, 0.3650000000000053757, -1.112500000000000044 ) ) ;
#3941 = CARTESIAN_POINT ( 'NONE',  ( -2.442149606563560393, -3.252606517456513302E-16, 0.4625000000000000222 ) ) ;
#3942 = ORIENTED_EDGE ( 'NONE', *, *, #1803, .T. ) ;
#3943 =( LENGTH_UNIT ( ) NAMED_UNIT ( * ) SI_UNIT ( .MILLI., .METRE. ) );
#3944 = ORIENTED_EDGE ( 'NONE', *, *, #2207, .F. ) ;
#3945 = CARTESIAN_POINT ( 'NONE',  ( -1.100000000000000311, 1.050000000000000044, -1.099999999999999867 ) ) ;
#3946 = PLANE ( 'NONE',  #3241 ) ;
#3947 = AXIS2_PLACEMENT_3D ( 'NONE', #840, #4067, #3401 ) ;
#3948 = CYLINDRICAL_SURFACE ( 'NONE', #3306, 0.3349999999999893618 ) ;
#3949 = LINE ( 'NONE', #406, #3906 ) ;
#3950 = VERTEX_POINT ( 'NONE', #1568 ) ;
#3951 = EDGE_CURVE ( 'NONE', #3125, #1254, #635, .T. ) ;
#3952 = FACE_OUTER_BOUND ( 'NONE', #326, .T. ) ;
#3953 = EDGE_LOOP ( 'NONE', ( #2784, #607, #2570, #2798 ) ) ;
#3954 = CARTESIAN_POINT ( 'NONE',  ( -1.992520253732025237, 0.4620691699717939804, 0.4625000000000000222 ) ) ;
#3955 = CARTESIAN_POINT ( 'NONE',  ( 1.992520253732025237, 0.4620691699717939804, -1.112500000000000044 ) ) ;
#3956 = ORIENTED_EDGE ( 'NONE', *, *, #1179, .F. ) ;
#3957 = EDGE_CURVE ( 'NONE', #2633, #596, #1526, .T. ) ;
#3958 = EDGE_LOOP ( 'NONE', ( #4082, #1337, #679, #42 ) ) ;
#3959 = SURFACE_STYLE_FILL_AREA ( #2067 ) ;
#3960 = CIRCLE ( 'NONE', #3506, 0.3349999999999893618 ) ;
#3961 = VECTOR ( 'NONE', #182, 1000.000000000000000 ) ;
#3962 = ORIENTED_EDGE ( 'NONE', *, *, #174, .T. ) ;
#3963 = AXIS2_PLACEMENT_3D ( 'NONE', #1502, #1195, #860 ) ;
#3964 = ADVANCED_FACE ( 'NONE', ( #617 ), #2814, .F. ) ;
#3965 = DIRECTION ( 'NONE',  ( 0.000000000000000000, 0.000000000000000000, 1.000000000000000000 ) ) ;
#3966 = VECTOR ( 'NONE', #3634, 1000.000000000000000 ) ;
#3967 = AXIS2_PLACEMENT_3D ( 'NONE', #738, #1028, #2695 ) ;
#3968 = EDGE_LOOP ( 'NONE', ( #2166, #1567, #2294, #199 ) ) ;
#3969 = CARTESIAN_POINT ( 'NONE',  ( 1.499999999999999556, -4.242640687119284770, -1.499999999999999778 ) ) ;
#3970 = CARTESIAN_POINT ( 'NONE',  ( -2.220628408349885508, 0.3470691699717879941, 0.4625000000000000222 ) ) ;
#3971 = VECTOR ( 'NONE', #1507, 1000.000000000000000 ) ;
#3972 = ORIENTED_EDGE ( 'NONE', *, *, #971, .F. ) ;
#3973 = CARTESIAN_POINT ( 'NONE',  ( -1.100000000000000311, 1.100000000000000089, -0.9749999999999998668 ) ) ;
#3974 = DIRECTION ( 'NONE',  ( -0.000000000000000000, -0.000000000000000000, -1.000000000000000000 ) ) ;
#3975 = VECTOR ( 'NONE', #2331, 1000.000000000000000 ) ;
#3976 = EDGE_LOOP ( 'NONE', ( #2564, #2703, #1141, #224 ) ) ;
#3977 =( GEOMETRIC_REPRESENTATION_CONTEXT ( 3 ) GLOBAL_UNCERTAINTY_ASSIGNED_CONTEXT ( ( #3424 ) ) GLOBAL_UNIT_ASSIGNED_CONTEXT ( ( #1864, #4068, #2490 ) ) REPRESENTATION_CONTEXT ( 'NONE', 'WORKASPACE' ) );
#3978 = CARTESIAN_POINT ( 'NONE',  ( -2.210946256444942470, 0.1623227060421919554, 1.112500000000000044 ) ) ;
#3979 = VERTEX_POINT ( 'NONE', #398 ) ;
#3980 = LINE ( 'NONE', #1837, #2631 ) ;
#3981 = LINE ( 'NONE', #3710, #3915 ) ;
#3982 = AXIS2_PLACEMENT_3D ( 'NONE', #1829, #1517, #548 ) ;
#3983 = CARTESIAN_POINT ( 'NONE',  ( -1.671891845382139641, 0.3650000000000053757, -0.1874999999999999445 ) ) ;
#3984 = ADVANCED_FACE ( 'NONE', ( #6 ), #2213, .F. ) ;
#3985 = LINE ( 'NONE', #3687, #1359 ) ;
#3986 = DIRECTION ( 'NONE',  ( -0.05233595624293624349, -0.9986295347545742773, 0.000000000000000000 ) ) ;
#3987 = EDGE_CURVE ( 'NONE', #2942, #948, #1881, .T. ) ;
#3988 = VERTEX_POINT ( 'NONE', #2795 ) ;
#3989 = ORIENTED_EDGE ( 'NONE', *, *, #2560, .F. ) ;
#3990 = DIRECTION ( 'NONE',  ( 6.307467175508965595E-16, 1.000000000000000000, -0.000000000000000000 ) ) ;
#3991 = ORIENTED_EDGE ( 'NONE', *, *, #4054, .T. ) ;
#3992 = DIRECTION ( 'NONE',  ( 0.000000000000000000, 0.000000000000000000, 1.000000000000000000 ) ) ;
#3993 = ADVANCED_FACE ( 'NONE', ( #1665 ), #322, .T. ) ;
#3994 = DIRECTION ( 'NONE',  ( 0.000000000000000000, -1.000000000000000000, 0.000000000000000000 ) ) ;
#3995 = MECHANICAL_DESIGN_GEOMETRIC_PRESENTATION_REPRESENTATION (  '', ( #2402 ), #1667 ) ;
#3996 = VECTOR ( 'NONE', #671, 1000.000000000000000 ) ;
#3997 = DIRECTION ( 'NONE',  ( -1.000000000000000000, 0.000000000000000000, 0.000000000000000000 ) ) ;
#3998 = LINE ( 'NONE', #1148, #522 ) ;
#3999 = ORIENTED_EDGE ( 'NONE', *, *, #1199, .T. ) ;
#4000 = EDGE_CURVE ( 'NONE', #1405, #3935, #1213, .T. ) ;
#4001 = PLANE ( 'NONE',  #3706 ) ;
#4002 = ORIENTED_EDGE ( 'NONE', *, *, #4014, .F. ) ;
#4003 = DIRECTION ( 'NONE',  ( 0.000000000000000000, 0.000000000000000000, 1.000000000000000000 ) ) ;
#4004 = CARTESIAN_POINT ( 'NONE',  ( 2.442149606563560393, -3.252606517456513302E-16, -0.8374999999999999112 ) ) ;
#4005 = DIRECTION ( 'NONE',  ( -0.2505628070857293110, -0.9351131265310305141, 0.2505628070857293110 ) ) ;
#4006 = CARTESIAN_POINT ( 'NONE',  ( -2.043564958962630129, 0.2934638074500523497, -0.8374999999999999112 ) ) ;
#4007 = DIRECTION ( 'NONE',  ( 0.000000000000000000, 1.000000000000000000, 0.000000000000000000 ) ) ;
#4008 = ORIENTED_EDGE ( 'NONE', *, *, #2856, .T. ) ;
#4009 = CARTESIAN_POINT ( 'NONE',  ( 1.367820323027549856, 1.100000000000000089, 0.000000000000000000 ) ) ;
#4010 = ORIENTED_EDGE ( 'NONE', *, *, #2565, .T. ) ;
#4011 = CARTESIAN_POINT ( 'NONE',  ( 1.671891845382139641, 0.3650000000000053757, 0.8374999999999999112 ) ) ;
#4012 = DIRECTION ( 'NONE',  ( -0.000000000000000000, -0.000000000000000000, -1.000000000000000000 ) ) ;
#4013 = EDGE_CURVE ( 'NONE', #2093, #2901, #3746, .T. ) ;
#4014 = EDGE_CURVE ( 'NONE', #2919, #2704, #3511, .T. ) ;
#4015 = CIRCLE ( 'NONE', #637, 0.3349999999999893618 ) ;
#4016 = FACE_OUTER_BOUND ( 'NONE', #2347, .T. ) ;
#4017 = CARTESIAN_POINT ( 'NONE',  ( -1.900000000000000133, 0.2499999999999994726, -1.112500000000000044 ) ) ;
#4018 = VERTEX_POINT ( 'NONE', #877 ) ;
#4019 = EDGE_CURVE ( 'NONE', #3087, #2862, #2610, .T. ) ;
#4020 = CARTESIAN_POINT ( 'NONE',  ( 1.500000000000000444, 0.6999999999999948486, 1.112500000000000044 ) ) ;
#4021 = ORIENTED_EDGE ( 'NONE', *, *, #3721, .T. ) ;
#4022 = CARTESIAN_POINT ( 'NONE',  ( 1.848955294769395463, 0.4186053625217409091, -0.8374999999999999112 ) ) ;
#4023 = CARTESIAN_POINT ( 'NONE',  ( -1.671891845382139641, 0.6999999999999948486, -1.112500000000000044 ) ) ;
#4024 = LINE ( 'NONE', #3099, #1748 ) ;
#4025 = EDGE_CURVE ( 'NONE', #3213, #2585, #898, .T. ) ;
#4026 = CARTESIAN_POINT ( 'NONE',  ( -1.671891845382139641, 0.6999999999999948486, -0.4625000000000000222 ) ) ;
#4027 = ORIENTED_EDGE ( 'NONE', *, *, #931, .F. ) ;
#4028 = DIRECTION ( 'NONE',  ( -0.9570997264175991059, -0.2897587163337057570, 0.000000000000000000 ) ) ;
#4029 = ORIENTED_EDGE ( 'NONE', *, *, #1446, .F. ) ;
#4030 = AXIS2_PLACEMENT_3D ( 'NONE', #1877, #895, #1293 ) ;
#4031 = CARTESIAN_POINT ( 'NONE',  ( 2.203095863008502686, 0.01252827582901618921, 0.1874999999999999445 ) ) ;
#4032 = EDGE_CURVE ( 'NONE', #2528, #3844, #2165, .T. ) ;
#4033 = VECTOR ( 'NONE', #3877, 1000.000000000000000 ) ;
#4034 = AXIS2_PLACEMENT_3D ( 'NONE', #3552, #3111, #1333 ) ;
#4035 = ORIENTED_EDGE ( 'NONE', *, *, #2875, .F. ) ;
#4036 = CYLINDRICAL_SURFACE ( 'NONE', #983, 0.1849999999999998312 ) ;
#4037 = ADVANCED_FACE ( 'NONE', ( #3871 ), #2465, .F. ) ;
#4038 = DIRECTION ( 'NONE',  ( -0.000000000000000000, -0.000000000000000000, -1.000000000000000000 ) ) ;
#4039 = ORIENTED_EDGE ( 'NONE', *, *, #1595, .F. ) ;
#4040 = ORIENTED_EDGE ( 'NONE', *, *, #2750, .T. ) ;
#4041 = CARTESIAN_POINT ( 'NONE',  ( 1.499999999999999556, 0.5500000000000053735, 1.500000000000000222 ) ) ;
#4042 = ORIENTED_EDGE ( 'NONE', *, *, #1450, .F. ) ;
#4043 = AXIS2_PLACEMENT_3D ( 'NONE', #2368, #792, #2052 ) ;
#4044 = CARTESIAN_POINT ( 'NONE',  ( 2.210946256444942470, 0.1623227060421919277, -0.8374999999999999112 ) ) ;
#4045 = PRESENTATION_LAYER_ASSIGNMENT (  '', '', ( #2595 ) ) ;
#4046 = UNCERTAINTY_MEASURE_WITH_UNIT (LENGTH_MEASURE( 1.000000000000000082E-05 ), #1055, 'distance_accuracy_value', 'NONE');
#4047 = DIRECTION ( 'NONE',  ( -1.000000000000000000, -0.000000000000000000, -0.000000000000000000 ) ) ;
#4048 = PLANE ( 'NONE',  #3248 ) ;
#4049 = VECTOR ( 'NONE', #3425, 1000.000000000000000 ) ;
#4050 = DIRECTION ( 'NONE',  ( 0.000000000000000000, 0.000000000000000000, 1.000000000000000000 ) ) ;
#4051 = CIRCLE ( 'NONE', #1932, 0.1849999999999998312 ) ;
#4052 = CARTESIAN_POINT ( 'NONE',  ( -2.043564958962630129, 0.2934638074500523497, 0.4625000000000000222 ) ) ;
#4053 = ORIENTED_EDGE ( 'NONE', *, *, #3715, .F. ) ;
#4054 = EDGE_CURVE ( 'NONE', #1581, #27, #2290, .T. ) ;
#4055 = CARTESIAN_POINT ( 'NONE',  ( 2.210946256444942470, 0.1623227060421919277, -0.4625000000000000222 ) ) ;
#4056 = ORIENTED_EDGE ( 'NONE', *, *, #1943, .T. ) ;
#4057 = CARTESIAN_POINT ( 'NONE',  ( -1.848955294769395241, 0.4186053625217408536, -0.4625000000000000222 ) ) ;
#4058 = CIRCLE ( 'NONE', #2271, 0.1250000000000000000 ) ;
#4059 = ORIENTED_EDGE ( 'NONE', *, *, #3885, .T. ) ;
#4060 = DIRECTION ( 'NONE',  ( 0.000000000000000000, 0.000000000000000000, 1.000000000000000000 ) ) ;
#4061 = FACE_OUTER_BOUND ( 'NONE', #981, .T. ) ;
#4062 = ORIENTED_EDGE ( 'NONE', *, *, #1179, .T. ) ;
#4063 = CARTESIAN_POINT ( 'NONE',  ( 1.500000000000000444, 0.5500000000000053735, -0.4625000000000000222 ) ) ;
#4064 = ORIENTED_EDGE ( 'NONE', *, *, #899, .T. ) ;
#4065 = CARTESIAN_POINT ( 'NONE',  ( 2.220628408349885508, 0.3470691699717879941, 1.112500000000000044 ) ) ;
#4066 = ORIENTED_EDGE ( 'NONE', *, *, #404, .T. ) ;
#4067 = DIRECTION ( 'NONE',  ( 0.000000000000000000, 0.000000000000000000, 1.000000000000000000 ) ) ;
#4068 =( NAMED_UNIT ( * ) PLANE_ANGLE_UNIT ( ) SI_UNIT ( $, .RADIAN. ) );
#4069 = DIRECTION ( 'NONE',  ( -0.000000000000000000, -0.000000000000000000, -1.000000000000000000 ) ) ;
#4070 = LINE ( 'NONE', #2112, #156 ) ;
#4071 = SURFACE_STYLE_FILL_AREA ( #579 ) ;
#4072 = EDGE_CURVE ( 'NONE', #1162, #856, #141, .T. ) ;
#4073 = VERTEX_POINT ( 'NONE', #1373 ) ;
#4074 = LINE ( 'NONE', #546, #1246 ) ;
#4075 = ORIENTED_EDGE ( 'NONE', *, *, #2292, .F. ) ;
#4076 = LINE ( 'NONE', #2181, #604 ) ;
#4077 = VECTOR ( 'NONE', #1509, 1000.000000000000000 ) ;
#4078 = DIRECTION ( 'NONE',  ( 1.000000000000000000, -6.307467175508965595E-16, 0.000000000000000000 ) ) ;
#4079 = DIRECTION ( 'NONE',  ( -0.9986295347545742773, 0.05233595624293647247, -0.000000000000000000 ) ) ;
#4080 = EDGE_LOOP ( 'NONE', ( #193, #1772, #149, #2756, #3376, #803, #3265, #407, #1324, #3062, #3606, #384 ) ) ;
#4081 = CARTESIAN_POINT ( 'NONE',  ( -1.500000000000000444, 0.5500000000000053735, -0.8374999999999999112 ) ) ;
#4082 = ORIENTED_EDGE ( 'NONE', *, *, #3648, .T. ) ;
#4083 = CARTESIAN_POINT ( 'NONE',  ( -2.220628408349885508, 0.3470691699717879941, -0.4625000000000000222 ) ) ;
#4084 = ORIENTED_EDGE ( 'NONE', *, *, #1914, .F. ) ;
#4085 = CARTESIAN_POINT ( 'NONE',  ( -1.500000000000000444, 0.5500000000000053735, -0.8374999999999999112 ) ) ;
#4086 = CARTESIAN_POINT ( 'NONE',  ( 2.442149606563560393, -3.252606517456513302E-16, -0.4625000000000000222 ) ) ;
#4087 = EDGE_CURVE ( 'NONE', #363, #2911, #1250, .T. ) ;
#4088 = DIRECTION ( 'NONE',  ( -0.000000000000000000, -0.000000000000000000, -1.000000000000000000 ) ) ;
#4089 = FACE_OUTER_BOUND ( 'NONE', #3414, .T. ) ;
#4090 = LINE ( 'NONE', #814, #3254 ) ;
#4091 = EDGE_CURVE ( 'NONE', #2911, #3875, #2646, .T. ) ;
#4092 = EDGE_LOOP ( 'NONE', ( #3410, #648, #1312, #3487 ) ) ;
#4093 = DIRECTION ( 'NONE',  ( -1.000000000000000000, 0.000000000000000000, 0.000000000000000000 ) ) ;
#4094 = VERTEX_POINT ( 'NONE', #1398 ) ;
#4095 = CARTESIAN_POINT ( 'NONE',  ( -1.100000000000000311, 1.050000000000000044, -0.9749999999999998668 ) ) ;
#4096 = ADVANCED_FACE ( 'NONE', ( #2028 ), #3889, .F. ) ;
#4097 = DIRECTION ( 'NONE',  ( -1.000000000000000000, 0.000000000000000000, 0.000000000000000000 ) ) ;
#4098 = DIRECTION ( 'NONE',  ( 0.9986295347545742773, 0.05233595624293681248, 0.000000000000000000 ) ) ;
#4099 = VECTOR ( 'NONE', #316, 1000.000000000000000 ) ;
#4100 = ORIENTED_EDGE ( 'NONE', *, *, #2207, .T. ) ;
#4101 = VECTOR ( 'NONE', #201, 1000.000000000000000 ) ;
#4102 = CARTESIAN_POINT ( 'NONE',  ( -1.500000000000000444, 0.5500000000000053735, 1.112500000000000044 ) ) ;
#4103 = EDGE_LOOP ( 'NONE', ( #2127, #55, #3944, #210 ) ) ;
#4104 = CIRCLE ( 'NONE', #3967, 0.1849999999999998312 ) ;
#4105 = CARTESIAN_POINT ( 'NONE',  ( 1.500000000000000444, 0.6999999999999948486, -0.4625000000000000222 ) ) ;
#4106 = ORIENTED_EDGE ( 'NONE', *, *, #2936, .T. ) ;
#4107 = DIRECTION ( 'NONE',  ( -0.9986295347545742773, 0.05233595624293681942, 0.000000000000000000 ) ) ;
#4108 = DIRECTION ( 'NONE',  ( -1.000000000000000000, 0.000000000000000000, 0.000000000000000000 ) ) ;
#4109 = CARTESIAN_POINT ( 'NONE',  ( 1.671891845382139419, 0.5500000000000054845, -1.112500000000000044 ) ) ;
#4110 = DIRECTION ( 'NONE',  ( -1.000000000000000000, 0.000000000000000000, 0.000000000000000000 ) ) ;
#4111 = FACE_OUTER_BOUND ( 'NONE', #2655, .T. ) ;
#4112 = DIRECTION ( 'NONE',  ( -0.000000000000000000, -0.000000000000000000, -1.000000000000000000 ) ) ;
#4113 = ADVANCED_FACE ( 'NONE', ( #458 ), #2958, .F. ) ;
#4114 = PRESENTATION_LAYER_ASSIGNMENT (  '', '', ( #3124 ) ) ;
#4115 = ORIENTED_EDGE ( 'NONE', *, *, #2680, .F. ) ;
#4116 = VECTOR ( 'NONE', #3171, 1000.000000000000000 ) ;
#4117 = CYLINDRICAL_SURFACE ( 'NONE', #1842, 0.1849999999999998312 ) ;
#4118 = EDGE_CURVE ( 'NONE', #1723, #3199, #391, .T. ) ;
#4119 = CARTESIAN_POINT ( 'NONE',  ( 1.900000000000000133, 0.2499999999999994726, 1.112500000000000044 ) ) ;
ENDSEC;
END-ISO-10303-21;
