ISO-10303-21;
HEADER;
/* Generated by software containing ST-Developer
 * from STEP Tools, Inc. (www.steptools.com) 
 */

FILE_DESCRIPTION(
/* description */ (''),
/* implementation_level */ '2;1');

FILE_NAME(
/* name */ 'P:\\E-Switch Secure\\3D_MODELS_STP_FORMAT\\TL1105SFxxxx.st
p',
/* time_stamp */ '2022-04-29T15:20:42-05:00',
/* author */ ('mwilliams'),
/* organization */ (''),
/* preprocessor_version */ 'ST-DEVELOPER v18',
/* originating_system */ 'Autodesk Inventor 2020',
/* authorisation */ '');

FILE_SCHEMA (('AUTOMOTIVE_DESIGN { 1 0 10303 214 3 1 1 }'));
ENDSEC;

DATA;
#10=MECHANICAL_DESIGN_GEOMETRIC_PRESENTATION_REPRESENTATION('',(#13),#5766);
#11=SHAPE_REPRESENTATION_RELATIONSHIP('SRR','None',#5776,#12);
#12=ADVANCED_BREP_SHAPE_REPRESENTATION('',(#14),#5765);
#13=STYLED_ITEM('',(#5785),#14);
#14=MANIFOLD_SOLID_BREP('Solid1',#3437);
#15=TOROIDAL_SURFACE('',#3720,0.0545808802950392,0.00590551181102362);
#16=CONICAL_SURFACE('',#3717,0.0673228346456693,0.0284488668075076);
#17=B_SPLINE_CURVE_WITH_KNOTS('',3,(#5327,#5328,#5329,#5330),
 .UNSPECIFIED.,.F.,.F.,(4,4),(0.038798256134921,0.0397933250334499),
 .UNSPECIFIED.);
#18=B_SPLINE_CURVE_WITH_KNOTS('',3,(#5572,#5573,#5574,#5575),
 .UNSPECIFIED.,.F.,.F.,(4,4),(-0.0397933250334499,-0.038798256134921),
 .UNSPECIFIED.);
#19=CYLINDRICAL_SURFACE('',#3530,0.0688976377952756);
#20=CYLINDRICAL_SURFACE('',#3536,0.00590551181102362);
#21=CYLINDRICAL_SURFACE('',#3540,0.00590551181102362);
#22=CYLINDRICAL_SURFACE('',#3544,0.00590551181102364);
#23=CYLINDRICAL_SURFACE('',#3548,0.00590551181102363);
#24=CYLINDRICAL_SURFACE('',#3559,0.0059055118110236);
#25=CYLINDRICAL_SURFACE('',#3563,0.00590551181102362);
#26=CYLINDRICAL_SURFACE('',#3572,0.0177165354330709);
#27=CYLINDRICAL_SURFACE('',#3578,0.00984251968503937);
#28=CYLINDRICAL_SURFACE('',#3581,0.0157480314960627);
#29=CYLINDRICAL_SURFACE('',#3583,0.00393700787401574);
#30=CYLINDRICAL_SURFACE('',#3589,0.0196850393700788);
#31=CYLINDRICAL_SURFACE('',#3590,0.00984251968503937);
#32=CYLINDRICAL_SURFACE('',#3595,0.00984251968503937);
#33=CYLINDRICAL_SURFACE('',#3617,0.00590551181102362);
#34=CYLINDRICAL_SURFACE('',#3620,0.00590551181102362);
#35=CYLINDRICAL_SURFACE('',#3623,0.00590551181102364);
#36=CYLINDRICAL_SURFACE('',#3626,0.00590551181102363);
#37=CYLINDRICAL_SURFACE('',#3632,0.0059055118110236);
#38=CYLINDRICAL_SURFACE('',#3635,0.00590551181102362);
#39=CYLINDRICAL_SURFACE('',#3644,0.0177165354330709);
#40=CYLINDRICAL_SURFACE('',#3646,0.00984251968503937);
#41=CYLINDRICAL_SURFACE('',#3649,0.0157480314960627);
#42=CYLINDRICAL_SURFACE('',#3652,0.00393700787401574);
#43=CYLINDRICAL_SURFACE('',#3659,0.0196850393700788);
#44=CYLINDRICAL_SURFACE('',#3662,0.00984251968503937);
#45=CYLINDRICAL_SURFACE('',#3667,0.00984251968503937);
#46=CYLINDRICAL_SURFACE('',#3670,0.00984251968503937);
#47=CYLINDRICAL_SURFACE('',#3673,0.00984251968503937);
#48=CYLINDRICAL_SURFACE('',#3681,0.015748031496063);
#49=CYLINDRICAL_SURFACE('',#3684,0.015748031496063);
#50=CYLINDRICAL_SURFACE('',#3687,0.015748031496063);
#51=CYLINDRICAL_SURFACE('',#3690,0.015748031496063);
#52=CYLINDRICAL_SURFACE('',#3695,0.015748031496063);
#53=CYLINDRICAL_SURFACE('',#3696,0.015748031496063);
#54=CYLINDRICAL_SURFACE('',#3699,0.015748031496063);
#55=CYLINDRICAL_SURFACE('',#3702,0.015748031496063);
#56=CYLINDRICAL_SURFACE('',#3704,0.015748031496063);
#57=CYLINDRICAL_SURFACE('',#3709,0.015748031496063);
#58=CIRCLE('',#3511,0.0216535433070866);
#59=CIRCLE('',#3512,0.0216535433070866);
#60=CIRCLE('',#3513,0.0283464566929134);
#61=CIRCLE('',#3514,0.0216535433070866);
#62=CIRCLE('',#3515,0.0216535433070866);
#63=CIRCLE('',#3516,0.0283464566929134);
#64=CIRCLE('',#3517,0.0283464566929134);
#65=CIRCLE('',#3518,0.0216535433070866);
#66=CIRCLE('',#3519,0.0216535433070866);
#67=CIRCLE('',#3520,0.0283464566929134);
#68=CIRCLE('',#3521,0.0216535433070866);
#69=CIRCLE('',#3522,0.0216535433070866);
#70=CIRCLE('',#3531,0.0688976377952756);
#71=CIRCLE('',#3532,0.0688976377952756);
#72=CIRCLE('',#3537,0.00590551181102362);
#73=CIRCLE('',#3538,0.00590551181102362);
#74=CIRCLE('',#3541,0.00590551181102362);
#75=CIRCLE('',#3542,0.00590551181102362);
#76=CIRCLE('',#3545,0.00590551181102364);
#77=CIRCLE('',#3546,0.00590551181102364);
#78=CIRCLE('',#3549,0.00590551181102363);
#79=CIRCLE('',#3550,0.00590551181102363);
#80=CIRCLE('',#3552,0.00393700787401574);
#81=CIRCLE('',#3553,0.0157480314960627);
#82=CIRCLE('',#3554,0.0196850393700788);
#83=CIRCLE('',#3556,0.0196850393700788);
#84=CIRCLE('',#3557,0.0157480314960627);
#85=CIRCLE('',#3558,0.00393700787401574);
#86=CIRCLE('',#3560,0.0059055118110236);
#87=CIRCLE('',#3561,0.0059055118110236);
#88=CIRCLE('',#3564,0.00590551181102362);
#89=CIRCLE('',#3565,0.00590551181102362);
#90=CIRCLE('',#3571,0.0177165354330709);
#91=CIRCLE('',#3573,0.0177165354330709);
#92=CIRCLE('',#3574,0.0177165354330709);
#93=CIRCLE('',#3576,0.00984251968503937);
#94=CIRCLE('',#3579,0.00984251968503937);
#95=CIRCLE('',#3586,0.00984251968503937);
#96=CIRCLE('',#3587,0.00984251968503937);
#97=CIRCLE('',#3591,0.00984251968503937);
#98=CIRCLE('',#3594,0.00984251968503937);
#99=CIRCLE('',#3597,0.00984251968503937);
#100=CIRCLE('',#3599,0.015748031496063);
#101=CIRCLE('',#3600,0.00590551181102362);
#102=CIRCLE('',#3601,0.0059055118110236);
#103=CIRCLE('',#3602,0.00590551181102363);
#104=CIRCLE('',#3603,0.00590551181102364);
#105=CIRCLE('',#3604,0.00590551181102362);
#106=CIRCLE('',#3605,0.00590551181102362);
#107=CIRCLE('',#3606,0.0177165354330709);
#108=CIRCLE('',#3607,0.015748031496063);
#109=CIRCLE('',#3608,0.015748031496063);
#110=CIRCLE('',#3609,0.015748031496063);
#111=CIRCLE('',#3610,0.015748031496063);
#112=CIRCLE('',#3613,0.00984251968503937);
#113=CIRCLE('',#3618,0.00590551181102362);
#114=CIRCLE('',#3621,0.00590551181102362);
#115=CIRCLE('',#3624,0.00590551181102364);
#116=CIRCLE('',#3627,0.00590551181102363);
#117=CIRCLE('',#3629,0.00393700787401574);
#118=CIRCLE('',#3630,0.0157480314960627);
#119=CIRCLE('',#3631,0.0196850393700788);
#120=CIRCLE('',#3633,0.0059055118110236);
#121=CIRCLE('',#3636,0.00590551181102362);
#122=CIRCLE('',#3641,0.0177165354330709);
#123=CIRCLE('',#3645,0.0177165354330709);
#124=CIRCLE('',#3647,0.00984251968503937);
#125=CIRCLE('',#3650,0.0157480314960627);
#126=CIRCLE('',#3653,0.00393700787401574);
#127=CIRCLE('',#3656,0.00984251968503937);
#128=CIRCLE('',#3657,0.00984251968503937);
#129=CIRCLE('',#3660,0.0196850393700788);
#130=CIRCLE('',#3663,0.00984251968503937);
#131=CIRCLE('',#3665,0.00984251968503937);
#132=CIRCLE('',#3669,0.00984251968503937);
#133=CIRCLE('',#3672,0.00984251968503937);
#134=CIRCLE('',#3674,0.00984251968503937);
#135=CIRCLE('',#3676,0.015748031496063);
#136=CIRCLE('',#3677,0.015748031496063);
#137=CIRCLE('',#3678,0.015748031496063);
#138=CIRCLE('',#3679,0.015748031496063);
#139=CIRCLE('',#3680,0.015748031496063);
#140=CIRCLE('',#3682,0.015748031496063);
#141=CIRCLE('',#3685,0.015748031496063);
#142=CIRCLE('',#3688,0.015748031496063);
#143=CIRCLE('',#3691,0.015748031496063);
#144=CIRCLE('',#3693,0.015748031496063);
#145=CIRCLE('',#3697,0.015748031496063);
#146=CIRCLE('',#3700,0.015748031496063);
#147=CIRCLE('',#3703,0.015748031496063);
#148=CIRCLE('',#3705,0.015748031496063);
#149=CIRCLE('',#3708,0.015748031496063);
#150=CIRCLE('',#3716,0.0545808802950392);
#151=CIRCLE('',#3718,0.0604840024896108);
#152=CIRCLE('',#3719,0.0673228346456693);
#153=CIRCLE('',#3721,0.00590551181102362);
#154=(
BOUNDED_SURFACE()
B_SPLINE_SURFACE(2,2,((#4980,#4981,#4982,#4983,#4984,#4985,#4986,#4987,
#4988),(#4989,#4990,#4991,#4992,#4993,#4994,#4995,#4996,#4997),(#4998,#4999,
#5000,#5001,#5002,#5003,#5004,#5005,#5006)),.UNSPECIFIED.,.F.,.T.,.F.)
B_SPLINE_SURFACE_WITH_KNOTS((3,3),(3,2,2,2,3),(-1.43386806042276,-0.450132020336162),
(-3.14159265358979,-1.5707963267949,0.,1.5707963267949,3.14159265358979),
 .UNSPECIFIED.)
GEOMETRIC_REPRESENTATION_ITEM()
RATIONAL_B_SPLINE_SURFACE(((1.,0.707106781186548,1.,0.707106781186548,1.,
0.707106781186548,1.,0.707106781186548,1.),(0.881452181080098,0.62328081453341,
0.881452181080098,0.62328081453341,0.881452181080098,0.62328081453341,0.881452181080098,
0.62328081453341,0.881452181080098),(1.,0.707106781186548,1.,0.707106781186548,
1.,0.707106781186548,1.,0.707106781186548,1.)))
REPRESENTATION_ITEM('')
SURFACE()
);
#155=(
BOUNDED_SURFACE()
B_SPLINE_SURFACE(2,2,((#5013,#5014,#5015,#5016,#5017,#5018,#5019,#5020,
#5021),(#5022,#5023,#5024,#5025,#5026,#5027,#5028,#5029,#5030),(#5031,#5032,
#5033,#5034,#5035,#5036,#5037,#5038,#5039)),.UNSPECIFIED.,.F.,.T.,.F.)
B_SPLINE_SURFACE_WITH_KNOTS((3,3),(3,2,2,2,3),(-1.43386806042276,-0.450132020336162),
(-3.14159265358979,-1.5707963267949,0.,1.5707963267949,3.14159265358979),
 .UNSPECIFIED.)
GEOMETRIC_REPRESENTATION_ITEM()
RATIONAL_B_SPLINE_SURFACE(((1.,0.707106781186548,1.,0.707106781186548,1.,
0.707106781186548,1.,0.707106781186548,1.),(0.881452181080101,0.623280814533412,
0.881452181080101,0.623280814533412,0.881452181080101,0.623280814533412,
0.881452181080101,0.623280814533412,0.881452181080101),(1.,0.707106781186548,
1.,0.707106781186548,1.,0.707106781186548,1.,0.707106781186548,1.)))
REPRESENTATION_ITEM('')
SURFACE()
);
#156=(
BOUNDED_SURFACE()
B_SPLINE_SURFACE(2,2,((#5046,#5047,#5048,#5049,#5050,#5051,#5052,#5053,
#5054),(#5055,#5056,#5057,#5058,#5059,#5060,#5061,#5062,#5063),(#5064,#5065,
#5066,#5067,#5068,#5069,#5070,#5071,#5072)),.UNSPECIFIED.,.F.,.T.,.F.)
B_SPLINE_SURFACE_WITH_KNOTS((3,3),(3,2,2,2,3),(0.450132020336162,1.43386806042276),
(-3.14159265358979,-1.5707963267949,0.,1.5707963267949,3.14159265358979),
 .UNSPECIFIED.)
GEOMETRIC_REPRESENTATION_ITEM()
RATIONAL_B_SPLINE_SURFACE(((1.,0.707106781186548,1.,0.707106781186548,1.,
0.707106781186548,1.,0.707106781186548,1.),(0.881452181080103,0.623280814533414,
0.881452181080103,0.623280814533414,0.881452181080103,0.623280814533414,
0.881452181080103,0.623280814533414,0.881452181080103),(1.,0.707106781186548,
1.,0.707106781186548,1.,0.707106781186548,1.,0.707106781186548,1.)))
REPRESENTATION_ITEM('')
SURFACE()
);
#157=(
BOUNDED_SURFACE()
B_SPLINE_SURFACE(2,2,((#5079,#5080,#5081,#5082,#5083,#5084,#5085,#5086,
#5087),(#5088,#5089,#5090,#5091,#5092,#5093,#5094,#5095,#5096),(#5097,#5098,
#5099,#5100,#5101,#5102,#5103,#5104,#5105)),.UNSPECIFIED.,.F.,.T.,.F.)
B_SPLINE_SURFACE_WITH_KNOTS((3,3),(3,2,2,2,3),(0.450132020336162,1.43386806042276),
(-3.14159265358979,-1.5707963267949,0.,1.5707963267949,3.14159265358979),
 .UNSPECIFIED.)
GEOMETRIC_REPRESENTATION_ITEM()
RATIONAL_B_SPLINE_SURFACE(((1.,0.707106781186548,1.,0.707106781186548,1.,
0.707106781186548,1.,0.707106781186548,1.),(0.881452181080106,0.623280814533415,
0.881452181080106,0.623280814533415,0.881452181080106,0.623280814533415,
0.881452181080106,0.623280814533415,0.881452181080106),(1.,0.707106781186548,
1.,0.707106781186548,1.,0.707106781186548,1.,0.707106781186548,1.)))
REPRESENTATION_ITEM('')
SURFACE()
);
#158=FACE_BOUND('',#344,.T.);
#159=FACE_BOUND('',#345,.T.);
#160=FACE_BOUND('',#348,.T.);
#161=FACE_BOUND('',#349,.T.);
#162=FACE_BOUND('',#512,.T.);
#163=FACE_BOUND('',#513,.T.);
#164=FACE_BOUND('',#514,.T.);
#165=FACE_BOUND('',#515,.T.);
#166=FACE_BOUND('',#516,.T.);
#167=FACE_BOUND('',#525,.T.);
#168=FACE_OUTER_BOUND('',#342,.T.);
#169=FACE_OUTER_BOUND('',#343,.T.);
#170=FACE_OUTER_BOUND('',#346,.T.);
#171=FACE_OUTER_BOUND('',#347,.T.);
#172=FACE_OUTER_BOUND('',#350,.T.);
#173=FACE_OUTER_BOUND('',#351,.T.);
#174=FACE_OUTER_BOUND('',#352,.T.);
#175=FACE_OUTER_BOUND('',#353,.T.);
#176=FACE_OUTER_BOUND('',#354,.T.);
#177=FACE_OUTER_BOUND('',#355,.T.);
#178=FACE_OUTER_BOUND('',#356,.T.);
#179=FACE_OUTER_BOUND('',#357,.T.);
#180=FACE_OUTER_BOUND('',#358,.T.);
#181=FACE_OUTER_BOUND('',#359,.T.);
#182=FACE_OUTER_BOUND('',#360,.T.);
#183=FACE_OUTER_BOUND('',#361,.T.);
#184=FACE_OUTER_BOUND('',#362,.T.);
#185=FACE_OUTER_BOUND('',#363,.T.);
#186=FACE_OUTER_BOUND('',#364,.T.);
#187=FACE_OUTER_BOUND('',#365,.T.);
#188=FACE_OUTER_BOUND('',#366,.T.);
#189=FACE_OUTER_BOUND('',#367,.T.);
#190=FACE_OUTER_BOUND('',#368,.T.);
#191=FACE_OUTER_BOUND('',#369,.T.);
#192=FACE_OUTER_BOUND('',#370,.T.);
#193=FACE_OUTER_BOUND('',#371,.T.);
#194=FACE_OUTER_BOUND('',#372,.T.);
#195=FACE_OUTER_BOUND('',#373,.T.);
#196=FACE_OUTER_BOUND('',#374,.T.);
#197=FACE_OUTER_BOUND('',#375,.T.);
#198=FACE_OUTER_BOUND('',#376,.T.);
#199=FACE_OUTER_BOUND('',#377,.T.);
#200=FACE_OUTER_BOUND('',#378,.T.);
#201=FACE_OUTER_BOUND('',#379,.T.);
#202=FACE_OUTER_BOUND('',#380,.T.);
#203=FACE_OUTER_BOUND('',#381,.T.);
#204=FACE_OUTER_BOUND('',#382,.T.);
#205=FACE_OUTER_BOUND('',#383,.T.);
#206=FACE_OUTER_BOUND('',#384,.T.);
#207=FACE_OUTER_BOUND('',#385,.T.);
#208=FACE_OUTER_BOUND('',#386,.T.);
#209=FACE_OUTER_BOUND('',#387,.T.);
#210=FACE_OUTER_BOUND('',#388,.T.);
#211=FACE_OUTER_BOUND('',#389,.T.);
#212=FACE_OUTER_BOUND('',#390,.T.);
#213=FACE_OUTER_BOUND('',#391,.T.);
#214=FACE_OUTER_BOUND('',#392,.T.);
#215=FACE_OUTER_BOUND('',#393,.T.);
#216=FACE_OUTER_BOUND('',#394,.T.);
#217=FACE_OUTER_BOUND('',#395,.T.);
#218=FACE_OUTER_BOUND('',#396,.T.);
#219=FACE_OUTER_BOUND('',#397,.T.);
#220=FACE_OUTER_BOUND('',#398,.T.);
#221=FACE_OUTER_BOUND('',#399,.T.);
#222=FACE_OUTER_BOUND('',#400,.T.);
#223=FACE_OUTER_BOUND('',#401,.T.);
#224=FACE_OUTER_BOUND('',#402,.T.);
#225=FACE_OUTER_BOUND('',#403,.T.);
#226=FACE_OUTER_BOUND('',#404,.T.);
#227=FACE_OUTER_BOUND('',#405,.T.);
#228=FACE_OUTER_BOUND('',#406,.T.);
#229=FACE_OUTER_BOUND('',#407,.T.);
#230=FACE_OUTER_BOUND('',#408,.T.);
#231=FACE_OUTER_BOUND('',#409,.T.);
#232=FACE_OUTER_BOUND('',#410,.T.);
#233=FACE_OUTER_BOUND('',#411,.T.);
#234=FACE_OUTER_BOUND('',#412,.T.);
#235=FACE_OUTER_BOUND('',#413,.T.);
#236=FACE_OUTER_BOUND('',#414,.T.);
#237=FACE_OUTER_BOUND('',#415,.T.);
#238=FACE_OUTER_BOUND('',#416,.T.);
#239=FACE_OUTER_BOUND('',#417,.T.);
#240=FACE_OUTER_BOUND('',#418,.T.);
#241=FACE_OUTER_BOUND('',#419,.T.);
#242=FACE_OUTER_BOUND('',#420,.T.);
#243=FACE_OUTER_BOUND('',#421,.T.);
#244=FACE_OUTER_BOUND('',#422,.T.);
#245=FACE_OUTER_BOUND('',#423,.T.);
#246=FACE_OUTER_BOUND('',#424,.T.);
#247=FACE_OUTER_BOUND('',#425,.T.);
#248=FACE_OUTER_BOUND('',#426,.T.);
#249=FACE_OUTER_BOUND('',#427,.T.);
#250=FACE_OUTER_BOUND('',#428,.T.);
#251=FACE_OUTER_BOUND('',#429,.T.);
#252=FACE_OUTER_BOUND('',#430,.T.);
#253=FACE_OUTER_BOUND('',#431,.T.);
#254=FACE_OUTER_BOUND('',#432,.T.);
#255=FACE_OUTER_BOUND('',#433,.T.);
#256=FACE_OUTER_BOUND('',#434,.T.);
#257=FACE_OUTER_BOUND('',#435,.T.);
#258=FACE_OUTER_BOUND('',#436,.T.);
#259=FACE_OUTER_BOUND('',#437,.T.);
#260=FACE_OUTER_BOUND('',#438,.T.);
#261=FACE_OUTER_BOUND('',#439,.T.);
#262=FACE_OUTER_BOUND('',#440,.T.);
#263=FACE_OUTER_BOUND('',#441,.T.);
#264=FACE_OUTER_BOUND('',#442,.T.);
#265=FACE_OUTER_BOUND('',#443,.T.);
#266=FACE_OUTER_BOUND('',#444,.T.);
#267=FACE_OUTER_BOUND('',#445,.T.);
#268=FACE_OUTER_BOUND('',#446,.T.);
#269=FACE_OUTER_BOUND('',#447,.T.);
#270=FACE_OUTER_BOUND('',#448,.T.);
#271=FACE_OUTER_BOUND('',#449,.T.);
#272=FACE_OUTER_BOUND('',#450,.T.);
#273=FACE_OUTER_BOUND('',#451,.T.);
#274=FACE_OUTER_BOUND('',#452,.T.);
#275=FACE_OUTER_BOUND('',#453,.T.);
#276=FACE_OUTER_BOUND('',#454,.T.);
#277=FACE_OUTER_BOUND('',#455,.T.);
#278=FACE_OUTER_BOUND('',#456,.T.);
#279=FACE_OUTER_BOUND('',#457,.T.);
#280=FACE_OUTER_BOUND('',#458,.T.);
#281=FACE_OUTER_BOUND('',#459,.T.);
#282=FACE_OUTER_BOUND('',#460,.T.);
#283=FACE_OUTER_BOUND('',#461,.T.);
#284=FACE_OUTER_BOUND('',#462,.T.);
#285=FACE_OUTER_BOUND('',#463,.T.);
#286=FACE_OUTER_BOUND('',#464,.T.);
#287=FACE_OUTER_BOUND('',#465,.T.);
#288=FACE_OUTER_BOUND('',#466,.T.);
#289=FACE_OUTER_BOUND('',#467,.T.);
#290=FACE_OUTER_BOUND('',#468,.T.);
#291=FACE_OUTER_BOUND('',#469,.T.);
#292=FACE_OUTER_BOUND('',#470,.T.);
#293=FACE_OUTER_BOUND('',#471,.T.);
#294=FACE_OUTER_BOUND('',#472,.T.);
#295=FACE_OUTER_BOUND('',#473,.T.);
#296=FACE_OUTER_BOUND('',#474,.T.);
#297=FACE_OUTER_BOUND('',#475,.T.);
#298=FACE_OUTER_BOUND('',#476,.T.);
#299=FACE_OUTER_BOUND('',#477,.T.);
#300=FACE_OUTER_BOUND('',#478,.T.);
#301=FACE_OUTER_BOUND('',#479,.T.);
#302=FACE_OUTER_BOUND('',#480,.T.);
#303=FACE_OUTER_BOUND('',#481,.T.);
#304=FACE_OUTER_BOUND('',#482,.T.);
#305=FACE_OUTER_BOUND('',#483,.T.);
#306=FACE_OUTER_BOUND('',#484,.T.);
#307=FACE_OUTER_BOUND('',#485,.T.);
#308=FACE_OUTER_BOUND('',#486,.T.);
#309=FACE_OUTER_BOUND('',#487,.T.);
#310=FACE_OUTER_BOUND('',#488,.T.);
#311=FACE_OUTER_BOUND('',#489,.T.);
#312=FACE_OUTER_BOUND('',#490,.T.);
#313=FACE_OUTER_BOUND('',#491,.T.);
#314=FACE_OUTER_BOUND('',#492,.T.);
#315=FACE_OUTER_BOUND('',#493,.T.);
#316=FACE_OUTER_BOUND('',#494,.T.);
#317=FACE_OUTER_BOUND('',#495,.T.);
#318=FACE_OUTER_BOUND('',#496,.T.);
#319=FACE_OUTER_BOUND('',#497,.T.);
#320=FACE_OUTER_BOUND('',#498,.T.);
#321=FACE_OUTER_BOUND('',#499,.T.);
#322=FACE_OUTER_BOUND('',#500,.T.);
#323=FACE_OUTER_BOUND('',#501,.T.);
#324=FACE_OUTER_BOUND('',#502,.T.);
#325=FACE_OUTER_BOUND('',#503,.T.);
#326=FACE_OUTER_BOUND('',#504,.T.);
#327=FACE_OUTER_BOUND('',#505,.T.);
#328=FACE_OUTER_BOUND('',#506,.T.);
#329=FACE_OUTER_BOUND('',#507,.T.);
#330=FACE_OUTER_BOUND('',#508,.T.);
#331=FACE_OUTER_BOUND('',#509,.T.);
#332=FACE_OUTER_BOUND('',#510,.T.);
#333=FACE_OUTER_BOUND('',#511,.T.);
#334=FACE_OUTER_BOUND('',#517,.T.);
#335=FACE_OUTER_BOUND('',#518,.T.);
#336=FACE_OUTER_BOUND('',#519,.T.);
#337=FACE_OUTER_BOUND('',#520,.T.);
#338=FACE_OUTER_BOUND('',#521,.T.);
#339=FACE_OUTER_BOUND('',#522,.T.);
#340=FACE_OUTER_BOUND('',#523,.T.);
#341=FACE_OUTER_BOUND('',#524,.T.);
#342=EDGE_LOOP('',(#2144,#2145,#2146,#2147,#2148,#2149,#2150,#2151,#2152,
#2153,#2154,#2155,#2156,#2157));
#343=EDGE_LOOP('',(#2158,#2159,#2160,#2161));
#344=EDGE_LOOP('',(#2162,#2163,#2164,#2165));
#345=EDGE_LOOP('',(#2166,#2167,#2168,#2169));
#346=EDGE_LOOP('',(#2170,#2171,#2172,#2173,#2174,#2175,#2176,#2177,#2178,
#2179,#2180,#2181,#2182,#2183));
#347=EDGE_LOOP('',(#2184,#2185,#2186,#2187,#2188,#2189,#2190,#2191));
#348=EDGE_LOOP('',(#2192,#2193,#2194,#2195));
#349=EDGE_LOOP('',(#2196,#2197,#2198,#2199));
#350=EDGE_LOOP('',(#2200,#2201,#2202,#2203));
#351=EDGE_LOOP('',(#2204,#2205,#2206,#2207));
#352=EDGE_LOOP('',(#2208,#2209,#2210,#2211));
#353=EDGE_LOOP('',(#2212,#2213,#2214,#2215));
#354=EDGE_LOOP('',(#2216,#2217,#2218,#2219));
#355=EDGE_LOOP('',(#2220,#2221,#2222,#2223));
#356=EDGE_LOOP('',(#2224,#2225,#2226,#2227,#2228,#2229,#2230,#2231));
#357=EDGE_LOOP('',(#2232,#2233,#2234,#2235));
#358=EDGE_LOOP('',(#2236,#2237,#2238,#2239));
#359=EDGE_LOOP('',(#2240,#2241,#2242,#2243));
#360=EDGE_LOOP('',(#2244,#2245,#2246,#2247,#2248,#2249,#2250,#2251));
#361=EDGE_LOOP('',(#2252,#2253,#2254,#2255,#2256,#2257,#2258,#2259,#2260,
#2261,#2262,#2263));
#362=EDGE_LOOP('',(#2264,#2265,#2266,#2267));
#363=EDGE_LOOP('',(#2268,#2269,#2270,#2271));
#364=EDGE_LOOP('',(#2272,#2273,#2274,#2275,#2276,#2277,#2278,#2279,#2280,
#2281,#2282,#2283,#2284,#2285,#2286,#2287));
#365=EDGE_LOOP('',(#2288,#2289,#2290,#2291));
#366=EDGE_LOOP('',(#2292,#2293,#2294,#2295));
#367=EDGE_LOOP('',(#2296,#2297,#2298,#2299,#2300,#2301,#2302,#2303,#2304,
#2305,#2306,#2307,#2308,#2309,#2310,#2311));
#368=EDGE_LOOP('',(#2312,#2313,#2314,#2315));
#369=EDGE_LOOP('',(#2316,#2317,#2318,#2319));
#370=EDGE_LOOP('',(#2320,#2321,#2322,#2323));
#371=EDGE_LOOP('',(#2324,#2325,#2326,#2327));
#372=EDGE_LOOP('',(#2328,#2329,#2330,#2331));
#373=EDGE_LOOP('',(#2332,#2333,#2334,#2335));
#374=EDGE_LOOP('',(#2336,#2337,#2338,#2339));
#375=EDGE_LOOP('',(#2340,#2341,#2342,#2343));
#376=EDGE_LOOP('',(#2344,#2345,#2346,#2347));
#377=EDGE_LOOP('',(#2348,#2349,#2350,#2351));
#378=EDGE_LOOP('',(#2352,#2353,#2354,#2355));
#379=EDGE_LOOP('',(#2356,#2357,#2358,#2359));
#380=EDGE_LOOP('',(#2360,#2361,#2362,#2363));
#381=EDGE_LOOP('',(#2364,#2365,#2366,#2367));
#382=EDGE_LOOP('',(#2368,#2369,#2370,#2371));
#383=EDGE_LOOP('',(#2372,#2373,#2374,#2375));
#384=EDGE_LOOP('',(#2376,#2377,#2378,#2379));
#385=EDGE_LOOP('',(#2380,#2381,#2382,#2383));
#386=EDGE_LOOP('',(#2384,#2385,#2386,#2387));
#387=EDGE_LOOP('',(#2388,#2389,#2390,#2391));
#388=EDGE_LOOP('',(#2392,#2393,#2394,#2395,#2396,#2397));
#389=EDGE_LOOP('',(#2398,#2399,#2400,#2401));
#390=EDGE_LOOP('',(#2402,#2403,#2404,#2405));
#391=EDGE_LOOP('',(#2406,#2407,#2408,#2409,#2410,#2411));
#392=EDGE_LOOP('',(#2412,#2413,#2414,#2415,#2416,#2417));
#393=EDGE_LOOP('',(#2418,#2419,#2420,#2421,#2422,#2423));
#394=EDGE_LOOP('',(#2424,#2425,#2426,#2427));
#395=EDGE_LOOP('',(#2428,#2429,#2430,#2431));
#396=EDGE_LOOP('',(#2432,#2433,#2434,#2435));
#397=EDGE_LOOP('',(#2436,#2437,#2438,#2439));
#398=EDGE_LOOP('',(#2440,#2441,#2442,#2443));
#399=EDGE_LOOP('',(#2444,#2445,#2446,#2447));
#400=EDGE_LOOP('',(#2448,#2449,#2450,#2451));
#401=EDGE_LOOP('',(#2452,#2453,#2454,#2455));
#402=EDGE_LOOP('',(#2456,#2457,#2458,#2459));
#403=EDGE_LOOP('',(#2460,#2461,#2462,#2463));
#404=EDGE_LOOP('',(#2464,#2465,#2466,#2467,#2468,#2469,#2470,#2471));
#405=EDGE_LOOP('',(#2472,#2473,#2474,#2475));
#406=EDGE_LOOP('',(#2476,#2477,#2478,#2479,#2480));
#407=EDGE_LOOP('',(#2481,#2482,#2483,#2484));
#408=EDGE_LOOP('',(#2485,#2486,#2487,#2488));
#409=EDGE_LOOP('',(#2489,#2490,#2491,#2492));
#410=EDGE_LOOP('',(#2493,#2494,#2495,#2496,#2497));
#411=EDGE_LOOP('',(#2498,#2499,#2500,#2501));
#412=EDGE_LOOP('',(#2502,#2503,#2504,#2505));
#413=EDGE_LOOP('',(#2506,#2507,#2508,#2509));
#414=EDGE_LOOP('',(#2510,#2511,#2512,#2513));
#415=EDGE_LOOP('',(#2514,#2515,#2516,#2517));
#416=EDGE_LOOP('',(#2518,#2519,#2520,#2521));
#417=EDGE_LOOP('',(#2522,#2523,#2524,#2525));
#418=EDGE_LOOP('',(#2526,#2527,#2528,#2529));
#419=EDGE_LOOP('',(#2530,#2531,#2532,#2533));
#420=EDGE_LOOP('',(#2534,#2535,#2536,#2537));
#421=EDGE_LOOP('',(#2538,#2539,#2540,#2541));
#422=EDGE_LOOP('',(#2542,#2543,#2544,#2545,#2546,#2547,#2548,#2549,#2550,
#2551,#2552,#2553,#2554));
#423=EDGE_LOOP('',(#2555,#2556,#2557,#2558,#2559,#2560,#2561,#2562,#2563,
#2564,#2565,#2566,#2567));
#424=EDGE_LOOP('',(#2568,#2569,#2570,#2571));
#425=EDGE_LOOP('',(#2572,#2573,#2574,#2575));
#426=EDGE_LOOP('',(#2576,#2577,#2578,#2579));
#427=EDGE_LOOP('',(#2580,#2581,#2582,#2583));
#428=EDGE_LOOP('',(#2584,#2585,#2586,#2587));
#429=EDGE_LOOP('',(#2588,#2589,#2590,#2591));
#430=EDGE_LOOP('',(#2592,#2593,#2594,#2595,#2596));
#431=EDGE_LOOP('',(#2597,#2598,#2599,#2600,#2601));
#432=EDGE_LOOP('',(#2602,#2603,#2604,#2605,#2606,#2607));
#433=EDGE_LOOP('',(#2608,#2609,#2610,#2611));
#434=EDGE_LOOP('',(#2612,#2613,#2614,#2615,#2616,#2617));
#435=EDGE_LOOP('',(#2618,#2619,#2620,#2621,#2622));
#436=EDGE_LOOP('',(#2623,#2624,#2625,#2626));
#437=EDGE_LOOP('',(#2627,#2628,#2629,#2630));
#438=EDGE_LOOP('',(#2631,#2632,#2633,#2634));
#439=EDGE_LOOP('',(#2635,#2636,#2637,#2638));
#440=EDGE_LOOP('',(#2639,#2640,#2641,#2642));
#441=EDGE_LOOP('',(#2643,#2644,#2645,#2646,#2647,#2648));
#442=EDGE_LOOP('',(#2649,#2650,#2651,#2652));
#443=EDGE_LOOP('',(#2653,#2654,#2655,#2656));
#444=EDGE_LOOP('',(#2657,#2658,#2659,#2660));
#445=EDGE_LOOP('',(#2661,#2662,#2663,#2664));
#446=EDGE_LOOP('',(#2665,#2666,#2667,#2668,#2669,#2670));
#447=EDGE_LOOP('',(#2671,#2672,#2673,#2674));
#448=EDGE_LOOP('',(#2675,#2676,#2677,#2678,#2679,#2680,#2681));
#449=EDGE_LOOP('',(#2682,#2683,#2684,#2685,#2686,#2687,#2688,#2689,#2690,
#2691,#2692,#2693,#2694,#2695,#2696,#2697,#2698,#2699,#2700,#2701,#2702,
#2703,#2704,#2705,#2706,#2707,#2708,#2709,#2710,#2711,#2712));
#450=EDGE_LOOP('',(#2713,#2714,#2715,#2716,#2717,#2718));
#451=EDGE_LOOP('',(#2719,#2720,#2721,#2722));
#452=EDGE_LOOP('',(#2723,#2724,#2725,#2726));
#453=EDGE_LOOP('',(#2727,#2728,#2729,#2730));
#454=EDGE_LOOP('',(#2731,#2732,#2733,#2734));
#455=EDGE_LOOP('',(#2735,#2736,#2737,#2738));
#456=EDGE_LOOP('',(#2739,#2740,#2741,#2742));
#457=EDGE_LOOP('',(#2743,#2744,#2745,#2746));
#458=EDGE_LOOP('',(#2747,#2748,#2749,#2750));
#459=EDGE_LOOP('',(#2751,#2752,#2753,#2754));
#460=EDGE_LOOP('',(#2755,#2756,#2757,#2758));
#461=EDGE_LOOP('',(#2759,#2760,#2761,#2762));
#462=EDGE_LOOP('',(#2763,#2764,#2765,#2766,#2767,#2768,#2769,#2770,#2771,
#2772,#2773,#2774,#2775));
#463=EDGE_LOOP('',(#2776,#2777,#2778,#2779));
#464=EDGE_LOOP('',(#2780,#2781,#2782,#2783));
#465=EDGE_LOOP('',(#2784,#2785,#2786,#2787));
#466=EDGE_LOOP('',(#2788,#2789,#2790,#2791));
#467=EDGE_LOOP('',(#2792,#2793,#2794,#2795));
#468=EDGE_LOOP('',(#2796,#2797,#2798,#2799,#2800));
#469=EDGE_LOOP('',(#2801,#2802,#2803,#2804,#2805));
#470=EDGE_LOOP('',(#2806,#2807,#2808,#2809));
#471=EDGE_LOOP('',(#2810,#2811,#2812,#2813,#2814));
#472=EDGE_LOOP('',(#2815,#2816,#2817,#2818,#2819,#2820));
#473=EDGE_LOOP('',(#2821,#2822,#2823,#2824,#2825));
#474=EDGE_LOOP('',(#2826,#2827,#2828,#2829));
#475=EDGE_LOOP('',(#2830,#2831,#2832,#2833));
#476=EDGE_LOOP('',(#2834,#2835,#2836,#2837));
#477=EDGE_LOOP('',(#2838,#2839,#2840,#2841));
#478=EDGE_LOOP('',(#2842,#2843,#2844,#2845));
#479=EDGE_LOOP('',(#2846,#2847,#2848,#2849,#2850,#2851));
#480=EDGE_LOOP('',(#2852,#2853,#2854,#2855));
#481=EDGE_LOOP('',(#2856,#2857,#2858,#2859));
#482=EDGE_LOOP('',(#2860,#2861,#2862,#2863,#2864,#2865,#2866,#2867,#2868,
#2869,#2870,#2871,#2872));
#483=EDGE_LOOP('',(#2873,#2874,#2875,#2876));
#484=EDGE_LOOP('',(#2877,#2878,#2879,#2880,#2881,#2882));
#485=EDGE_LOOP('',(#2883,#2884,#2885,#2886));
#486=EDGE_LOOP('',(#2887,#2888,#2889,#2890));
#487=EDGE_LOOP('',(#2891,#2892,#2893,#2894,#2895,#2896,#2897,#2898,#2899,
#2900,#2901));
#488=EDGE_LOOP('',(#2902,#2903,#2904,#2905));
#489=EDGE_LOOP('',(#2906,#2907,#2908,#2909,#2910,#2911,#2912,#2913,#2914,
#2915,#2916));
#490=EDGE_LOOP('',(#2917,#2918,#2919,#2920));
#491=EDGE_LOOP('',(#2921,#2922,#2923,#2924,#2925,#2926,#2927,#2928,#2929,
#2930,#2931,#2932,#2933,#2934,#2935,#2936,#2937,#2938,#2939,#2940,#2941,
#2942,#2943,#2944,#2945,#2946,#2947,#2948,#2949,#2950,#2951));
#492=EDGE_LOOP('',(#2952,#2953,#2954,#2955));
#493=EDGE_LOOP('',(#2956,#2957,#2958,#2959));
#494=EDGE_LOOP('',(#2960,#2961,#2962,#2963));
#495=EDGE_LOOP('',(#2964,#2965,#2966,#2967));
#496=EDGE_LOOP('',(#2968,#2969,#2970,#2971));
#497=EDGE_LOOP('',(#2972,#2973,#2974,#2975,#2976,#2977,#2978));
#498=EDGE_LOOP('',(#2979,#2980,#2981,#2982));
#499=EDGE_LOOP('',(#2983,#2984,#2985,#2986,#2987,#2988,#2989,#2990,#2991,
#2992,#2993,#2994,#2995,#2996,#2997,#2998,#2999,#3000,#3001,#3002,#3003,
#3004,#3005,#3006,#3007,#3008,#3009,#3010,#3011,#3012,#3013));
#500=EDGE_LOOP('',(#3014,#3015,#3016,#3017));
#501=EDGE_LOOP('',(#3018,#3019,#3020,#3021));
#502=EDGE_LOOP('',(#3022,#3023,#3024,#3025));
#503=EDGE_LOOP('',(#3026,#3027,#3028,#3029));
#504=EDGE_LOOP('',(#3030,#3031,#3032,#3033));
#505=EDGE_LOOP('',(#3034,#3035,#3036,#3037));
#506=EDGE_LOOP('',(#3038,#3039,#3040,#3041));
#507=EDGE_LOOP('',(#3042,#3043,#3044,#3045));
#508=EDGE_LOOP('',(#3046,#3047,#3048,#3049));
#509=EDGE_LOOP('',(#3050,#3051,#3052,#3053,#3054,#3055,#3056,#3057,#3058,
#3059,#3060,#3061,#3062,#3063,#3064,#3065,#3066,#3067,#3068,#3069,#3070,
#3071,#3072,#3073,#3074,#3075,#3076,#3077,#3078,#3079,#3080));
#510=EDGE_LOOP('',(#3081,#3082,#3083,#3084));
#511=EDGE_LOOP('',(#3085,#3086,#3087,#3088,#3089,#3090,#3091,#3092,#3093,
#3094,#3095,#3096));
#512=EDGE_LOOP('',(#3097,#3098));
#513=EDGE_LOOP('',(#3099,#3100));
#514=EDGE_LOOP('',(#3101,#3102));
#515=EDGE_LOOP('',(#3103,#3104));
#516=EDGE_LOOP('',(#3105));
#517=EDGE_LOOP('',(#3106,#3107,#3108,#3109));
#518=EDGE_LOOP('',(#3110,#3111,#3112,#3113));
#519=EDGE_LOOP('',(#3114,#3115,#3116,#3117));
#520=EDGE_LOOP('',(#3118,#3119,#3120,#3121,#3122));
#521=EDGE_LOOP('',(#3123));
#522=EDGE_LOOP('',(#3124,#3125,#3126,#3127));
#523=EDGE_LOOP('',(#3128,#3129,#3130,#3131));
#524=EDGE_LOOP('',(#3132));
#525=EDGE_LOOP('',(#3133));
#526=LINE('',#4658,#923);
#527=LINE('',#4660,#924);
#528=LINE('',#4662,#925);
#529=LINE('',#4664,#926);
#530=LINE('',#4666,#927);
#531=LINE('',#4668,#928);
#532=LINE('',#4670,#929);
#533=LINE('',#4672,#930);
#534=LINE('',#4674,#931);
#535=LINE('',#4676,#932);
#536=LINE('',#4678,#933);
#537=LINE('',#4680,#934);
#538=LINE('',#4682,#935);
#539=LINE('',#4683,#936);
#540=LINE('',#4686,#937);
#541=LINE('',#4688,#938);
#542=LINE('',#4689,#939);
#543=LINE('',#4692,#940);
#544=LINE('',#4694,#941);
#545=LINE('',#4696,#942);
#546=LINE('',#4697,#943);
#547=LINE('',#4700,#944);
#548=LINE('',#4702,#945);
#549=LINE('',#4704,#946);
#550=LINE('',#4705,#947);
#551=LINE('',#4709,#948);
#552=LINE('',#4711,#949);
#553=LINE('',#4712,#950);
#554=LINE('',#4714,#951);
#555=LINE('',#4716,#952);
#556=LINE('',#4718,#953);
#557=LINE('',#4720,#954);
#558=LINE('',#4722,#955);
#559=LINE('',#4724,#956);
#560=LINE('',#4726,#957);
#561=LINE('',#4728,#958);
#562=LINE('',#4730,#959);
#563=LINE('',#4731,#960);
#564=LINE('',#4733,#961);
#565=LINE('',#4735,#962);
#566=LINE('',#4737,#963);
#567=LINE('',#4739,#964);
#568=LINE('',#4741,#965);
#569=LINE('',#4742,#966);
#570=LINE('',#4745,#967);
#571=LINE('',#4747,#968);
#572=LINE('',#4749,#969);
#573=LINE('',#4750,#970);
#574=LINE('',#4753,#971);
#575=LINE('',#4755,#972);
#576=LINE('',#4757,#973);
#577=LINE('',#4758,#974);
#578=LINE('',#4761,#975);
#579=LINE('',#4762,#976);
#580=LINE('',#4765,#977);
#581=LINE('',#4766,#978);
#582=LINE('',#4769,#979);
#583=LINE('',#4770,#980);
#584=LINE('',#4773,#981);
#585=LINE('',#4774,#982);
#586=LINE('',#4776,#983);
#587=LINE('',#4778,#984);
#588=LINE('',#4782,#985);
#589=LINE('',#4783,#986);
#590=LINE('',#4785,#987);
#591=LINE('',#4787,#988);
#592=LINE('',#4788,#989);
#593=LINE('',#4791,#990);
#594=LINE('',#4792,#991);
#595=LINE('',#4796,#992);
#596=LINE('',#4797,#993);
#597=LINE('',#4798,#994);
#598=LINE('',#4802,#995);
#599=LINE('',#4803,#996);
#600=LINE('',#4804,#997);
#601=LINE('',#4807,#998);
#602=LINE('',#4808,#999);
#603=LINE('',#4810,#1000);
#604=LINE('',#4811,#1001);
#605=LINE('',#4814,#1002);
#606=LINE('',#4816,#1003);
#607=LINE('',#4817,#1004);
#608=LINE('',#4820,#1005);
#609=LINE('',#4821,#1006);
#610=LINE('',#4825,#1007);
#611=LINE('',#4827,#1008);
#612=LINE('',#4829,#1009);
#613=LINE('',#4830,#1010);
#614=LINE('',#4832,#1011);
#615=LINE('',#4834,#1012);
#616=LINE('',#4836,#1013);
#617=LINE('',#4838,#1014);
#618=LINE('',#4840,#1015);
#619=LINE('',#4842,#1016);
#620=LINE('',#4844,#1017);
#621=LINE('',#4845,#1018);
#622=LINE('',#4847,#1019);
#623=LINE('',#4849,#1020);
#624=LINE('',#4850,#1021);
#625=LINE('',#4853,#1022);
#626=LINE('',#4854,#1023);
#627=LINE('',#4857,#1024);
#628=LINE('',#4858,#1025);
#629=LINE('',#4861,#1026);
#630=LINE('',#4862,#1027);
#631=LINE('',#4864,#1028);
#632=LINE('',#4866,#1029);
#633=LINE('',#4868,#1030);
#634=LINE('',#4870,#1031);
#635=LINE('',#4872,#1032);
#636=LINE('',#4873,#1033);
#637=LINE('',#4875,#1034);
#638=LINE('',#4876,#1035);
#639=LINE('',#4878,#1036);
#640=LINE('',#4879,#1037);
#641=LINE('',#4883,#1038);
#642=LINE('',#4886,#1039);
#643=LINE('',#4890,#1040);
#644=LINE('',#4892,#1041);
#645=LINE('',#4893,#1042);
#646=LINE('',#4896,#1043);
#647=LINE('',#4898,#1044);
#648=LINE('',#4899,#1045);
#649=LINE('',#4901,#1046);
#650=LINE('',#4903,#1047);
#651=LINE('',#4907,#1048);
#652=LINE('',#4909,#1049);
#653=LINE('',#4910,#1050);
#654=LINE('',#4913,#1051);
#655=LINE('',#4915,#1052);
#656=LINE('',#4916,#1053);
#657=LINE('',#4918,#1054);
#658=LINE('',#4920,#1055);
#659=LINE('',#4925,#1056);
#660=LINE('',#4926,#1057);
#661=LINE('',#4927,#1058);
#662=LINE('',#4931,#1059);
#663=LINE('',#4932,#1060);
#664=LINE('',#4933,#1061);
#665=LINE('',#4937,#1062);
#666=LINE('',#4938,#1063);
#667=LINE('',#4940,#1064);
#668=LINE('',#4941,#1065);
#669=LINE('',#4945,#1066);
#670=LINE('',#4947,#1067);
#671=LINE('',#4949,#1068);
#672=LINE('',#4950,#1069);
#673=LINE('',#4953,#1070);
#674=LINE('',#4955,#1071);
#675=LINE('',#4956,#1072);
#676=LINE('',#4959,#1073);
#677=LINE('',#4960,#1074);
#678=LINE('',#4961,#1075);
#679=LINE('',#4963,#1076);
#680=LINE('',#4965,#1077);
#681=LINE('',#4966,#1078);
#682=LINE('',#4968,#1079);
#683=LINE('',#4970,#1080);
#684=LINE('',#4971,#1081);
#685=LINE('',#4973,#1082);
#686=LINE('',#4975,#1083);
#687=LINE('',#5114,#1084);
#688=LINE('',#5116,#1085);
#689=LINE('',#5117,#1086);
#690=LINE('',#5121,#1087);
#691=LINE('',#5123,#1088);
#692=LINE('',#5125,#1089);
#693=LINE('',#5126,#1090);
#694=LINE('',#5129,#1091);
#695=LINE('',#5130,#1092);
#696=LINE('',#5131,#1093);
#697=LINE('',#5135,#1094);
#698=LINE('',#5136,#1095);
#699=LINE('',#5137,#1096);
#700=LINE('',#5140,#1097);
#701=LINE('',#5141,#1098);
#702=LINE('',#5144,#1099);
#703=LINE('',#5145,#1100);
#704=LINE('',#5148,#1101);
#705=LINE('',#5149,#1102);
#706=LINE('',#5150,#1103);
#707=LINE('',#5155,#1104);
#708=LINE('',#5160,#1105);
#709=LINE('',#5162,#1106);
#710=LINE('',#5164,#1107);
#711=LINE('',#5165,#1108);
#712=LINE('',#5168,#1109);
#713=LINE('',#5170,#1110);
#714=LINE('',#5171,#1111);
#715=LINE('',#5174,#1112);
#716=LINE('',#5176,#1113);
#717=LINE('',#5177,#1114);
#718=LINE('',#5183,#1115);
#719=LINE('',#5186,#1116);
#720=LINE('',#5188,#1117);
#721=LINE('',#5189,#1118);
#722=LINE('',#5195,#1119);
#723=LINE('',#5198,#1120);
#724=LINE('',#5200,#1121);
#725=LINE('',#5201,#1122);
#726=LINE('',#5207,#1123);
#727=LINE('',#5210,#1124);
#728=LINE('',#5212,#1125);
#729=LINE('',#5213,#1126);
#730=LINE('',#5219,#1127);
#731=LINE('',#5223,#1128);
#732=LINE('',#5225,#1129);
#733=LINE('',#5227,#1130);
#734=LINE('',#5231,#1131);
#735=LINE('',#5234,#1132);
#736=LINE('',#5236,#1133);
#737=LINE('',#5238,#1134);
#738=LINE('',#5242,#1135);
#739=LINE('',#5243,#1136);
#740=LINE('',#5247,#1137);
#741=LINE('',#5249,#1138);
#742=LINE('',#5251,#1139);
#743=LINE('',#5255,#1140);
#744=LINE('',#5257,#1141);
#745=LINE('',#5259,#1142);
#746=LINE('',#5261,#1143);
#747=LINE('',#5265,#1144);
#748=LINE('',#5269,#1145);
#749=LINE('',#5270,#1146);
#750=LINE('',#5276,#1147);
#751=LINE('',#5279,#1148);
#752=LINE('',#5281,#1149);
#753=LINE('',#5282,#1150);
#754=LINE('',#5288,#1151);
#755=LINE('',#5292,#1152);
#756=LINE('',#5293,#1153);
#757=LINE('',#5294,#1154);
#758=LINE('',#5298,#1155);
#759=LINE('',#5300,#1156);
#760=LINE('',#5302,#1157);
#761=LINE('',#5303,#1158);
#762=LINE('',#5306,#1159);
#763=LINE('',#5308,#1160);
#764=LINE('',#5309,#1161);
#765=LINE('',#5312,#1162);
#766=LINE('',#5314,#1163);
#767=LINE('',#5315,#1164);
#768=LINE('',#5319,#1165);
#769=LINE('',#5322,#1166);
#770=LINE('',#5323,#1167);
#771=LINE('',#5333,#1168);
#772=LINE('',#5337,#1169);
#773=LINE('',#5340,#1170);
#774=LINE('',#5341,#1171);
#775=LINE('',#5345,#1172);
#776=LINE('',#5347,#1173);
#777=LINE('',#5348,#1174);
#778=LINE('',#5350,#1175);
#779=LINE('',#5351,#1176);
#780=LINE('',#5353,#1177);
#781=LINE('',#5355,#1178);
#782=LINE('',#5357,#1179);
#783=LINE('',#5363,#1180);
#784=LINE('',#5365,#1181);
#785=LINE('',#5366,#1182);
#786=LINE('',#5371,#1183);
#787=LINE('',#5374,#1184);
#788=LINE('',#5375,#1185);
#789=LINE('',#5382,#1186);
#790=LINE('',#5384,#1187);
#791=LINE('',#5385,#1188);
#792=LINE('',#5387,#1189);
#793=LINE('',#5390,#1190);
#794=LINE('',#5396,#1191);
#795=LINE('',#5400,#1192);
#796=LINE('',#5404,#1193);
#797=LINE('',#5406,#1194);
#798=LINE('',#5408,#1195);
#799=LINE('',#5412,#1196);
#800=LINE('',#5416,#1197);
#801=LINE('',#5420,#1198);
#802=LINE('',#5424,#1199);
#803=LINE('',#5426,#1200);
#804=LINE('',#5428,#1201);
#805=LINE('',#5432,#1202);
#806=LINE('',#5434,#1203);
#807=LINE('',#5435,#1204);
#808=LINE('',#5439,#1205);
#809=LINE('',#5443,#1206);
#810=LINE('',#5447,#1207);
#811=LINE('',#5450,#1208);
#812=LINE('',#5454,#1209);
#813=LINE('',#5456,#1210);
#814=LINE('',#5458,#1211);
#815=LINE('',#5460,#1212);
#816=LINE('',#5462,#1213);
#817=LINE('',#5463,#1214);
#818=LINE('',#5468,#1215);
#819=LINE('',#5469,#1216);
#820=LINE('',#5472,#1217);
#821=LINE('',#5474,#1218);
#822=LINE('',#5475,#1219);
#823=LINE('',#5478,#1220);
#824=LINE('',#5479,#1221);
#825=LINE('',#5482,#1222);
#826=LINE('',#5483,#1223);
#827=LINE('',#5486,#1224);
#828=LINE('',#5490,#1225);
#829=LINE('',#5491,#1226);
#830=LINE('',#5494,#1227);
#831=LINE('',#5498,#1228);
#832=LINE('',#5499,#1229);
#833=LINE('',#5502,#1230);
#834=LINE('',#5506,#1231);
#835=LINE('',#5507,#1232);
#836=LINE('',#5510,#1233);
#837=LINE('',#5515,#1234);
#838=LINE('',#5517,#1235);
#839=LINE('',#5519,#1236);
#840=LINE('',#5523,#1237);
#841=LINE('',#5526,#1238);
#842=LINE('',#5528,#1239);
#843=LINE('',#5530,#1240);
#844=LINE('',#5534,#1241);
#845=LINE('',#5535,#1242);
#846=LINE('',#5538,#1243);
#847=LINE('',#5542,#1244);
#848=LINE('',#5543,#1245);
#849=LINE('',#5546,#1246);
#850=LINE('',#5550,#1247);
#851=LINE('',#5551,#1248);
#852=LINE('',#5554,#1249);
#853=LINE('',#5556,#1250);
#854=LINE('',#5557,#1251);
#855=LINE('',#5559,#1252);
#856=LINE('',#5561,#1253);
#857=LINE('',#5562,#1254);
#858=LINE('',#5564,#1255);
#859=LINE('',#5567,#1256);
#860=LINE('',#5568,#1257);
#861=LINE('',#5580,#1258);
#862=LINE('',#5583,#1259);
#863=LINE('',#5585,#1260);
#864=LINE('',#5586,#1261);
#865=LINE('',#5589,#1262);
#866=LINE('',#5593,#1263);
#867=LINE('',#5594,#1264);
#868=LINE('',#5597,#1265);
#869=LINE('',#5601,#1266);
#870=LINE('',#5602,#1267);
#871=LINE('',#5607,#1268);
#872=LINE('',#5610,#1269);
#873=LINE('',#5613,#1270);
#874=LINE('',#5615,#1271);
#875=LINE('',#5616,#1272);
#876=LINE('',#5621,#1273);
#877=LINE('',#5622,#1274);
#878=LINE('',#5623,#1275);
#879=LINE('',#5626,#1276);
#880=LINE('',#5631,#1277);
#881=LINE('',#5633,#1278);
#882=LINE('',#5639,#1279);
#883=LINE('',#5640,#1280);
#884=LINE('',#5641,#1281);
#885=LINE('',#5643,#1282);
#886=LINE('',#5644,#1283);
#887=LINE('',#5649,#1284);
#888=LINE('',#5651,#1285);
#889=LINE('',#5653,#1286);
#890=LINE('',#5654,#1287);
#891=LINE('',#5655,#1288);
#892=LINE('',#5658,#1289);
#893=LINE('',#5661,#1290);
#894=LINE('',#5666,#1291);
#895=LINE('',#5671,#1292);
#896=LINE('',#5675,#1293);
#897=LINE('',#5679,#1294);
#898=LINE('',#5680,#1295);
#899=LINE('',#5681,#1296);
#900=LINE('',#5684,#1297);
#901=LINE('',#5688,#1298);
#902=LINE('',#5690,#1299);
#903=LINE('',#5691,#1300);
#904=LINE('',#5696,#1301);
#905=LINE('',#5698,#1302);
#906=LINE('',#5699,#1303);
#907=LINE('',#5704,#1304);
#908=LINE('',#5705,#1305);
#909=LINE('',#5706,#1306);
#910=LINE('',#5707,#1307);
#911=LINE('',#5713,#1308);
#912=LINE('',#5715,#1309);
#913=LINE('',#5721,#1310);
#914=LINE('',#5722,#1311);
#915=LINE('',#5725,#1312);
#916=LINE('',#5726,#1313);
#917=LINE('',#5731,#1314);
#918=LINE('',#5732,#1315);
#919=LINE('',#5738,#1316);
#920=LINE('',#5741,#1317);
#921=LINE('',#5742,#1318);
#922=LINE('',#5758,#1319);
#923=VECTOR('',#3727,0.393700787401575);
#924=VECTOR('',#3728,0.393700787401575);
#925=VECTOR('',#3729,0.393700787401575);
#926=VECTOR('',#3730,0.393700787401575);
#927=VECTOR('',#3731,0.393700787401575);
#928=VECTOR('',#3732,0.393700787401575);
#929=VECTOR('',#3733,0.393700787401575);
#930=VECTOR('',#3734,0.393700787401575);
#931=VECTOR('',#3735,0.393700787401575);
#932=VECTOR('',#3736,0.393700787401575);
#933=VECTOR('',#3737,0.393700787401575);
#934=VECTOR('',#3738,0.393700787401575);
#935=VECTOR('',#3739,0.393700787401575);
#936=VECTOR('',#3740,0.393700787401575);
#937=VECTOR('',#3743,0.393700787401575);
#938=VECTOR('',#3744,0.393700787401575);
#939=VECTOR('',#3745,0.393700787401575);
#940=VECTOR('',#3746,0.393700787401575);
#941=VECTOR('',#3747,0.393700787401575);
#942=VECTOR('',#3748,0.393700787401575);
#943=VECTOR('',#3749,0.393700787401575);
#944=VECTOR('',#3750,0.393700787401575);
#945=VECTOR('',#3751,0.393700787401575);
#946=VECTOR('',#3752,0.393700787401575);
#947=VECTOR('',#3753,0.393700787401575);
#948=VECTOR('',#3756,0.393700787401575);
#949=VECTOR('',#3757,0.393700787401575);
#950=VECTOR('',#3758,0.393700787401575);
#951=VECTOR('',#3759,0.393700787401575);
#952=VECTOR('',#3760,0.393700787401575);
#953=VECTOR('',#3761,0.393700787401575);
#954=VECTOR('',#3762,0.393700787401575);
#955=VECTOR('',#3763,0.393700787401575);
#956=VECTOR('',#3764,0.393700787401575);
#957=VECTOR('',#3765,0.393700787401575);
#958=VECTOR('',#3766,0.393700787401575);
#959=VECTOR('',#3767,0.393700787401575);
#960=VECTOR('',#3768,0.393700787401575);
#961=VECTOR('',#3771,0.393700787401575);
#962=VECTOR('',#3772,0.393700787401575);
#963=VECTOR('',#3773,0.393700787401575);
#964=VECTOR('',#3774,0.393700787401575);
#965=VECTOR('',#3775,0.393700787401575);
#966=VECTOR('',#3776,0.393700787401575);
#967=VECTOR('',#3777,0.393700787401575);
#968=VECTOR('',#3778,0.393700787401575);
#969=VECTOR('',#3779,0.393700787401575);
#970=VECTOR('',#3780,0.393700787401575);
#971=VECTOR('',#3781,0.393700787401575);
#972=VECTOR('',#3782,0.393700787401575);
#973=VECTOR('',#3783,0.393700787401575);
#974=VECTOR('',#3784,0.393700787401575);
#975=VECTOR('',#3787,0.393700787401575);
#976=VECTOR('',#3788,0.393700787401575);
#977=VECTOR('',#3791,0.393700787401575);
#978=VECTOR('',#3792,0.393700787401575);
#979=VECTOR('',#3795,0.393700787401575);
#980=VECTOR('',#3796,0.393700787401575);
#981=VECTOR('',#3799,0.393700787401575);
#982=VECTOR('',#3800,0.393700787401575);
#983=VECTOR('',#3803,0.393700787401575);
#984=VECTOR('',#3806,0.393700787401575);
#985=VECTOR('',#3809,0.393700787401575);
#986=VECTOR('',#3810,0.393700787401575);
#987=VECTOR('',#3811,0.393700787401575);
#988=VECTOR('',#3812,0.393700787401575);
#989=VECTOR('',#3813,0.393700787401575);
#990=VECTOR('',#3816,0.393700787401575);
#991=VECTOR('',#3817,0.393700787401575);
#992=VECTOR('',#3820,0.393700787401575);
#993=VECTOR('',#3821,0.393700787401575);
#994=VECTOR('',#3822,0.393700787401575);
#995=VECTOR('',#3825,0.393700787401575);
#996=VECTOR('',#3826,0.393700787401575);
#997=VECTOR('',#3827,0.393700787401575);
#998=VECTOR('',#3830,0.393700787401575);
#999=VECTOR('',#3831,0.393700787401575);
#1000=VECTOR('',#3832,0.393700787401575);
#1001=VECTOR('',#3833,0.393700787401575);
#1002=VECTOR('',#3836,0.393700787401575);
#1003=VECTOR('',#3837,0.393700787401575);
#1004=VECTOR('',#3838,0.393700787401575);
#1005=VECTOR('',#3841,0.393700787401575);
#1006=VECTOR('',#3842,0.393700787401575);
#1007=VECTOR('',#3845,0.393700787401575);
#1008=VECTOR('',#3846,0.393700787401575);
#1009=VECTOR('',#3847,0.393700787401575);
#1010=VECTOR('',#3848,0.393700787401575);
#1011=VECTOR('',#3851,0.393700787401575);
#1012=VECTOR('',#3852,0.393700787401575);
#1013=VECTOR('',#3853,0.393700787401575);
#1014=VECTOR('',#3854,0.393700787401575);
#1015=VECTOR('',#3855,0.393700787401575);
#1016=VECTOR('',#3856,0.393700787401575);
#1017=VECTOR('',#3857,0.393700787401575);
#1018=VECTOR('',#3858,0.393700787401575);
#1019=VECTOR('',#3859,0.393700787401575);
#1020=VECTOR('',#3860,0.393700787401575);
#1021=VECTOR('',#3861,0.393700787401575);
#1022=VECTOR('',#3864,0.393700787401575);
#1023=VECTOR('',#3865,0.393700787401575);
#1024=VECTOR('',#3868,0.393700787401575);
#1025=VECTOR('',#3869,0.393700787401575);
#1026=VECTOR('',#3872,0.393700787401575);
#1027=VECTOR('',#3873,0.393700787401575);
#1028=VECTOR('',#3874,0.393700787401575);
#1029=VECTOR('',#3875,0.393700787401575);
#1030=VECTOR('',#3876,0.393700787401575);
#1031=VECTOR('',#3877,0.393700787401575);
#1032=VECTOR('',#3878,0.393700787401575);
#1033=VECTOR('',#3879,0.393700787401575);
#1034=VECTOR('',#3882,0.393700787401575);
#1035=VECTOR('',#3883,0.393700787401575);
#1036=VECTOR('',#3886,0.393700787401575);
#1037=VECTOR('',#3887,0.393700787401575);
#1038=VECTOR('',#3894,0.393700787401575);
#1039=VECTOR('',#3899,0.393700787401575);
#1040=VECTOR('',#3904,0.393700787401575);
#1041=VECTOR('',#3905,0.393700787401575);
#1042=VECTOR('',#3906,0.393700787401575);
#1043=VECTOR('',#3909,0.393700787401575);
#1044=VECTOR('',#3910,0.393700787401575);
#1045=VECTOR('',#3911,0.393700787401575);
#1046=VECTOR('',#3914,0.393700787401575);
#1047=VECTOR('',#3917,0.393700787401575);
#1048=VECTOR('',#3922,0.393700787401575);
#1049=VECTOR('',#3923,0.393700787401575);
#1050=VECTOR('',#3924,0.393700787401575);
#1051=VECTOR('',#3927,0.393700787401575);
#1052=VECTOR('',#3928,0.393700787401575);
#1053=VECTOR('',#3929,0.393700787401575);
#1054=VECTOR('',#3932,0.393700787401575);
#1055=VECTOR('',#3935,0.393700787401575);
#1056=VECTOR('',#3940,0.393700787401575);
#1057=VECTOR('',#3941,0.393700787401575);
#1058=VECTOR('',#3942,0.393700787401575);
#1059=VECTOR('',#3945,0.393700787401575);
#1060=VECTOR('',#3946,0.393700787401575);
#1061=VECTOR('',#3947,0.393700787401575);
#1062=VECTOR('',#3950,0.393700787401575);
#1063=VECTOR('',#3951,0.393700787401575);
#1064=VECTOR('',#3952,0.393700787401575);
#1065=VECTOR('',#3953,0.393700787401575);
#1066=VECTOR('',#3956,0.393700787401575);
#1067=VECTOR('',#3957,0.393700787401575);
#1068=VECTOR('',#3958,0.393700787401575);
#1069=VECTOR('',#3959,0.393700787401575);
#1070=VECTOR('',#3962,0.393700787401575);
#1071=VECTOR('',#3963,0.393700787401575);
#1072=VECTOR('',#3964,0.393700787401575);
#1073=VECTOR('',#3967,0.393700787401575);
#1074=VECTOR('',#3968,0.393700787401575);
#1075=VECTOR('',#3969,0.393700787401575);
#1076=VECTOR('',#3972,0.393700787401575);
#1077=VECTOR('',#3973,0.393700787401575);
#1078=VECTOR('',#3974,0.393700787401575);
#1079=VECTOR('',#3977,0.393700787401575);
#1080=VECTOR('',#3978,0.393700787401575);
#1081=VECTOR('',#3979,0.393700787401575);
#1082=VECTOR('',#3982,0.393700787401575);
#1083=VECTOR('',#3985,0.393700787401575);
#1084=VECTOR('',#4020,0.393700787401575);
#1085=VECTOR('',#4021,0.393700787401575);
#1086=VECTOR('',#4022,0.393700787401575);
#1087=VECTOR('',#4025,0.393700787401575);
#1088=VECTOR('',#4026,0.393700787401575);
#1089=VECTOR('',#4027,0.393700787401575);
#1090=VECTOR('',#4028,0.393700787401575);
#1091=VECTOR('',#4031,0.393700787401575);
#1092=VECTOR('',#4032,0.393700787401575);
#1093=VECTOR('',#4033,0.393700787401575);
#1094=VECTOR('',#4036,0.393700787401575);
#1095=VECTOR('',#4037,0.393700787401575);
#1096=VECTOR('',#4038,0.393700787401575);
#1097=VECTOR('',#4041,0.393700787401575);
#1098=VECTOR('',#4042,0.393700787401575);
#1099=VECTOR('',#4045,0.393700787401575);
#1100=VECTOR('',#4046,0.393700787401575);
#1101=VECTOR('',#4049,0.393700787401575);
#1102=VECTOR('',#4050,0.393700787401575);
#1103=VECTOR('',#4051,0.393700787401575);
#1104=VECTOR('',#4056,0.0688976377952756);
#1105=VECTOR('',#4061,0.393700787401575);
#1106=VECTOR('',#4062,0.393700787401575);
#1107=VECTOR('',#4063,0.393700787401575);
#1108=VECTOR('',#4064,0.393700787401575);
#1109=VECTOR('',#4067,0.393700787401575);
#1110=VECTOR('',#4068,0.393700787401575);
#1111=VECTOR('',#4069,0.393700787401575);
#1112=VECTOR('',#4072,0.393700787401575);
#1113=VECTOR('',#4073,0.393700787401575);
#1114=VECTOR('',#4074,0.393700787401575);
#1115=VECTOR('',#4081,0.393700787401575);
#1116=VECTOR('',#4084,0.393700787401575);
#1117=VECTOR('',#4085,0.393700787401575);
#1118=VECTOR('',#4086,0.393700787401575);
#1119=VECTOR('',#4093,0.393700787401575);
#1120=VECTOR('',#4096,0.393700787401575);
#1121=VECTOR('',#4097,0.393700787401575);
#1122=VECTOR('',#4098,0.393700787401575);
#1123=VECTOR('',#4105,0.393700787401575);
#1124=VECTOR('',#4108,0.393700787401575);
#1125=VECTOR('',#4109,0.393700787401575);
#1126=VECTOR('',#4110,0.393700787401575);
#1127=VECTOR('',#4117,0.393700787401575);
#1128=VECTOR('',#4120,0.393700787401575);
#1129=VECTOR('',#4121,0.393700787401575);
#1130=VECTOR('',#4122,0.393700787401575);
#1131=VECTOR('',#4125,0.393700787401575);
#1132=VECTOR('',#4128,0.393700787401575);
#1133=VECTOR('',#4129,0.393700787401575);
#1134=VECTOR('',#4130,0.393700787401575);
#1135=VECTOR('',#4133,0.393700787401575);
#1136=VECTOR('',#4134,0.393700787401575);
#1137=VECTOR('',#4137,0.393700787401575);
#1138=VECTOR('',#4138,0.393700787401575);
#1139=VECTOR('',#4139,0.393700787401575);
#1140=VECTOR('',#4142,0.393700787401575);
#1141=VECTOR('',#4143,0.393700787401575);
#1142=VECTOR('',#4144,0.393700787401575);
#1143=VECTOR('',#4145,0.393700787401575);
#1144=VECTOR('',#4148,0.393700787401575);
#1145=VECTOR('',#4151,0.393700787401575);
#1146=VECTOR('',#4152,0.393700787401575);
#1147=VECTOR('',#4159,0.393700787401575);
#1148=VECTOR('',#4162,0.393700787401575);
#1149=VECTOR('',#4163,0.393700787401575);
#1150=VECTOR('',#4164,0.393700787401575);
#1151=VECTOR('',#4171,0.393700787401575);
#1152=VECTOR('',#4174,0.393700787401575);
#1153=VECTOR('',#4175,0.393700787401575);
#1154=VECTOR('',#4176,0.393700787401575);
#1155=VECTOR('',#4179,0.393700787401575);
#1156=VECTOR('',#4180,0.393700787401575);
#1157=VECTOR('',#4181,0.393700787401575);
#1158=VECTOR('',#4182,0.393700787401575);
#1159=VECTOR('',#4185,0.393700787401575);
#1160=VECTOR('',#4186,0.393700787401575);
#1161=VECTOR('',#4187,0.393700787401575);
#1162=VECTOR('',#4190,0.393700787401575);
#1163=VECTOR('',#4191,0.393700787401575);
#1164=VECTOR('',#4192,0.393700787401575);
#1165=VECTOR('',#4195,0.393700787401575);
#1166=VECTOR('',#4198,0.393700787401575);
#1167=VECTOR('',#4199,0.393700787401575);
#1168=VECTOR('',#4206,0.393700787401575);
#1169=VECTOR('',#4211,0.393700787401575);
#1170=VECTOR('',#4214,0.393700787401575);
#1171=VECTOR('',#4215,0.393700787401575);
#1172=VECTOR('',#4220,0.393700787401575);
#1173=VECTOR('',#4223,0.393700787401575);
#1174=VECTOR('',#4224,0.393700787401575);
#1175=VECTOR('',#4227,0.393700787401575);
#1176=VECTOR('',#4228,0.393700787401575);
#1177=VECTOR('',#4231,0.393700787401575);
#1178=VECTOR('',#4234,0.393700787401575);
#1179=VECTOR('',#4237,0.393700787401575);
#1180=VECTOR('',#4244,0.393700787401575);
#1181=VECTOR('',#4247,0.393700787401575);
#1182=VECTOR('',#4248,0.393700787401575);
#1183=VECTOR('',#4255,0.393700787401575);
#1184=VECTOR('',#4258,0.393700787401575);
#1185=VECTOR('',#4259,0.393700787401575);
#1186=VECTOR('',#4268,0.393700787401575);
#1187=VECTOR('',#4269,0.393700787401575);
#1188=VECTOR('',#4270,0.393700787401575);
#1189=VECTOR('',#4271,0.393700787401575);
#1190=VECTOR('',#4274,0.393700787401575);
#1191=VECTOR('',#4279,0.393700787401575);
#1192=VECTOR('',#4282,0.393700787401575);
#1193=VECTOR('',#4285,0.393700787401575);
#1194=VECTOR('',#4286,0.393700787401575);
#1195=VECTOR('',#4287,0.393700787401575);
#1196=VECTOR('',#4290,0.393700787401575);
#1197=VECTOR('',#4293,0.393700787401575);
#1198=VECTOR('',#4296,0.393700787401575);
#1199=VECTOR('',#4299,0.393700787401575);
#1200=VECTOR('',#4300,0.393700787401575);
#1201=VECTOR('',#4301,0.393700787401575);
#1202=VECTOR('',#4304,0.393700787401575);
#1203=VECTOR('',#4305,0.393700787401575);
#1204=VECTOR('',#4306,0.393700787401575);
#1205=VECTOR('',#4309,0.393700787401575);
#1206=VECTOR('',#4312,0.393700787401575);
#1207=VECTOR('',#4315,0.393700787401575);
#1208=VECTOR('',#4318,0.393700787401575);
#1209=VECTOR('',#4321,0.393700787401575);
#1210=VECTOR('',#4322,0.393700787401575);
#1211=VECTOR('',#4323,0.393700787401575);
#1212=VECTOR('',#4324,0.393700787401575);
#1213=VECTOR('',#4325,0.393700787401575);
#1214=VECTOR('',#4326,0.393700787401575);
#1215=VECTOR('',#4331,0.393700787401575);
#1216=VECTOR('',#4332,0.393700787401575);
#1217=VECTOR('',#4335,0.393700787401575);
#1218=VECTOR('',#4336,0.393700787401575);
#1219=VECTOR('',#4337,0.393700787401575);
#1220=VECTOR('',#4340,0.393700787401575);
#1221=VECTOR('',#4341,0.393700787401575);
#1222=VECTOR('',#4344,0.393700787401575);
#1223=VECTOR('',#4345,0.393700787401575);
#1224=VECTOR('',#4348,0.393700787401575);
#1225=VECTOR('',#4353,0.393700787401575);
#1226=VECTOR('',#4354,0.393700787401575);
#1227=VECTOR('',#4357,0.393700787401575);
#1228=VECTOR('',#4362,0.393700787401575);
#1229=VECTOR('',#4363,0.393700787401575);
#1230=VECTOR('',#4366,0.393700787401575);
#1231=VECTOR('',#4371,0.393700787401575);
#1232=VECTOR('',#4372,0.393700787401575);
#1233=VECTOR('',#4375,0.393700787401575);
#1234=VECTOR('',#4380,0.393700787401575);
#1235=VECTOR('',#4381,0.393700787401575);
#1236=VECTOR('',#4382,0.393700787401575);
#1237=VECTOR('',#4385,0.393700787401575);
#1238=VECTOR('',#4388,0.393700787401575);
#1239=VECTOR('',#4389,0.393700787401575);
#1240=VECTOR('',#4390,0.393700787401575);
#1241=VECTOR('',#4393,0.393700787401575);
#1242=VECTOR('',#4394,0.393700787401575);
#1243=VECTOR('',#4397,0.393700787401575);
#1244=VECTOR('',#4402,0.393700787401575);
#1245=VECTOR('',#4403,0.393700787401575);
#1246=VECTOR('',#4406,0.393700787401575);
#1247=VECTOR('',#4411,0.393700787401575);
#1248=VECTOR('',#4412,0.393700787401575);
#1249=VECTOR('',#4415,0.393700787401575);
#1250=VECTOR('',#4416,0.393700787401575);
#1251=VECTOR('',#4417,0.393700787401575);
#1252=VECTOR('',#4420,0.393700787401575);
#1253=VECTOR('',#4421,0.393700787401575);
#1254=VECTOR('',#4422,0.393700787401575);
#1255=VECTOR('',#4425,0.393700787401575);
#1256=VECTOR('',#4430,0.393700787401575);
#1257=VECTOR('',#4431,0.393700787401575);
#1258=VECTOR('',#4442,0.393700787401575);
#1259=VECTOR('',#4445,0.393700787401575);
#1260=VECTOR('',#4446,0.393700787401575);
#1261=VECTOR('',#4447,0.393700787401575);
#1262=VECTOR('',#4450,0.393700787401575);
#1263=VECTOR('',#4455,0.393700787401575);
#1264=VECTOR('',#4456,0.393700787401575);
#1265=VECTOR('',#4459,0.393700787401575);
#1266=VECTOR('',#4464,0.393700787401575);
#1267=VECTOR('',#4465,0.393700787401575);
#1268=VECTOR('',#4470,0.393700787401575);
#1269=VECTOR('',#4473,0.393700787401575);
#1270=VECTOR('',#4476,0.393700787401575);
#1271=VECTOR('',#4477,0.393700787401575);
#1272=VECTOR('',#4478,0.393700787401575);
#1273=VECTOR('',#4485,0.393700787401575);
#1274=VECTOR('',#4486,0.393700787401575);
#1275=VECTOR('',#4487,0.393700787401575);
#1276=VECTOR('',#4490,0.393700787401575);
#1277=VECTOR('',#4497,0.393700787401575);
#1278=VECTOR('',#4500,0.393700787401575);
#1279=VECTOR('',#4507,0.393700787401575);
#1280=VECTOR('',#4508,0.393700787401575);
#1281=VECTOR('',#4509,0.393700787401575);
#1282=VECTOR('',#4512,0.393700787401575);
#1283=VECTOR('',#4513,0.393700787401575);
#1284=VECTOR('',#4518,0.393700787401575);
#1285=VECTOR('',#4519,0.393700787401575);
#1286=VECTOR('',#4520,0.393700787401575);
#1287=VECTOR('',#4521,0.393700787401575);
#1288=VECTOR('',#4522,0.393700787401575);
#1289=VECTOR('',#4525,0.393700787401575);
#1290=VECTOR('',#4528,0.393700787401575);
#1291=VECTOR('',#4533,0.393700787401575);
#1292=VECTOR('',#4538,0.393700787401575);
#1293=VECTOR('',#4541,0.393700787401575);
#1294=VECTOR('',#4544,0.393700787401575);
#1295=VECTOR('',#4545,0.393700787401575);
#1296=VECTOR('',#4546,0.393700787401575);
#1297=VECTOR('',#4549,0.393700787401575);
#1298=VECTOR('',#4554,0.393700787401575);
#1299=VECTOR('',#4555,0.393700787401575);
#1300=VECTOR('',#4556,0.393700787401575);
#1301=VECTOR('',#4563,0.393700787401575);
#1302=VECTOR('',#4564,0.393700787401575);
#1303=VECTOR('',#4565,0.393700787401575);
#1304=VECTOR('',#4572,0.393700787401575);
#1305=VECTOR('',#4573,0.393700787401575);
#1306=VECTOR('',#4574,0.393700787401575);
#1307=VECTOR('',#4575,0.393700787401575);
#1308=VECTOR('',#4584,0.393700787401575);
#1309=VECTOR('',#4587,0.393700787401575);
#1310=VECTOR('',#4594,0.393700787401575);
#1311=VECTOR('',#4595,0.393700787401575);
#1312=VECTOR('',#4598,0.393700787401575);
#1313=VECTOR('',#4599,0.393700787401575);
#1314=VECTOR('',#4606,0.393700787401575);
#1315=VECTOR('',#4607,0.393700787401575);
#1316=VECTOR('',#4616,0.393700787401575);
#1317=VECTOR('',#4619,0.393700787401575);
#1318=VECTOR('',#4620,0.393700787401575);
#1319=VECTOR('',#4645,0.0673228346456693);
#1320=VERTEX_POINT('',#4656);
#1321=VERTEX_POINT('',#4657);
#1322=VERTEX_POINT('',#4659);
#1323=VERTEX_POINT('',#4661);
#1324=VERTEX_POINT('',#4663);
#1325=VERTEX_POINT('',#4665);
#1326=VERTEX_POINT('',#4667);
#1327=VERTEX_POINT('',#4669);
#1328=VERTEX_POINT('',#4671);
#1329=VERTEX_POINT('',#4673);
#1330=VERTEX_POINT('',#4675);
#1331=VERTEX_POINT('',#4677);
#1332=VERTEX_POINT('',#4679);
#1333=VERTEX_POINT('',#4681);
#1334=VERTEX_POINT('',#4685);
#1335=VERTEX_POINT('',#4687);
#1336=VERTEX_POINT('',#4690);
#1337=VERTEX_POINT('',#4691);
#1338=VERTEX_POINT('',#4693);
#1339=VERTEX_POINT('',#4695);
#1340=VERTEX_POINT('',#4698);
#1341=VERTEX_POINT('',#4699);
#1342=VERTEX_POINT('',#4701);
#1343=VERTEX_POINT('',#4703);
#1344=VERTEX_POINT('',#4707);
#1345=VERTEX_POINT('',#4708);
#1346=VERTEX_POINT('',#4710);
#1347=VERTEX_POINT('',#4713);
#1348=VERTEX_POINT('',#4715);
#1349=VERTEX_POINT('',#4717);
#1350=VERTEX_POINT('',#4719);
#1351=VERTEX_POINT('',#4721);
#1352=VERTEX_POINT('',#4723);
#1353=VERTEX_POINT('',#4725);
#1354=VERTEX_POINT('',#4727);
#1355=VERTEX_POINT('',#4729);
#1356=VERTEX_POINT('',#4734);
#1357=VERTEX_POINT('',#4736);
#1358=VERTEX_POINT('',#4738);
#1359=VERTEX_POINT('',#4740);
#1360=VERTEX_POINT('',#4743);
#1361=VERTEX_POINT('',#4744);
#1362=VERTEX_POINT('',#4746);
#1363=VERTEX_POINT('',#4748);
#1364=VERTEX_POINT('',#4751);
#1365=VERTEX_POINT('',#4752);
#1366=VERTEX_POINT('',#4754);
#1367=VERTEX_POINT('',#4756);
#1368=VERTEX_POINT('',#4760);
#1369=VERTEX_POINT('',#4764);
#1370=VERTEX_POINT('',#4768);
#1371=VERTEX_POINT('',#4772);
#1372=VERTEX_POINT('',#4780);
#1373=VERTEX_POINT('',#4781);
#1374=VERTEX_POINT('',#4784);
#1375=VERTEX_POINT('',#4786);
#1376=VERTEX_POINT('',#4790);
#1377=VERTEX_POINT('',#4794);
#1378=VERTEX_POINT('',#4795);
#1379=VERTEX_POINT('',#4800);
#1380=VERTEX_POINT('',#4801);
#1381=VERTEX_POINT('',#4806);
#1382=VERTEX_POINT('',#4809);
#1383=VERTEX_POINT('',#4813);
#1384=VERTEX_POINT('',#4815);
#1385=VERTEX_POINT('',#4819);
#1386=VERTEX_POINT('',#4823);
#1387=VERTEX_POINT('',#4824);
#1388=VERTEX_POINT('',#4826);
#1389=VERTEX_POINT('',#4828);
#1390=VERTEX_POINT('',#4833);
#1391=VERTEX_POINT('',#4835);
#1392=VERTEX_POINT('',#4837);
#1393=VERTEX_POINT('',#4839);
#1394=VERTEX_POINT('',#4841);
#1395=VERTEX_POINT('',#4843);
#1396=VERTEX_POINT('',#4846);
#1397=VERTEX_POINT('',#4848);
#1398=VERTEX_POINT('',#4852);
#1399=VERTEX_POINT('',#4856);
#1400=VERTEX_POINT('',#4860);
#1401=VERTEX_POINT('',#4863);
#1402=VERTEX_POINT('',#4865);
#1403=VERTEX_POINT('',#4867);
#1404=VERTEX_POINT('',#4869);
#1405=VERTEX_POINT('',#4871);
#1406=VERTEX_POINT('',#4889);
#1407=VERTEX_POINT('',#4891);
#1408=VERTEX_POINT('',#4895);
#1409=VERTEX_POINT('',#4897);
#1410=VERTEX_POINT('',#4906);
#1411=VERTEX_POINT('',#4908);
#1412=VERTEX_POINT('',#4912);
#1413=VERTEX_POINT('',#4914);
#1414=VERTEX_POINT('',#4923);
#1415=VERTEX_POINT('',#4924);
#1416=VERTEX_POINT('',#4929);
#1417=VERTEX_POINT('',#4930);
#1418=VERTEX_POINT('',#4935);
#1419=VERTEX_POINT('',#4936);
#1420=VERTEX_POINT('',#4939);
#1421=VERTEX_POINT('',#4943);
#1422=VERTEX_POINT('',#4944);
#1423=VERTEX_POINT('',#4946);
#1424=VERTEX_POINT('',#4948);
#1425=VERTEX_POINT('',#4952);
#1426=VERTEX_POINT('',#4954);
#1427=VERTEX_POINT('',#4958);
#1428=VERTEX_POINT('',#4964);
#1429=VERTEX_POINT('',#4969);
#1430=VERTEX_POINT('',#5007);
#1431=VERTEX_POINT('',#5008);
#1432=VERTEX_POINT('',#5011);
#1433=VERTEX_POINT('',#5040);
#1434=VERTEX_POINT('',#5041);
#1435=VERTEX_POINT('',#5044);
#1436=VERTEX_POINT('',#5073);
#1437=VERTEX_POINT('',#5074);
#1438=VERTEX_POINT('',#5076);
#1439=VERTEX_POINT('',#5106);
#1440=VERTEX_POINT('',#5107);
#1441=VERTEX_POINT('',#5109);
#1442=VERTEX_POINT('',#5113);
#1443=VERTEX_POINT('',#5115);
#1444=VERTEX_POINT('',#5119);
#1445=VERTEX_POINT('',#5120);
#1446=VERTEX_POINT('',#5122);
#1447=VERTEX_POINT('',#5124);
#1448=VERTEX_POINT('',#5128);
#1449=VERTEX_POINT('',#5133);
#1450=VERTEX_POINT('',#5134);
#1451=VERTEX_POINT('',#5139);
#1452=VERTEX_POINT('',#5143);
#1453=VERTEX_POINT('',#5147);
#1454=VERTEX_POINT('',#5152);
#1455=VERTEX_POINT('',#5154);
#1456=VERTEX_POINT('',#5158);
#1457=VERTEX_POINT('',#5159);
#1458=VERTEX_POINT('',#5161);
#1459=VERTEX_POINT('',#5163);
#1460=VERTEX_POINT('',#5167);
#1461=VERTEX_POINT('',#5169);
#1462=VERTEX_POINT('',#5173);
#1463=VERTEX_POINT('',#5175);
#1464=VERTEX_POINT('',#5179);
#1465=VERTEX_POINT('',#5181);
#1466=VERTEX_POINT('',#5185);
#1467=VERTEX_POINT('',#5187);
#1468=VERTEX_POINT('',#5191);
#1469=VERTEX_POINT('',#5193);
#1470=VERTEX_POINT('',#5197);
#1471=VERTEX_POINT('',#5199);
#1472=VERTEX_POINT('',#5203);
#1473=VERTEX_POINT('',#5205);
#1474=VERTEX_POINT('',#5209);
#1475=VERTEX_POINT('',#5211);
#1476=VERTEX_POINT('',#5215);
#1477=VERTEX_POINT('',#5217);
#1478=VERTEX_POINT('',#5221);
#1479=VERTEX_POINT('',#5222);
#1480=VERTEX_POINT('',#5224);
#1481=VERTEX_POINT('',#5226);
#1482=VERTEX_POINT('',#5228);
#1483=VERTEX_POINT('',#5230);
#1484=VERTEX_POINT('',#5232);
#1485=VERTEX_POINT('',#5235);
#1486=VERTEX_POINT('',#5237);
#1487=VERTEX_POINT('',#5239);
#1488=VERTEX_POINT('',#5241);
#1489=VERTEX_POINT('',#5245);
#1490=VERTEX_POINT('',#5246);
#1491=VERTEX_POINT('',#5248);
#1492=VERTEX_POINT('',#5250);
#1493=VERTEX_POINT('',#5252);
#1494=VERTEX_POINT('',#5254);
#1495=VERTEX_POINT('',#5256);
#1496=VERTEX_POINT('',#5258);
#1497=VERTEX_POINT('',#5260);
#1498=VERTEX_POINT('',#5262);
#1499=VERTEX_POINT('',#5264);
#1500=VERTEX_POINT('',#5266);
#1501=VERTEX_POINT('',#5268);
#1502=VERTEX_POINT('',#5272);
#1503=VERTEX_POINT('',#5274);
#1504=VERTEX_POINT('',#5278);
#1505=VERTEX_POINT('',#5280);
#1506=VERTEX_POINT('',#5284);
#1507=VERTEX_POINT('',#5286);
#1508=VERTEX_POINT('',#5290);
#1509=VERTEX_POINT('',#5291);
#1510=VERTEX_POINT('',#5296);
#1511=VERTEX_POINT('',#5297);
#1512=VERTEX_POINT('',#5299);
#1513=VERTEX_POINT('',#5301);
#1514=VERTEX_POINT('',#5305);
#1515=VERTEX_POINT('',#5307);
#1516=VERTEX_POINT('',#5311);
#1517=VERTEX_POINT('',#5313);
#1518=VERTEX_POINT('',#5317);
#1519=VERTEX_POINT('',#5318);
#1520=VERTEX_POINT('',#5320);
#1521=VERTEX_POINT('',#5325);
#1522=VERTEX_POINT('',#5326);
#1523=VERTEX_POINT('',#5335);
#1524=VERTEX_POINT('',#5339);
#1525=VERTEX_POINT('',#5343);
#1526=VERTEX_POINT('',#5359);
#1527=VERTEX_POINT('',#5361);
#1528=VERTEX_POINT('',#5369);
#1529=VERTEX_POINT('',#5373);
#1530=VERTEX_POINT('',#5380);
#1531=VERTEX_POINT('',#5381);
#1532=VERTEX_POINT('',#5383);
#1533=VERTEX_POINT('',#5386);
#1534=VERTEX_POINT('',#5388);
#1535=VERTEX_POINT('',#5392);
#1536=VERTEX_POINT('',#5393);
#1537=VERTEX_POINT('',#5395);
#1538=VERTEX_POINT('',#5397);
#1539=VERTEX_POINT('',#5399);
#1540=VERTEX_POINT('',#5401);
#1541=VERTEX_POINT('',#5403);
#1542=VERTEX_POINT('',#5405);
#1543=VERTEX_POINT('',#5407);
#1544=VERTEX_POINT('',#5409);
#1545=VERTEX_POINT('',#5411);
#1546=VERTEX_POINT('',#5413);
#1547=VERTEX_POINT('',#5415);
#1548=VERTEX_POINT('',#5417);
#1549=VERTEX_POINT('',#5419);
#1550=VERTEX_POINT('',#5421);
#1551=VERTEX_POINT('',#5423);
#1552=VERTEX_POINT('',#5425);
#1553=VERTEX_POINT('',#5427);
#1554=VERTEX_POINT('',#5429);
#1555=VERTEX_POINT('',#5431);
#1556=VERTEX_POINT('',#5433);
#1557=VERTEX_POINT('',#5436);
#1558=VERTEX_POINT('',#5438);
#1559=VERTEX_POINT('',#5440);
#1560=VERTEX_POINT('',#5442);
#1561=VERTEX_POINT('',#5444);
#1562=VERTEX_POINT('',#5446);
#1563=VERTEX_POINT('',#5448);
#1564=VERTEX_POINT('',#5452);
#1565=VERTEX_POINT('',#5453);
#1566=VERTEX_POINT('',#5455);
#1567=VERTEX_POINT('',#5457);
#1568=VERTEX_POINT('',#5459);
#1569=VERTEX_POINT('',#5461);
#1570=VERTEX_POINT('',#5465);
#1571=VERTEX_POINT('',#5467);
#1572=VERTEX_POINT('',#5471);
#1573=VERTEX_POINT('',#5473);
#1574=VERTEX_POINT('',#5477);
#1575=VERTEX_POINT('',#5481);
#1576=VERTEX_POINT('',#5485);
#1577=VERTEX_POINT('',#5489);
#1578=VERTEX_POINT('',#5493);
#1579=VERTEX_POINT('',#5497);
#1580=VERTEX_POINT('',#5501);
#1581=VERTEX_POINT('',#5505);
#1582=VERTEX_POINT('',#5509);
#1583=VERTEX_POINT('',#5513);
#1584=VERTEX_POINT('',#5514);
#1585=VERTEX_POINT('',#5516);
#1586=VERTEX_POINT('',#5518);
#1587=VERTEX_POINT('',#5520);
#1588=VERTEX_POINT('',#5522);
#1589=VERTEX_POINT('',#5525);
#1590=VERTEX_POINT('',#5527);
#1591=VERTEX_POINT('',#5529);
#1592=VERTEX_POINT('',#5531);
#1593=VERTEX_POINT('',#5533);
#1594=VERTEX_POINT('',#5537);
#1595=VERTEX_POINT('',#5541);
#1596=VERTEX_POINT('',#5545);
#1597=VERTEX_POINT('',#5549);
#1598=VERTEX_POINT('',#5553);
#1599=VERTEX_POINT('',#5555);
#1600=VERTEX_POINT('',#5560);
#1601=VERTEX_POINT('',#5571);
#1602=VERTEX_POINT('',#5578);
#1603=VERTEX_POINT('',#5582);
#1604=VERTEX_POINT('',#5584);
#1605=VERTEX_POINT('',#5588);
#1606=VERTEX_POINT('',#5592);
#1607=VERTEX_POINT('',#5596);
#1608=VERTEX_POINT('',#5600);
#1609=VERTEX_POINT('',#5604);
#1610=VERTEX_POINT('',#5606);
#1611=VERTEX_POINT('',#5608);
#1612=VERTEX_POINT('',#5612);
#1613=VERTEX_POINT('',#5614);
#1614=VERTEX_POINT('',#5620);
#1615=VERTEX_POINT('',#5625);
#1616=VERTEX_POINT('',#5629);
#1617=VERTEX_POINT('',#5636);
#1618=VERTEX_POINT('',#5637);
#1619=VERTEX_POINT('',#5646);
#1620=VERTEX_POINT('',#5647);
#1621=VERTEX_POINT('',#5650);
#1622=VERTEX_POINT('',#5652);
#1623=VERTEX_POINT('',#5657);
#1624=VERTEX_POINT('',#5659);
#1625=VERTEX_POINT('',#5663);
#1626=VERTEX_POINT('',#5665);
#1627=VERTEX_POINT('',#5668);
#1628=VERTEX_POINT('',#5670);
#1629=VERTEX_POINT('',#5672);
#1630=VERTEX_POINT('',#5674);
#1631=VERTEX_POINT('',#5676);
#1632=VERTEX_POINT('',#5678);
#1633=VERTEX_POINT('',#5683);
#1634=VERTEX_POINT('',#5687);
#1635=VERTEX_POINT('',#5689);
#1636=VERTEX_POINT('',#5695);
#1637=VERTEX_POINT('',#5697);
#1638=VERTEX_POINT('',#5703);
#1639=VERTEX_POINT('',#5711);
#1640=VERTEX_POINT('',#5718);
#1641=VERTEX_POINT('',#5719);
#1642=VERTEX_POINT('',#5724);
#1643=VERTEX_POINT('',#5730);
#1644=VERTEX_POINT('',#5736);
#1645=VERTEX_POINT('',#5740);
#1646=VERTEX_POINT('',#5752);
#1647=VERTEX_POINT('',#5755);
#1648=VERTEX_POINT('',#5757);
#1649=EDGE_CURVE('',#1320,#1321,#526,.T.);
#1650=EDGE_CURVE('',#1321,#1322,#527,.T.);
#1651=EDGE_CURVE('',#1322,#1323,#528,.T.);
#1652=EDGE_CURVE('',#1324,#1323,#529,.T.);
#1653=EDGE_CURVE('',#1324,#1325,#530,.T.);
#1654=EDGE_CURVE('',#1325,#1326,#531,.T.);
#1655=EDGE_CURVE('',#1326,#1327,#532,.T.);
#1656=EDGE_CURVE('',#1328,#1327,#533,.T.);
#1657=EDGE_CURVE('',#1328,#1329,#534,.T.);
#1658=EDGE_CURVE('',#1329,#1330,#535,.T.);
#1659=EDGE_CURVE('',#1330,#1331,#536,.T.);
#1660=EDGE_CURVE('',#1331,#1332,#537,.T.);
#1661=EDGE_CURVE('',#1333,#1332,#538,.T.);
#1662=EDGE_CURVE('',#1333,#1320,#539,.T.);
#1663=EDGE_CURVE('',#1334,#1320,#540,.T.);
#1664=EDGE_CURVE('',#1335,#1333,#541,.T.);
#1665=EDGE_CURVE('',#1335,#1334,#542,.T.);
#1666=EDGE_CURVE('',#1336,#1337,#543,.T.);
#1667=EDGE_CURVE('',#1337,#1338,#544,.T.);
#1668=EDGE_CURVE('',#1338,#1339,#545,.T.);
#1669=EDGE_CURVE('',#1339,#1336,#546,.T.);
#1670=EDGE_CURVE('',#1340,#1341,#547,.T.);
#1671=EDGE_CURVE('',#1341,#1342,#548,.T.);
#1672=EDGE_CURVE('',#1342,#1343,#549,.T.);
#1673=EDGE_CURVE('',#1343,#1340,#550,.T.);
#1674=EDGE_CURVE('',#1344,#1345,#551,.T.);
#1675=EDGE_CURVE('',#1345,#1346,#552,.T.);
#1676=EDGE_CURVE('',#1346,#1334,#553,.T.);
#1677=EDGE_CURVE('',#1335,#1347,#554,.T.);
#1678=EDGE_CURVE('',#1348,#1347,#555,.T.);
#1679=EDGE_CURVE('',#1348,#1349,#556,.T.);
#1680=EDGE_CURVE('',#1349,#1350,#557,.T.);
#1681=EDGE_CURVE('',#1350,#1351,#558,.T.);
#1682=EDGE_CURVE('',#1351,#1352,#559,.T.);
#1683=EDGE_CURVE('',#1352,#1353,#560,.T.);
#1684=EDGE_CURVE('',#1354,#1353,#561,.T.);
#1685=EDGE_CURVE('',#1354,#1355,#562,.T.);
#1686=EDGE_CURVE('',#1355,#1344,#563,.T.);
#1687=EDGE_CURVE('',#1323,#1344,#564,.T.);
#1688=EDGE_CURVE('',#1355,#1356,#565,.T.);
#1689=EDGE_CURVE('',#1356,#1357,#566,.T.);
#1690=EDGE_CURVE('',#1357,#1358,#567,.T.);
#1691=EDGE_CURVE('',#1359,#1358,#568,.T.);
#1692=EDGE_CURVE('',#1359,#1324,#569,.T.);
#1693=EDGE_CURVE('',#1360,#1361,#570,.T.);
#1694=EDGE_CURVE('',#1361,#1362,#571,.T.);
#1695=EDGE_CURVE('',#1362,#1363,#572,.T.);
#1696=EDGE_CURVE('',#1363,#1360,#573,.T.);
#1697=EDGE_CURVE('',#1364,#1365,#574,.T.);
#1698=EDGE_CURVE('',#1365,#1366,#575,.T.);
#1699=EDGE_CURVE('',#1366,#1367,#576,.T.);
#1700=EDGE_CURVE('',#1367,#1364,#577,.T.);
#1701=EDGE_CURVE('',#1368,#1356,#578,.T.);
#1702=EDGE_CURVE('',#1354,#1368,#579,.T.);
#1703=EDGE_CURVE('',#1359,#1369,#580,.T.);
#1704=EDGE_CURVE('',#1369,#1325,#581,.T.);
#1705=EDGE_CURVE('',#1358,#1370,#582,.T.);
#1706=EDGE_CURVE('',#1369,#1370,#583,.T.);
#1707=EDGE_CURVE('',#1371,#1357,#584,.T.);
#1708=EDGE_CURVE('',#1368,#1371,#585,.T.);
#1709=EDGE_CURVE('',#1353,#1371,#586,.T.);
#1710=EDGE_CURVE('',#1370,#1326,#587,.T.);
#1711=EDGE_CURVE('',#1372,#1373,#588,.T.);
#1712=EDGE_CURVE('',#1347,#1373,#589,.T.);
#1713=EDGE_CURVE('',#1374,#1332,#590,.T.);
#1714=EDGE_CURVE('',#1374,#1375,#591,.T.);
#1715=EDGE_CURVE('',#1375,#1372,#592,.T.);
#1716=EDGE_CURVE('',#1373,#1376,#593,.T.);
#1717=EDGE_CURVE('',#1348,#1376,#594,.T.);
#1718=EDGE_CURVE('',#1377,#1378,#595,.T.);
#1719=EDGE_CURVE('',#1378,#1352,#596,.T.);
#1720=EDGE_CURVE('',#1377,#1351,#597,.T.);
#1721=EDGE_CURVE('',#1379,#1380,#598,.T.);
#1722=EDGE_CURVE('',#1328,#1380,#599,.T.);
#1723=EDGE_CURVE('',#1327,#1379,#600,.T.);
#1724=EDGE_CURVE('',#1381,#1349,#601,.T.);
#1725=EDGE_CURVE('',#1376,#1377,#602,.T.);
#1726=EDGE_CURVE('',#1350,#1382,#603,.T.);
#1727=EDGE_CURVE('',#1382,#1381,#604,.T.);
#1728=EDGE_CURVE('',#1378,#1383,#605,.T.);
#1729=EDGE_CURVE('',#1383,#1384,#606,.T.);
#1730=EDGE_CURVE('',#1384,#1379,#607,.T.);
#1731=EDGE_CURVE('',#1385,#1374,#608,.T.);
#1732=EDGE_CURVE('',#1385,#1331,#609,.T.);
#1733=EDGE_CURVE('',#1386,#1387,#610,.T.);
#1734=EDGE_CURVE('',#1387,#1388,#611,.T.);
#1735=EDGE_CURVE('',#1388,#1389,#612,.T.);
#1736=EDGE_CURVE('',#1389,#1386,#613,.T.);
#1737=EDGE_CURVE('',#1380,#1385,#614,.T.);
#1738=EDGE_CURVE('',#1384,#1390,#615,.T.);
#1739=EDGE_CURVE('',#1391,#1390,#616,.T.);
#1740=EDGE_CURVE('',#1392,#1391,#617,.T.);
#1741=EDGE_CURVE('',#1393,#1392,#618,.T.);
#1742=EDGE_CURVE('',#1393,#1394,#619,.T.);
#1743=EDGE_CURVE('',#1395,#1394,#620,.T.);
#1744=EDGE_CURVE('',#1388,#1395,#621,.T.);
#1745=EDGE_CURVE('',#1387,#1396,#622,.T.);
#1746=EDGE_CURVE('',#1397,#1396,#623,.T.);
#1747=EDGE_CURVE('',#1375,#1397,#624,.T.);
#1748=EDGE_CURVE('',#1372,#1398,#625,.T.);
#1749=EDGE_CURVE('',#1398,#1397,#626,.T.);
#1750=EDGE_CURVE('',#1383,#1399,#627,.T.);
#1751=EDGE_CURVE('',#1390,#1399,#628,.T.);
#1752=EDGE_CURVE('',#1400,#1398,#629,.T.);
#1753=EDGE_CURVE('',#1386,#1400,#630,.T.);
#1754=EDGE_CURVE('',#1389,#1401,#631,.T.);
#1755=EDGE_CURVE('',#1402,#1401,#632,.T.);
#1756=EDGE_CURVE('',#1403,#1402,#633,.T.);
#1757=EDGE_CURVE('',#1404,#1403,#634,.T.);
#1758=EDGE_CURVE('',#1404,#1405,#635,.T.);
#1759=EDGE_CURVE('',#1399,#1405,#636,.T.);
#1760=EDGE_CURVE('',#1392,#1404,#637,.T.);
#1761=EDGE_CURVE('',#1403,#1393,#638,.T.);
#1762=EDGE_CURVE('',#1401,#1395,#639,.T.);
#1763=EDGE_CURVE('',#1394,#1402,#640,.T.);
#1764=EDGE_CURVE('',#1405,#1391,#641,.T.);
#1765=EDGE_CURVE('',#1396,#1400,#642,.T.);
#1766=EDGE_CURVE('',#1342,#1406,#643,.T.);
#1767=EDGE_CURVE('',#1407,#1341,#644,.T.);
#1768=EDGE_CURVE('',#1406,#1407,#645,.T.);
#1769=EDGE_CURVE('',#1408,#1343,#646,.T.);
#1770=EDGE_CURVE('',#1409,#1408,#647,.T.);
#1771=EDGE_CURVE('',#1340,#1409,#648,.T.);
#1772=EDGE_CURVE('',#1409,#1407,#649,.T.);
#1773=EDGE_CURVE('',#1408,#1406,#650,.T.);
#1774=EDGE_CURVE('',#1339,#1410,#651,.T.);
#1775=EDGE_CURVE('',#1410,#1411,#652,.T.);
#1776=EDGE_CURVE('',#1411,#1336,#653,.T.);
#1777=EDGE_CURVE('',#1337,#1412,#654,.T.);
#1778=EDGE_CURVE('',#1412,#1413,#655,.T.);
#1779=EDGE_CURVE('',#1413,#1338,#656,.T.);
#1780=EDGE_CURVE('',#1412,#1411,#657,.T.);
#1781=EDGE_CURVE('',#1413,#1410,#658,.T.);
#1782=EDGE_CURVE('',#1414,#1415,#659,.T.);
#1783=EDGE_CURVE('',#1364,#1415,#660,.T.);
#1784=EDGE_CURVE('',#1367,#1414,#661,.T.);
#1785=EDGE_CURVE('',#1416,#1417,#662,.T.);
#1786=EDGE_CURVE('',#1360,#1417,#663,.T.);
#1787=EDGE_CURVE('',#1363,#1416,#664,.T.);
#1788=EDGE_CURVE('',#1418,#1419,#665,.T.);
#1789=EDGE_CURVE('',#1419,#1361,#666,.T.);
#1790=EDGE_CURVE('',#1417,#1420,#667,.T.);
#1791=EDGE_CURVE('',#1420,#1418,#668,.T.);
#1792=EDGE_CURVE('',#1421,#1422,#669,.T.);
#1793=EDGE_CURVE('',#1423,#1422,#670,.T.);
#1794=EDGE_CURVE('',#1423,#1424,#671,.T.);
#1795=EDGE_CURVE('',#1421,#1424,#672,.T.);
#1796=EDGE_CURVE('',#1425,#1418,#673,.T.);
#1797=EDGE_CURVE('',#1420,#1426,#674,.T.);
#1798=EDGE_CURVE('',#1425,#1426,#675,.T.);
#1799=EDGE_CURVE('',#1427,#1425,#676,.T.);
#1800=EDGE_CURVE('',#1426,#1416,#677,.T.);
#1801=EDGE_CURVE('',#1362,#1427,#678,.T.);
#1802=EDGE_CURVE('',#1422,#1414,#679,.T.);
#1803=EDGE_CURVE('',#1428,#1366,#680,.T.);
#1804=EDGE_CURVE('',#1428,#1423,#681,.T.);
#1805=EDGE_CURVE('',#1415,#1421,#682,.T.);
#1806=EDGE_CURVE('',#1424,#1429,#683,.T.);
#1807=EDGE_CURVE('',#1365,#1429,#684,.T.);
#1808=EDGE_CURVE('',#1429,#1428,#685,.T.);
#1809=EDGE_CURVE('',#1419,#1427,#686,.T.);
#1810=EDGE_CURVE('',#1430,#1431,#58,.T.);
#1811=EDGE_CURVE('',#1431,#1430,#59,.T.);
#1812=EDGE_CURVE('',#1431,#1432,#60,.T.);
#1813=EDGE_CURVE('',#1433,#1434,#61,.T.);
#1814=EDGE_CURVE('',#1434,#1433,#62,.T.);
#1815=EDGE_CURVE('',#1434,#1435,#63,.T.);
#1816=EDGE_CURVE('',#1436,#1437,#64,.T.);
#1817=EDGE_CURVE('',#1437,#1438,#65,.T.);
#1818=EDGE_CURVE('',#1438,#1437,#66,.T.);
#1819=EDGE_CURVE('',#1439,#1440,#67,.T.);
#1820=EDGE_CURVE('',#1440,#1441,#68,.T.);
#1821=EDGE_CURVE('',#1441,#1440,#69,.T.);
#1822=EDGE_CURVE('',#1330,#1442,#687,.T.);
#1823=EDGE_CURVE('',#1442,#1443,#688,.T.);
#1824=EDGE_CURVE('',#1443,#1329,#689,.T.);
#1825=EDGE_CURVE('',#1444,#1445,#690,.T.);
#1826=EDGE_CURVE('',#1446,#1445,#691,.T.);
#1827=EDGE_CURVE('',#1447,#1446,#692,.T.);
#1828=EDGE_CURVE('',#1447,#1444,#693,.T.);
#1829=EDGE_CURVE('',#1448,#1444,#694,.T.);
#1830=EDGE_CURVE('',#1323,#1447,#695,.T.);
#1831=EDGE_CURVE('',#1322,#1448,#696,.T.);
#1832=EDGE_CURVE('',#1449,#1450,#697,.T.);
#1833=EDGE_CURVE('',#1321,#1450,#698,.T.);
#1834=EDGE_CURVE('',#1320,#1449,#699,.T.);
#1835=EDGE_CURVE('',#1451,#1449,#700,.T.);
#1836=EDGE_CURVE('',#1334,#1451,#701,.T.);
#1837=EDGE_CURVE('',#1452,#1451,#702,.T.);
#1838=EDGE_CURVE('',#1346,#1452,#703,.T.);
#1839=EDGE_CURVE('',#1445,#1453,#704,.T.);
#1840=EDGE_CURVE('',#1345,#1453,#705,.T.);
#1841=EDGE_CURVE('',#1446,#1344,#706,.T.);
#1842=EDGE_CURVE('',#1454,#1454,#70,.T.);
#1843=EDGE_CURVE('',#1454,#1455,#707,.T.);
#1844=EDGE_CURVE('',#1455,#1455,#71,.T.);
#1845=EDGE_CURVE('',#1456,#1457,#708,.T.);
#1846=EDGE_CURVE('',#1458,#1457,#709,.T.);
#1847=EDGE_CURVE('',#1458,#1459,#710,.T.);
#1848=EDGE_CURVE('',#1459,#1456,#711,.T.);
#1849=EDGE_CURVE('',#1460,#1456,#712,.T.);
#1850=EDGE_CURVE('',#1459,#1461,#713,.T.);
#1851=EDGE_CURVE('',#1461,#1460,#714,.T.);
#1852=EDGE_CURVE('',#1462,#1460,#715,.T.);
#1853=EDGE_CURVE('',#1461,#1463,#716,.T.);
#1854=EDGE_CURVE('',#1463,#1462,#717,.T.);
#1855=EDGE_CURVE('',#1464,#1462,#72,.T.);
#1856=EDGE_CURVE('',#1463,#1465,#73,.T.);
#1857=EDGE_CURVE('',#1465,#1464,#718,.T.);
#1858=EDGE_CURVE('',#1466,#1464,#719,.T.);
#1859=EDGE_CURVE('',#1465,#1467,#720,.T.);
#1860=EDGE_CURVE('',#1467,#1466,#721,.T.);
#1861=EDGE_CURVE('',#1468,#1466,#74,.T.);
#1862=EDGE_CURVE('',#1467,#1469,#75,.T.);
#1863=EDGE_CURVE('',#1469,#1468,#722,.T.);
#1864=EDGE_CURVE('',#1470,#1468,#723,.T.);
#1865=EDGE_CURVE('',#1469,#1471,#724,.T.);
#1866=EDGE_CURVE('',#1471,#1470,#725,.T.);
#1867=EDGE_CURVE('',#1472,#1470,#76,.T.);
#1868=EDGE_CURVE('',#1471,#1473,#77,.T.);
#1869=EDGE_CURVE('',#1473,#1472,#726,.T.);
#1870=EDGE_CURVE('',#1474,#1472,#727,.T.);
#1871=EDGE_CURVE('',#1473,#1475,#728,.T.);
#1872=EDGE_CURVE('',#1475,#1474,#729,.T.);
#1873=EDGE_CURVE('',#1476,#1474,#78,.T.);
#1874=EDGE_CURVE('',#1475,#1477,#79,.T.);
#1875=EDGE_CURVE('',#1477,#1476,#730,.T.);
#1876=EDGE_CURVE('',#1478,#1479,#731,.T.);
#1877=EDGE_CURVE('',#1478,#1480,#732,.T.);
#1878=EDGE_CURVE('',#1480,#1481,#733,.T.);
#1879=EDGE_CURVE('',#1481,#1482,#80,.T.);
#1880=EDGE_CURVE('',#1482,#1483,#734,.T.);
#1881=EDGE_CURVE('',#1483,#1484,#81,.T.);
#1882=EDGE_CURVE('',#1484,#1476,#735,.T.);
#1883=EDGE_CURVE('',#1477,#1485,#736,.T.);
#1884=EDGE_CURVE('',#1485,#1486,#737,.T.);
#1885=EDGE_CURVE('',#1486,#1487,#82,.T.);
#1886=EDGE_CURVE('',#1487,#1488,#738,.T.);
#1887=EDGE_CURVE('',#1488,#1479,#739,.T.);
#1888=EDGE_CURVE('',#1489,#1490,#740,.T.);
#1889=EDGE_CURVE('',#1491,#1489,#741,.T.);
#1890=EDGE_CURVE('',#1492,#1491,#742,.T.);
#1891=EDGE_CURVE('',#1493,#1492,#83,.T.);
#1892=EDGE_CURVE('',#1494,#1493,#743,.T.);
#1893=EDGE_CURVE('',#1494,#1495,#744,.T.);
#1894=EDGE_CURVE('',#1495,#1496,#745,.T.);
#1895=EDGE_CURVE('',#1496,#1497,#746,.T.);
#1896=EDGE_CURVE('',#1498,#1497,#84,.T.);
#1897=EDGE_CURVE('',#1499,#1498,#747,.T.);
#1898=EDGE_CURVE('',#1500,#1499,#85,.T.);
#1899=EDGE_CURVE('',#1501,#1500,#748,.T.);
#1900=EDGE_CURVE('',#1490,#1501,#749,.T.);
#1901=EDGE_CURVE('',#1502,#1496,#86,.T.);
#1902=EDGE_CURVE('',#1495,#1503,#87,.T.);
#1903=EDGE_CURVE('',#1503,#1502,#750,.T.);
#1904=EDGE_CURVE('',#1504,#1502,#751,.T.);
#1905=EDGE_CURVE('',#1503,#1505,#752,.T.);
#1906=EDGE_CURVE('',#1505,#1504,#753,.T.);
#1907=EDGE_CURVE('',#1506,#1504,#88,.T.);
#1908=EDGE_CURVE('',#1505,#1507,#89,.T.);
#1909=EDGE_CURVE('',#1507,#1506,#754,.T.);
#1910=EDGE_CURVE('',#1508,#1509,#755,.T.);
#1911=EDGE_CURVE('',#1508,#1506,#756,.T.);
#1912=EDGE_CURVE('',#1507,#1509,#757,.T.);
#1913=EDGE_CURVE('',#1510,#1511,#758,.T.);
#1914=EDGE_CURVE('',#1510,#1512,#759,.T.);
#1915=EDGE_CURVE('',#1513,#1512,#760,.T.);
#1916=EDGE_CURVE('',#1513,#1511,#761,.T.);
#1917=EDGE_CURVE('',#1514,#1442,#762,.T.);
#1918=EDGE_CURVE('',#1515,#1514,#763,.T.);
#1919=EDGE_CURVE('',#1515,#1443,#764,.T.);
#1920=EDGE_CURVE('',#1516,#1329,#765,.T.);
#1921=EDGE_CURVE('',#1517,#1515,#766,.T.);
#1922=EDGE_CURVE('',#1517,#1516,#767,.T.);
#1923=EDGE_CURVE('',#1518,#1519,#768,.T.);
#1924=EDGE_CURVE('',#1520,#1518,#90,.T.);
#1925=EDGE_CURVE('',#1520,#1516,#769,.T.);
#1926=EDGE_CURVE('',#1519,#1517,#770,.T.);
#1927=EDGE_CURVE('',#1521,#1522,#17,.T.);
#1928=EDGE_CURVE('',#1521,#1458,#91,.T.);
#1929=EDGE_CURVE('',#1457,#1520,#92,.T.);
#1930=EDGE_CURVE('',#1522,#1518,#771,.T.);
#1931=EDGE_CURVE('',#1522,#1523,#93,.T.);
#1932=EDGE_CURVE('',#1523,#1519,#772,.T.);
#1933=EDGE_CURVE('',#1523,#1524,#773,.T.);
#1934=EDGE_CURVE('',#1524,#1514,#774,.T.);
#1935=EDGE_CURVE('',#1524,#1525,#94,.T.);
#1936=EDGE_CURVE('',#1525,#1521,#775,.T.);
#1937=EDGE_CURVE('',#1486,#1493,#776,.T.);
#1938=EDGE_CURVE('',#1485,#1494,#777,.T.);
#1939=EDGE_CURVE('',#1497,#1484,#778,.T.);
#1940=EDGE_CURVE('',#1483,#1498,#779,.T.);
#1941=EDGE_CURVE('',#1482,#1499,#780,.T.);
#1942=EDGE_CURVE('',#1481,#1500,#781,.T.);
#1943=EDGE_CURVE('',#1480,#1501,#782,.T.);
#1944=EDGE_CURVE('',#1490,#1526,#95,.T.);
#1945=EDGE_CURVE('',#1527,#1478,#96,.T.);
#1946=EDGE_CURVE('',#1527,#1526,#783,.T.);
#1947=EDGE_CURVE('',#1488,#1491,#784,.T.);
#1948=EDGE_CURVE('',#1487,#1492,#785,.T.);
#1949=EDGE_CURVE('',#1479,#1528,#97,.T.);
#1950=EDGE_CURVE('',#1528,#1527,#786,.T.);
#1951=EDGE_CURVE('',#1526,#1529,#787,.T.);
#1952=EDGE_CURVE('',#1528,#1529,#788,.T.);
#1953=EDGE_CURVE('',#1529,#1489,#98,.T.);
#1954=EDGE_CURVE('',#1530,#1531,#789,.T.);
#1955=EDGE_CURVE('',#1532,#1530,#790,.T.);
#1956=EDGE_CURVE('',#1345,#1532,#791,.T.);
#1957=EDGE_CURVE('',#1533,#1453,#792,.T.);
#1958=EDGE_CURVE('',#1534,#1533,#99,.T.);
#1959=EDGE_CURVE('',#1531,#1534,#793,.T.);
#1960=EDGE_CURVE('',#1535,#1536,#100,.T.);
#1961=EDGE_CURVE('',#1535,#1537,#794,.T.);
#1962=EDGE_CURVE('',#1537,#1538,#101,.T.);
#1963=EDGE_CURVE('',#1538,#1539,#795,.T.);
#1964=EDGE_CURVE('',#1539,#1540,#102,.T.);
#1965=EDGE_CURVE('',#1540,#1541,#796,.T.);
#1966=EDGE_CURVE('',#1541,#1542,#797,.T.);
#1967=EDGE_CURVE('',#1542,#1543,#798,.T.);
#1968=EDGE_CURVE('',#1543,#1544,#103,.T.);
#1969=EDGE_CURVE('',#1544,#1545,#799,.T.);
#1970=EDGE_CURVE('',#1545,#1546,#104,.T.);
#1971=EDGE_CURVE('',#1546,#1547,#800,.T.);
#1972=EDGE_CURVE('',#1547,#1548,#105,.T.);
#1973=EDGE_CURVE('',#1548,#1549,#801,.T.);
#1974=EDGE_CURVE('',#1549,#1550,#106,.T.);
#1975=EDGE_CURVE('',#1550,#1551,#802,.T.);
#1976=EDGE_CURVE('',#1551,#1552,#803,.T.);
#1977=EDGE_CURVE('',#1552,#1553,#804,.T.);
#1978=EDGE_CURVE('',#1553,#1554,#107,.T.);
#1979=EDGE_CURVE('',#1554,#1555,#805,.T.);
#1980=EDGE_CURVE('',#1555,#1556,#806,.T.);
#1981=EDGE_CURVE('',#1532,#1556,#807,.T.);
#1982=EDGE_CURVE('',#1557,#1530,#108,.T.);
#1983=EDGE_CURVE('',#1557,#1558,#808,.T.);
#1984=EDGE_CURVE('',#1559,#1558,#109,.T.);
#1985=EDGE_CURVE('',#1559,#1560,#809,.T.);
#1986=EDGE_CURVE('',#1561,#1560,#110,.T.);
#1987=EDGE_CURVE('',#1561,#1562,#810,.T.);
#1988=EDGE_CURVE('',#1563,#1562,#111,.T.);
#1989=EDGE_CURVE('',#1563,#1536,#811,.T.);
#1990=EDGE_CURVE('',#1564,#1565,#812,.T.);
#1991=EDGE_CURVE('',#1564,#1566,#813,.T.);
#1992=EDGE_CURVE('',#1567,#1566,#814,.T.);
#1993=EDGE_CURVE('',#1568,#1567,#815,.T.);
#1994=EDGE_CURVE('',#1569,#1568,#816,.T.);
#1995=EDGE_CURVE('',#1565,#1569,#817,.T.);
#1996=EDGE_CURVE('',#1565,#1570,#112,.T.);
#1997=EDGE_CURVE('',#1571,#1569,#818,.T.);
#1998=EDGE_CURVE('',#1570,#1571,#819,.T.);
#1999=EDGE_CURVE('',#1572,#1552,#820,.T.);
#2000=EDGE_CURVE('',#1573,#1572,#821,.T.);
#2001=EDGE_CURVE('',#1573,#1553,#822,.T.);
#2002=EDGE_CURVE('',#1574,#1551,#823,.T.);
#2003=EDGE_CURVE('',#1572,#1574,#824,.T.);
#2004=EDGE_CURVE('',#1575,#1550,#825,.T.);
#2005=EDGE_CURVE('',#1574,#1575,#826,.T.);
#2006=EDGE_CURVE('',#1576,#1549,#827,.T.);
#2007=EDGE_CURVE('',#1575,#1576,#113,.T.);
#2008=EDGE_CURVE('',#1577,#1548,#828,.T.);
#2009=EDGE_CURVE('',#1576,#1577,#829,.T.);
#2010=EDGE_CURVE('',#1578,#1547,#830,.T.);
#2011=EDGE_CURVE('',#1577,#1578,#114,.T.);
#2012=EDGE_CURVE('',#1579,#1546,#831,.T.);
#2013=EDGE_CURVE('',#1578,#1579,#832,.T.);
#2014=EDGE_CURVE('',#1580,#1545,#833,.T.);
#2015=EDGE_CURVE('',#1579,#1580,#115,.T.);
#2016=EDGE_CURVE('',#1581,#1544,#834,.T.);
#2017=EDGE_CURVE('',#1580,#1581,#835,.T.);
#2018=EDGE_CURVE('',#1582,#1543,#836,.T.);
#2019=EDGE_CURVE('',#1581,#1582,#116,.T.);
#2020=EDGE_CURVE('',#1583,#1584,#837,.T.);
#2021=EDGE_CURVE('',#1583,#1585,#838,.T.);
#2022=EDGE_CURVE('',#1585,#1586,#839,.T.);
#2023=EDGE_CURVE('',#1586,#1587,#117,.T.);
#2024=EDGE_CURVE('',#1587,#1588,#840,.T.);
#2025=EDGE_CURVE('',#1588,#1541,#118,.T.);
#2026=EDGE_CURVE('',#1589,#1540,#841,.T.);
#2027=EDGE_CURVE('',#1590,#1589,#842,.T.);
#2028=EDGE_CURVE('',#1590,#1591,#843,.T.);
#2029=EDGE_CURVE('',#1591,#1592,#119,.T.);
#2030=EDGE_CURVE('',#1592,#1593,#844,.T.);
#2031=EDGE_CURVE('',#1593,#1584,#845,.T.);
#2032=EDGE_CURVE('',#1594,#1539,#846,.T.);
#2033=EDGE_CURVE('',#1589,#1594,#120,.T.);
#2034=EDGE_CURVE('',#1595,#1538,#847,.T.);
#2035=EDGE_CURVE('',#1594,#1595,#848,.T.);
#2036=EDGE_CURVE('',#1596,#1537,#849,.T.);
#2037=EDGE_CURVE('',#1595,#1596,#121,.T.);
#2038=EDGE_CURVE('',#1597,#1535,#850,.T.);
#2039=EDGE_CURVE('',#1596,#1597,#851,.T.);
#2040=EDGE_CURVE('',#1562,#1598,#852,.T.);
#2041=EDGE_CURVE('',#1599,#1561,#853,.T.);
#2042=EDGE_CURVE('',#1598,#1599,#854,.T.);
#2043=EDGE_CURVE('',#1349,#1555,#855,.T.);
#2044=EDGE_CURVE('',#1554,#1600,#856,.T.);
#2045=EDGE_CURVE('',#1600,#1350,#857,.T.);
#2046=EDGE_CURVE('',#1568,#1600,#858,.T.);
#2047=EDGE_CURVE('',#1554,#1571,#122,.T.);
#2048=EDGE_CURVE('',#1567,#1382,#859,.T.);
#2049=EDGE_CURVE('',#1566,#1381,#860,.T.);
#2050=EDGE_CURVE('',#1570,#1601,#18,.T.);
#2051=EDGE_CURVE('',#1601,#1573,#123,.T.);
#2052=EDGE_CURVE('',#1602,#1564,#124,.T.);
#2053=EDGE_CURVE('',#1601,#1602,#861,.T.);
#2054=EDGE_CURVE('',#1603,#1590,#862,.T.);
#2055=EDGE_CURVE('',#1603,#1604,#863,.T.);
#2056=EDGE_CURVE('',#1604,#1591,#864,.T.);
#2057=EDGE_CURVE('',#1605,#1588,#865,.T.);
#2058=EDGE_CURVE('',#1605,#1542,#125,.T.);
#2059=EDGE_CURVE('',#1606,#1587,#866,.T.);
#2060=EDGE_CURVE('',#1606,#1605,#867,.T.);
#2061=EDGE_CURVE('',#1607,#1586,#868,.T.);
#2062=EDGE_CURVE('',#1607,#1606,#126,.T.);
#2063=EDGE_CURVE('',#1608,#1585,#869,.T.);
#2064=EDGE_CURVE('',#1608,#1607,#870,.T.);
#2065=EDGE_CURVE('',#1609,#1583,#127,.T.);
#2066=EDGE_CURVE('',#1610,#1609,#871,.T.);
#2067=EDGE_CURVE('',#1611,#1610,#128,.T.);
#2068=EDGE_CURVE('',#1611,#1608,#872,.T.);
#2069=EDGE_CURVE('',#1612,#1592,#873,.T.);
#2070=EDGE_CURVE('',#1612,#1613,#874,.T.);
#2071=EDGE_CURVE('',#1613,#1593,#875,.T.);
#2072=EDGE_CURVE('',#1604,#1612,#129,.T.);
#2073=EDGE_CURVE('',#1614,#1611,#876,.T.);
#2074=EDGE_CURVE('',#1613,#1614,#877,.T.);
#2075=EDGE_CURVE('',#1582,#1603,#878,.T.);
#2076=EDGE_CURVE('',#1610,#1615,#879,.T.);
#2077=EDGE_CURVE('',#1615,#1614,#130,.T.);
#2078=EDGE_CURVE('',#1584,#1616,#131,.T.);
#2079=EDGE_CURVE('',#1615,#1616,#880,.T.);
#2080=EDGE_CURVE('',#1616,#1609,#881,.T.);
#2081=EDGE_CURVE('',#1617,#1618,#132,.T.);
#2082=EDGE_CURVE('',#1617,#1452,#882,.T.);
#2083=EDGE_CURVE('',#1556,#1346,#883,.T.);
#2084=EDGE_CURVE('',#1618,#1602,#884,.T.);
#2085=EDGE_CURVE('',#1533,#1617,#885,.T.);
#2086=EDGE_CURVE('',#1618,#1534,#886,.T.);
#2087=EDGE_CURVE('',#1619,#1620,#133,.T.);
#2088=EDGE_CURVE('',#1619,#1525,#887,.T.);
#2089=EDGE_CURVE('',#1330,#1621,#888,.T.);
#2090=EDGE_CURVE('',#1621,#1622,#889,.T.);
#2091=EDGE_CURVE('',#1321,#1622,#890,.T.);
#2092=EDGE_CURVE('',#1450,#1620,#891,.T.);
#2093=EDGE_CURVE('',#1620,#1623,#892,.T.);
#2094=EDGE_CURVE('',#1623,#1624,#134,.T.);
#2095=EDGE_CURVE('',#1624,#1619,#893,.T.);
#2096=EDGE_CURVE('',#1625,#1508,#135,.T.);
#2097=EDGE_CURVE('',#1626,#1625,#894,.T.);
#2098=EDGE_CURVE('',#1512,#1626,#136,.T.);
#2099=EDGE_CURVE('',#1627,#1510,#137,.T.);
#2100=EDGE_CURVE('',#1628,#1627,#895,.T.);
#2101=EDGE_CURVE('',#1629,#1628,#138,.T.);
#2102=EDGE_CURVE('',#1630,#1629,#896,.T.);
#2103=EDGE_CURVE('',#1631,#1630,#139,.T.);
#2104=EDGE_CURVE('',#1632,#1631,#897,.T.);
#2105=EDGE_CURVE('',#1622,#1632,#898,.T.);
#2106=EDGE_CURVE('',#1621,#1520,#899,.T.);
#2107=EDGE_CURVE('',#1626,#1633,#900,.T.);
#2108=EDGE_CURVE('',#1633,#1513,#140,.T.);
#2109=EDGE_CURVE('',#1628,#1634,#901,.T.);
#2110=EDGE_CURVE('',#1635,#1627,#902,.T.);
#2111=EDGE_CURVE('',#1635,#1634,#903,.T.);
#2112=EDGE_CURVE('',#1511,#1635,#141,.T.);
#2113=EDGE_CURVE('',#1630,#1636,#904,.T.);
#2114=EDGE_CURVE('',#1637,#1629,#905,.T.);
#2115=EDGE_CURVE('',#1637,#1636,#906,.T.);
#2116=EDGE_CURVE('',#1634,#1637,#142,.T.);
#2117=EDGE_CURVE('',#1638,#1631,#907,.T.);
#2118=EDGE_CURVE('',#1638,#1624,#908,.T.);
#2119=EDGE_CURVE('',#1623,#1448,#909,.T.);
#2120=EDGE_CURVE('',#1632,#1322,#910,.T.);
#2121=EDGE_CURVE('',#1636,#1638,#143,.T.);
#2122=EDGE_CURVE('',#1509,#1639,#144,.T.);
#2123=EDGE_CURVE('',#1639,#1633,#911,.T.);
#2124=EDGE_CURVE('',#1639,#1625,#912,.T.);
#2125=EDGE_CURVE('',#1640,#1641,#145,.T.);
#2126=EDGE_CURVE('',#1641,#1559,#913,.T.);
#2127=EDGE_CURVE('',#1558,#1640,#914,.T.);
#2128=EDGE_CURVE('',#1642,#1557,#915,.T.);
#2129=EDGE_CURVE('',#1640,#1642,#916,.T.);
#2130=EDGE_CURVE('',#1531,#1642,#146,.T.);
#2131=EDGE_CURVE('',#1560,#1643,#917,.T.);
#2132=EDGE_CURVE('',#1643,#1641,#918,.T.);
#2133=EDGE_CURVE('',#1643,#1599,#147,.T.);
#2134=EDGE_CURVE('',#1598,#1644,#148,.T.);
#2135=EDGE_CURVE('',#1644,#1563,#919,.T.);
#2136=EDGE_CURVE('',#1536,#1645,#920,.T.);
#2137=EDGE_CURVE('',#1645,#1644,#921,.T.);
#2138=EDGE_CURVE('',#1645,#1597,#149,.T.);
#2139=EDGE_CURVE('',#1646,#1646,#150,.T.);
#2140=EDGE_CURVE('',#1647,#1647,#151,.T.);
#2141=EDGE_CURVE('',#1647,#1648,#922,.T.);
#2142=EDGE_CURVE('',#1648,#1648,#152,.T.);
#2143=EDGE_CURVE('',#1647,#1646,#153,.T.);
#2144=ORIENTED_EDGE('',*,*,#1649,.T.);
#2145=ORIENTED_EDGE('',*,*,#1650,.T.);
#2146=ORIENTED_EDGE('',*,*,#1651,.T.);
#2147=ORIENTED_EDGE('',*,*,#1652,.F.);
#2148=ORIENTED_EDGE('',*,*,#1653,.T.);
#2149=ORIENTED_EDGE('',*,*,#1654,.T.);
#2150=ORIENTED_EDGE('',*,*,#1655,.T.);
#2151=ORIENTED_EDGE('',*,*,#1656,.F.);
#2152=ORIENTED_EDGE('',*,*,#1657,.T.);
#2153=ORIENTED_EDGE('',*,*,#1658,.T.);
#2154=ORIENTED_EDGE('',*,*,#1659,.T.);
#2155=ORIENTED_EDGE('',*,*,#1660,.T.);
#2156=ORIENTED_EDGE('',*,*,#1661,.F.);
#2157=ORIENTED_EDGE('',*,*,#1662,.T.);
#2158=ORIENTED_EDGE('',*,*,#1663,.T.);
#2159=ORIENTED_EDGE('',*,*,#1662,.F.);
#2160=ORIENTED_EDGE('',*,*,#1664,.F.);
#2161=ORIENTED_EDGE('',*,*,#1665,.T.);
#2162=ORIENTED_EDGE('',*,*,#1666,.T.);
#2163=ORIENTED_EDGE('',*,*,#1667,.T.);
#2164=ORIENTED_EDGE('',*,*,#1668,.T.);
#2165=ORIENTED_EDGE('',*,*,#1669,.T.);
#2166=ORIENTED_EDGE('',*,*,#1670,.T.);
#2167=ORIENTED_EDGE('',*,*,#1671,.T.);
#2168=ORIENTED_EDGE('',*,*,#1672,.T.);
#2169=ORIENTED_EDGE('',*,*,#1673,.T.);
#2170=ORIENTED_EDGE('',*,*,#1674,.T.);
#2171=ORIENTED_EDGE('',*,*,#1675,.T.);
#2172=ORIENTED_EDGE('',*,*,#1676,.T.);
#2173=ORIENTED_EDGE('',*,*,#1665,.F.);
#2174=ORIENTED_EDGE('',*,*,#1677,.T.);
#2175=ORIENTED_EDGE('',*,*,#1678,.F.);
#2176=ORIENTED_EDGE('',*,*,#1679,.T.);
#2177=ORIENTED_EDGE('',*,*,#1680,.T.);
#2178=ORIENTED_EDGE('',*,*,#1681,.T.);
#2179=ORIENTED_EDGE('',*,*,#1682,.T.);
#2180=ORIENTED_EDGE('',*,*,#1683,.T.);
#2181=ORIENTED_EDGE('',*,*,#1684,.F.);
#2182=ORIENTED_EDGE('',*,*,#1685,.T.);
#2183=ORIENTED_EDGE('',*,*,#1686,.T.);
#2184=ORIENTED_EDGE('',*,*,#1687,.T.);
#2185=ORIENTED_EDGE('',*,*,#1686,.F.);
#2186=ORIENTED_EDGE('',*,*,#1688,.T.);
#2187=ORIENTED_EDGE('',*,*,#1689,.T.);
#2188=ORIENTED_EDGE('',*,*,#1690,.T.);
#2189=ORIENTED_EDGE('',*,*,#1691,.F.);
#2190=ORIENTED_EDGE('',*,*,#1692,.T.);
#2191=ORIENTED_EDGE('',*,*,#1652,.T.);
#2192=ORIENTED_EDGE('',*,*,#1693,.T.);
#2193=ORIENTED_EDGE('',*,*,#1694,.T.);
#2194=ORIENTED_EDGE('',*,*,#1695,.T.);
#2195=ORIENTED_EDGE('',*,*,#1696,.T.);
#2196=ORIENTED_EDGE('',*,*,#1697,.T.);
#2197=ORIENTED_EDGE('',*,*,#1698,.T.);
#2198=ORIENTED_EDGE('',*,*,#1699,.T.);
#2199=ORIENTED_EDGE('',*,*,#1700,.T.);
#2200=ORIENTED_EDGE('',*,*,#1701,.T.);
#2201=ORIENTED_EDGE('',*,*,#1688,.F.);
#2202=ORIENTED_EDGE('',*,*,#1685,.F.);
#2203=ORIENTED_EDGE('',*,*,#1702,.T.);
#2204=ORIENTED_EDGE('',*,*,#1703,.T.);
#2205=ORIENTED_EDGE('',*,*,#1704,.T.);
#2206=ORIENTED_EDGE('',*,*,#1653,.F.);
#2207=ORIENTED_EDGE('',*,*,#1692,.F.);
#2208=ORIENTED_EDGE('',*,*,#1705,.T.);
#2209=ORIENTED_EDGE('',*,*,#1706,.F.);
#2210=ORIENTED_EDGE('',*,*,#1703,.F.);
#2211=ORIENTED_EDGE('',*,*,#1691,.T.);
#2212=ORIENTED_EDGE('',*,*,#1707,.T.);
#2213=ORIENTED_EDGE('',*,*,#1689,.F.);
#2214=ORIENTED_EDGE('',*,*,#1701,.F.);
#2215=ORIENTED_EDGE('',*,*,#1708,.T.);
#2216=ORIENTED_EDGE('',*,*,#1708,.F.);
#2217=ORIENTED_EDGE('',*,*,#1702,.F.);
#2218=ORIENTED_EDGE('',*,*,#1684,.T.);
#2219=ORIENTED_EDGE('',*,*,#1709,.T.);
#2220=ORIENTED_EDGE('',*,*,#1706,.T.);
#2221=ORIENTED_EDGE('',*,*,#1710,.T.);
#2222=ORIENTED_EDGE('',*,*,#1654,.F.);
#2223=ORIENTED_EDGE('',*,*,#1704,.F.);
#2224=ORIENTED_EDGE('',*,*,#1711,.T.);
#2225=ORIENTED_EDGE('',*,*,#1712,.F.);
#2226=ORIENTED_EDGE('',*,*,#1677,.F.);
#2227=ORIENTED_EDGE('',*,*,#1664,.T.);
#2228=ORIENTED_EDGE('',*,*,#1661,.T.);
#2229=ORIENTED_EDGE('',*,*,#1713,.F.);
#2230=ORIENTED_EDGE('',*,*,#1714,.T.);
#2231=ORIENTED_EDGE('',*,*,#1715,.T.);
#2232=ORIENTED_EDGE('',*,*,#1716,.T.);
#2233=ORIENTED_EDGE('',*,*,#1717,.F.);
#2234=ORIENTED_EDGE('',*,*,#1678,.T.);
#2235=ORIENTED_EDGE('',*,*,#1712,.T.);
#2236=ORIENTED_EDGE('',*,*,#1718,.T.);
#2237=ORIENTED_EDGE('',*,*,#1719,.T.);
#2238=ORIENTED_EDGE('',*,*,#1682,.F.);
#2239=ORIENTED_EDGE('',*,*,#1720,.F.);
#2240=ORIENTED_EDGE('',*,*,#1721,.T.);
#2241=ORIENTED_EDGE('',*,*,#1722,.F.);
#2242=ORIENTED_EDGE('',*,*,#1656,.T.);
#2243=ORIENTED_EDGE('',*,*,#1723,.T.);
#2244=ORIENTED_EDGE('',*,*,#1724,.T.);
#2245=ORIENTED_EDGE('',*,*,#1679,.F.);
#2246=ORIENTED_EDGE('',*,*,#1717,.T.);
#2247=ORIENTED_EDGE('',*,*,#1725,.T.);
#2248=ORIENTED_EDGE('',*,*,#1720,.T.);
#2249=ORIENTED_EDGE('',*,*,#1681,.F.);
#2250=ORIENTED_EDGE('',*,*,#1726,.T.);
#2251=ORIENTED_EDGE('',*,*,#1727,.T.);
#2252=ORIENTED_EDGE('',*,*,#1728,.T.);
#2253=ORIENTED_EDGE('',*,*,#1729,.T.);
#2254=ORIENTED_EDGE('',*,*,#1730,.T.);
#2255=ORIENTED_EDGE('',*,*,#1723,.F.);
#2256=ORIENTED_EDGE('',*,*,#1655,.F.);
#2257=ORIENTED_EDGE('',*,*,#1710,.F.);
#2258=ORIENTED_EDGE('',*,*,#1705,.F.);
#2259=ORIENTED_EDGE('',*,*,#1690,.F.);
#2260=ORIENTED_EDGE('',*,*,#1707,.F.);
#2261=ORIENTED_EDGE('',*,*,#1709,.F.);
#2262=ORIENTED_EDGE('',*,*,#1683,.F.);
#2263=ORIENTED_EDGE('',*,*,#1719,.F.);
#2264=ORIENTED_EDGE('',*,*,#1731,.T.);
#2265=ORIENTED_EDGE('',*,*,#1713,.T.);
#2266=ORIENTED_EDGE('',*,*,#1660,.F.);
#2267=ORIENTED_EDGE('',*,*,#1732,.F.);
#2268=ORIENTED_EDGE('',*,*,#1733,.T.);
#2269=ORIENTED_EDGE('',*,*,#1734,.T.);
#2270=ORIENTED_EDGE('',*,*,#1735,.T.);
#2271=ORIENTED_EDGE('',*,*,#1736,.T.);
#2272=ORIENTED_EDGE('',*,*,#1731,.F.);
#2273=ORIENTED_EDGE('',*,*,#1737,.F.);
#2274=ORIENTED_EDGE('',*,*,#1721,.F.);
#2275=ORIENTED_EDGE('',*,*,#1730,.F.);
#2276=ORIENTED_EDGE('',*,*,#1738,.T.);
#2277=ORIENTED_EDGE('',*,*,#1739,.F.);
#2278=ORIENTED_EDGE('',*,*,#1740,.F.);
#2279=ORIENTED_EDGE('',*,*,#1741,.F.);
#2280=ORIENTED_EDGE('',*,*,#1742,.T.);
#2281=ORIENTED_EDGE('',*,*,#1743,.F.);
#2282=ORIENTED_EDGE('',*,*,#1744,.F.);
#2283=ORIENTED_EDGE('',*,*,#1734,.F.);
#2284=ORIENTED_EDGE('',*,*,#1745,.T.);
#2285=ORIENTED_EDGE('',*,*,#1746,.F.);
#2286=ORIENTED_EDGE('',*,*,#1747,.F.);
#2287=ORIENTED_EDGE('',*,*,#1714,.F.);
#2288=ORIENTED_EDGE('',*,*,#1748,.F.);
#2289=ORIENTED_EDGE('',*,*,#1715,.F.);
#2290=ORIENTED_EDGE('',*,*,#1747,.T.);
#2291=ORIENTED_EDGE('',*,*,#1749,.F.);
#2292=ORIENTED_EDGE('',*,*,#1738,.F.);
#2293=ORIENTED_EDGE('',*,*,#1729,.F.);
#2294=ORIENTED_EDGE('',*,*,#1750,.T.);
#2295=ORIENTED_EDGE('',*,*,#1751,.F.);
#2296=ORIENTED_EDGE('',*,*,#1716,.F.);
#2297=ORIENTED_EDGE('',*,*,#1711,.F.);
#2298=ORIENTED_EDGE('',*,*,#1748,.T.);
#2299=ORIENTED_EDGE('',*,*,#1752,.F.);
#2300=ORIENTED_EDGE('',*,*,#1753,.F.);
#2301=ORIENTED_EDGE('',*,*,#1736,.F.);
#2302=ORIENTED_EDGE('',*,*,#1754,.T.);
#2303=ORIENTED_EDGE('',*,*,#1755,.F.);
#2304=ORIENTED_EDGE('',*,*,#1756,.F.);
#2305=ORIENTED_EDGE('',*,*,#1757,.F.);
#2306=ORIENTED_EDGE('',*,*,#1758,.T.);
#2307=ORIENTED_EDGE('',*,*,#1759,.F.);
#2308=ORIENTED_EDGE('',*,*,#1750,.F.);
#2309=ORIENTED_EDGE('',*,*,#1728,.F.);
#2310=ORIENTED_EDGE('',*,*,#1718,.F.);
#2311=ORIENTED_EDGE('',*,*,#1725,.F.);
#2312=ORIENTED_EDGE('',*,*,#1760,.T.);
#2313=ORIENTED_EDGE('',*,*,#1757,.T.);
#2314=ORIENTED_EDGE('',*,*,#1761,.T.);
#2315=ORIENTED_EDGE('',*,*,#1741,.T.);
#2316=ORIENTED_EDGE('',*,*,#1762,.T.);
#2317=ORIENTED_EDGE('',*,*,#1743,.T.);
#2318=ORIENTED_EDGE('',*,*,#1763,.T.);
#2319=ORIENTED_EDGE('',*,*,#1755,.T.);
#2320=ORIENTED_EDGE('',*,*,#1763,.F.);
#2321=ORIENTED_EDGE('',*,*,#1742,.F.);
#2322=ORIENTED_EDGE('',*,*,#1761,.F.);
#2323=ORIENTED_EDGE('',*,*,#1756,.T.);
#2324=ORIENTED_EDGE('',*,*,#1762,.F.);
#2325=ORIENTED_EDGE('',*,*,#1754,.F.);
#2326=ORIENTED_EDGE('',*,*,#1735,.F.);
#2327=ORIENTED_EDGE('',*,*,#1744,.T.);
#2328=ORIENTED_EDGE('',*,*,#1764,.T.);
#2329=ORIENTED_EDGE('',*,*,#1739,.T.);
#2330=ORIENTED_EDGE('',*,*,#1751,.T.);
#2331=ORIENTED_EDGE('',*,*,#1759,.T.);
#2332=ORIENTED_EDGE('',*,*,#1764,.F.);
#2333=ORIENTED_EDGE('',*,*,#1758,.F.);
#2334=ORIENTED_EDGE('',*,*,#1760,.F.);
#2335=ORIENTED_EDGE('',*,*,#1740,.T.);
#2336=ORIENTED_EDGE('',*,*,#1765,.T.);
#2337=ORIENTED_EDGE('',*,*,#1752,.T.);
#2338=ORIENTED_EDGE('',*,*,#1749,.T.);
#2339=ORIENTED_EDGE('',*,*,#1746,.T.);
#2340=ORIENTED_EDGE('',*,*,#1765,.F.);
#2341=ORIENTED_EDGE('',*,*,#1745,.F.);
#2342=ORIENTED_EDGE('',*,*,#1733,.F.);
#2343=ORIENTED_EDGE('',*,*,#1753,.T.);
#2344=ORIENTED_EDGE('',*,*,#1766,.F.);
#2345=ORIENTED_EDGE('',*,*,#1671,.F.);
#2346=ORIENTED_EDGE('',*,*,#1767,.F.);
#2347=ORIENTED_EDGE('',*,*,#1768,.F.);
#2348=ORIENTED_EDGE('',*,*,#1673,.F.);
#2349=ORIENTED_EDGE('',*,*,#1769,.F.);
#2350=ORIENTED_EDGE('',*,*,#1770,.F.);
#2351=ORIENTED_EDGE('',*,*,#1771,.F.);
#2352=ORIENTED_EDGE('',*,*,#1767,.T.);
#2353=ORIENTED_EDGE('',*,*,#1670,.F.);
#2354=ORIENTED_EDGE('',*,*,#1771,.T.);
#2355=ORIENTED_EDGE('',*,*,#1772,.T.);
#2356=ORIENTED_EDGE('',*,*,#1768,.T.);
#2357=ORIENTED_EDGE('',*,*,#1772,.F.);
#2358=ORIENTED_EDGE('',*,*,#1770,.T.);
#2359=ORIENTED_EDGE('',*,*,#1773,.T.);
#2360=ORIENTED_EDGE('',*,*,#1766,.T.);
#2361=ORIENTED_EDGE('',*,*,#1773,.F.);
#2362=ORIENTED_EDGE('',*,*,#1769,.T.);
#2363=ORIENTED_EDGE('',*,*,#1672,.F.);
#2364=ORIENTED_EDGE('',*,*,#1774,.T.);
#2365=ORIENTED_EDGE('',*,*,#1775,.T.);
#2366=ORIENTED_EDGE('',*,*,#1776,.T.);
#2367=ORIENTED_EDGE('',*,*,#1669,.F.);
#2368=ORIENTED_EDGE('',*,*,#1667,.F.);
#2369=ORIENTED_EDGE('',*,*,#1777,.T.);
#2370=ORIENTED_EDGE('',*,*,#1778,.T.);
#2371=ORIENTED_EDGE('',*,*,#1779,.T.);
#2372=ORIENTED_EDGE('',*,*,#1776,.F.);
#2373=ORIENTED_EDGE('',*,*,#1780,.F.);
#2374=ORIENTED_EDGE('',*,*,#1777,.F.);
#2375=ORIENTED_EDGE('',*,*,#1666,.F.);
#2376=ORIENTED_EDGE('',*,*,#1775,.F.);
#2377=ORIENTED_EDGE('',*,*,#1781,.F.);
#2378=ORIENTED_EDGE('',*,*,#1778,.F.);
#2379=ORIENTED_EDGE('',*,*,#1780,.T.);
#2380=ORIENTED_EDGE('',*,*,#1774,.F.);
#2381=ORIENTED_EDGE('',*,*,#1668,.F.);
#2382=ORIENTED_EDGE('',*,*,#1779,.F.);
#2383=ORIENTED_EDGE('',*,*,#1781,.T.);
#2384=ORIENTED_EDGE('',*,*,#1782,.T.);
#2385=ORIENTED_EDGE('',*,*,#1783,.F.);
#2386=ORIENTED_EDGE('',*,*,#1700,.F.);
#2387=ORIENTED_EDGE('',*,*,#1784,.T.);
#2388=ORIENTED_EDGE('',*,*,#1785,.T.);
#2389=ORIENTED_EDGE('',*,*,#1786,.F.);
#2390=ORIENTED_EDGE('',*,*,#1696,.F.);
#2391=ORIENTED_EDGE('',*,*,#1787,.T.);
#2392=ORIENTED_EDGE('',*,*,#1788,.T.);
#2393=ORIENTED_EDGE('',*,*,#1789,.T.);
#2394=ORIENTED_EDGE('',*,*,#1693,.F.);
#2395=ORIENTED_EDGE('',*,*,#1786,.T.);
#2396=ORIENTED_EDGE('',*,*,#1790,.T.);
#2397=ORIENTED_EDGE('',*,*,#1791,.T.);
#2398=ORIENTED_EDGE('',*,*,#1792,.T.);
#2399=ORIENTED_EDGE('',*,*,#1793,.F.);
#2400=ORIENTED_EDGE('',*,*,#1794,.T.);
#2401=ORIENTED_EDGE('',*,*,#1795,.F.);
#2402=ORIENTED_EDGE('',*,*,#1796,.T.);
#2403=ORIENTED_EDGE('',*,*,#1791,.F.);
#2404=ORIENTED_EDGE('',*,*,#1797,.T.);
#2405=ORIENTED_EDGE('',*,*,#1798,.F.);
#2406=ORIENTED_EDGE('',*,*,#1799,.T.);
#2407=ORIENTED_EDGE('',*,*,#1798,.T.);
#2408=ORIENTED_EDGE('',*,*,#1800,.T.);
#2409=ORIENTED_EDGE('',*,*,#1787,.F.);
#2410=ORIENTED_EDGE('',*,*,#1695,.F.);
#2411=ORIENTED_EDGE('',*,*,#1801,.T.);
#2412=ORIENTED_EDGE('',*,*,#1802,.T.);
#2413=ORIENTED_EDGE('',*,*,#1784,.F.);
#2414=ORIENTED_EDGE('',*,*,#1699,.F.);
#2415=ORIENTED_EDGE('',*,*,#1803,.F.);
#2416=ORIENTED_EDGE('',*,*,#1804,.T.);
#2417=ORIENTED_EDGE('',*,*,#1793,.T.);
#2418=ORIENTED_EDGE('',*,*,#1805,.T.);
#2419=ORIENTED_EDGE('',*,*,#1795,.T.);
#2420=ORIENTED_EDGE('',*,*,#1806,.T.);
#2421=ORIENTED_EDGE('',*,*,#1807,.F.);
#2422=ORIENTED_EDGE('',*,*,#1697,.F.);
#2423=ORIENTED_EDGE('',*,*,#1783,.T.);
#2424=ORIENTED_EDGE('',*,*,#1808,.T.);
#2425=ORIENTED_EDGE('',*,*,#1803,.T.);
#2426=ORIENTED_EDGE('',*,*,#1698,.F.);
#2427=ORIENTED_EDGE('',*,*,#1807,.T.);
#2428=ORIENTED_EDGE('',*,*,#1809,.T.);
#2429=ORIENTED_EDGE('',*,*,#1801,.F.);
#2430=ORIENTED_EDGE('',*,*,#1694,.F.);
#2431=ORIENTED_EDGE('',*,*,#1789,.F.);
#2432=ORIENTED_EDGE('',*,*,#1800,.F.);
#2433=ORIENTED_EDGE('',*,*,#1797,.F.);
#2434=ORIENTED_EDGE('',*,*,#1790,.F.);
#2435=ORIENTED_EDGE('',*,*,#1785,.F.);
#2436=ORIENTED_EDGE('',*,*,#1804,.F.);
#2437=ORIENTED_EDGE('',*,*,#1808,.F.);
#2438=ORIENTED_EDGE('',*,*,#1806,.F.);
#2439=ORIENTED_EDGE('',*,*,#1794,.F.);
#2440=ORIENTED_EDGE('',*,*,#1799,.F.);
#2441=ORIENTED_EDGE('',*,*,#1809,.F.);
#2442=ORIENTED_EDGE('',*,*,#1788,.F.);
#2443=ORIENTED_EDGE('',*,*,#1796,.F.);
#2444=ORIENTED_EDGE('',*,*,#1802,.F.);
#2445=ORIENTED_EDGE('',*,*,#1792,.F.);
#2446=ORIENTED_EDGE('',*,*,#1805,.F.);
#2447=ORIENTED_EDGE('',*,*,#1782,.F.);
#2448=ORIENTED_EDGE('',*,*,#1810,.F.);
#2449=ORIENTED_EDGE('',*,*,#1811,.F.);
#2450=ORIENTED_EDGE('',*,*,#1812,.T.);
#2451=ORIENTED_EDGE('',*,*,#1812,.F.);
#2452=ORIENTED_EDGE('',*,*,#1813,.F.);
#2453=ORIENTED_EDGE('',*,*,#1814,.F.);
#2454=ORIENTED_EDGE('',*,*,#1815,.T.);
#2455=ORIENTED_EDGE('',*,*,#1815,.F.);
#2456=ORIENTED_EDGE('',*,*,#1816,.T.);
#2457=ORIENTED_EDGE('',*,*,#1817,.T.);
#2458=ORIENTED_EDGE('',*,*,#1818,.T.);
#2459=ORIENTED_EDGE('',*,*,#1816,.F.);
#2460=ORIENTED_EDGE('',*,*,#1819,.T.);
#2461=ORIENTED_EDGE('',*,*,#1820,.T.);
#2462=ORIENTED_EDGE('',*,*,#1821,.T.);
#2463=ORIENTED_EDGE('',*,*,#1819,.F.);
#2464=ORIENTED_EDGE('',*,*,#1822,.T.);
#2465=ORIENTED_EDGE('',*,*,#1823,.T.);
#2466=ORIENTED_EDGE('',*,*,#1824,.T.);
#2467=ORIENTED_EDGE('',*,*,#1657,.F.);
#2468=ORIENTED_EDGE('',*,*,#1722,.T.);
#2469=ORIENTED_EDGE('',*,*,#1737,.T.);
#2470=ORIENTED_EDGE('',*,*,#1732,.T.);
#2471=ORIENTED_EDGE('',*,*,#1659,.F.);
#2472=ORIENTED_EDGE('',*,*,#1825,.T.);
#2473=ORIENTED_EDGE('',*,*,#1826,.F.);
#2474=ORIENTED_EDGE('',*,*,#1827,.F.);
#2475=ORIENTED_EDGE('',*,*,#1828,.T.);
#2476=ORIENTED_EDGE('',*,*,#1829,.T.);
#2477=ORIENTED_EDGE('',*,*,#1828,.F.);
#2478=ORIENTED_EDGE('',*,*,#1830,.F.);
#2479=ORIENTED_EDGE('',*,*,#1651,.F.);
#2480=ORIENTED_EDGE('',*,*,#1831,.T.);
#2481=ORIENTED_EDGE('',*,*,#1832,.T.);
#2482=ORIENTED_EDGE('',*,*,#1833,.F.);
#2483=ORIENTED_EDGE('',*,*,#1649,.F.);
#2484=ORIENTED_EDGE('',*,*,#1834,.T.);
#2485=ORIENTED_EDGE('',*,*,#1835,.T.);
#2486=ORIENTED_EDGE('',*,*,#1834,.F.);
#2487=ORIENTED_EDGE('',*,*,#1663,.F.);
#2488=ORIENTED_EDGE('',*,*,#1836,.T.);
#2489=ORIENTED_EDGE('',*,*,#1837,.T.);
#2490=ORIENTED_EDGE('',*,*,#1836,.F.);
#2491=ORIENTED_EDGE('',*,*,#1676,.F.);
#2492=ORIENTED_EDGE('',*,*,#1838,.T.);
#2493=ORIENTED_EDGE('',*,*,#1839,.T.);
#2494=ORIENTED_EDGE('',*,*,#1840,.F.);
#2495=ORIENTED_EDGE('',*,*,#1674,.F.);
#2496=ORIENTED_EDGE('',*,*,#1841,.F.);
#2497=ORIENTED_EDGE('',*,*,#1826,.T.);
#2498=ORIENTED_EDGE('',*,*,#1842,.T.);
#2499=ORIENTED_EDGE('',*,*,#1843,.T.);
#2500=ORIENTED_EDGE('',*,*,#1844,.F.);
#2501=ORIENTED_EDGE('',*,*,#1843,.F.);
#2502=ORIENTED_EDGE('',*,*,#1845,.T.);
#2503=ORIENTED_EDGE('',*,*,#1846,.F.);
#2504=ORIENTED_EDGE('',*,*,#1847,.T.);
#2505=ORIENTED_EDGE('',*,*,#1848,.T.);
#2506=ORIENTED_EDGE('',*,*,#1849,.T.);
#2507=ORIENTED_EDGE('',*,*,#1848,.F.);
#2508=ORIENTED_EDGE('',*,*,#1850,.T.);
#2509=ORIENTED_EDGE('',*,*,#1851,.T.);
#2510=ORIENTED_EDGE('',*,*,#1852,.T.);
#2511=ORIENTED_EDGE('',*,*,#1851,.F.);
#2512=ORIENTED_EDGE('',*,*,#1853,.T.);
#2513=ORIENTED_EDGE('',*,*,#1854,.T.);
#2514=ORIENTED_EDGE('',*,*,#1855,.T.);
#2515=ORIENTED_EDGE('',*,*,#1854,.F.);
#2516=ORIENTED_EDGE('',*,*,#1856,.T.);
#2517=ORIENTED_EDGE('',*,*,#1857,.T.);
#2518=ORIENTED_EDGE('',*,*,#1858,.T.);
#2519=ORIENTED_EDGE('',*,*,#1857,.F.);
#2520=ORIENTED_EDGE('',*,*,#1859,.T.);
#2521=ORIENTED_EDGE('',*,*,#1860,.T.);
#2522=ORIENTED_EDGE('',*,*,#1861,.T.);
#2523=ORIENTED_EDGE('',*,*,#1860,.F.);
#2524=ORIENTED_EDGE('',*,*,#1862,.T.);
#2525=ORIENTED_EDGE('',*,*,#1863,.T.);
#2526=ORIENTED_EDGE('',*,*,#1864,.T.);
#2527=ORIENTED_EDGE('',*,*,#1863,.F.);
#2528=ORIENTED_EDGE('',*,*,#1865,.T.);
#2529=ORIENTED_EDGE('',*,*,#1866,.T.);
#2530=ORIENTED_EDGE('',*,*,#1867,.T.);
#2531=ORIENTED_EDGE('',*,*,#1866,.F.);
#2532=ORIENTED_EDGE('',*,*,#1868,.T.);
#2533=ORIENTED_EDGE('',*,*,#1869,.T.);
#2534=ORIENTED_EDGE('',*,*,#1870,.T.);
#2535=ORIENTED_EDGE('',*,*,#1869,.F.);
#2536=ORIENTED_EDGE('',*,*,#1871,.T.);
#2537=ORIENTED_EDGE('',*,*,#1872,.T.);
#2538=ORIENTED_EDGE('',*,*,#1873,.T.);
#2539=ORIENTED_EDGE('',*,*,#1872,.F.);
#2540=ORIENTED_EDGE('',*,*,#1874,.T.);
#2541=ORIENTED_EDGE('',*,*,#1875,.T.);
#2542=ORIENTED_EDGE('',*,*,#1876,.F.);
#2543=ORIENTED_EDGE('',*,*,#1877,.T.);
#2544=ORIENTED_EDGE('',*,*,#1878,.T.);
#2545=ORIENTED_EDGE('',*,*,#1879,.T.);
#2546=ORIENTED_EDGE('',*,*,#1880,.T.);
#2547=ORIENTED_EDGE('',*,*,#1881,.T.);
#2548=ORIENTED_EDGE('',*,*,#1882,.T.);
#2549=ORIENTED_EDGE('',*,*,#1875,.F.);
#2550=ORIENTED_EDGE('',*,*,#1883,.T.);
#2551=ORIENTED_EDGE('',*,*,#1884,.T.);
#2552=ORIENTED_EDGE('',*,*,#1885,.T.);
#2553=ORIENTED_EDGE('',*,*,#1886,.T.);
#2554=ORIENTED_EDGE('',*,*,#1887,.T.);
#2555=ORIENTED_EDGE('',*,*,#1888,.F.);
#2556=ORIENTED_EDGE('',*,*,#1889,.F.);
#2557=ORIENTED_EDGE('',*,*,#1890,.F.);
#2558=ORIENTED_EDGE('',*,*,#1891,.F.);
#2559=ORIENTED_EDGE('',*,*,#1892,.F.);
#2560=ORIENTED_EDGE('',*,*,#1893,.T.);
#2561=ORIENTED_EDGE('',*,*,#1894,.T.);
#2562=ORIENTED_EDGE('',*,*,#1895,.T.);
#2563=ORIENTED_EDGE('',*,*,#1896,.F.);
#2564=ORIENTED_EDGE('',*,*,#1897,.F.);
#2565=ORIENTED_EDGE('',*,*,#1898,.F.);
#2566=ORIENTED_EDGE('',*,*,#1899,.F.);
#2567=ORIENTED_EDGE('',*,*,#1900,.F.);
#2568=ORIENTED_EDGE('',*,*,#1901,.T.);
#2569=ORIENTED_EDGE('',*,*,#1894,.F.);
#2570=ORIENTED_EDGE('',*,*,#1902,.T.);
#2571=ORIENTED_EDGE('',*,*,#1903,.T.);
#2572=ORIENTED_EDGE('',*,*,#1904,.T.);
#2573=ORIENTED_EDGE('',*,*,#1903,.F.);
#2574=ORIENTED_EDGE('',*,*,#1905,.T.);
#2575=ORIENTED_EDGE('',*,*,#1906,.T.);
#2576=ORIENTED_EDGE('',*,*,#1907,.T.);
#2577=ORIENTED_EDGE('',*,*,#1906,.F.);
#2578=ORIENTED_EDGE('',*,*,#1908,.T.);
#2579=ORIENTED_EDGE('',*,*,#1909,.T.);
#2580=ORIENTED_EDGE('',*,*,#1910,.F.);
#2581=ORIENTED_EDGE('',*,*,#1911,.T.);
#2582=ORIENTED_EDGE('',*,*,#1909,.F.);
#2583=ORIENTED_EDGE('',*,*,#1912,.T.);
#2584=ORIENTED_EDGE('',*,*,#1913,.F.);
#2585=ORIENTED_EDGE('',*,*,#1914,.T.);
#2586=ORIENTED_EDGE('',*,*,#1915,.F.);
#2587=ORIENTED_EDGE('',*,*,#1916,.T.);
#2588=ORIENTED_EDGE('',*,*,#1823,.F.);
#2589=ORIENTED_EDGE('',*,*,#1917,.F.);
#2590=ORIENTED_EDGE('',*,*,#1918,.F.);
#2591=ORIENTED_EDGE('',*,*,#1919,.T.);
#2592=ORIENTED_EDGE('',*,*,#1920,.T.);
#2593=ORIENTED_EDGE('',*,*,#1824,.F.);
#2594=ORIENTED_EDGE('',*,*,#1919,.F.);
#2595=ORIENTED_EDGE('',*,*,#1921,.F.);
#2596=ORIENTED_EDGE('',*,*,#1922,.T.);
#2597=ORIENTED_EDGE('',*,*,#1923,.F.);
#2598=ORIENTED_EDGE('',*,*,#1924,.F.);
#2599=ORIENTED_EDGE('',*,*,#1925,.T.);
#2600=ORIENTED_EDGE('',*,*,#1922,.F.);
#2601=ORIENTED_EDGE('',*,*,#1926,.F.);
#2602=ORIENTED_EDGE('',*,*,#1927,.F.);
#2603=ORIENTED_EDGE('',*,*,#1928,.T.);
#2604=ORIENTED_EDGE('',*,*,#1846,.T.);
#2605=ORIENTED_EDGE('',*,*,#1929,.T.);
#2606=ORIENTED_EDGE('',*,*,#1924,.T.);
#2607=ORIENTED_EDGE('',*,*,#1930,.F.);
#2608=ORIENTED_EDGE('',*,*,#1931,.F.);
#2609=ORIENTED_EDGE('',*,*,#1930,.T.);
#2610=ORIENTED_EDGE('',*,*,#1923,.T.);
#2611=ORIENTED_EDGE('',*,*,#1932,.F.);
#2612=ORIENTED_EDGE('',*,*,#1933,.F.);
#2613=ORIENTED_EDGE('',*,*,#1932,.T.);
#2614=ORIENTED_EDGE('',*,*,#1926,.T.);
#2615=ORIENTED_EDGE('',*,*,#1921,.T.);
#2616=ORIENTED_EDGE('',*,*,#1918,.T.);
#2617=ORIENTED_EDGE('',*,*,#1934,.F.);
#2618=ORIENTED_EDGE('',*,*,#1935,.T.);
#2619=ORIENTED_EDGE('',*,*,#1936,.T.);
#2620=ORIENTED_EDGE('',*,*,#1927,.T.);
#2621=ORIENTED_EDGE('',*,*,#1931,.T.);
#2622=ORIENTED_EDGE('',*,*,#1933,.T.);
#2623=ORIENTED_EDGE('',*,*,#1892,.T.);
#2624=ORIENTED_EDGE('',*,*,#1937,.F.);
#2625=ORIENTED_EDGE('',*,*,#1884,.F.);
#2626=ORIENTED_EDGE('',*,*,#1938,.T.);
#2627=ORIENTED_EDGE('',*,*,#1896,.T.);
#2628=ORIENTED_EDGE('',*,*,#1939,.T.);
#2629=ORIENTED_EDGE('',*,*,#1881,.F.);
#2630=ORIENTED_EDGE('',*,*,#1940,.T.);
#2631=ORIENTED_EDGE('',*,*,#1897,.T.);
#2632=ORIENTED_EDGE('',*,*,#1940,.F.);
#2633=ORIENTED_EDGE('',*,*,#1880,.F.);
#2634=ORIENTED_EDGE('',*,*,#1941,.T.);
#2635=ORIENTED_EDGE('',*,*,#1898,.T.);
#2636=ORIENTED_EDGE('',*,*,#1941,.F.);
#2637=ORIENTED_EDGE('',*,*,#1879,.F.);
#2638=ORIENTED_EDGE('',*,*,#1942,.T.);
#2639=ORIENTED_EDGE('',*,*,#1899,.T.);
#2640=ORIENTED_EDGE('',*,*,#1942,.F.);
#2641=ORIENTED_EDGE('',*,*,#1878,.F.);
#2642=ORIENTED_EDGE('',*,*,#1943,.T.);
#2643=ORIENTED_EDGE('',*,*,#1944,.F.);
#2644=ORIENTED_EDGE('',*,*,#1900,.T.);
#2645=ORIENTED_EDGE('',*,*,#1943,.F.);
#2646=ORIENTED_EDGE('',*,*,#1877,.F.);
#2647=ORIENTED_EDGE('',*,*,#1945,.F.);
#2648=ORIENTED_EDGE('',*,*,#1946,.T.);
#2649=ORIENTED_EDGE('',*,*,#1890,.T.);
#2650=ORIENTED_EDGE('',*,*,#1947,.F.);
#2651=ORIENTED_EDGE('',*,*,#1886,.F.);
#2652=ORIENTED_EDGE('',*,*,#1948,.T.);
#2653=ORIENTED_EDGE('',*,*,#1891,.T.);
#2654=ORIENTED_EDGE('',*,*,#1948,.F.);
#2655=ORIENTED_EDGE('',*,*,#1885,.F.);
#2656=ORIENTED_EDGE('',*,*,#1937,.T.);
#2657=ORIENTED_EDGE('',*,*,#1945,.T.);
#2658=ORIENTED_EDGE('',*,*,#1876,.T.);
#2659=ORIENTED_EDGE('',*,*,#1949,.T.);
#2660=ORIENTED_EDGE('',*,*,#1950,.T.);
#2661=ORIENTED_EDGE('',*,*,#1951,.F.);
#2662=ORIENTED_EDGE('',*,*,#1946,.F.);
#2663=ORIENTED_EDGE('',*,*,#1950,.F.);
#2664=ORIENTED_EDGE('',*,*,#1952,.T.);
#2665=ORIENTED_EDGE('',*,*,#1953,.F.);
#2666=ORIENTED_EDGE('',*,*,#1952,.F.);
#2667=ORIENTED_EDGE('',*,*,#1949,.F.);
#2668=ORIENTED_EDGE('',*,*,#1887,.F.);
#2669=ORIENTED_EDGE('',*,*,#1947,.T.);
#2670=ORIENTED_EDGE('',*,*,#1889,.T.);
#2671=ORIENTED_EDGE('',*,*,#1944,.T.);
#2672=ORIENTED_EDGE('',*,*,#1951,.T.);
#2673=ORIENTED_EDGE('',*,*,#1953,.T.);
#2674=ORIENTED_EDGE('',*,*,#1888,.T.);
#2675=ORIENTED_EDGE('',*,*,#1954,.F.);
#2676=ORIENTED_EDGE('',*,*,#1955,.F.);
#2677=ORIENTED_EDGE('',*,*,#1956,.F.);
#2678=ORIENTED_EDGE('',*,*,#1840,.T.);
#2679=ORIENTED_EDGE('',*,*,#1957,.F.);
#2680=ORIENTED_EDGE('',*,*,#1958,.F.);
#2681=ORIENTED_EDGE('',*,*,#1959,.F.);
#2682=ORIENTED_EDGE('',*,*,#1960,.F.);
#2683=ORIENTED_EDGE('',*,*,#1961,.T.);
#2684=ORIENTED_EDGE('',*,*,#1962,.T.);
#2685=ORIENTED_EDGE('',*,*,#1963,.T.);
#2686=ORIENTED_EDGE('',*,*,#1964,.T.);
#2687=ORIENTED_EDGE('',*,*,#1965,.T.);
#2688=ORIENTED_EDGE('',*,*,#1966,.T.);
#2689=ORIENTED_EDGE('',*,*,#1967,.T.);
#2690=ORIENTED_EDGE('',*,*,#1968,.T.);
#2691=ORIENTED_EDGE('',*,*,#1969,.T.);
#2692=ORIENTED_EDGE('',*,*,#1970,.T.);
#2693=ORIENTED_EDGE('',*,*,#1971,.T.);
#2694=ORIENTED_EDGE('',*,*,#1972,.T.);
#2695=ORIENTED_EDGE('',*,*,#1973,.T.);
#2696=ORIENTED_EDGE('',*,*,#1974,.T.);
#2697=ORIENTED_EDGE('',*,*,#1975,.T.);
#2698=ORIENTED_EDGE('',*,*,#1976,.T.);
#2699=ORIENTED_EDGE('',*,*,#1977,.T.);
#2700=ORIENTED_EDGE('',*,*,#1978,.T.);
#2701=ORIENTED_EDGE('',*,*,#1979,.T.);
#2702=ORIENTED_EDGE('',*,*,#1980,.T.);
#2703=ORIENTED_EDGE('',*,*,#1981,.F.);
#2704=ORIENTED_EDGE('',*,*,#1955,.T.);
#2705=ORIENTED_EDGE('',*,*,#1982,.F.);
#2706=ORIENTED_EDGE('',*,*,#1983,.T.);
#2707=ORIENTED_EDGE('',*,*,#1984,.F.);
#2708=ORIENTED_EDGE('',*,*,#1985,.T.);
#2709=ORIENTED_EDGE('',*,*,#1986,.F.);
#2710=ORIENTED_EDGE('',*,*,#1987,.T.);
#2711=ORIENTED_EDGE('',*,*,#1988,.F.);
#2712=ORIENTED_EDGE('',*,*,#1989,.T.);
#2713=ORIENTED_EDGE('',*,*,#1990,.F.);
#2714=ORIENTED_EDGE('',*,*,#1991,.T.);
#2715=ORIENTED_EDGE('',*,*,#1992,.F.);
#2716=ORIENTED_EDGE('',*,*,#1993,.F.);
#2717=ORIENTED_EDGE('',*,*,#1994,.F.);
#2718=ORIENTED_EDGE('',*,*,#1995,.F.);
#2719=ORIENTED_EDGE('',*,*,#1996,.F.);
#2720=ORIENTED_EDGE('',*,*,#1995,.T.);
#2721=ORIENTED_EDGE('',*,*,#1997,.F.);
#2722=ORIENTED_EDGE('',*,*,#1998,.F.);
#2723=ORIENTED_EDGE('',*,*,#1977,.F.);
#2724=ORIENTED_EDGE('',*,*,#1999,.F.);
#2725=ORIENTED_EDGE('',*,*,#2000,.F.);
#2726=ORIENTED_EDGE('',*,*,#2001,.T.);
#2727=ORIENTED_EDGE('',*,*,#1976,.F.);
#2728=ORIENTED_EDGE('',*,*,#2002,.F.);
#2729=ORIENTED_EDGE('',*,*,#2003,.F.);
#2730=ORIENTED_EDGE('',*,*,#1999,.T.);
#2731=ORIENTED_EDGE('',*,*,#1975,.F.);
#2732=ORIENTED_EDGE('',*,*,#2004,.F.);
#2733=ORIENTED_EDGE('',*,*,#2005,.F.);
#2734=ORIENTED_EDGE('',*,*,#2002,.T.);
#2735=ORIENTED_EDGE('',*,*,#1974,.F.);
#2736=ORIENTED_EDGE('',*,*,#2006,.F.);
#2737=ORIENTED_EDGE('',*,*,#2007,.F.);
#2738=ORIENTED_EDGE('',*,*,#2004,.T.);
#2739=ORIENTED_EDGE('',*,*,#1973,.F.);
#2740=ORIENTED_EDGE('',*,*,#2008,.F.);
#2741=ORIENTED_EDGE('',*,*,#2009,.F.);
#2742=ORIENTED_EDGE('',*,*,#2006,.T.);
#2743=ORIENTED_EDGE('',*,*,#1972,.F.);
#2744=ORIENTED_EDGE('',*,*,#2010,.F.);
#2745=ORIENTED_EDGE('',*,*,#2011,.F.);
#2746=ORIENTED_EDGE('',*,*,#2008,.T.);
#2747=ORIENTED_EDGE('',*,*,#1971,.F.);
#2748=ORIENTED_EDGE('',*,*,#2012,.F.);
#2749=ORIENTED_EDGE('',*,*,#2013,.F.);
#2750=ORIENTED_EDGE('',*,*,#2010,.T.);
#2751=ORIENTED_EDGE('',*,*,#1970,.F.);
#2752=ORIENTED_EDGE('',*,*,#2014,.F.);
#2753=ORIENTED_EDGE('',*,*,#2015,.F.);
#2754=ORIENTED_EDGE('',*,*,#2012,.T.);
#2755=ORIENTED_EDGE('',*,*,#1969,.F.);
#2756=ORIENTED_EDGE('',*,*,#2016,.F.);
#2757=ORIENTED_EDGE('',*,*,#2017,.F.);
#2758=ORIENTED_EDGE('',*,*,#2014,.T.);
#2759=ORIENTED_EDGE('',*,*,#1968,.F.);
#2760=ORIENTED_EDGE('',*,*,#2018,.F.);
#2761=ORIENTED_EDGE('',*,*,#2019,.F.);
#2762=ORIENTED_EDGE('',*,*,#2016,.T.);
#2763=ORIENTED_EDGE('',*,*,#2020,.F.);
#2764=ORIENTED_EDGE('',*,*,#2021,.T.);
#2765=ORIENTED_EDGE('',*,*,#2022,.T.);
#2766=ORIENTED_EDGE('',*,*,#2023,.T.);
#2767=ORIENTED_EDGE('',*,*,#2024,.T.);
#2768=ORIENTED_EDGE('',*,*,#2025,.T.);
#2769=ORIENTED_EDGE('',*,*,#1965,.F.);
#2770=ORIENTED_EDGE('',*,*,#2026,.F.);
#2771=ORIENTED_EDGE('',*,*,#2027,.F.);
#2772=ORIENTED_EDGE('',*,*,#2028,.T.);
#2773=ORIENTED_EDGE('',*,*,#2029,.T.);
#2774=ORIENTED_EDGE('',*,*,#2030,.T.);
#2775=ORIENTED_EDGE('',*,*,#2031,.T.);
#2776=ORIENTED_EDGE('',*,*,#1964,.F.);
#2777=ORIENTED_EDGE('',*,*,#2032,.F.);
#2778=ORIENTED_EDGE('',*,*,#2033,.F.);
#2779=ORIENTED_EDGE('',*,*,#2026,.T.);
#2780=ORIENTED_EDGE('',*,*,#1963,.F.);
#2781=ORIENTED_EDGE('',*,*,#2034,.F.);
#2782=ORIENTED_EDGE('',*,*,#2035,.F.);
#2783=ORIENTED_EDGE('',*,*,#2032,.T.);
#2784=ORIENTED_EDGE('',*,*,#1962,.F.);
#2785=ORIENTED_EDGE('',*,*,#2036,.F.);
#2786=ORIENTED_EDGE('',*,*,#2037,.F.);
#2787=ORIENTED_EDGE('',*,*,#2034,.T.);
#2788=ORIENTED_EDGE('',*,*,#2038,.F.);
#2789=ORIENTED_EDGE('',*,*,#2039,.F.);
#2790=ORIENTED_EDGE('',*,*,#2036,.T.);
#2791=ORIENTED_EDGE('',*,*,#1961,.F.);
#2792=ORIENTED_EDGE('',*,*,#2040,.F.);
#2793=ORIENTED_EDGE('',*,*,#1987,.F.);
#2794=ORIENTED_EDGE('',*,*,#2041,.F.);
#2795=ORIENTED_EDGE('',*,*,#2042,.F.);
#2796=ORIENTED_EDGE('',*,*,#1680,.F.);
#2797=ORIENTED_EDGE('',*,*,#2043,.T.);
#2798=ORIENTED_EDGE('',*,*,#1979,.F.);
#2799=ORIENTED_EDGE('',*,*,#2044,.T.);
#2800=ORIENTED_EDGE('',*,*,#2045,.T.);
#2801=ORIENTED_EDGE('',*,*,#1997,.T.);
#2802=ORIENTED_EDGE('',*,*,#1994,.T.);
#2803=ORIENTED_EDGE('',*,*,#2046,.T.);
#2804=ORIENTED_EDGE('',*,*,#2044,.F.);
#2805=ORIENTED_EDGE('',*,*,#2047,.T.);
#2806=ORIENTED_EDGE('',*,*,#1727,.F.);
#2807=ORIENTED_EDGE('',*,*,#2048,.F.);
#2808=ORIENTED_EDGE('',*,*,#1992,.T.);
#2809=ORIENTED_EDGE('',*,*,#2049,.T.);
#2810=ORIENTED_EDGE('',*,*,#2045,.F.);
#2811=ORIENTED_EDGE('',*,*,#2046,.F.);
#2812=ORIENTED_EDGE('',*,*,#1993,.T.);
#2813=ORIENTED_EDGE('',*,*,#2048,.T.);
#2814=ORIENTED_EDGE('',*,*,#1726,.F.);
#2815=ORIENTED_EDGE('',*,*,#2050,.F.);
#2816=ORIENTED_EDGE('',*,*,#1998,.T.);
#2817=ORIENTED_EDGE('',*,*,#2047,.F.);
#2818=ORIENTED_EDGE('',*,*,#1978,.F.);
#2819=ORIENTED_EDGE('',*,*,#2001,.F.);
#2820=ORIENTED_EDGE('',*,*,#2051,.F.);
#2821=ORIENTED_EDGE('',*,*,#2052,.T.);
#2822=ORIENTED_EDGE('',*,*,#1990,.T.);
#2823=ORIENTED_EDGE('',*,*,#1996,.T.);
#2824=ORIENTED_EDGE('',*,*,#2050,.T.);
#2825=ORIENTED_EDGE('',*,*,#2053,.T.);
#2826=ORIENTED_EDGE('',*,*,#2028,.F.);
#2827=ORIENTED_EDGE('',*,*,#2054,.F.);
#2828=ORIENTED_EDGE('',*,*,#2055,.T.);
#2829=ORIENTED_EDGE('',*,*,#2056,.T.);
#2830=ORIENTED_EDGE('',*,*,#2025,.F.);
#2831=ORIENTED_EDGE('',*,*,#2057,.F.);
#2832=ORIENTED_EDGE('',*,*,#2058,.T.);
#2833=ORIENTED_EDGE('',*,*,#1966,.F.);
#2834=ORIENTED_EDGE('',*,*,#2024,.F.);
#2835=ORIENTED_EDGE('',*,*,#2059,.F.);
#2836=ORIENTED_EDGE('',*,*,#2060,.T.);
#2837=ORIENTED_EDGE('',*,*,#2057,.T.);
#2838=ORIENTED_EDGE('',*,*,#2023,.F.);
#2839=ORIENTED_EDGE('',*,*,#2061,.F.);
#2840=ORIENTED_EDGE('',*,*,#2062,.T.);
#2841=ORIENTED_EDGE('',*,*,#2059,.T.);
#2842=ORIENTED_EDGE('',*,*,#2022,.F.);
#2843=ORIENTED_EDGE('',*,*,#2063,.F.);
#2844=ORIENTED_EDGE('',*,*,#2064,.T.);
#2845=ORIENTED_EDGE('',*,*,#2061,.T.);
#2846=ORIENTED_EDGE('',*,*,#2065,.F.);
#2847=ORIENTED_EDGE('',*,*,#2066,.F.);
#2848=ORIENTED_EDGE('',*,*,#2067,.F.);
#2849=ORIENTED_EDGE('',*,*,#2068,.T.);
#2850=ORIENTED_EDGE('',*,*,#2063,.T.);
#2851=ORIENTED_EDGE('',*,*,#2021,.F.);
#2852=ORIENTED_EDGE('',*,*,#2030,.F.);
#2853=ORIENTED_EDGE('',*,*,#2069,.F.);
#2854=ORIENTED_EDGE('',*,*,#2070,.T.);
#2855=ORIENTED_EDGE('',*,*,#2071,.T.);
#2856=ORIENTED_EDGE('',*,*,#2029,.F.);
#2857=ORIENTED_EDGE('',*,*,#2056,.F.);
#2858=ORIENTED_EDGE('',*,*,#2072,.T.);
#2859=ORIENTED_EDGE('',*,*,#2069,.T.);
#2860=ORIENTED_EDGE('',*,*,#2073,.F.);
#2861=ORIENTED_EDGE('',*,*,#2074,.F.);
#2862=ORIENTED_EDGE('',*,*,#2070,.F.);
#2863=ORIENTED_EDGE('',*,*,#2072,.F.);
#2864=ORIENTED_EDGE('',*,*,#2055,.F.);
#2865=ORIENTED_EDGE('',*,*,#2075,.F.);
#2866=ORIENTED_EDGE('',*,*,#2018,.T.);
#2867=ORIENTED_EDGE('',*,*,#1967,.F.);
#2868=ORIENTED_EDGE('',*,*,#2058,.F.);
#2869=ORIENTED_EDGE('',*,*,#2060,.F.);
#2870=ORIENTED_EDGE('',*,*,#2062,.F.);
#2871=ORIENTED_EDGE('',*,*,#2064,.F.);
#2872=ORIENTED_EDGE('',*,*,#2068,.F.);
#2873=ORIENTED_EDGE('',*,*,#2067,.T.);
#2874=ORIENTED_EDGE('',*,*,#2076,.T.);
#2875=ORIENTED_EDGE('',*,*,#2077,.T.);
#2876=ORIENTED_EDGE('',*,*,#2073,.T.);
#2877=ORIENTED_EDGE('',*,*,#2078,.F.);
#2878=ORIENTED_EDGE('',*,*,#2031,.F.);
#2879=ORIENTED_EDGE('',*,*,#2071,.F.);
#2880=ORIENTED_EDGE('',*,*,#2074,.T.);
#2881=ORIENTED_EDGE('',*,*,#2077,.F.);
#2882=ORIENTED_EDGE('',*,*,#2079,.T.);
#2883=ORIENTED_EDGE('',*,*,#2080,.F.);
#2884=ORIENTED_EDGE('',*,*,#2079,.F.);
#2885=ORIENTED_EDGE('',*,*,#2076,.F.);
#2886=ORIENTED_EDGE('',*,*,#2066,.T.);
#2887=ORIENTED_EDGE('',*,*,#2065,.T.);
#2888=ORIENTED_EDGE('',*,*,#2020,.T.);
#2889=ORIENTED_EDGE('',*,*,#2078,.T.);
#2890=ORIENTED_EDGE('',*,*,#2080,.T.);
#2891=ORIENTED_EDGE('',*,*,#2081,.F.);
#2892=ORIENTED_EDGE('',*,*,#2082,.T.);
#2893=ORIENTED_EDGE('',*,*,#1838,.F.);
#2894=ORIENTED_EDGE('',*,*,#2083,.F.);
#2895=ORIENTED_EDGE('',*,*,#1980,.F.);
#2896=ORIENTED_EDGE('',*,*,#2043,.F.);
#2897=ORIENTED_EDGE('',*,*,#1724,.F.);
#2898=ORIENTED_EDGE('',*,*,#2049,.F.);
#2899=ORIENTED_EDGE('',*,*,#1991,.F.);
#2900=ORIENTED_EDGE('',*,*,#2052,.F.);
#2901=ORIENTED_EDGE('',*,*,#2084,.F.);
#2902=ORIENTED_EDGE('',*,*,#1958,.T.);
#2903=ORIENTED_EDGE('',*,*,#2085,.T.);
#2904=ORIENTED_EDGE('',*,*,#2081,.T.);
#2905=ORIENTED_EDGE('',*,*,#2086,.T.);
#2906=ORIENTED_EDGE('',*,*,#2087,.F.);
#2907=ORIENTED_EDGE('',*,*,#2088,.T.);
#2908=ORIENTED_EDGE('',*,*,#1935,.F.);
#2909=ORIENTED_EDGE('',*,*,#1934,.T.);
#2910=ORIENTED_EDGE('',*,*,#1917,.T.);
#2911=ORIENTED_EDGE('',*,*,#1822,.F.);
#2912=ORIENTED_EDGE('',*,*,#2089,.T.);
#2913=ORIENTED_EDGE('',*,*,#2090,.T.);
#2914=ORIENTED_EDGE('',*,*,#2091,.F.);
#2915=ORIENTED_EDGE('',*,*,#1833,.T.);
#2916=ORIENTED_EDGE('',*,*,#2092,.T.);
#2917=ORIENTED_EDGE('',*,*,#2087,.T.);
#2918=ORIENTED_EDGE('',*,*,#2093,.T.);
#2919=ORIENTED_EDGE('',*,*,#2094,.T.);
#2920=ORIENTED_EDGE('',*,*,#2095,.T.);
#2921=ORIENTED_EDGE('',*,*,#2096,.F.);
#2922=ORIENTED_EDGE('',*,*,#2097,.F.);
#2923=ORIENTED_EDGE('',*,*,#2098,.F.);
#2924=ORIENTED_EDGE('',*,*,#1914,.F.);
#2925=ORIENTED_EDGE('',*,*,#2099,.F.);
#2926=ORIENTED_EDGE('',*,*,#2100,.F.);
#2927=ORIENTED_EDGE('',*,*,#2101,.F.);
#2928=ORIENTED_EDGE('',*,*,#2102,.F.);
#2929=ORIENTED_EDGE('',*,*,#2103,.F.);
#2930=ORIENTED_EDGE('',*,*,#2104,.F.);
#2931=ORIENTED_EDGE('',*,*,#2105,.F.);
#2932=ORIENTED_EDGE('',*,*,#2090,.F.);
#2933=ORIENTED_EDGE('',*,*,#2106,.T.);
#2934=ORIENTED_EDGE('',*,*,#1929,.F.);
#2935=ORIENTED_EDGE('',*,*,#1845,.F.);
#2936=ORIENTED_EDGE('',*,*,#1849,.F.);
#2937=ORIENTED_EDGE('',*,*,#1852,.F.);
#2938=ORIENTED_EDGE('',*,*,#1855,.F.);
#2939=ORIENTED_EDGE('',*,*,#1858,.F.);
#2940=ORIENTED_EDGE('',*,*,#1861,.F.);
#2941=ORIENTED_EDGE('',*,*,#1864,.F.);
#2942=ORIENTED_EDGE('',*,*,#1867,.F.);
#2943=ORIENTED_EDGE('',*,*,#1870,.F.);
#2944=ORIENTED_EDGE('',*,*,#1873,.F.);
#2945=ORIENTED_EDGE('',*,*,#1882,.F.);
#2946=ORIENTED_EDGE('',*,*,#1939,.F.);
#2947=ORIENTED_EDGE('',*,*,#1895,.F.);
#2948=ORIENTED_EDGE('',*,*,#1901,.F.);
#2949=ORIENTED_EDGE('',*,*,#1904,.F.);
#2950=ORIENTED_EDGE('',*,*,#1907,.F.);
#2951=ORIENTED_EDGE('',*,*,#1911,.F.);
#2952=ORIENTED_EDGE('',*,*,#2098,.T.);
#2953=ORIENTED_EDGE('',*,*,#2107,.T.);
#2954=ORIENTED_EDGE('',*,*,#2108,.T.);
#2955=ORIENTED_EDGE('',*,*,#1915,.T.);
#2956=ORIENTED_EDGE('',*,*,#2109,.F.);
#2957=ORIENTED_EDGE('',*,*,#2100,.T.);
#2958=ORIENTED_EDGE('',*,*,#2110,.F.);
#2959=ORIENTED_EDGE('',*,*,#2111,.T.);
#2960=ORIENTED_EDGE('',*,*,#2099,.T.);
#2961=ORIENTED_EDGE('',*,*,#1913,.T.);
#2962=ORIENTED_EDGE('',*,*,#2112,.T.);
#2963=ORIENTED_EDGE('',*,*,#2110,.T.);
#2964=ORIENTED_EDGE('',*,*,#2113,.F.);
#2965=ORIENTED_EDGE('',*,*,#2102,.T.);
#2966=ORIENTED_EDGE('',*,*,#2114,.F.);
#2967=ORIENTED_EDGE('',*,*,#2115,.T.);
#2968=ORIENTED_EDGE('',*,*,#2116,.T.);
#2969=ORIENTED_EDGE('',*,*,#2114,.T.);
#2970=ORIENTED_EDGE('',*,*,#2101,.T.);
#2971=ORIENTED_EDGE('',*,*,#2109,.T.);
#2972=ORIENTED_EDGE('',*,*,#2117,.F.);
#2973=ORIENTED_EDGE('',*,*,#2118,.T.);
#2974=ORIENTED_EDGE('',*,*,#2094,.F.);
#2975=ORIENTED_EDGE('',*,*,#2119,.T.);
#2976=ORIENTED_EDGE('',*,*,#1831,.F.);
#2977=ORIENTED_EDGE('',*,*,#2120,.F.);
#2978=ORIENTED_EDGE('',*,*,#2104,.T.);
#2979=ORIENTED_EDGE('',*,*,#2121,.T.);
#2980=ORIENTED_EDGE('',*,*,#2117,.T.);
#2981=ORIENTED_EDGE('',*,*,#2103,.T.);
#2982=ORIENTED_EDGE('',*,*,#2113,.T.);
#2983=ORIENTED_EDGE('',*,*,#2122,.F.);
#2984=ORIENTED_EDGE('',*,*,#1912,.F.);
#2985=ORIENTED_EDGE('',*,*,#1908,.F.);
#2986=ORIENTED_EDGE('',*,*,#1905,.F.);
#2987=ORIENTED_EDGE('',*,*,#1902,.F.);
#2988=ORIENTED_EDGE('',*,*,#1893,.F.);
#2989=ORIENTED_EDGE('',*,*,#1938,.F.);
#2990=ORIENTED_EDGE('',*,*,#1883,.F.);
#2991=ORIENTED_EDGE('',*,*,#1874,.F.);
#2992=ORIENTED_EDGE('',*,*,#1871,.F.);
#2993=ORIENTED_EDGE('',*,*,#1868,.F.);
#2994=ORIENTED_EDGE('',*,*,#1865,.F.);
#2995=ORIENTED_EDGE('',*,*,#1862,.F.);
#2996=ORIENTED_EDGE('',*,*,#1859,.F.);
#2997=ORIENTED_EDGE('',*,*,#1856,.F.);
#2998=ORIENTED_EDGE('',*,*,#1853,.F.);
#2999=ORIENTED_EDGE('',*,*,#1850,.F.);
#3000=ORIENTED_EDGE('',*,*,#1847,.F.);
#3001=ORIENTED_EDGE('',*,*,#1928,.F.);
#3002=ORIENTED_EDGE('',*,*,#1936,.F.);
#3003=ORIENTED_EDGE('',*,*,#2088,.F.);
#3004=ORIENTED_EDGE('',*,*,#2095,.F.);
#3005=ORIENTED_EDGE('',*,*,#2118,.F.);
#3006=ORIENTED_EDGE('',*,*,#2121,.F.);
#3007=ORIENTED_EDGE('',*,*,#2115,.F.);
#3008=ORIENTED_EDGE('',*,*,#2116,.F.);
#3009=ORIENTED_EDGE('',*,*,#2111,.F.);
#3010=ORIENTED_EDGE('',*,*,#2112,.F.);
#3011=ORIENTED_EDGE('',*,*,#1916,.F.);
#3012=ORIENTED_EDGE('',*,*,#2108,.F.);
#3013=ORIENTED_EDGE('',*,*,#2123,.F.);
#3014=ORIENTED_EDGE('',*,*,#2124,.F.);
#3015=ORIENTED_EDGE('',*,*,#2123,.T.);
#3016=ORIENTED_EDGE('',*,*,#2107,.F.);
#3017=ORIENTED_EDGE('',*,*,#2097,.T.);
#3018=ORIENTED_EDGE('',*,*,#2096,.T.);
#3019=ORIENTED_EDGE('',*,*,#1910,.T.);
#3020=ORIENTED_EDGE('',*,*,#2122,.T.);
#3021=ORIENTED_EDGE('',*,*,#2124,.T.);
#3022=ORIENTED_EDGE('',*,*,#2125,.T.);
#3023=ORIENTED_EDGE('',*,*,#2126,.T.);
#3024=ORIENTED_EDGE('',*,*,#1984,.T.);
#3025=ORIENTED_EDGE('',*,*,#2127,.T.);
#3026=ORIENTED_EDGE('',*,*,#2128,.F.);
#3027=ORIENTED_EDGE('',*,*,#2129,.F.);
#3028=ORIENTED_EDGE('',*,*,#2127,.F.);
#3029=ORIENTED_EDGE('',*,*,#1983,.F.);
#3030=ORIENTED_EDGE('',*,*,#2130,.T.);
#3031=ORIENTED_EDGE('',*,*,#2128,.T.);
#3032=ORIENTED_EDGE('',*,*,#1982,.T.);
#3033=ORIENTED_EDGE('',*,*,#1954,.T.);
#3034=ORIENTED_EDGE('',*,*,#2131,.F.);
#3035=ORIENTED_EDGE('',*,*,#1985,.F.);
#3036=ORIENTED_EDGE('',*,*,#2126,.F.);
#3037=ORIENTED_EDGE('',*,*,#2132,.F.);
#3038=ORIENTED_EDGE('',*,*,#1986,.T.);
#3039=ORIENTED_EDGE('',*,*,#2131,.T.);
#3040=ORIENTED_EDGE('',*,*,#2133,.T.);
#3041=ORIENTED_EDGE('',*,*,#2041,.T.);
#3042=ORIENTED_EDGE('',*,*,#1988,.T.);
#3043=ORIENTED_EDGE('',*,*,#2040,.T.);
#3044=ORIENTED_EDGE('',*,*,#2134,.T.);
#3045=ORIENTED_EDGE('',*,*,#2135,.T.);
#3046=ORIENTED_EDGE('',*,*,#2136,.F.);
#3047=ORIENTED_EDGE('',*,*,#1989,.F.);
#3048=ORIENTED_EDGE('',*,*,#2135,.F.);
#3049=ORIENTED_EDGE('',*,*,#2137,.F.);
#3050=ORIENTED_EDGE('',*,*,#2138,.F.);
#3051=ORIENTED_EDGE('',*,*,#2137,.T.);
#3052=ORIENTED_EDGE('',*,*,#2134,.F.);
#3053=ORIENTED_EDGE('',*,*,#2042,.T.);
#3054=ORIENTED_EDGE('',*,*,#2133,.F.);
#3055=ORIENTED_EDGE('',*,*,#2132,.T.);
#3056=ORIENTED_EDGE('',*,*,#2125,.F.);
#3057=ORIENTED_EDGE('',*,*,#2129,.T.);
#3058=ORIENTED_EDGE('',*,*,#2130,.F.);
#3059=ORIENTED_EDGE('',*,*,#1959,.T.);
#3060=ORIENTED_EDGE('',*,*,#2086,.F.);
#3061=ORIENTED_EDGE('',*,*,#2084,.T.);
#3062=ORIENTED_EDGE('',*,*,#2053,.F.);
#3063=ORIENTED_EDGE('',*,*,#2051,.T.);
#3064=ORIENTED_EDGE('',*,*,#2000,.T.);
#3065=ORIENTED_EDGE('',*,*,#2003,.T.);
#3066=ORIENTED_EDGE('',*,*,#2005,.T.);
#3067=ORIENTED_EDGE('',*,*,#2007,.T.);
#3068=ORIENTED_EDGE('',*,*,#2009,.T.);
#3069=ORIENTED_EDGE('',*,*,#2011,.T.);
#3070=ORIENTED_EDGE('',*,*,#2013,.T.);
#3071=ORIENTED_EDGE('',*,*,#2015,.T.);
#3072=ORIENTED_EDGE('',*,*,#2017,.T.);
#3073=ORIENTED_EDGE('',*,*,#2019,.T.);
#3074=ORIENTED_EDGE('',*,*,#2075,.T.);
#3075=ORIENTED_EDGE('',*,*,#2054,.T.);
#3076=ORIENTED_EDGE('',*,*,#2027,.T.);
#3077=ORIENTED_EDGE('',*,*,#2033,.T.);
#3078=ORIENTED_EDGE('',*,*,#2035,.T.);
#3079=ORIENTED_EDGE('',*,*,#2037,.T.);
#3080=ORIENTED_EDGE('',*,*,#2039,.T.);
#3081=ORIENTED_EDGE('',*,*,#1960,.T.);
#3082=ORIENTED_EDGE('',*,*,#2136,.T.);
#3083=ORIENTED_EDGE('',*,*,#2138,.T.);
#3084=ORIENTED_EDGE('',*,*,#2038,.T.);
#3085=ORIENTED_EDGE('',*,*,#2093,.F.);
#3086=ORIENTED_EDGE('',*,*,#2092,.F.);
#3087=ORIENTED_EDGE('',*,*,#1832,.F.);
#3088=ORIENTED_EDGE('',*,*,#1835,.F.);
#3089=ORIENTED_EDGE('',*,*,#1837,.F.);
#3090=ORIENTED_EDGE('',*,*,#2082,.F.);
#3091=ORIENTED_EDGE('',*,*,#2085,.F.);
#3092=ORIENTED_EDGE('',*,*,#1957,.T.);
#3093=ORIENTED_EDGE('',*,*,#1839,.F.);
#3094=ORIENTED_EDGE('',*,*,#1825,.F.);
#3095=ORIENTED_EDGE('',*,*,#1829,.F.);
#3096=ORIENTED_EDGE('',*,*,#2119,.F.);
#3097=ORIENTED_EDGE('',*,*,#1821,.F.);
#3098=ORIENTED_EDGE('',*,*,#1820,.F.);
#3099=ORIENTED_EDGE('',*,*,#1818,.F.);
#3100=ORIENTED_EDGE('',*,*,#1817,.F.);
#3101=ORIENTED_EDGE('',*,*,#1813,.T.);
#3102=ORIENTED_EDGE('',*,*,#1814,.T.);
#3103=ORIENTED_EDGE('',*,*,#1810,.T.);
#3104=ORIENTED_EDGE('',*,*,#1811,.T.);
#3105=ORIENTED_EDGE('',*,*,#1844,.T.);
#3106=ORIENTED_EDGE('',*,*,#1675,.F.);
#3107=ORIENTED_EDGE('',*,*,#1956,.T.);
#3108=ORIENTED_EDGE('',*,*,#1981,.T.);
#3109=ORIENTED_EDGE('',*,*,#2083,.T.);
#3110=ORIENTED_EDGE('',*,*,#1650,.F.);
#3111=ORIENTED_EDGE('',*,*,#2091,.T.);
#3112=ORIENTED_EDGE('',*,*,#2105,.T.);
#3113=ORIENTED_EDGE('',*,*,#2120,.T.);
#3114=ORIENTED_EDGE('',*,*,#1687,.F.);
#3115=ORIENTED_EDGE('',*,*,#1830,.T.);
#3116=ORIENTED_EDGE('',*,*,#1827,.T.);
#3117=ORIENTED_EDGE('',*,*,#1841,.T.);
#3118=ORIENTED_EDGE('',*,*,#1658,.F.);
#3119=ORIENTED_EDGE('',*,*,#1920,.F.);
#3120=ORIENTED_EDGE('',*,*,#1925,.F.);
#3121=ORIENTED_EDGE('',*,*,#2106,.F.);
#3122=ORIENTED_EDGE('',*,*,#2089,.F.);
#3123=ORIENTED_EDGE('',*,*,#2139,.F.);
#3124=ORIENTED_EDGE('',*,*,#2140,.F.);
#3125=ORIENTED_EDGE('',*,*,#2141,.T.);
#3126=ORIENTED_EDGE('',*,*,#2142,.F.);
#3127=ORIENTED_EDGE('',*,*,#2141,.F.);
#3128=ORIENTED_EDGE('',*,*,#2140,.T.);
#3129=ORIENTED_EDGE('',*,*,#2143,.T.);
#3130=ORIENTED_EDGE('',*,*,#2139,.T.);
#3131=ORIENTED_EDGE('',*,*,#2143,.F.);
#3132=ORIENTED_EDGE('',*,*,#1842,.F.);
#3133=ORIENTED_EDGE('',*,*,#2142,.T.);
#3134=PLANE('',#3457);
#3135=PLANE('',#3458);
#3136=PLANE('',#3459);
#3137=PLANE('',#3460);
#3138=PLANE('',#3461);
#3139=PLANE('',#3462);
#3140=PLANE('',#3463);
#3141=PLANE('',#3464);
#3142=PLANE('',#3465);
#3143=PLANE('',#3466);
#3144=PLANE('',#3467);
#3145=PLANE('',#3468);
#3146=PLANE('',#3469);
#3147=PLANE('',#3470);
#3148=PLANE('',#3471);
#3149=PLANE('',#3472);
#3150=PLANE('',#3473);
#3151=PLANE('',#3474);
#3152=PLANE('',#3475);
#3153=PLANE('',#3476);
#3154=PLANE('',#3477);
#3155=PLANE('',#3478);
#3156=PLANE('',#3479);
#3157=PLANE('',#3480);
#3158=PLANE('',#3481);
#3159=PLANE('',#3482);
#3160=PLANE('',#3483);
#3161=PLANE('',#3484);
#3162=PLANE('',#3485);
#3163=PLANE('',#3486);
#3164=PLANE('',#3487);
#3165=PLANE('',#3488);
#3166=PLANE('',#3489);
#3167=PLANE('',#3490);
#3168=PLANE('',#3491);
#3169=PLANE('',#3492);
#3170=PLANE('',#3493);
#3171=PLANE('',#3494);
#3172=PLANE('',#3495);
#3173=PLANE('',#3496);
#3174=PLANE('',#3497);
#3175=PLANE('',#3498);
#3176=PLANE('',#3499);
#3177=PLANE('',#3500);
#3178=PLANE('',#3501);
#3179=PLANE('',#3502);
#3180=PLANE('',#3503);
#3181=PLANE('',#3504);
#3182=PLANE('',#3505);
#3183=PLANE('',#3506);
#3184=PLANE('',#3507);
#3185=PLANE('',#3508);
#3186=PLANE('',#3509);
#3187=PLANE('',#3510);
#3188=PLANE('',#3523);
#3189=PLANE('',#3524);
#3190=PLANE('',#3525);
#3191=PLANE('',#3526);
#3192=PLANE('',#3527);
#3193=PLANE('',#3528);
#3194=PLANE('',#3529);
#3195=PLANE('',#3533);
#3196=PLANE('',#3534);
#3197=PLANE('',#3535);
#3198=PLANE('',#3539);
#3199=PLANE('',#3543);
#3200=PLANE('',#3547);
#3201=PLANE('',#3551);
#3202=PLANE('',#3555);
#3203=PLANE('',#3562);
#3204=PLANE('',#3566);
#3205=PLANE('',#3567);
#3206=PLANE('',#3568);
#3207=PLANE('',#3569);
#3208=PLANE('',#3570);
#3209=PLANE('',#3575);
#3210=PLANE('',#3577);
#3211=PLANE('',#3580);
#3212=PLANE('',#3582);
#3213=PLANE('',#3584);
#3214=PLANE('',#3585);
#3215=PLANE('',#3588);
#3216=PLANE('',#3592);
#3217=PLANE('',#3593);
#3218=PLANE('',#3596);
#3219=PLANE('',#3598);
#3220=PLANE('',#3611);
#3221=PLANE('',#3612);
#3222=PLANE('',#3614);
#3223=PLANE('',#3615);
#3224=PLANE('',#3616);
#3225=PLANE('',#3619);
#3226=PLANE('',#3622);
#3227=PLANE('',#3625);
#3228=PLANE('',#3628);
#3229=PLANE('',#3634);
#3230=PLANE('',#3637);
#3231=PLANE('',#3638);
#3232=PLANE('',#3639);
#3233=PLANE('',#3640);
#3234=PLANE('',#3642);
#3235=PLANE('',#3643);
#3236=PLANE('',#3648);
#3237=PLANE('',#3651);
#3238=PLANE('',#3654);
#3239=PLANE('',#3655);
#3240=PLANE('',#3658);
#3241=PLANE('',#3661);
#3242=PLANE('',#3664);
#3243=PLANE('',#3666);
#3244=PLANE('',#3668);
#3245=PLANE('',#3671);
#3246=PLANE('',#3675);
#3247=PLANE('',#3683);
#3248=PLANE('',#3686);
#3249=PLANE('',#3689);
#3250=PLANE('',#3692);
#3251=PLANE('',#3694);
#3252=PLANE('',#3698);
#3253=PLANE('',#3701);
#3254=PLANE('',#3706);
#3255=PLANE('',#3707);
#3256=PLANE('',#3710);
#3257=PLANE('',#3711);
#3258=PLANE('',#3712);
#3259=PLANE('',#3713);
#3260=PLANE('',#3714);
#3261=PLANE('',#3715);
#3262=PLANE('',#3722);
#3263=ADVANCED_FACE('',(#168),#3134,.T.);
#3264=ADVANCED_FACE('',(#169,#158,#159),#3135,.T.);
#3265=ADVANCED_FACE('',(#170),#3136,.T.);
#3266=ADVANCED_FACE('',(#171,#160,#161),#3137,.T.);
#3267=ADVANCED_FACE('',(#172),#3138,.F.);
#3268=ADVANCED_FACE('',(#173),#3139,.F.);
#3269=ADVANCED_FACE('',(#174),#3140,.T.);
#3270=ADVANCED_FACE('',(#175),#3141,.T.);
#3271=ADVANCED_FACE('',(#176),#3142,.T.);
#3272=ADVANCED_FACE('',(#177),#3143,.T.);
#3273=ADVANCED_FACE('',(#178),#3144,.F.);
#3274=ADVANCED_FACE('',(#179),#3145,.T.);
#3275=ADVANCED_FACE('',(#180),#3146,.T.);
#3276=ADVANCED_FACE('',(#181),#3147,.T.);
#3277=ADVANCED_FACE('',(#182),#3148,.F.);
#3278=ADVANCED_FACE('',(#183),#3149,.F.);
#3279=ADVANCED_FACE('',(#184),#3150,.T.);
#3280=ADVANCED_FACE('',(#185),#3151,.F.);
#3281=ADVANCED_FACE('',(#186),#3152,.F.);
#3282=ADVANCED_FACE('',(#187),#3153,.F.);
#3283=ADVANCED_FACE('',(#188),#3154,.F.);
#3284=ADVANCED_FACE('',(#189),#3155,.F.);
#3285=ADVANCED_FACE('',(#190),#3156,.F.);
#3286=ADVANCED_FACE('',(#191),#3157,.F.);
#3287=ADVANCED_FACE('',(#192),#3158,.F.);
#3288=ADVANCED_FACE('',(#193),#3159,.F.);
#3289=ADVANCED_FACE('',(#194),#3160,.F.);
#3290=ADVANCED_FACE('',(#195),#3161,.F.);
#3291=ADVANCED_FACE('',(#196),#3162,.F.);
#3292=ADVANCED_FACE('',(#197),#3163,.F.);
#3293=ADVANCED_FACE('',(#198),#3164,.T.);
#3294=ADVANCED_FACE('',(#199),#3165,.F.);
#3295=ADVANCED_FACE('',(#200),#3166,.T.);
#3296=ADVANCED_FACE('',(#201),#3167,.T.);
#3297=ADVANCED_FACE('',(#202),#3168,.T.);
#3298=ADVANCED_FACE('',(#203),#3169,.F.);
#3299=ADVANCED_FACE('',(#204),#3170,.T.);
#3300=ADVANCED_FACE('',(#205),#3171,.F.);
#3301=ADVANCED_FACE('',(#206),#3172,.F.);
#3302=ADVANCED_FACE('',(#207),#3173,.F.);
#3303=ADVANCED_FACE('',(#208),#3174,.F.);
#3304=ADVANCED_FACE('',(#209),#3175,.F.);
#3305=ADVANCED_FACE('',(#210),#3176,.T.);
#3306=ADVANCED_FACE('',(#211),#3177,.F.);
#3307=ADVANCED_FACE('',(#212),#3178,.F.);
#3308=ADVANCED_FACE('',(#213),#3179,.T.);
#3309=ADVANCED_FACE('',(#214),#3180,.F.);
#3310=ADVANCED_FACE('',(#215),#3181,.F.);
#3311=ADVANCED_FACE('',(#216),#3182,.T.);
#3312=ADVANCED_FACE('',(#217),#3183,.T.);
#3313=ADVANCED_FACE('',(#218),#3184,.F.);
#3314=ADVANCED_FACE('',(#219),#3185,.F.);
#3315=ADVANCED_FACE('',(#220),#3186,.F.);
#3316=ADVANCED_FACE('',(#221),#3187,.F.);
#3317=ADVANCED_FACE('',(#222),#154,.F.);
#3318=ADVANCED_FACE('',(#223),#155,.F.);
#3319=ADVANCED_FACE('',(#224),#156,.F.);
#3320=ADVANCED_FACE('',(#225),#157,.F.);
#3321=ADVANCED_FACE('',(#226),#3188,.F.);
#3322=ADVANCED_FACE('',(#227),#3189,.T.);
#3323=ADVANCED_FACE('',(#228),#3190,.T.);
#3324=ADVANCED_FACE('',(#229),#3191,.T.);
#3325=ADVANCED_FACE('',(#230),#3192,.T.);
#3326=ADVANCED_FACE('',(#231),#3193,.T.);
#3327=ADVANCED_FACE('',(#232),#3194,.T.);
#3328=ADVANCED_FACE('',(#233),#19,.F.);
#3329=ADVANCED_FACE('',(#234),#3195,.T.);
#3330=ADVANCED_FACE('',(#235),#3196,.T.);
#3331=ADVANCED_FACE('',(#236),#3197,.T.);
#3332=ADVANCED_FACE('',(#237),#20,.T.);
#3333=ADVANCED_FACE('',(#238),#3198,.T.);
#3334=ADVANCED_FACE('',(#239),#21,.T.);
#3335=ADVANCED_FACE('',(#240),#3199,.T.);
#3336=ADVANCED_FACE('',(#241),#22,.F.);
#3337=ADVANCED_FACE('',(#242),#3200,.T.);
#3338=ADVANCED_FACE('',(#243),#23,.F.);
#3339=ADVANCED_FACE('',(#244),#3201,.T.);
#3340=ADVANCED_FACE('',(#245),#3202,.T.);
#3341=ADVANCED_FACE('',(#246),#24,.F.);
#3342=ADVANCED_FACE('',(#247),#3203,.T.);
#3343=ADVANCED_FACE('',(#248),#25,.F.);
#3344=ADVANCED_FACE('',(#249),#3204,.T.);
#3345=ADVANCED_FACE('',(#250),#3205,.T.);
#3346=ADVANCED_FACE('',(#251),#3206,.T.);
#3347=ADVANCED_FACE('',(#252),#3207,.T.);
#3348=ADVANCED_FACE('',(#253),#3208,.T.);
#3349=ADVANCED_FACE('',(#254),#26,.F.);
#3350=ADVANCED_FACE('',(#255),#3209,.T.);
#3351=ADVANCED_FACE('',(#256),#3210,.T.);
#3352=ADVANCED_FACE('',(#257),#27,.T.);
#3353=ADVANCED_FACE('',(#258),#3211,.T.);
#3354=ADVANCED_FACE('',(#259),#28,.T.);
#3355=ADVANCED_FACE('',(#260),#3212,.T.);
#3356=ADVANCED_FACE('',(#261),#29,.F.);
#3357=ADVANCED_FACE('',(#262),#3213,.T.);
#3358=ADVANCED_FACE('',(#263),#3214,.T.);
#3359=ADVANCED_FACE('',(#264),#3215,.T.);
#3360=ADVANCED_FACE('',(#265),#30,.T.);
#3361=ADVANCED_FACE('',(#266),#31,.T.);
#3362=ADVANCED_FACE('',(#267),#3216,.T.);
#3363=ADVANCED_FACE('',(#268),#3217,.T.);
#3364=ADVANCED_FACE('',(#269),#32,.T.);
#3365=ADVANCED_FACE('',(#270),#3218,.T.);
#3366=ADVANCED_FACE('',(#271),#3219,.F.);
#3367=ADVANCED_FACE('',(#272),#3220,.F.);
#3368=ADVANCED_FACE('',(#273),#3221,.F.);
#3369=ADVANCED_FACE('',(#274),#3222,.F.);
#3370=ADVANCED_FACE('',(#275),#3223,.F.);
#3371=ADVANCED_FACE('',(#276),#3224,.F.);
#3372=ADVANCED_FACE('',(#277),#33,.T.);
#3373=ADVANCED_FACE('',(#278),#3225,.F.);
#3374=ADVANCED_FACE('',(#279),#34,.T.);
#3375=ADVANCED_FACE('',(#280),#3226,.F.);
#3376=ADVANCED_FACE('',(#281),#35,.F.);
#3377=ADVANCED_FACE('',(#282),#3227,.F.);
#3378=ADVANCED_FACE('',(#283),#36,.F.);
#3379=ADVANCED_FACE('',(#284),#3228,.F.);
#3380=ADVANCED_FACE('',(#285),#37,.F.);
#3381=ADVANCED_FACE('',(#286),#3229,.F.);
#3382=ADVANCED_FACE('',(#287),#38,.F.);
#3383=ADVANCED_FACE('',(#288),#3230,.F.);
#3384=ADVANCED_FACE('',(#289),#3231,.F.);
#3385=ADVANCED_FACE('',(#290),#3232,.F.);
#3386=ADVANCED_FACE('',(#291),#3233,.F.);
#3387=ADVANCED_FACE('',(#292),#3234,.F.);
#3388=ADVANCED_FACE('',(#293),#3235,.F.);
#3389=ADVANCED_FACE('',(#294),#39,.F.);
#3390=ADVANCED_FACE('',(#295),#40,.T.);
#3391=ADVANCED_FACE('',(#296),#3236,.F.);
#3392=ADVANCED_FACE('',(#297),#41,.T.);
#3393=ADVANCED_FACE('',(#298),#3237,.F.);
#3394=ADVANCED_FACE('',(#299),#42,.F.);
#3395=ADVANCED_FACE('',(#300),#3238,.F.);
#3396=ADVANCED_FACE('',(#301),#3239,.F.);
#3397=ADVANCED_FACE('',(#302),#3240,.F.);
#3398=ADVANCED_FACE('',(#303),#43,.T.);
#3399=ADVANCED_FACE('',(#304),#3241,.F.);
#3400=ADVANCED_FACE('',(#305),#44,.T.);
#3401=ADVANCED_FACE('',(#306),#3242,.F.);
#3402=ADVANCED_FACE('',(#307),#3243,.F.);
#3403=ADVANCED_FACE('',(#308),#45,.T.);
#3404=ADVANCED_FACE('',(#309),#3244,.T.);
#3405=ADVANCED_FACE('',(#310),#46,.T.);
#3406=ADVANCED_FACE('',(#311),#3245,.T.);
#3407=ADVANCED_FACE('',(#312),#47,.T.);
#3408=ADVANCED_FACE('',(#313),#3246,.T.);
#3409=ADVANCED_FACE('',(#314),#48,.T.);
#3410=ADVANCED_FACE('',(#315),#3247,.T.);
#3411=ADVANCED_FACE('',(#316),#49,.T.);
#3412=ADVANCED_FACE('',(#317),#3248,.T.);
#3413=ADVANCED_FACE('',(#318),#50,.F.);
#3414=ADVANCED_FACE('',(#319),#3249,.T.);
#3415=ADVANCED_FACE('',(#320),#51,.F.);
#3416=ADVANCED_FACE('',(#321),#3250,.T.);
#3417=ADVANCED_FACE('',(#322),#3251,.T.);
#3418=ADVANCED_FACE('',(#323),#52,.T.);
#3419=ADVANCED_FACE('',(#324),#53,.F.);
#3420=ADVANCED_FACE('',(#325),#3252,.F.);
#3421=ADVANCED_FACE('',(#326),#54,.F.);
#3422=ADVANCED_FACE('',(#327),#3253,.F.);
#3423=ADVANCED_FACE('',(#328),#55,.T.);
#3424=ADVANCED_FACE('',(#329),#56,.T.);
#3425=ADVANCED_FACE('',(#330),#3254,.F.);
#3426=ADVANCED_FACE('',(#331),#3255,.T.);
#3427=ADVANCED_FACE('',(#332),#57,.T.);
#3428=ADVANCED_FACE('',(#333,#162,#163,#164,#165,#166),#3256,.T.);
#3429=ADVANCED_FACE('',(#334),#3257,.F.);
#3430=ADVANCED_FACE('',(#335),#3258,.F.);
#3431=ADVANCED_FACE('',(#336),#3259,.F.);
#3432=ADVANCED_FACE('',(#337),#3260,.T.);
#3433=ADVANCED_FACE('',(#338),#3261,.F.);
#3434=ADVANCED_FACE('',(#339),#16,.T.);
#3435=ADVANCED_FACE('',(#340),#15,.T.);
#3436=ADVANCED_FACE('',(#341,#167),#3262,.F.);
#3437=CLOSED_SHELL('',(#3263,#3264,#3265,#3266,#3267,#3268,#3269,#3270,
#3271,#3272,#3273,#3274,#3275,#3276,#3277,#3278,#3279,#3280,#3281,#3282,
#3283,#3284,#3285,#3286,#3287,#3288,#3289,#3290,#3291,#3292,#3293,#3294,
#3295,#3296,#3297,#3298,#3299,#3300,#3301,#3302,#3303,#3304,#3305,#3306,
#3307,#3308,#3309,#3310,#3311,#3312,#3313,#3314,#3315,#3316,#3317,#3318,
#3319,#3320,#3321,#3322,#3323,#3324,#3325,#3326,#3327,#3328,#3329,#3330,
#3331,#3332,#3333,#3334,#3335,#3336,#3337,#3338,#3339,#3340,#3341,#3342,
#3343,#3344,#3345,#3346,#3347,#3348,#3349,#3350,#3351,#3352,#3353,#3354,
#3355,#3356,#3357,#3358,#3359,#3360,#3361,#3362,#3363,#3364,#3365,#3366,
#3367,#3368,#3369,#3370,#3371,#3372,#3373,#3374,#3375,#3376,#3377,#3378,
#3379,#3380,#3381,#3382,#3383,#3384,#3385,#3386,#3387,#3388,#3389,#3390,
#3391,#3392,#3393,#3394,#3395,#3396,#3397,#3398,#3399,#3400,#3401,#3402,
#3403,#3404,#3405,#3406,#3407,#3408,#3409,#3410,#3411,#3412,#3413,#3414,
#3415,#3416,#3417,#3418,#3419,#3420,#3421,#3422,#3423,#3424,#3425,#3426,
#3427,#3428,#3429,#3430,#3431,#3432,#3433,#3434,#3435,#3436));
#3438=DERIVED_UNIT_ELEMENT(#3440,1.);
#3439=DERIVED_UNIT_ELEMENT(#5770,3.);
#3440=(
MASS_UNIT()
NAMED_UNIT(*)
SI_UNIT($,.GRAM.)
);
#3441=DERIVED_UNIT((#3438,#3439));
#3442=MEASURE_REPRESENTATION_ITEM('density measure',
POSITIVE_RATIO_MEASURE(1.),#3441);
#3443=PROPERTY_DEFINITION_REPRESENTATION(#3448,#3445);
#3444=PROPERTY_DEFINITION_REPRESENTATION(#3449,#3446);
#3445=REPRESENTATION('material name',(#3447),#5765);
#3446=REPRESENTATION('density',(#3442),#5765);
#3447=DESCRIPTIVE_REPRESENTATION_ITEM('Generic','Generic');
#3448=PROPERTY_DEFINITION('material property','material name',#5778);
#3449=PROPERTY_DEFINITION('material property','density of part',#5778);
#3450=DATE_TIME_ROLE('creation_date');
#3451=APPLIED_DATE_AND_TIME_ASSIGNMENT(#3452,#3450,(#5778));
#3452=DATE_AND_TIME(#3453,#3454);
#3453=CALENDAR_DATE(2022,29,4);
#3454=LOCAL_TIME(20,20,1.,#3455);
#3455=COORDINATED_UNIVERSAL_TIME_OFFSET(0,0,.BEHIND.);
#3456=AXIS2_PLACEMENT_3D('placement',#4654,#3723,#3724);
#3457=AXIS2_PLACEMENT_3D('',#4655,#3725,#3726);
#3458=AXIS2_PLACEMENT_3D('',#4684,#3741,#3742);
#3459=AXIS2_PLACEMENT_3D('',#4706,#3754,#3755);
#3460=AXIS2_PLACEMENT_3D('',#4732,#3769,#3770);
#3461=AXIS2_PLACEMENT_3D('',#4759,#3785,#3786);
#3462=AXIS2_PLACEMENT_3D('',#4763,#3789,#3790);
#3463=AXIS2_PLACEMENT_3D('',#4767,#3793,#3794);
#3464=AXIS2_PLACEMENT_3D('',#4771,#3797,#3798);
#3465=AXIS2_PLACEMENT_3D('',#4775,#3801,#3802);
#3466=AXIS2_PLACEMENT_3D('',#4777,#3804,#3805);
#3467=AXIS2_PLACEMENT_3D('',#4779,#3807,#3808);
#3468=AXIS2_PLACEMENT_3D('',#4789,#3814,#3815);
#3469=AXIS2_PLACEMENT_3D('',#4793,#3818,#3819);
#3470=AXIS2_PLACEMENT_3D('',#4799,#3823,#3824);
#3471=AXIS2_PLACEMENT_3D('',#4805,#3828,#3829);
#3472=AXIS2_PLACEMENT_3D('',#4812,#3834,#3835);
#3473=AXIS2_PLACEMENT_3D('',#4818,#3839,#3840);
#3474=AXIS2_PLACEMENT_3D('',#4822,#3843,#3844);
#3475=AXIS2_PLACEMENT_3D('',#4831,#3849,#3850);
#3476=AXIS2_PLACEMENT_3D('',#4851,#3862,#3863);
#3477=AXIS2_PLACEMENT_3D('',#4855,#3866,#3867);
#3478=AXIS2_PLACEMENT_3D('',#4859,#3870,#3871);
#3479=AXIS2_PLACEMENT_3D('',#4874,#3880,#3881);
#3480=AXIS2_PLACEMENT_3D('',#4877,#3884,#3885);
#3481=AXIS2_PLACEMENT_3D('',#4880,#3888,#3889);
#3482=AXIS2_PLACEMENT_3D('',#4881,#3890,#3891);
#3483=AXIS2_PLACEMENT_3D('',#4882,#3892,#3893);
#3484=AXIS2_PLACEMENT_3D('',#4884,#3895,#3896);
#3485=AXIS2_PLACEMENT_3D('',#4885,#3897,#3898);
#3486=AXIS2_PLACEMENT_3D('',#4887,#3900,#3901);
#3487=AXIS2_PLACEMENT_3D('',#4888,#3902,#3903);
#3488=AXIS2_PLACEMENT_3D('',#4894,#3907,#3908);
#3489=AXIS2_PLACEMENT_3D('',#4900,#3912,#3913);
#3490=AXIS2_PLACEMENT_3D('',#4902,#3915,#3916);
#3491=AXIS2_PLACEMENT_3D('',#4904,#3918,#3919);
#3492=AXIS2_PLACEMENT_3D('',#4905,#3920,#3921);
#3493=AXIS2_PLACEMENT_3D('',#4911,#3925,#3926);
#3494=AXIS2_PLACEMENT_3D('',#4917,#3930,#3931);
#3495=AXIS2_PLACEMENT_3D('',#4919,#3933,#3934);
#3496=AXIS2_PLACEMENT_3D('',#4921,#3936,#3937);
#3497=AXIS2_PLACEMENT_3D('',#4922,#3938,#3939);
#3498=AXIS2_PLACEMENT_3D('',#4928,#3943,#3944);
#3499=AXIS2_PLACEMENT_3D('',#4934,#3948,#3949);
#3500=AXIS2_PLACEMENT_3D('',#4942,#3954,#3955);
#3501=AXIS2_PLACEMENT_3D('',#4951,#3960,#3961);
#3502=AXIS2_PLACEMENT_3D('',#4957,#3965,#3966);
#3503=AXIS2_PLACEMENT_3D('',#4962,#3970,#3971);
#3504=AXIS2_PLACEMENT_3D('',#4967,#3975,#3976);
#3505=AXIS2_PLACEMENT_3D('',#4972,#3980,#3981);
#3506=AXIS2_PLACEMENT_3D('',#4974,#3983,#3984);
#3507=AXIS2_PLACEMENT_3D('',#4976,#3986,#3987);
#3508=AXIS2_PLACEMENT_3D('',#4977,#3988,#3989);
#3509=AXIS2_PLACEMENT_3D('',#4978,#3990,#3991);
#3510=AXIS2_PLACEMENT_3D('',#4979,#3992,#3993);
#3511=AXIS2_PLACEMENT_3D('',#5009,#3994,#3995);
#3512=AXIS2_PLACEMENT_3D('',#5010,#3996,#3997);
#3513=AXIS2_PLACEMENT_3D('',#5012,#3998,#3999);
#3514=AXIS2_PLACEMENT_3D('',#5042,#4000,#4001);
#3515=AXIS2_PLACEMENT_3D('',#5043,#4002,#4003);
#3516=AXIS2_PLACEMENT_3D('',#5045,#4004,#4005);
#3517=AXIS2_PLACEMENT_3D('',#5075,#4006,#4007);
#3518=AXIS2_PLACEMENT_3D('',#5077,#4008,#4009);
#3519=AXIS2_PLACEMENT_3D('',#5078,#4010,#4011);
#3520=AXIS2_PLACEMENT_3D('',#5108,#4012,#4013);
#3521=AXIS2_PLACEMENT_3D('',#5110,#4014,#4015);
#3522=AXIS2_PLACEMENT_3D('',#5111,#4016,#4017);
#3523=AXIS2_PLACEMENT_3D('',#5112,#4018,#4019);
#3524=AXIS2_PLACEMENT_3D('',#5118,#4023,#4024);
#3525=AXIS2_PLACEMENT_3D('',#5127,#4029,#4030);
#3526=AXIS2_PLACEMENT_3D('',#5132,#4034,#4035);
#3527=AXIS2_PLACEMENT_3D('',#5138,#4039,#4040);
#3528=AXIS2_PLACEMENT_3D('',#5142,#4043,#4044);
#3529=AXIS2_PLACEMENT_3D('',#5146,#4047,#4048);
#3530=AXIS2_PLACEMENT_3D('',#5151,#4052,#4053);
#3531=AXIS2_PLACEMENT_3D('',#5153,#4054,#4055);
#3532=AXIS2_PLACEMENT_3D('',#5156,#4057,#4058);
#3533=AXIS2_PLACEMENT_3D('',#5157,#4059,#4060);
#3534=AXIS2_PLACEMENT_3D('',#5166,#4065,#4066);
#3535=AXIS2_PLACEMENT_3D('',#5172,#4070,#4071);
#3536=AXIS2_PLACEMENT_3D('',#5178,#4075,#4076);
#3537=AXIS2_PLACEMENT_3D('',#5180,#4077,#4078);
#3538=AXIS2_PLACEMENT_3D('',#5182,#4079,#4080);
#3539=AXIS2_PLACEMENT_3D('',#5184,#4082,#4083);
#3540=AXIS2_PLACEMENT_3D('',#5190,#4087,#4088);
#3541=AXIS2_PLACEMENT_3D('',#5192,#4089,#4090);
#3542=AXIS2_PLACEMENT_3D('',#5194,#4091,#4092);
#3543=AXIS2_PLACEMENT_3D('',#5196,#4094,#4095);
#3544=AXIS2_PLACEMENT_3D('',#5202,#4099,#4100);
#3545=AXIS2_PLACEMENT_3D('',#5204,#4101,#4102);
#3546=AXIS2_PLACEMENT_3D('',#5206,#4103,#4104);
#3547=AXIS2_PLACEMENT_3D('',#5208,#4106,#4107);
#3548=AXIS2_PLACEMENT_3D('',#5214,#4111,#4112);
#3549=AXIS2_PLACEMENT_3D('',#5216,#4113,#4114);
#3550=AXIS2_PLACEMENT_3D('',#5218,#4115,#4116);
#3551=AXIS2_PLACEMENT_3D('',#5220,#4118,#4119);
#3552=AXIS2_PLACEMENT_3D('',#5229,#4123,#4124);
#3553=AXIS2_PLACEMENT_3D('',#5233,#4126,#4127);
#3554=AXIS2_PLACEMENT_3D('',#5240,#4131,#4132);
#3555=AXIS2_PLACEMENT_3D('',#5244,#4135,#4136);
#3556=AXIS2_PLACEMENT_3D('',#5253,#4140,#4141);
#3557=AXIS2_PLACEMENT_3D('',#5263,#4146,#4147);
#3558=AXIS2_PLACEMENT_3D('',#5267,#4149,#4150);
#3559=AXIS2_PLACEMENT_3D('',#5271,#4153,#4154);
#3560=AXIS2_PLACEMENT_3D('',#5273,#4155,#4156);
#3561=AXIS2_PLACEMENT_3D('',#5275,#4157,#4158);
#3562=AXIS2_PLACEMENT_3D('',#5277,#4160,#4161);
#3563=AXIS2_PLACEMENT_3D('',#5283,#4165,#4166);
#3564=AXIS2_PLACEMENT_3D('',#5285,#4167,#4168);
#3565=AXIS2_PLACEMENT_3D('',#5287,#4169,#4170);
#3566=AXIS2_PLACEMENT_3D('',#5289,#4172,#4173);
#3567=AXIS2_PLACEMENT_3D('',#5295,#4177,#4178);
#3568=AXIS2_PLACEMENT_3D('',#5304,#4183,#4184);
#3569=AXIS2_PLACEMENT_3D('',#5310,#4188,#4189);
#3570=AXIS2_PLACEMENT_3D('',#5316,#4193,#4194);
#3571=AXIS2_PLACEMENT_3D('',#5321,#4196,#4197);
#3572=AXIS2_PLACEMENT_3D('',#5324,#4200,#4201);
#3573=AXIS2_PLACEMENT_3D('',#5331,#4202,#4203);
#3574=AXIS2_PLACEMENT_3D('',#5332,#4204,#4205);
#3575=AXIS2_PLACEMENT_3D('',#5334,#4207,#4208);
#3576=AXIS2_PLACEMENT_3D('',#5336,#4209,#4210);
#3577=AXIS2_PLACEMENT_3D('',#5338,#4212,#4213);
#3578=AXIS2_PLACEMENT_3D('',#5342,#4216,#4217);
#3579=AXIS2_PLACEMENT_3D('',#5344,#4218,#4219);
#3580=AXIS2_PLACEMENT_3D('',#5346,#4221,#4222);
#3581=AXIS2_PLACEMENT_3D('',#5349,#4225,#4226);
#3582=AXIS2_PLACEMENT_3D('',#5352,#4229,#4230);
#3583=AXIS2_PLACEMENT_3D('',#5354,#4232,#4233);
#3584=AXIS2_PLACEMENT_3D('',#5356,#4235,#4236);
#3585=AXIS2_PLACEMENT_3D('',#5358,#4238,#4239);
#3586=AXIS2_PLACEMENT_3D('',#5360,#4240,#4241);
#3587=AXIS2_PLACEMENT_3D('',#5362,#4242,#4243);
#3588=AXIS2_PLACEMENT_3D('',#5364,#4245,#4246);
#3589=AXIS2_PLACEMENT_3D('',#5367,#4249,#4250);
#3590=AXIS2_PLACEMENT_3D('',#5368,#4251,#4252);
#3591=AXIS2_PLACEMENT_3D('',#5370,#4253,#4254);
#3592=AXIS2_PLACEMENT_3D('',#5372,#4256,#4257);
#3593=AXIS2_PLACEMENT_3D('',#5376,#4260,#4261);
#3594=AXIS2_PLACEMENT_3D('',#5377,#4262,#4263);
#3595=AXIS2_PLACEMENT_3D('',#5378,#4264,#4265);
#3596=AXIS2_PLACEMENT_3D('',#5379,#4266,#4267);
#3597=AXIS2_PLACEMENT_3D('',#5389,#4272,#4273);
#3598=AXIS2_PLACEMENT_3D('',#5391,#4275,#4276);
#3599=AXIS2_PLACEMENT_3D('',#5394,#4277,#4278);
#3600=AXIS2_PLACEMENT_3D('',#5398,#4280,#4281);
#3601=AXIS2_PLACEMENT_3D('',#5402,#4283,#4284);
#3602=AXIS2_PLACEMENT_3D('',#5410,#4288,#4289);
#3603=AXIS2_PLACEMENT_3D('',#5414,#4291,#4292);
#3604=AXIS2_PLACEMENT_3D('',#5418,#4294,#4295);
#3605=AXIS2_PLACEMENT_3D('',#5422,#4297,#4298);
#3606=AXIS2_PLACEMENT_3D('',#5430,#4302,#4303);
#3607=AXIS2_PLACEMENT_3D('',#5437,#4307,#4308);
#3608=AXIS2_PLACEMENT_3D('',#5441,#4310,#4311);
#3609=AXIS2_PLACEMENT_3D('',#5445,#4313,#4314);
#3610=AXIS2_PLACEMENT_3D('',#5449,#4316,#4317);
#3611=AXIS2_PLACEMENT_3D('',#5451,#4319,#4320);
#3612=AXIS2_PLACEMENT_3D('',#5464,#4327,#4328);
#3613=AXIS2_PLACEMENT_3D('',#5466,#4329,#4330);
#3614=AXIS2_PLACEMENT_3D('',#5470,#4333,#4334);
#3615=AXIS2_PLACEMENT_3D('',#5476,#4338,#4339);
#3616=AXIS2_PLACEMENT_3D('',#5480,#4342,#4343);
#3617=AXIS2_PLACEMENT_3D('',#5484,#4346,#4347);
#3618=AXIS2_PLACEMENT_3D('',#5487,#4349,#4350);
#3619=AXIS2_PLACEMENT_3D('',#5488,#4351,#4352);
#3620=AXIS2_PLACEMENT_3D('',#5492,#4355,#4356);
#3621=AXIS2_PLACEMENT_3D('',#5495,#4358,#4359);
#3622=AXIS2_PLACEMENT_3D('',#5496,#4360,#4361);
#3623=AXIS2_PLACEMENT_3D('',#5500,#4364,#4365);
#3624=AXIS2_PLACEMENT_3D('',#5503,#4367,#4368);
#3625=AXIS2_PLACEMENT_3D('',#5504,#4369,#4370);
#3626=AXIS2_PLACEMENT_3D('',#5508,#4373,#4374);
#3627=AXIS2_PLACEMENT_3D('',#5511,#4376,#4377);
#3628=AXIS2_PLACEMENT_3D('',#5512,#4378,#4379);
#3629=AXIS2_PLACEMENT_3D('',#5521,#4383,#4384);
#3630=AXIS2_PLACEMENT_3D('',#5524,#4386,#4387);
#3631=AXIS2_PLACEMENT_3D('',#5532,#4391,#4392);
#3632=AXIS2_PLACEMENT_3D('',#5536,#4395,#4396);
#3633=AXIS2_PLACEMENT_3D('',#5539,#4398,#4399);
#3634=AXIS2_PLACEMENT_3D('',#5540,#4400,#4401);
#3635=AXIS2_PLACEMENT_3D('',#5544,#4404,#4405);
#3636=AXIS2_PLACEMENT_3D('',#5547,#4407,#4408);
#3637=AXIS2_PLACEMENT_3D('',#5548,#4409,#4410);
#3638=AXIS2_PLACEMENT_3D('',#5552,#4413,#4414);
#3639=AXIS2_PLACEMENT_3D('',#5558,#4418,#4419);
#3640=AXIS2_PLACEMENT_3D('',#5563,#4423,#4424);
#3641=AXIS2_PLACEMENT_3D('',#5565,#4426,#4427);
#3642=AXIS2_PLACEMENT_3D('',#5566,#4428,#4429);
#3643=AXIS2_PLACEMENT_3D('',#5569,#4432,#4433);
#3644=AXIS2_PLACEMENT_3D('',#5570,#4434,#4435);
#3645=AXIS2_PLACEMENT_3D('',#5576,#4436,#4437);
#3646=AXIS2_PLACEMENT_3D('',#5577,#4438,#4439);
#3647=AXIS2_PLACEMENT_3D('',#5579,#4440,#4441);
#3648=AXIS2_PLACEMENT_3D('',#5581,#4443,#4444);
#3649=AXIS2_PLACEMENT_3D('',#5587,#4448,#4449);
#3650=AXIS2_PLACEMENT_3D('',#5590,#4451,#4452);
#3651=AXIS2_PLACEMENT_3D('',#5591,#4453,#4454);
#3652=AXIS2_PLACEMENT_3D('',#5595,#4457,#4458);
#3653=AXIS2_PLACEMENT_3D('',#5598,#4460,#4461);
#3654=AXIS2_PLACEMENT_3D('',#5599,#4462,#4463);
#3655=AXIS2_PLACEMENT_3D('',#5603,#4466,#4467);
#3656=AXIS2_PLACEMENT_3D('',#5605,#4468,#4469);
#3657=AXIS2_PLACEMENT_3D('',#5609,#4471,#4472);
#3658=AXIS2_PLACEMENT_3D('',#5611,#4474,#4475);
#3659=AXIS2_PLACEMENT_3D('',#5617,#4479,#4480);
#3660=AXIS2_PLACEMENT_3D('',#5618,#4481,#4482);
#3661=AXIS2_PLACEMENT_3D('',#5619,#4483,#4484);
#3662=AXIS2_PLACEMENT_3D('',#5624,#4488,#4489);
#3663=AXIS2_PLACEMENT_3D('',#5627,#4491,#4492);
#3664=AXIS2_PLACEMENT_3D('',#5628,#4493,#4494);
#3665=AXIS2_PLACEMENT_3D('',#5630,#4495,#4496);
#3666=AXIS2_PLACEMENT_3D('',#5632,#4498,#4499);
#3667=AXIS2_PLACEMENT_3D('',#5634,#4501,#4502);
#3668=AXIS2_PLACEMENT_3D('',#5635,#4503,#4504);
#3669=AXIS2_PLACEMENT_3D('',#5638,#4505,#4506);
#3670=AXIS2_PLACEMENT_3D('',#5642,#4510,#4511);
#3671=AXIS2_PLACEMENT_3D('',#5645,#4514,#4515);
#3672=AXIS2_PLACEMENT_3D('',#5648,#4516,#4517);
#3673=AXIS2_PLACEMENT_3D('',#5656,#4523,#4524);
#3674=AXIS2_PLACEMENT_3D('',#5660,#4526,#4527);
#3675=AXIS2_PLACEMENT_3D('',#5662,#4529,#4530);
#3676=AXIS2_PLACEMENT_3D('',#5664,#4531,#4532);
#3677=AXIS2_PLACEMENT_3D('',#5667,#4534,#4535);
#3678=AXIS2_PLACEMENT_3D('',#5669,#4536,#4537);
#3679=AXIS2_PLACEMENT_3D('',#5673,#4539,#4540);
#3680=AXIS2_PLACEMENT_3D('',#5677,#4542,#4543);
#3681=AXIS2_PLACEMENT_3D('',#5682,#4547,#4548);
#3682=AXIS2_PLACEMENT_3D('',#5685,#4550,#4551);
#3683=AXIS2_PLACEMENT_3D('',#5686,#4552,#4553);
#3684=AXIS2_PLACEMENT_3D('',#5692,#4557,#4558);
#3685=AXIS2_PLACEMENT_3D('',#5693,#4559,#4560);
#3686=AXIS2_PLACEMENT_3D('',#5694,#4561,#4562);
#3687=AXIS2_PLACEMENT_3D('',#5700,#4566,#4567);
#3688=AXIS2_PLACEMENT_3D('',#5701,#4568,#4569);
#3689=AXIS2_PLACEMENT_3D('',#5702,#4570,#4571);
#3690=AXIS2_PLACEMENT_3D('',#5708,#4576,#4577);
#3691=AXIS2_PLACEMENT_3D('',#5709,#4578,#4579);
#3692=AXIS2_PLACEMENT_3D('',#5710,#4580,#4581);
#3693=AXIS2_PLACEMENT_3D('',#5712,#4582,#4583);
#3694=AXIS2_PLACEMENT_3D('',#5714,#4585,#4586);
#3695=AXIS2_PLACEMENT_3D('',#5716,#4588,#4589);
#3696=AXIS2_PLACEMENT_3D('',#5717,#4590,#4591);
#3697=AXIS2_PLACEMENT_3D('',#5720,#4592,#4593);
#3698=AXIS2_PLACEMENT_3D('',#5723,#4596,#4597);
#3699=AXIS2_PLACEMENT_3D('',#5727,#4600,#4601);
#3700=AXIS2_PLACEMENT_3D('',#5728,#4602,#4603);
#3701=AXIS2_PLACEMENT_3D('',#5729,#4604,#4605);
#3702=AXIS2_PLACEMENT_3D('',#5733,#4608,#4609);
#3703=AXIS2_PLACEMENT_3D('',#5734,#4610,#4611);
#3704=AXIS2_PLACEMENT_3D('',#5735,#4612,#4613);
#3705=AXIS2_PLACEMENT_3D('',#5737,#4614,#4615);
#3706=AXIS2_PLACEMENT_3D('',#5739,#4617,#4618);
#3707=AXIS2_PLACEMENT_3D('',#5743,#4621,#4622);
#3708=AXIS2_PLACEMENT_3D('',#5744,#4623,#4624);
#3709=AXIS2_PLACEMENT_3D('',#5745,#4625,#4626);
#3710=AXIS2_PLACEMENT_3D('',#5746,#4627,#4628);
#3711=AXIS2_PLACEMENT_3D('',#5747,#4629,#4630);
#3712=AXIS2_PLACEMENT_3D('',#5748,#4631,#4632);
#3713=AXIS2_PLACEMENT_3D('',#5749,#4633,#4634);
#3714=AXIS2_PLACEMENT_3D('',#5750,#4635,#4636);
#3715=AXIS2_PLACEMENT_3D('',#5751,#4637,#4638);
#3716=AXIS2_PLACEMENT_3D('',#5753,#4639,#4640);
#3717=AXIS2_PLACEMENT_3D('',#5754,#4641,#4642);
#3718=AXIS2_PLACEMENT_3D('',#5756,#4643,#4644);
#3719=AXIS2_PLACEMENT_3D('',#5759,#4646,#4647);
#3720=AXIS2_PLACEMENT_3D('',#5760,#4648,#4649);
#3721=AXIS2_PLACEMENT_3D('',#5761,#4650,#4651);
#3722=AXIS2_PLACEMENT_3D('',#5762,#4652,#4653);
#3723=DIRECTION('axis',(0.,0.,1.));
#3724=DIRECTION('refdir',(1.,0.,0.));
#3725=DIRECTION('center_axis',(1.85037170770859E-16,-1.,0.));
#3726=DIRECTION('ref_axis',(0.,0.,-1.));
#3727=DIRECTION('',(-1.,-1.85037170770859E-16,0.));
#3728=DIRECTION('',(-1.,-1.85037170770859E-16,0.));
#3729=DIRECTION('',(-1.,-1.85037170770859E-16,0.));
#3730=DIRECTION('',(0.,0.,1.));
#3731=DIRECTION('',(1.,1.85037170770859E-16,0.));
#3732=DIRECTION('',(0.,0.,-1.));
#3733=DIRECTION('',(1.,0.,0.));
#3734=DIRECTION('',(0.,0.,-1.));
#3735=DIRECTION('',(1.,1.85037170770859E-16,0.));
#3736=DIRECTION('',(1.,1.85037170770859E-16,0.));
#3737=DIRECTION('',(1.,1.85037170770859E-16,0.));
#3738=DIRECTION('',(0.,0.,-1.));
#3739=DIRECTION('',(-1.,0.,0.));
#3740=DIRECTION('',(0.,0.,1.));
#3741=DIRECTION('center_axis',(1.,7.40148683083438E-16,0.));
#3742=DIRECTION('ref_axis',(0.,0.,-1.));
#3743=DIRECTION('',(7.40148683083438E-16,-1.,0.));
#3744=DIRECTION('',(7.40148683083438E-16,-1.,0.));
#3745=DIRECTION('',(0.,0.,1.));
#3746=DIRECTION('',(-7.40148683083438E-16,1.,0.));
#3747=DIRECTION('',(0.,0.,-1.));
#3748=DIRECTION('',(7.40148683083438E-16,-1.,0.));
#3749=DIRECTION('',(0.,0.,1.));
#3750=DIRECTION('',(-7.40148683083438E-16,1.,0.));
#3751=DIRECTION('',(0.,0.,-1.));
#3752=DIRECTION('',(7.40148683083438E-16,-1.,0.));
#3753=DIRECTION('',(0.,0.,1.));
#3754=DIRECTION('center_axis',(-1.85037170770859E-16,1.,0.));
#3755=DIRECTION('ref_axis',(0.,0.,1.));
#3756=DIRECTION('',(1.,1.85037170770859E-16,0.));
#3757=DIRECTION('',(1.,1.85037170770859E-16,0.));
#3758=DIRECTION('',(1.,1.85037170770859E-16,0.));
#3759=DIRECTION('',(-1.,0.,0.));
#3760=DIRECTION('',(0.,0.,-1.));
#3761=DIRECTION('',(-1.,-1.85037170770859E-16,0.));
#3762=DIRECTION('',(-1.,-1.85037170770859E-16,0.));
#3763=DIRECTION('',(-1.,-1.85037170770859E-16,0.));
#3764=DIRECTION('',(0.,0.,-1.));
#3765=DIRECTION('',(-1.,3.82835525732812E-15,0.));
#3766=DIRECTION('',(0.,0.,-1.));
#3767=DIRECTION('',(-1.,-1.85037170770859E-16,0.));
#3768=DIRECTION('',(0.,0.,1.));
#3769=DIRECTION('center_axis',(-1.,0.,0.));
#3770=DIRECTION('ref_axis',(0.,0.,1.));
#3771=DIRECTION('',(0.,1.,0.));
#3772=DIRECTION('',(0.,-1.,0.));
#3773=DIRECTION('',(0.,0.,-1.));
#3774=DIRECTION('',(-1.53134210293125E-15,-1.,0.));
#3775=DIRECTION('',(0.,0.,-1.));
#3776=DIRECTION('',(0.,-1.,0.));
#3777=DIRECTION('',(0.,-1.,-1.70601406838454E-30));
#3778=DIRECTION('',(0.,-1.70601406838454E-30,-1.));
#3779=DIRECTION('',(0.,1.,1.70601406838454E-30));
#3780=DIRECTION('',(0.,1.70601406838454E-30,1.));
#3781=DIRECTION('',(0.,-1.,-1.70601406838454E-30));
#3782=DIRECTION('',(0.,-1.70601406838454E-30,-1.));
#3783=DIRECTION('',(0.,1.,1.70601406838454E-30));
#3784=DIRECTION('',(0.,1.70601406838454E-30,1.));
#3785=DIRECTION('center_axis',(0.,0.,1.));
#3786=DIRECTION('ref_axis',(1.,0.,0.));
#3787=DIRECTION('',(-1.,0.,0.));
#3788=DIRECTION('',(-2.22044604925031E-15,-1.,0.));
#3789=DIRECTION('center_axis',(0.,0.,1.));
#3790=DIRECTION('ref_axis',(1.,0.,0.));
#3791=DIRECTION('',(1.,0.,0.));
#3792=DIRECTION('',(-2.22044604925031E-15,-1.,0.));
#3793=DIRECTION('center_axis',(0.,-1.,0.));
#3794=DIRECTION('ref_axis',(0.,0.,-1.));
#3795=DIRECTION('',(1.,0.,0.));
#3796=DIRECTION('',(0.,0.,-1.));
#3797=DIRECTION('center_axis',(0.,1.,0.));
#3798=DIRECTION('ref_axis',(0.,0.,1.));
#3799=DIRECTION('',(-1.,0.,0.));
#3800=DIRECTION('',(0.,0.,-1.));
#3801=DIRECTION('center_axis',(-1.,2.22044604925031E-15,0.));
#3802=DIRECTION('ref_axis',(0.,0.,1.));
#3803=DIRECTION('',(-2.22044604925031E-15,-1.,0.));
#3804=DIRECTION('center_axis',(-1.,2.22044604925031E-15,0.));
#3805=DIRECTION('ref_axis',(0.,0.,1.));
#3806=DIRECTION('',(-2.22044604925031E-15,-1.,0.));
#3807=DIRECTION('center_axis',(0.,0.,1.));
#3808=DIRECTION('ref_axis',(1.,0.,0.));
#3809=DIRECTION('',(-1.,0.,0.));
#3810=DIRECTION('',(0.,-1.,0.));
#3811=DIRECTION('',(0.,-1.,0.));
#3812=DIRECTION('',(1.,0.,0.));
#3813=DIRECTION('',(0.,1.,0.));
#3814=DIRECTION('center_axis',(-1.,0.,0.));
#3815=DIRECTION('ref_axis',(0.,0.,1.));
#3816=DIRECTION('',(0.,0.,1.));
#3817=DIRECTION('',(0.,-1.,0.));
#3818=DIRECTION('center_axis',(1.,-2.22044604925031E-15,0.));
#3819=DIRECTION('ref_axis',(0.,0.,-1.));
#3820=DIRECTION('',(0.,0.,-1.));
#3821=DIRECTION('',(2.22044604925031E-15,1.,0.));
#3822=DIRECTION('',(2.22044604925031E-15,1.,0.));
#3823=DIRECTION('center_axis',(1.,-2.22044604925031E-15,0.));
#3824=DIRECTION('ref_axis',(0.,0.,-1.));
#3825=DIRECTION('',(0.,0.,1.));
#3826=DIRECTION('',(2.22044604925031E-15,1.,0.));
#3827=DIRECTION('',(2.22044604925031E-15,1.,0.));
#3828=DIRECTION('center_axis',(0.,0.,1.));
#3829=DIRECTION('ref_axis',(1.,0.,0.));
#3830=DIRECTION('',(-4.74368019612567E-16,1.,0.));
#3831=DIRECTION('',(-1.,0.,0.));
#3832=DIRECTION('',(-3.25762808541329E-16,-1.,0.));
#3833=DIRECTION('',(1.,-2.40548322002117E-16,0.));
#3834=DIRECTION('center_axis',(0.,0.,1.));
#3835=DIRECTION('ref_axis',(1.,0.,0.));
#3836=DIRECTION('',(-1.,0.,0.));
#3837=DIRECTION('',(0.,-1.,0.));
#3838=DIRECTION('',(1.,0.,0.));
#3839=DIRECTION('center_axis',(-1.,0.,0.));
#3840=DIRECTION('ref_axis',(0.,0.,1.));
#3841=DIRECTION('',(0.,0.,-1.));
#3842=DIRECTION('',(0.,-1.,0.));
#3843=DIRECTION('center_axis',(0.,0.,1.));
#3844=DIRECTION('ref_axis',(1.,0.,0.));
#3845=DIRECTION('',(0.,-1.,0.));
#3846=DIRECTION('',(-1.,0.,0.));
#3847=DIRECTION('',(0.,1.,0.));
#3848=DIRECTION('',(1.,0.,0.));
#3849=DIRECTION('center_axis',(0.,-1.,0.));
#3850=DIRECTION('ref_axis',(0.,0.,-1.));
#3851=DIRECTION('',(1.,0.,0.));
#3852=DIRECTION('',(0.,0.,1.));
#3853=DIRECTION('',(-1.,0.,0.));
#3854=DIRECTION('',(0.,0.,1.));
#3855=DIRECTION('',(-1.,0.,0.));
#3856=DIRECTION('',(0.,0.,1.));
#3857=DIRECTION('',(-1.,0.,0.));
#3858=DIRECTION('',(0.,0.,1.));
#3859=DIRECTION('',(0.,0.,1.));
#3860=DIRECTION('',(-1.,0.,0.));
#3861=DIRECTION('',(0.,0.,1.));
#3862=DIRECTION('center_axis',(1.,0.,0.));
#3863=DIRECTION('ref_axis',(0.,0.,-1.));
#3864=DIRECTION('',(0.,0.,1.));
#3865=DIRECTION('',(0.,-1.,0.));
#3866=DIRECTION('center_axis',(-1.,0.,0.));
#3867=DIRECTION('ref_axis',(0.,0.,1.));
#3868=DIRECTION('',(0.,0.,1.));
#3869=DIRECTION('',(0.,1.,0.));
#3870=DIRECTION('center_axis',(0.,1.,0.));
#3871=DIRECTION('ref_axis',(0.,0.,1.));
#3872=DIRECTION('',(1.,0.,0.));
#3873=DIRECTION('',(0.,0.,1.));
#3874=DIRECTION('',(0.,0.,1.));
#3875=DIRECTION('',(1.,0.,0.));
#3876=DIRECTION('',(0.,0.,1.));
#3877=DIRECTION('',(1.,0.,0.));
#3878=DIRECTION('',(0.,0.,1.));
#3879=DIRECTION('',(1.,0.,0.));
#3880=DIRECTION('center_axis',(0.,0.,1.));
#3881=DIRECTION('ref_axis',(1.,0.,0.));
#3882=DIRECTION('',(0.,1.,0.));
#3883=DIRECTION('',(0.,-1.,0.));
#3884=DIRECTION('center_axis',(0.,0.,1.));
#3885=DIRECTION('ref_axis',(1.,0.,0.));
#3886=DIRECTION('',(0.,-1.,0.));
#3887=DIRECTION('',(0.,1.,0.));
#3888=DIRECTION('center_axis',(-1.,0.,0.));
#3889=DIRECTION('ref_axis',(0.,0.,1.));
#3890=DIRECTION('center_axis',(1.,0.,0.));
#3891=DIRECTION('ref_axis',(0.,0.,-1.));
#3892=DIRECTION('center_axis',(-8.7734048405332E-31,-2.27155691658529E-47,
1.));
#3893=DIRECTION('ref_axis',(1.,0.,8.7734048405332E-31));
#3894=DIRECTION('',(0.,-1.,0.));
#3895=DIRECTION('center_axis',(1.,0.,0.));
#3896=DIRECTION('ref_axis',(0.,0.,-1.));
#3897=DIRECTION('center_axis',(8.7734048405332E-31,2.27155691658529E-47,
1.));
#3898=DIRECTION('ref_axis',(1.,0.,-8.7734048405332E-31));
#3899=DIRECTION('',(0.,1.,0.));
#3900=DIRECTION('center_axis',(-1.,0.,0.));
#3901=DIRECTION('ref_axis',(0.,0.,1.));
#3902=DIRECTION('center_axis',(0.,1.,0.));
#3903=DIRECTION('ref_axis',(0.,0.,1.));
#3904=DIRECTION('',(1.,1.85037170770859E-16,0.));
#3905=DIRECTION('',(-1.,-1.85037170770859E-16,0.));
#3906=DIRECTION('',(0.,0.,1.));
#3907=DIRECTION('center_axis',(0.,1.,0.));
#3908=DIRECTION('ref_axis',(0.,0.,1.));
#3909=DIRECTION('',(-1.,-1.85037170770859E-16,0.));
#3910=DIRECTION('',(0.,0.,-1.));
#3911=DIRECTION('',(1.,1.85037170770859E-16,0.));
#3912=DIRECTION('center_axis',(0.,0.,1.));
#3913=DIRECTION('ref_axis',(1.,0.,0.));
#3914=DIRECTION('',(0.,1.,0.));
#3915=DIRECTION('center_axis',(1.,0.,0.));
#3916=DIRECTION('ref_axis',(0.,0.,-1.));
#3917=DIRECTION('',(0.,1.,0.));
#3918=DIRECTION('center_axis',(0.,0.,-1.));
#3919=DIRECTION('ref_axis',(-1.,0.,0.));
#3920=DIRECTION('center_axis',(0.,1.,0.));
#3921=DIRECTION('ref_axis',(0.,0.,1.));
#3922=DIRECTION('',(1.,-1.85037170770859E-16,0.));
#3923=DIRECTION('',(0.,0.,1.));
#3924=DIRECTION('',(-1.,1.85037170770859E-16,0.));
#3925=DIRECTION('center_axis',(0.,1.,0.));
#3926=DIRECTION('ref_axis',(0.,0.,1.));
#3927=DIRECTION('',(1.,-1.85037170770859E-16,0.));
#3928=DIRECTION('',(0.,0.,-1.));
#3929=DIRECTION('',(-1.,1.85037170770859E-16,0.));
#3930=DIRECTION('center_axis',(0.,0.,-1.));
#3931=DIRECTION('ref_axis',(1.,0.,0.));
#3932=DIRECTION('',(0.,-1.,0.));
#3933=DIRECTION('center_axis',(-1.,0.,0.));
#3934=DIRECTION('ref_axis',(0.,0.,-1.));
#3935=DIRECTION('',(0.,-1.,0.));
#3936=DIRECTION('center_axis',(0.,0.,1.));
#3937=DIRECTION('ref_axis',(-1.,0.,0.));
#3938=DIRECTION('center_axis',(-2.22044604925031E-15,-1.,1.70601406838454E-30));
#3939=DIRECTION('ref_axis',(1.53664086453309E-15,-1.70601406838454E-30,
1.));
#3940=DIRECTION('',(2.77555756156286E-15,-4.45696175365454E-30,1.));
#3941=DIRECTION('',(-1.,2.20782987851594E-15,1.54548091496116E-15));
#3942=DIRECTION('',(-1.,2.40548322002117E-15,1.53664086453309E-15));
#3943=DIRECTION('center_axis',(-2.22044604925031E-15,-1.,1.70601406838454E-30));
#3944=DIRECTION('ref_axis',(1.53664086453309E-15,-1.70601406838454E-30,
1.));
#3945=DIRECTION('',(2.77555756156286E-15,-4.45696175365454E-30,1.));
#3946=DIRECTION('',(-1.,2.03540887847945E-15,1.53664086453309E-15));
#3947=DIRECTION('',(-1.,2.20782987851594E-15,1.54548091496116E-15));
#3948=DIRECTION('center_axis',(1.53664086453309E-15,-1.70601406838454E-30,
1.));
#3949=DIRECTION('ref_axis',(-1.,2.22044604925031E-15,1.53664086453309E-15));
#3950=DIRECTION('',(0.988936352868297,-0.148340452930246,-1.51964001223974E-15));
#3951=DIRECTION('',(1.,-2.03540887847945E-15,-1.53664086453309E-15));
#3952=DIRECTION('',(-0.988936352868298,-0.148340452930243,1.51964001223974E-15));
#3953=DIRECTION('',(-2.22044604925031E-15,-1.,4.1086505480261E-30));
#3954=DIRECTION('center_axis',(1.,-2.55659033389162E-15,-1.87798919588335E-15));
#3955=DIRECTION('ref_axis',(-1.87798919588335E-15,0.,-1.));
#3956=DIRECTION('',(-1.87798919588335E-15,1.3463525485193E-16,-1.));
#3957=DIRECTION('',(2.22044604925031E-15,1.,-4.1086505480261E-30));
#3958=DIRECTION('',(1.87798919588335E-15,1.34635254851933E-16,1.));
#3959=DIRECTION('',(-2.22044604925031E-15,-1.,4.1086505480261E-30));
#3960=DIRECTION('center_axis',(1.,-2.55659033389163E-15,-1.87798919588336E-15));
#3961=DIRECTION('ref_axis',(-1.87798919588336E-15,0.,-1.));
#3962=DIRECTION('',(1.87798919588336E-15,1.34635254851931E-16,1.));
#3963=DIRECTION('',(-1.87798919588336E-15,1.34635254851928E-16,-1.));
#3964=DIRECTION('',(2.22044604925031E-15,1.,-4.1086505480261E-30));
#3965=DIRECTION('center_axis',(-1.53664086453309E-15,1.70601406838454E-30,
-1.));
#3966=DIRECTION('ref_axis',(1.,-2.22044604925031E-15,-1.53664086453309E-15));
#3967=DIRECTION('',(-0.988936352868297,0.148340452930246,1.51964001223974E-15));
#3968=DIRECTION('',(0.988936352868298,0.148340452930243,-1.51964001223974E-15));
#3969=DIRECTION('',(-1.,2.20782987851594E-15,1.54548091496116E-15));
#3970=DIRECTION('center_axis',(1.53664086453309E-15,-1.70601406838454E-30,
1.));
#3971=DIRECTION('ref_axis',(1.,-2.22044604925031E-15,-1.53664086453309E-15));
#3972=DIRECTION('',(0.988936352868298,0.148340452930243,-1.51964001223974E-15));
#3973=DIRECTION('',(1.,-2.40548322002117E-15,-1.53664086453309E-15));
#3974=DIRECTION('',(-0.988936352868297,0.148340452930246,1.51964001223974E-15));
#3975=DIRECTION('center_axis',(-1.53664086453309E-15,1.70601406838454E-30,
-1.));
#3976=DIRECTION('ref_axis',(-1.,2.22044604925031E-15,1.53664086453309E-15));
#3977=DIRECTION('',(-0.988936352868298,-0.148340452930243,1.51964001223974E-15));
#3978=DIRECTION('',(0.988936352868297,-0.148340452930246,-1.51964001223974E-15));
#3979=DIRECTION('',(-1.,2.40548322002117E-15,1.53664086453309E-15));
#3980=DIRECTION('center_axis',(-2.22044604925031E-15,-1.,1.70601406838454E-30));
#3981=DIRECTION('ref_axis',(1.53664086453309E-15,-1.70601406838454E-30,
1.));
#3982=DIRECTION('',(-2.77555756156292E-15,4.45696175365468E-30,-1.));
#3983=DIRECTION('center_axis',(-2.22044604925031E-15,-1.,1.70601406838454E-30));
#3984=DIRECTION('ref_axis',(1.53664086453309E-15,-1.70601406838454E-30,
1.));
#3985=DIRECTION('',(-2.77555756156292E-15,4.45696175365468E-30,-1.));
#3986=DIRECTION('center_axis',(0.148340452930243,-0.988936352868298,-4.117274658162E-16));
#3987=DIRECTION('ref_axis',(0.,4.16333634234429E-16,-1.));
#3988=DIRECTION('center_axis',(0.148340452930246,0.988936352868297,-4.11727465816208E-16));
#3989=DIRECTION('ref_axis',(0.,4.16333634234437E-16,1.));
#3990=DIRECTION('center_axis',(0.148340452930246,0.988936352868297,-4.11727465816209E-16));
#3991=DIRECTION('ref_axis',(0.,4.16333634234438E-16,1.));
#3992=DIRECTION('center_axis',(0.148340452930243,-0.988936352868298,-4.117274658162E-16));
#3993=DIRECTION('ref_axis',(0.,4.16333634234429E-16,-1.));
#3994=DIRECTION('center_axis',(0.,0.,-1.));
#3995=DIRECTION('ref_axis',(-1.,0.,0.));
#3996=DIRECTION('center_axis',(0.,0.,-1.));
#3997=DIRECTION('ref_axis',(-1.,0.,0.));
#3998=DIRECTION('center_axis',(0.,-1.,0.));
#3999=DIRECTION('ref_axis',(1.,0.,0.));
#4000=DIRECTION('center_axis',(0.,0.,-1.));
#4001=DIRECTION('ref_axis',(-1.,0.,0.));
#4002=DIRECTION('center_axis',(0.,0.,-1.));
#4003=DIRECTION('ref_axis',(-1.,0.,0.));
#4004=DIRECTION('center_axis',(0.,-1.,0.));
#4005=DIRECTION('ref_axis',(1.,0.,0.));
#4006=DIRECTION('center_axis',(0.,-1.,0.));
#4007=DIRECTION('ref_axis',(-1.,0.,0.));
#4008=DIRECTION('center_axis',(0.,0.,1.));
#4009=DIRECTION('ref_axis',(1.,0.,0.));
#4010=DIRECTION('center_axis',(0.,0.,1.));
#4011=DIRECTION('ref_axis',(1.,0.,0.));
#4012=DIRECTION('center_axis',(0.,-1.,0.));
#4013=DIRECTION('ref_axis',(-1.,0.,0.));
#4014=DIRECTION('center_axis',(0.,0.,1.));
#4015=DIRECTION('ref_axis',(1.,0.,0.));
#4016=DIRECTION('center_axis',(0.,0.,1.));
#4017=DIRECTION('ref_axis',(1.,0.,0.));
#4018=DIRECTION('center_axis',(0.,0.,1.));
#4019=DIRECTION('ref_axis',(1.,0.,0.));
#4020=DIRECTION('',(-9.79014848987638E-16,1.,0.));
#4021=DIRECTION('',(-1.,-6.8463753185218E-16,0.));
#4022=DIRECTION('',(7.69852018391391E-16,-1.,0.));
#4023=DIRECTION('center_axis',(-1.,-7.77156117237609E-16,3.50645081189644E-16));
#4024=DIRECTION('ref_axis',(3.50645081189644E-16,1.11022302462516E-16,1.));
#4025=DIRECTION('',(-7.77156117237609E-16,1.,-1.11022302462515E-16));
#4026=DIRECTION('',(3.50645081189644E-16,1.11022302462516E-16,1.));
#4027=DIRECTION('',(-7.77156117237609E-16,1.,-1.11022302462515E-16));
#4028=DIRECTION('',(3.50645081189644E-16,1.11022302462516E-16,1.));
#4029=DIRECTION('center_axis',(1.23133826367518E-15,-1.,1.11022302462515E-16));
#4030=DIRECTION('ref_axis',(-3.50645081189644E-16,-1.11022302462516E-16,
-1.));
#4031=DIRECTION('',(-1.,-1.23133826367518E-15,3.50645081189644E-16));
#4032=DIRECTION('',(-1.,-1.23133826367518E-15,3.50645081189644E-16));
#4033=DIRECTION('',(3.50645081189644E-16,1.11022302462516E-16,1.));
#4034=DIRECTION('center_axis',(1.09853646647121E-15,-1.,1.11022302462515E-16));
#4035=DIRECTION('ref_axis',(-3.50645081189644E-16,-1.11022302462516E-16,
-1.));
#4036=DIRECTION('',(-1.,-1.09853646647121E-15,3.50645081189644E-16));
#4037=DIRECTION('',(3.50645081189644E-16,1.11022302462516E-16,1.));
#4038=DIRECTION('',(3.50645081189644E-16,1.11022302462516E-16,1.));
#4039=DIRECTION('center_axis',(1.,1.0547118733939E-15,-3.50645081189644E-16));
#4040=DIRECTION('ref_axis',(-3.50645081189644E-16,-1.11022302462516E-16,
-1.));
#4041=DIRECTION('',(1.0547118733939E-15,-1.,1.11022302462515E-16));
#4042=DIRECTION('',(3.50645081189644E-16,1.11022302462516E-16,1.));
#4043=DIRECTION('center_axis',(-2.22044604925031E-16,1.,-1.11022302462515E-16));
#4044=DIRECTION('ref_axis',(3.50645081189644E-16,1.11022302462516E-16,1.));
#4045=DIRECTION('',(1.,2.22044604925031E-16,-3.50645081189644E-16));
#4046=DIRECTION('',(3.50645081189644E-16,1.11022302462516E-16,1.));
#4047=DIRECTION('center_axis',(-2.22044604925031E-16,1.,-1.11022302462515E-16));
#4048=DIRECTION('ref_axis',(3.50645081189644E-16,1.11022302462516E-16,1.));
#4049=DIRECTION('',(1.,2.22044604925031E-16,-3.50645081189644E-16));
#4050=DIRECTION('',(3.50645081189644E-16,1.11022302462516E-16,1.));
#4051=DIRECTION('',(1.,2.22044604925031E-16,-3.50645081189644E-16));
#4052=DIRECTION('center_axis',(3.50645081189644E-16,1.11022302462516E-16,
1.));
#4053=DIRECTION('ref_axis',(-1.,-2.22044604925031E-16,3.50645081189644E-16));
#4054=DIRECTION('center_axis',(-5.59162749724911E-17,-1.11022302462516E-16,
-1.));
#4055=DIRECTION('ref_axis',(-1.,-2.22044604925031E-16,3.50645081189644E-16));
#4056=DIRECTION('',(3.50645081189644E-16,1.11022302462516E-16,1.));
#4057=DIRECTION('center_axis',(-3.50645081189644E-16,-1.11022302462516E-16,
-1.));
#4058=DIRECTION('ref_axis',(-1.,-2.22044604925031E-16,3.50645081189644E-16));
#4059=DIRECTION('center_axis',(1.,2.22044604925031E-16,-7.98589776225325E-17));
#4060=DIRECTION('ref_axis',(-7.98589776225325E-17,-1.11022302462515E-16,
-1.));
#4061=DIRECTION('',(7.98589776225325E-17,1.11022302462515E-16,1.));
#4062=DIRECTION('',(-2.22044604925031E-16,1.,-1.11022302462515E-16));
#4063=DIRECTION('',(-7.98589776225325E-17,-1.11022302462515E-16,-1.));
#4064=DIRECTION('',(-2.22044604925031E-16,1.,-1.11022302462515E-16));
#4065=DIRECTION('center_axis',(0.707106781186548,7.85046229341889E-17,-0.707106781186547));
#4066=DIRECTION('ref_axis',(-0.707106781186547,-2.35513868802566E-16,-0.707106781186548));
#4067=DIRECTION('',(0.707106781186547,4.80840815471905E-16,0.707106781186548));
#4068=DIRECTION('',(-0.707106781186547,-4.80840815471905E-16,-0.707106781186548));
#4069=DIRECTION('',(-2.22044604925031E-16,1.,-1.11022302462515E-16));
#4070=DIRECTION('center_axis',(-8.44077536578602E-16,-1.11022302462516E-16,
-1.));
#4071=DIRECTION('ref_axis',(-1.,-2.22044604925031E-16,8.44077536578602E-16));
#4072=DIRECTION('',(1.,5.68989300120392E-16,-8.44077536578603E-16));
#4073=DIRECTION('',(-1.,-5.68989300120392E-16,8.44077536578603E-16));
#4074=DIRECTION('',(-2.22044604925031E-16,1.,-1.11022302462515E-16));
#4075=DIRECTION('center_axis',(-2.22044604925031E-16,1.,-1.11022302462515E-16));
#4076=DIRECTION('ref_axis',(1.,2.22044604925031E-16,-3.50645081189644E-16));
#4077=DIRECTION('center_axis',(5.68989300120392E-16,-1.,1.11022302462515E-16));
#4078=DIRECTION('ref_axis',(1.,5.68989300120392E-16,-3.50645081189644E-16));
#4079=DIRECTION('center_axis',(-5.68989300120392E-16,1.,-1.11022302462515E-16));
#4080=DIRECTION('ref_axis',(1.,5.68989300120392E-16,-3.50645081189644E-16));
#4081=DIRECTION('',(-2.22044604925031E-16,1.,-1.11022302462515E-16));
#4082=DIRECTION('center_axis',(-1.,-2.22044604925031E-16,1.27583093504394E-15));
#4083=DIRECTION('ref_axis',(1.27583093504394E-15,1.11022302462516E-16,1.));
#4084=DIRECTION('',(-1.27583093504394E-15,-1.11022302462516E-16,-1.));
#4085=DIRECTION('',(1.27583093504394E-15,1.11022302462516E-16,1.));
#4086=DIRECTION('',(-2.22044604925031E-16,1.,-1.11022302462515E-16));
#4087=DIRECTION('center_axis',(-2.22044604925031E-16,1.,-1.11022302462515E-16));
#4088=DIRECTION('ref_axis',(-3.50645081189644E-16,-1.11022302462516E-16,
-1.));
#4089=DIRECTION('center_axis',(5.68989300120392E-16,-1.,1.11022302462515E-16));
#4090=DIRECTION('ref_axis',(-3.50645081189644E-16,-1.11022302462516E-16,
-1.));
#4091=DIRECTION('center_axis',(-5.68989300120392E-16,1.,-1.11022302462515E-16));
#4092=DIRECTION('ref_axis',(-3.50645081189644E-16,-1.11022302462516E-16,
-1.));
#4093=DIRECTION('',(-2.22044604925031E-16,1.,-1.11022302462515E-16));
#4094=DIRECTION('center_axis',(5.90176020431531E-15,1.11022302462517E-16,
1.));
#4095=DIRECTION('ref_axis',(1.,2.22044604925031E-16,-5.90176020431531E-15));
#4096=DIRECTION('',(-1.,-5.68989300120391E-16,5.90176020431531E-15));
#4097=DIRECTION('',(1.,5.68989300120391E-16,-5.90176020431531E-15));
#4098=DIRECTION('',(-2.22044604925031E-16,1.,-1.11022302462515E-16));
#4099=DIRECTION('center_axis',(-2.22044604925031E-16,1.,-1.11022302462515E-16));
#4100=DIRECTION('ref_axis',(-2.20101678889824E-15,-1.11022302462516E-16,
-1.));
#4101=DIRECTION('center_axis',(-5.68989300120392E-16,1.,-1.11022302462515E-16));
#4102=DIRECTION('ref_axis',(-2.20101678889824E-15,-1.11022302462517E-16,
-1.));
#4103=DIRECTION('center_axis',(5.68989300120392E-16,-1.,1.11022302462515E-16));
#4104=DIRECTION('ref_axis',(-2.20101678889824E-15,-1.11022302462517E-16,
-1.));
#4105=DIRECTION('',(-2.22044604925031E-16,1.,-1.11022302462515E-16));
#4106=DIRECTION('center_axis',(-1.,-2.22044604925034E-16,-2.46293729728764E-14));
#4107=DIRECTION('ref_axis',(-2.46293729728764E-14,1.1102230246251E-16,1.));
#4108=DIRECTION('',(2.46293729728764E-14,-1.11022302462501E-16,-1.));
#4109=DIRECTION('',(-2.46293729728764E-14,1.11022302462501E-16,1.));
#4110=DIRECTION('',(-2.22044604925031E-16,1.,-1.11022302462515E-16));
#4111=DIRECTION('center_axis',(-2.22044604925031E-16,1.,-1.11022302462515E-16));
#4112=DIRECTION('ref_axis',(1.,2.22044604925033E-16,1.44523285804791E-14));
#4113=DIRECTION('center_axis',(-5.68989300120392E-16,1.,-1.11022302462515E-16));
#4114=DIRECTION('ref_axis',(1.,5.68989300120394E-16,1.44523285804791E-14));
#4115=DIRECTION('center_axis',(5.68989300120392E-16,-1.,1.11022302462515E-16));
#4116=DIRECTION('ref_axis',(1.,5.68989300120394E-16,1.44523285804791E-14));
#4117=DIRECTION('',(-2.22044604925031E-16,1.,-1.11022302462515E-16));
#4118=DIRECTION('center_axis',(-3.50645081189644E-16,-1.11022302462516E-16,
-1.));
#4119=DIRECTION('ref_axis',(-1.,-2.22044604925031E-16,3.50645081189644E-16));
#4120=DIRECTION('',(2.22044604925031E-16,-1.,1.11022302462515E-16));
#4121=DIRECTION('',(1.,4.48219394610619E-17,-3.50645081189644E-16));
#4122=DIRECTION('',(0.90905934288631,-0.416666666666667,-2.7249789439986E-16));
#4123=DIRECTION('center_axis',(3.50645081189644E-16,1.11022302462516E-16,
1.));
#4124=DIRECTION('ref_axis',(-0.618606859869742,0.785700676416978,1.29681154461328E-16));
#4125=DIRECTION('',(0.785700676416979,0.618606859869742,-3.44181235374835E-16));
#4126=DIRECTION('center_axis',(-3.50645081189644E-16,-1.11022302462516E-16,
-1.));
#4127=DIRECTION('ref_axis',(-0.618606859869746,0.785700676416975,1.29681154461329E-16));
#4128=DIRECTION('',(1.,5.68989300120392E-16,-3.50645081189644E-16));
#4129=DIRECTION('',(-1.,-5.68989300120392E-16,3.50645081189644E-16));
#4130=DIRECTION('',(-0.785700676416978,-0.618606859869742,3.44181235374835E-16));
#4131=DIRECTION('center_axis',(-3.50645081189644E-16,-1.11022302462516E-16,
-1.));
#4132=DIRECTION('ref_axis',(0.618606859869742,-0.785700676416978,-1.29681154461328E-16));
#4133=DIRECTION('',(-0.90905934288631,0.416666666666667,2.7249789439986E-16));
#4134=DIRECTION('',(-1.,1.59594559789866E-16,3.50645081189644E-16));
#4135=DIRECTION('center_axis',(-1.32060581690855E-16,1.11022302462515E-16,
1.));
#4136=DIRECTION('ref_axis',(1.,2.22044604925031E-16,1.32060581690855E-16));
#4137=DIRECTION('',(-2.22044604925031E-16,1.,-1.11022302462515E-16));
#4138=DIRECTION('',(-1.,1.59594559789866E-16,3.50645081189644E-16));
#4139=DIRECTION('',(-0.90905934288631,0.416666666666667,2.7249789439986E-16));
#4140=DIRECTION('center_axis',(-3.50645081189644E-16,-1.11022302462516E-16,
-1.));
#4141=DIRECTION('ref_axis',(0.618606859869742,-0.785700676416978,-1.29681154461328E-16));
#4142=DIRECTION('',(-0.785700676416978,-0.618606859869742,3.44181235374835E-16));
#4143=DIRECTION('',(1.,5.68989300120392E-16,1.32060581690855E-16));
#4144=DIRECTION('',(-2.22044604925031E-16,1.,-1.11022302462515E-16));
#4145=DIRECTION('',(-1.,-5.68989300120392E-16,-1.32060581690855E-16));
#4146=DIRECTION('center_axis',(-3.50645081189644E-16,-1.11022302462516E-16,
-1.));
#4147=DIRECTION('ref_axis',(-0.618606859869746,0.785700676416975,1.29681154461329E-16));
#4148=DIRECTION('',(0.785700676416979,0.618606859869742,-3.44181235374835E-16));
#4149=DIRECTION('center_axis',(3.50645081189644E-16,1.11022302462516E-16,
1.));
#4150=DIRECTION('ref_axis',(-0.618606859869742,0.785700676416978,1.29681154461328E-16));
#4151=DIRECTION('',(0.90905934288631,-0.416666666666667,-2.7249789439986E-16));
#4152=DIRECTION('',(1.,4.48219394610619E-17,-3.50645081189644E-16));
#4153=DIRECTION('center_axis',(-2.22044604925031E-16,1.,-1.11022302462515E-16));
#4154=DIRECTION('ref_axis',(-2.20101678889824E-15,-1.11022302462516E-16,
-1.));
#4155=DIRECTION('center_axis',(-5.68989300120392E-16,1.,-1.11022302462515E-16));
#4156=DIRECTION('ref_axis',(-2.20101678889824E-15,-1.11022302462517E-16,
-1.));
#4157=DIRECTION('center_axis',(5.68989300120392E-16,-1.,1.11022302462515E-16));
#4158=DIRECTION('ref_axis',(-2.20101678889824E-15,-1.11022302462517E-16,
-1.));
#4159=DIRECTION('',(-2.22044604925031E-16,1.,-1.11022302462515E-16));
#4160=DIRECTION('center_axis',(-1.,-2.22044604925031E-16,6.39297224724977E-15));
#4161=DIRECTION('ref_axis',(6.39297224724977E-15,1.11022302462517E-16,1.));
#4162=DIRECTION('',(-6.39297224724977E-15,-1.11022302462519E-16,-1.));
#4163=DIRECTION('',(6.39297224724977E-15,1.11022302462519E-16,1.));
#4164=DIRECTION('',(-2.22044604925031E-16,1.,-1.11022302462515E-16));
#4165=DIRECTION('center_axis',(-2.22044604925031E-16,1.,-1.11022302462515E-16));
#4166=DIRECTION('ref_axis',(1.,2.2204460492503E-16,-7.75213191202402E-15));
#4167=DIRECTION('center_axis',(-5.68989300120392E-16,1.,-1.11022302462515E-16));
#4168=DIRECTION('ref_axis',(1.,5.68989300120391E-16,-7.75213191202402E-15));
#4169=DIRECTION('center_axis',(5.68989300120392E-16,-1.,1.11022302462515E-16));
#4170=DIRECTION('ref_axis',(1.,5.68989300120391E-16,-7.75213191202402E-15));
#4171=DIRECTION('',(-2.22044604925031E-16,1.,-1.11022302462515E-16));
#4172=DIRECTION('center_axis',(-0.402738614266006,-1.91046318870878E-16,
-0.915315032422771));
#4173=DIRECTION('ref_axis',(-0.915315032422771,-1.58527796509882E-16,0.402738614266006));
#4174=DIRECTION('',(2.22044604925031E-16,-1.,1.11022302462515E-16));
#4175=DIRECTION('',(0.915315032422771,4.76091491441531E-16,-0.402738614266006));
#4176=DIRECTION('',(-0.915315032422771,-4.76091491441531E-16,0.402738614266006));
#4177=DIRECTION('center_axis',(1.33804646692543E-16,1.11022302462515E-16,
1.));
#4178=DIRECTION('ref_axis',(1.,2.22044604925031E-16,-1.33804646692543E-16));
#4179=DIRECTION('',(2.22044604925031E-16,-1.,1.11022302462515E-16));
#4180=DIRECTION('',(-1.,-5.68989300120392E-16,1.33804646692543E-16));
#4181=DIRECTION('',(-2.22044604925031E-16,1.,-1.11022302462515E-16));
#4182=DIRECTION('',(1.,5.68989300120392E-16,-1.33804646692543E-16));
#4183=DIRECTION('center_axis',(-6.8463753185218E-16,1.,-1.11022302462515E-16));
#4184=DIRECTION('ref_axis',(3.50645081189644E-16,1.11022302462516E-16,1.));
#4185=DIRECTION('',(3.50645081189644E-16,1.11022302462516E-16,1.));
#4186=DIRECTION('',(1.,6.8463753185218E-16,-3.50645081189644E-16));
#4187=DIRECTION('',(3.50645081189644E-16,1.11022302462516E-16,1.));
#4188=DIRECTION('center_axis',(-1.,-7.69852018391391E-16,3.50645081189644E-16));
#4189=DIRECTION('ref_axis',(3.50645081189644E-16,1.11022302462516E-16,1.));
#4190=DIRECTION('',(-7.69852018391391E-16,1.,-1.11022302462515E-16));
#4191=DIRECTION('',(-7.69852018391391E-16,1.,-1.11022302462515E-16));
#4192=DIRECTION('',(3.50645081189644E-16,1.11022302462516E-16,1.));
#4193=DIRECTION('center_axis',(9.15933995315754E-16,-1.,1.11022302462515E-16));
#4194=DIRECTION('ref_axis',(-3.50645081189644E-16,-1.11022302462516E-16,
-1.));
#4195=DIRECTION('',(-3.50645081189644E-16,-1.11022302462516E-16,-1.));
#4196=DIRECTION('center_axis',(-5.68989300120392E-16,1.,-1.11022302462515E-16));
#4197=DIRECTION('ref_axis',(1.,5.68989300120392E-16,8.82936057282752E-16));
#4198=DIRECTION('',(-1.,-9.15933995315754E-16,3.50645081189644E-16));
#4199=DIRECTION('',(-1.,-9.15933995315754E-16,3.50645081189644E-16));
#4200=DIRECTION('center_axis',(-2.22044604925031E-16,1.,-1.11022302462515E-16));
#4201=DIRECTION('ref_axis',(1.,2.22044604925031E-16,8.82936057282752E-16));
#4202=DIRECTION('center_axis',(5.68989300120392E-16,-1.,1.11022302462515E-16));
#4203=DIRECTION('ref_axis',(1.,5.68989300120392E-16,8.82936057282752E-16));
#4204=DIRECTION('center_axis',(-5.68989300120392E-16,1.,-1.11022302462515E-16));
#4205=DIRECTION('ref_axis',(1.,5.68989300120392E-16,8.82936057282752E-16));
#4206=DIRECTION('',(-2.22044604925031E-16,1.,-1.11022302462515E-16));
#4207=DIRECTION('center_axis',(-1.,-2.22044604925031E-16,3.50645081189644E-16));
#4208=DIRECTION('ref_axis',(3.50645081189644E-16,1.11022302462516E-16,1.));
#4209=DIRECTION('center_axis',(1.,2.22044604925031E-16,-3.50645081189644E-16));
#4210=DIRECTION('ref_axis',(-9.09342688305273E-17,-0.707106781186548,-0.707106781186547));
#4211=DIRECTION('',(-2.22044604925031E-16,1.,-1.11022302462515E-16));
#4212=DIRECTION('center_axis',(-3.50645081189644E-16,-1.11022302462516E-16,
-1.));
#4213=DIRECTION('ref_axis',(-1.,-2.22044604925031E-16,3.50645081189644E-16));
#4214=DIRECTION('',(1.,5.68989300120392E-16,-3.50645081189644E-16));
#4215=DIRECTION('',(-2.22044604925031E-16,1.,-1.11022302462515E-16));
#4216=DIRECTION('center_axis',(-1.,-5.68989300120392E-16,3.50645081189644E-16));
#4217=DIRECTION('ref_axis',(-9.09342688305273E-17,-0.707106781186548,-0.707106781186547));
#4218=DIRECTION('center_axis',(-1.,-9.79014848987638E-16,3.50645081189644E-16));
#4219=DIRECTION('ref_axis',(-9.09342688305273E-17,-0.707106781186548,-0.707106781186547));
#4220=DIRECTION('',(-1.,-5.68989300120392E-16,3.50645081189644E-16));
#4221=DIRECTION('center_axis',(0.618606859869742,-0.785700676416978,-1.29681154461328E-16));
#4222=DIRECTION('ref_axis',(-3.50645081189644E-16,-1.11022302462516E-16,
-1.));
#4223=DIRECTION('',(3.50645081189644E-16,1.11022302462516E-16,1.));
#4224=DIRECTION('',(3.50645081189644E-16,1.11022302462516E-16,1.));
#4225=DIRECTION('center_axis',(3.50645081189644E-16,1.11022302462516E-16,
1.));
#4226=DIRECTION('ref_axis',(-0.618606859869746,0.785700676416975,1.29681154461329E-16));
#4227=DIRECTION('',(-3.50645081189644E-16,-1.11022302462516E-16,-1.));
#4228=DIRECTION('',(3.50645081189644E-16,1.11022302462516E-16,1.));
#4229=DIRECTION('center_axis',(-0.618606859869742,0.785700676416979,1.29681154461327E-16));
#4230=DIRECTION('ref_axis',(3.50645081189644E-16,1.11022302462516E-16,1.));
#4231=DIRECTION('',(3.50645081189644E-16,1.11022302462516E-16,1.));
#4232=DIRECTION('center_axis',(3.50645081189644E-16,1.11022302462516E-16,
1.));
#4233=DIRECTION('ref_axis',(-0.618606859869742,0.785700676416978,1.29681154461328E-16));
#4234=DIRECTION('',(3.50645081189644E-16,1.11022302462516E-16,1.));
#4235=DIRECTION('center_axis',(0.416666666666667,0.90905934288631,-2.47027978484651E-16));
#4236=DIRECTION('ref_axis',(3.50645081189644E-16,1.11022302462516E-16,1.));
#4237=DIRECTION('',(3.50645081189644E-16,1.11022302462516E-16,1.));
#4238=DIRECTION('center_axis',(-4.4821939461062E-17,1.,-1.11022302462516E-16));
#4239=DIRECTION('ref_axis',(3.50645081189644E-16,1.11022302462516E-16,1.));
#4240=DIRECTION('center_axis',(4.4821939461062E-17,-1.,1.11022302462516E-16));
#4241=DIRECTION('ref_axis',(-0.707106781186549,-7.85046229341893E-17,0.707106781186546));
#4242=DIRECTION('center_axis',(4.4821939461062E-17,-1.,1.11022302462516E-16));
#4243=DIRECTION('ref_axis',(-0.707106781186549,-2.35513868802566E-16,-0.707106781186546));
#4244=DIRECTION('',(3.50645081189644E-16,1.11022302462516E-16,1.));
#4245=DIRECTION('center_axis',(-0.416666666666667,-0.90905934288631,2.47027978484651E-16));
#4246=DIRECTION('ref_axis',(-3.50645081189644E-16,-1.11022302462516E-16,
-1.));
#4247=DIRECTION('',(3.50645081189644E-16,1.11022302462516E-16,1.));
#4248=DIRECTION('',(3.50645081189644E-16,1.11022302462516E-16,1.));
#4249=DIRECTION('center_axis',(3.50645081189644E-16,1.11022302462516E-16,
1.));
#4250=DIRECTION('ref_axis',(0.618606859869742,-0.785700676416978,-1.29681154461328E-16));
#4251=DIRECTION('center_axis',(-2.22044604925031E-16,1.,-1.11022302462515E-16));
#4252=DIRECTION('ref_axis',(-0.707106781186549,-2.35513868802566E-16,-0.707106781186546));
#4253=DIRECTION('center_axis',(1.59594559789866E-16,1.,-1.11022302462516E-16));
#4254=DIRECTION('ref_axis',(-0.707106781186549,-2.35513868802566E-16,-0.707106781186546));
#4255=DIRECTION('',(-2.22044604925031E-16,1.,-1.11022302462515E-16));
#4256=DIRECTION('center_axis',(-1.,-2.22044604925031E-16,3.50645081189644E-16));
#4257=DIRECTION('ref_axis',(3.50645081189644E-16,1.11022302462516E-16,1.));
#4258=DIRECTION('',(2.22044604925031E-16,-1.,1.11022302462515E-16));
#4259=DIRECTION('',(3.50645081189644E-16,1.11022302462516E-16,1.));
#4260=DIRECTION('center_axis',(-1.59594559789866E-16,-1.,1.11022302462516E-16));
#4261=DIRECTION('ref_axis',(-3.50645081189644E-16,-1.11022302462516E-16,
-1.));
#4262=DIRECTION('center_axis',(1.59594559789866E-16,1.,-1.11022302462516E-16));
#4263=DIRECTION('ref_axis',(-0.707106781186549,-7.85046229341893E-17,0.707106781186546));
#4264=DIRECTION('center_axis',(-2.22044604925031E-16,1.,-1.11022302462515E-16));
#4265=DIRECTION('ref_axis',(-0.707106781186549,-7.85046229341893E-17,0.707106781186546));
#4266=DIRECTION('center_axis',(-1.,1.29189588320018E-15,3.50645081189644E-16));
#4267=DIRECTION('ref_axis',(3.50645081189644E-16,1.11022302462516E-16,1.));
#4268=DIRECTION('',(1.29189588320018E-15,1.,-1.11022302462515E-16));
#4269=DIRECTION('',(-1.33804646692543E-16,-1.11022302462516E-16,-1.));
#4270=DIRECTION('',(1.29189588320018E-15,1.,-1.11022302462516E-16));
#4271=DIRECTION('',(2.22044604925031E-16,-1.,1.11022302462515E-16));
#4272=DIRECTION('center_axis',(1.,-1.29189588320018E-15,-3.50645081189644E-16));
#4273=DIRECTION('ref_axis',(9.09342688305271E-17,0.707106781186548,0.707106781186547));
#4274=DIRECTION('',(1.33804646692543E-16,1.11022302462516E-16,1.));
#4275=DIRECTION('center_axis',(1.26579418136659E-16,1.,-1.16073965806036E-16));
#4276=DIRECTION('ref_axis',(3.50645081189644E-16,1.16073965806036E-16,1.));
#4277=DIRECTION('center_axis',(1.26579418136659E-16,1.,-1.16073965806036E-16));
#4278=DIRECTION('ref_axis',(-0.837477944266595,-2.46627942039515E-16,-0.54647112720344));
#4279=DIRECTION('',(0.915315032422771,-1.59035898421768E-16,-0.402738614266006));
#4280=DIRECTION('center_axis',(1.24900090270329E-16,1.,-1.11022302462516E-16));
#4281=DIRECTION('ref_axis',(1.,-1.2490009027033E-16,-7.75213191202402E-15));
#4282=DIRECTION('',(-6.39297224724977E-15,-1.11022302462515E-16,-1.));
#4283=DIRECTION('center_axis',(1.24900090270329E-16,1.,-1.11022302462516E-16));
#4284=DIRECTION('ref_axis',(-2.20101678889824E-15,-1.11022302462515E-16,
-1.));
#4285=DIRECTION('',(-1.,1.24900090270329E-16,-1.32060581690855E-16));
#4286=DIRECTION('',(-3.50645081189644E-16,-1.11022302462516E-16,-1.));
#4287=DIRECTION('',(1.,-1.24900090270329E-16,-3.50645081189644E-16));
#4288=DIRECTION('center_axis',(1.24900090270329E-16,1.,-1.11022302462516E-16));
#4289=DIRECTION('ref_axis',(1.,-1.24900090270328E-16,1.44523285804791E-14));
#4290=DIRECTION('',(2.46293729728764E-14,-1.11022302462519E-16,-1.));
#4291=DIRECTION('center_axis',(1.24900090270329E-16,1.,-1.11022302462516E-16));
#4292=DIRECTION('ref_axis',(-2.20101678889824E-15,-1.11022302462515E-16,
-1.));
#4293=DIRECTION('',(-1.,1.2490009027033E-16,5.90176020431531E-15));
#4294=DIRECTION('center_axis',(-1.24900090270329E-16,-1.,1.11022302462516E-16));
#4295=DIRECTION('ref_axis',(-3.50645081189644E-16,-1.11022302462516E-16,
-1.));
#4296=DIRECTION('',(-1.27583093504394E-15,-1.11022302462515E-16,-1.));
#4297=DIRECTION('center_axis',(-1.24900090270329E-16,-1.,1.11022302462516E-16));
#4298=DIRECTION('ref_axis',(1.,-1.24900090270329E-16,-3.50645081189644E-16));
#4299=DIRECTION('',(1.,-1.24900090270329E-16,-8.44077536578602E-16));
#4300=DIRECTION('',(0.707106781186547,-9.81307786677308E-18,0.707106781186548));
#4301=DIRECTION('',(7.98589776225325E-17,1.11022302462516E-16,1.));
#4302=DIRECTION('center_axis',(1.24900090270329E-16,1.,-1.11022302462516E-16));
#4303=DIRECTION('ref_axis',(1.,-1.24900090270329E-16,8.82936057282752E-16));
#4304=DIRECTION('',(1.,-1.26579418136659E-16,-3.50645081189644E-16));
#4305=DIRECTION('',(2.20664101901285E-15,1.11022302462515E-16,1.));
#4306=DIRECTION('',(1.,-1.26579418136659E-16,-3.50645081189644E-16));
#4307=DIRECTION('center_axis',(-1.26579418136659E-16,-1.,1.16073965806036E-16));
#4308=DIRECTION('ref_axis',(0.707106781186547,-1.88411095042053E-15,-0.707106781186547));
#4309=DIRECTION('',(-1.,1.24900090270329E-16,3.70038599428262E-18));
#4310=DIRECTION('center_axis',(-1.26579418136659E-16,-1.,1.16073965806036E-16));
#4311=DIRECTION('ref_axis',(-0.622551400810102,-2.25117892496066E-16,-0.782578911899228));
#4312=DIRECTION('',(-0.224859506698759,1.36264126730037E-16,0.97439119569462));
#4313=DIRECTION('center_axis',(1.26579418136659E-16,1.,-1.16073965806036E-16));
#4314=DIRECTION('ref_axis',(0.622551400810102,2.25117892496066E-16,0.782578911899228));
#4315=DIRECTION('',(-1.,1.24900090270329E-16,1.33804646692543E-16));
#4316=DIRECTION('center_axis',(1.26579418136659E-16,1.,-1.16073965806036E-16));
#4317=DIRECTION('ref_axis',(-0.707106781186548,-7.8504622934189E-17,0.707106781186547));
#4318=DIRECTION('',(-7.30893250333549E-17,-1.11022302462516E-16,-1.));
#4319=DIRECTION('center_axis',(3.50645081189644E-16,1.11022302462516E-16,
1.));
#4320=DIRECTION('ref_axis',(-1.,-2.22044604925031E-16,3.50645081189644E-16));
#4321=DIRECTION('',(-1.,-3.95516952522712E-16,3.50645081189644E-16));
#4322=DIRECTION('',(2.22044604925031E-16,-1.,1.11022302462515E-16));
#4323=DIRECTION('',(1.,-2.40548322002117E-16,-3.50645081189644E-16));
#4324=DIRECTION('',(-3.25762808541329E-16,-1.,1.11022302462516E-16));
#4325=DIRECTION('',(-1.,4.71844785465691E-16,3.50645081189644E-16));
#4326=DIRECTION('',(2.22044604925031E-16,-1.,1.11022302462515E-16));
#4327=DIRECTION('center_axis',(1.,2.22044604925031E-16,-3.50645081189644E-16));
#4328=DIRECTION('ref_axis',(3.50645081189644E-16,1.11022302462516E-16,1.));
#4329=DIRECTION('center_axis',(1.,2.22044604925031E-16,-3.50645081189644E-16));
#4330=DIRECTION('ref_axis',(-4.04952760567282E-16,0.707106781186547,-0.707106781186548));
#4331=DIRECTION('',(-3.50645081189644E-16,-1.11022302462516E-16,-1.));
#4332=DIRECTION('',(2.22044604925031E-16,-1.,1.11022302462515E-16));
#4333=DIRECTION('center_axis',(-1.,-2.22044604925031E-16,7.98589776225325E-17));
#4334=DIRECTION('ref_axis',(-7.98589776225325E-17,-1.11022302462515E-16,
-1.));
#4335=DIRECTION('',(2.22044604925031E-16,-1.,1.11022302462515E-16));
#4336=DIRECTION('',(-7.98589776225325E-17,-1.11022302462516E-16,-1.));
#4337=DIRECTION('',(2.22044604925031E-16,-1.,1.11022302462515E-16));
#4338=DIRECTION('center_axis',(-0.707106781186548,-7.85046229341889E-17,
0.707106781186547));
#4339=DIRECTION('ref_axis',(-0.707106781186547,-2.35513868802566E-16,-0.707106781186548));
#4340=DIRECTION('',(2.22044604925031E-16,-1.,1.11022302462515E-16));
#4341=DIRECTION('',(-0.707106781186547,9.81307786677308E-18,-0.707106781186548));
#4342=DIRECTION('center_axis',(8.44077536578602E-16,1.11022302462516E-16,
1.));
#4343=DIRECTION('ref_axis',(-1.,-2.22044604925031E-16,8.44077536578602E-16));
#4344=DIRECTION('',(2.22044604925031E-16,-1.,1.11022302462515E-16));
#4345=DIRECTION('',(-1.,1.24900090270329E-16,8.44077536578602E-16));
#4346=DIRECTION('center_axis',(-2.22044604925031E-16,1.,-1.11022302462515E-16));
#4347=DIRECTION('ref_axis',(1.,2.22044604925031E-16,-3.50645081189644E-16));
#4348=DIRECTION('',(2.22044604925031E-16,-1.,1.11022302462515E-16));
#4349=DIRECTION('center_axis',(1.24900090270329E-16,1.,-1.11022302462516E-16));
#4350=DIRECTION('ref_axis',(1.,-1.24900090270329E-16,-3.50645081189644E-16));
#4351=DIRECTION('center_axis',(1.,2.22044604925031E-16,-1.27583093504394E-15));
#4352=DIRECTION('ref_axis',(1.27583093504394E-15,1.11022302462516E-16,1.));
#4353=DIRECTION('',(2.22044604925031E-16,-1.,1.11022302462515E-16));
#4354=DIRECTION('',(1.27583093504394E-15,1.11022302462515E-16,1.));
#4355=DIRECTION('center_axis',(-2.22044604925031E-16,1.,-1.11022302462515E-16));
#4356=DIRECTION('ref_axis',(-3.50645081189644E-16,-1.11022302462516E-16,
-1.));
#4357=DIRECTION('',(2.22044604925031E-16,-1.,1.11022302462515E-16));
#4358=DIRECTION('center_axis',(1.24900090270329E-16,1.,-1.11022302462516E-16));
#4359=DIRECTION('ref_axis',(-3.50645081189644E-16,-1.11022302462516E-16,
-1.));
#4360=DIRECTION('center_axis',(-5.90176020431531E-15,-1.11022302462517E-16,
-1.));
#4361=DIRECTION('ref_axis',(1.,2.22044604925031E-16,-5.90176020431531E-15));
#4362=DIRECTION('',(2.22044604925031E-16,-1.,1.11022302462515E-16));
#4363=DIRECTION('',(1.,-1.2490009027033E-16,-5.90176020431531E-15));
#4364=DIRECTION('center_axis',(-2.22044604925031E-16,1.,-1.11022302462515E-16));
#4365=DIRECTION('ref_axis',(-2.20101678889824E-15,-1.11022302462516E-16,
-1.));
#4366=DIRECTION('',(2.22044604925031E-16,-1.,1.11022302462515E-16));
#4367=DIRECTION('center_axis',(-1.24900090270329E-16,-1.,1.11022302462516E-16));
#4368=DIRECTION('ref_axis',(-2.20101678889824E-15,-1.11022302462515E-16,
-1.));
#4369=DIRECTION('center_axis',(1.,2.22044604925034E-16,2.46293729728764E-14));
#4370=DIRECTION('ref_axis',(-2.46293729728764E-14,1.1102230246251E-16,1.));
#4371=DIRECTION('',(2.22044604925031E-16,-1.,1.11022302462515E-16));
#4372=DIRECTION('',(-2.46293729728764E-14,1.11022302462519E-16,1.));
#4373=DIRECTION('center_axis',(-2.22044604925031E-16,1.,-1.11022302462515E-16));
#4374=DIRECTION('ref_axis',(1.,2.22044604925033E-16,1.44523285804791E-14));
#4375=DIRECTION('',(2.22044604925031E-16,-1.,1.11022302462515E-16));
#4376=DIRECTION('center_axis',(-1.24900090270329E-16,-1.,1.11022302462516E-16));
#4377=DIRECTION('ref_axis',(1.,-1.24900090270328E-16,1.44523285804791E-14));
#4378=DIRECTION('center_axis',(1.32060581690855E-16,-1.11022302462515E-16,
-1.));
#4379=DIRECTION('ref_axis',(1.,2.22044604925031E-16,1.32060581690855E-16));
#4380=DIRECTION('',(-2.22044604925031E-16,1.,-1.11022302462515E-16));
#4381=DIRECTION('',(1.,3.99267270389001E-16,-3.50645081189644E-16));
#4382=DIRECTION('',(0.909059342886309,0.416666666666667,-3.65016479785289E-16));
#4383=DIRECTION('center_axis',(-3.50645081189644E-16,-1.11022302462516E-16,
-1.));
#4384=DIRECTION('ref_axis',(-0.618606859869742,-0.785700676416979,3.04141750745665E-16));
#4385=DIRECTION('',(0.785700676416979,-0.618606859869741,-2.06822919571144E-16));
#4386=DIRECTION('center_axis',(3.50645081189644E-16,1.11022302462516E-16,
1.));
#4387=DIRECTION('ref_axis',(-0.618606859869746,-0.785700676416975,3.04141750745666E-16));
#4388=DIRECTION('',(2.22044604925031E-16,-1.,1.11022302462515E-16));
#4389=DIRECTION('',(1.,-1.24900090270329E-16,1.32060581690855E-16));
#4390=DIRECTION('',(-0.785700676416979,0.618606859869742,2.06822919571144E-16));
#4391=DIRECTION('center_axis',(3.50645081189644E-16,1.11022302462516E-16,
1.));
#4392=DIRECTION('ref_axis',(0.618606859869742,0.785700676416979,-3.04141750745665E-16));
#4393=DIRECTION('',(-0.909059342886309,-0.416666666666667,3.65016479785289E-16));
#4394=DIRECTION('',(-1.,-6.03683769639929E-16,3.50645081189644E-16));
#4395=DIRECTION('center_axis',(-2.22044604925031E-16,1.,-1.11022302462515E-16));
#4396=DIRECTION('ref_axis',(-2.20101678889824E-15,-1.11022302462516E-16,
-1.));
#4397=DIRECTION('',(2.22044604925031E-16,-1.,1.11022302462515E-16));
#4398=DIRECTION('center_axis',(-1.24900090270329E-16,-1.,1.11022302462516E-16));
#4399=DIRECTION('ref_axis',(-2.20101678889824E-15,-1.11022302462515E-16,
-1.));
#4400=DIRECTION('center_axis',(1.,2.22044604925031E-16,-6.39297224724977E-15));
#4401=DIRECTION('ref_axis',(6.39297224724977E-15,1.11022302462517E-16,1.));
#4402=DIRECTION('',(2.22044604925031E-16,-1.,1.11022302462515E-16));
#4403=DIRECTION('',(6.39297224724977E-15,1.11022302462515E-16,1.));
#4404=DIRECTION('center_axis',(-2.22044604925031E-16,1.,-1.11022302462515E-16));
#4405=DIRECTION('ref_axis',(1.,2.2204460492503E-16,-7.75213191202402E-15));
#4406=DIRECTION('',(2.22044604925031E-16,-1.,1.11022302462515E-16));
#4407=DIRECTION('center_axis',(-1.24900090270329E-16,-1.,1.11022302462516E-16));
#4408=DIRECTION('ref_axis',(1.,-1.2490009027033E-16,-7.75213191202402E-15));
#4409=DIRECTION('center_axis',(0.402738614266006,1.91046318870878E-16,0.915315032422771));
#4410=DIRECTION('ref_axis',(-0.915315032422771,-1.58527796509882E-16,0.402738614266006));
#4411=DIRECTION('',(2.22044604925031E-16,-1.,1.11022302462515E-16));
#4412=DIRECTION('',(-0.915315032422771,1.59035898421768E-16,0.402738614266006));
#4413=DIRECTION('center_axis',(-1.33804646692543E-16,-1.11022302462515E-16,
-1.));
#4414=DIRECTION('ref_axis',(1.,2.22044604925031E-16,-1.33804646692543E-16));
#4415=DIRECTION('',(-2.22044604925031E-16,1.,-1.11022302462515E-16));
#4416=DIRECTION('',(2.22044604925031E-16,-1.,1.11022302462515E-16));
#4417=DIRECTION('',(1.,-1.24900090270329E-16,-1.33804646692543E-16));
#4418=DIRECTION('center_axis',(-3.50645081189644E-16,-1.11022302462512E-16,
-1.));
#4419=DIRECTION('ref_axis',(1.,2.22044604925031E-16,-3.50645081189644E-16));
#4420=DIRECTION('',(5.71712644787859E-16,1.,-1.11022302462516E-16));
#4421=DIRECTION('',(-1.,4.71844785465691E-16,3.50645081189644E-16));
#4422=DIRECTION('',(-3.25762808541329E-16,-1.,1.11022302462516E-16));
#4423=DIRECTION('center_axis',(-4.71844785465691E-16,-1.,1.11022302462516E-16));
#4424=DIRECTION('ref_axis',(-3.50645081189644E-16,-1.11022302462516E-16,
-1.));
#4425=DIRECTION('',(3.50645081189644E-16,1.11022302462516E-16,1.));
#4426=DIRECTION('center_axis',(1.24900090270329E-16,1.,-1.11022302462516E-16));
#4427=DIRECTION('ref_axis',(1.,-1.24900090270329E-16,8.82936057282752E-16));
#4428=DIRECTION('center_axis',(2.40548322002117E-16,1.,-1.11022302462516E-16));
#4429=DIRECTION('ref_axis',(3.50645081189644E-16,1.11022302462516E-16,1.));
#4430=DIRECTION('',(3.50645081189644E-16,1.11022302462516E-16,1.));
#4431=DIRECTION('',(3.50645081189644E-16,1.11022302462516E-16,1.));
#4432=DIRECTION('center_axis',(1.,-3.25762808541329E-16,-3.50645081189644E-16));
#4433=DIRECTION('ref_axis',(3.50645081189644E-16,1.11022302462516E-16,1.));
#4434=DIRECTION('center_axis',(-2.22044604925031E-16,1.,-1.11022302462515E-16));
#4435=DIRECTION('ref_axis',(1.,2.22044604925031E-16,8.82936057282752E-16));
#4436=DIRECTION('center_axis',(-1.24900090270329E-16,-1.,1.11022302462516E-16));
#4437=DIRECTION('ref_axis',(1.,-1.24900090270329E-16,8.82936057282752E-16));
#4438=DIRECTION('center_axis',(-1.,-3.95516952522712E-16,3.50645081189644E-16));
#4439=DIRECTION('ref_axis',(-4.04952760567282E-16,0.707106781186547,-0.707106781186548));
#4440=DIRECTION('center_axis',(-1.,-4.74368019612567E-16,3.50645081189644E-16));
#4441=DIRECTION('ref_axis',(-4.04952760567282E-16,0.707106781186547,-0.707106781186548));
#4442=DIRECTION('',(1.,3.95516952522712E-16,-3.50645081189644E-16));
#4443=DIRECTION('center_axis',(-0.618606859869742,-0.785700676416979,3.04141750745665E-16));
#4444=DIRECTION('ref_axis',(-3.50645081189644E-16,-1.11022302462516E-16,
-1.));
#4445=DIRECTION('',(3.50645081189644E-16,1.11022302462516E-16,1.));
#4446=DIRECTION('',(-0.785700676416979,0.618606859869742,2.06822919571144E-16));
#4447=DIRECTION('',(3.50645081189644E-16,1.11022302462516E-16,1.));
#4448=DIRECTION('center_axis',(-3.50645081189644E-16,-1.11022302462516E-16,
-1.));
#4449=DIRECTION('ref_axis',(-0.618606859869746,-0.785700676416975,3.04141750745666E-16));
#4450=DIRECTION('',(3.50645081189644E-16,1.11022302462516E-16,1.));
#4451=DIRECTION('center_axis',(3.50645081189644E-16,1.11022302462516E-16,
1.));
#4452=DIRECTION('ref_axis',(-0.618606859869746,-0.785700676416975,3.04141750745666E-16));
#4453=DIRECTION('center_axis',(0.618606859869741,0.785700676416979,-3.04141750745665E-16));
#4454=DIRECTION('ref_axis',(3.50645081189644E-16,1.11022302462516E-16,1.));
#4455=DIRECTION('',(3.50645081189644E-16,1.11022302462516E-16,1.));
#4456=DIRECTION('',(0.785700676416979,-0.618606859869741,-2.06822919571144E-16));
#4457=DIRECTION('center_axis',(-3.50645081189644E-16,-1.11022302462516E-16,
-1.));
#4458=DIRECTION('ref_axis',(-0.618606859869742,-0.785700676416979,3.04141750745665E-16));
#4459=DIRECTION('',(3.50645081189644E-16,1.11022302462516E-16,1.));
#4460=DIRECTION('center_axis',(-3.50645081189644E-16,-1.11022302462516E-16,
-1.));
#4461=DIRECTION('ref_axis',(-0.618606859869742,-0.785700676416979,3.04141750745665E-16));
#4462=DIRECTION('center_axis',(-0.416666666666667,0.909059342886309,4.51762558400524E-17));
#4463=DIRECTION('ref_axis',(3.50645081189644E-16,1.11022302462516E-16,1.));
#4464=DIRECTION('',(3.50645081189644E-16,1.11022302462516E-16,1.));
#4465=DIRECTION('',(0.909059342886309,0.416666666666667,-3.65016479785289E-16));
#4466=DIRECTION('center_axis',(-3.99267270389001E-16,1.,-1.11022302462515E-16));
#4467=DIRECTION('ref_axis',(3.50645081189644E-16,1.11022302462516E-16,1.));
#4468=DIRECTION('center_axis',(-3.99267270389001E-16,1.,-1.11022302462515E-16));
#4469=DIRECTION('ref_axis',(-0.707106781186549,-7.85046229341893E-17,0.707106781186546));
#4470=DIRECTION('',(3.50645081189644E-16,1.11022302462516E-16,1.));
#4471=DIRECTION('center_axis',(-3.99267270389001E-16,1.,-1.11022302462515E-16));
#4472=DIRECTION('ref_axis',(-0.707106781186549,-2.35513868802566E-16,-0.707106781186546));
#4473=DIRECTION('',(1.,3.99267270389001E-16,-3.50645081189644E-16));
#4474=DIRECTION('center_axis',(0.416666666666667,-0.909059342886309,-4.51762558400524E-17));
#4475=DIRECTION('ref_axis',(-3.50645081189644E-16,-1.11022302462516E-16,
-1.));
#4476=DIRECTION('',(3.50645081189644E-16,1.11022302462516E-16,1.));
#4477=DIRECTION('',(-0.909059342886309,-0.416666666666667,3.65016479785289E-16));
#4478=DIRECTION('',(3.50645081189644E-16,1.11022302462516E-16,1.));
#4479=DIRECTION('center_axis',(-3.50645081189644E-16,-1.11022302462516E-16,
-1.));
#4480=DIRECTION('ref_axis',(0.618606859869742,0.785700676416979,-3.04141750745665E-16));
#4481=DIRECTION('center_axis',(3.50645081189644E-16,1.11022302462516E-16,
1.));
#4482=DIRECTION('ref_axis',(0.618606859869742,0.785700676416979,-3.04141750745665E-16));
#4483=DIRECTION('center_axis',(3.50645081189644E-16,1.11022302462516E-16,
1.));
#4484=DIRECTION('ref_axis',(-1.,-2.22044604925031E-16,3.50645081189644E-16));
#4485=DIRECTION('',(2.22044604925031E-16,-1.,1.11022302462515E-16));
#4486=DIRECTION('',(-1.,-6.03683769639929E-16,3.50645081189644E-16));
#4487=DIRECTION('',(-1.,1.24900090270329E-16,3.50645081189644E-16));
#4488=DIRECTION('center_axis',(2.22044604925031E-16,-1.,1.11022302462515E-16));
#4489=DIRECTION('ref_axis',(-0.707106781186549,-2.35513868802566E-16,-0.707106781186546));
#4490=DIRECTION('',(-2.22044604925031E-16,1.,-1.11022302462515E-16));
#4491=DIRECTION('center_axis',(6.03683769639929E-16,-1.,1.11022302462515E-16));
#4492=DIRECTION('ref_axis',(-0.707106781186549,-2.35513868802566E-16,-0.707106781186546));
#4493=DIRECTION('center_axis',(6.03683769639929E-16,-1.,1.11022302462515E-16));
#4494=DIRECTION('ref_axis',(-3.50645081189644E-16,-1.11022302462516E-16,
-1.));
#4495=DIRECTION('center_axis',(6.03683769639929E-16,-1.,1.11022302462515E-16));
#4496=DIRECTION('ref_axis',(-0.707106781186549,-7.85046229341893E-17,0.707106781186546));
#4497=DIRECTION('',(3.50645081189644E-16,1.11022302462516E-16,1.));
#4498=DIRECTION('center_axis',(1.,2.22044604925031E-16,-3.50645081189644E-16));
#4499=DIRECTION('ref_axis',(3.50645081189644E-16,1.11022302462516E-16,1.));
#4500=DIRECTION('',(2.22044604925031E-16,-1.,1.11022302462515E-16));
#4501=DIRECTION('center_axis',(2.22044604925031E-16,-1.,1.11022302462515E-16));
#4502=DIRECTION('ref_axis',(-0.707106781186549,-7.85046229341893E-17,0.707106781186546));
#4503=DIRECTION('center_axis',(1.,4.74368019612567E-16,-3.50645081189644E-16));
#4504=DIRECTION('ref_axis',(-3.50645081189644E-16,-1.11022302462516E-16,
-1.));
#4505=DIRECTION('center_axis',(-1.,-4.74368019612567E-16,3.50645081189644E-16));
#4506=DIRECTION('ref_axis',(9.09342688305271E-17,0.707106781186548,0.707106781186547));
#4507=DIRECTION('',(4.74368019612567E-16,-1.,1.11022302462515E-16));
#4508=DIRECTION('',(4.74368019612567E-16,-1.,1.11022302462515E-16));
#4509=DIRECTION('',(-2.20664101901285E-15,-1.11022302462515E-16,-1.));
#4510=DIRECTION('center_axis',(-1.,-3.95516952522712E-16,3.50645081189644E-16));
#4511=DIRECTION('ref_axis',(9.09342688305271E-17,0.707106781186548,0.707106781186547));
#4512=DIRECTION('',(1.,3.95516952522712E-16,-3.50645081189644E-16));
#4513=DIRECTION('',(-1.,-3.95516952522712E-16,3.50645081189644E-16));
#4514=DIRECTION('center_axis',(1.,9.79014848987638E-16,-3.50645081189644E-16));
#4515=DIRECTION('ref_axis',(-3.50645081189644E-16,-1.11022302462516E-16,
-1.));
#4516=DIRECTION('center_axis',(-1.,-9.79014848987638E-16,3.50645081189644E-16));
#4517=DIRECTION('ref_axis',(4.04952760567282E-16,-0.707106781186548,0.707106781186547));
#4518=DIRECTION('',(-2.20664101901285E-15,-1.11022302462517E-16,-1.));
#4519=DIRECTION('',(1.01580185463792E-15,-1.,1.11022302462515E-16));
#4520=DIRECTION('',(2.20664101901285E-15,1.11022302462517E-16,1.));
#4521=DIRECTION('',(9.79014848987638E-16,-1.,1.11022302462515E-16));
#4522=DIRECTION('',(9.79014848987638E-16,-1.,1.11022302462515E-16));
#4523=DIRECTION('center_axis',(1.,5.68989300120392E-16,-3.50645081189644E-16));
#4524=DIRECTION('ref_axis',(4.04952760567282E-16,-0.707106781186548,0.707106781186547));
#4525=DIRECTION('',(-1.,-5.68989300120392E-16,3.50645081189644E-16));
#4526=DIRECTION('center_axis',(1.,2.22044604925031E-16,-3.50645081189644E-16));
#4527=DIRECTION('ref_axis',(4.04952760567282E-16,-0.707106781186548,0.707106781186547));
#4528=DIRECTION('',(1.,5.68989300120392E-16,-3.50645081189644E-16));
#4529=DIRECTION('center_axis',(-5.70668627986722E-16,1.,-1.05970639118995E-16));
#4530=DIRECTION('ref_axis',(3.50645081189644E-16,1.05970639118995E-16,1.));
#4531=DIRECTION('center_axis',(5.70668627986722E-16,-1.,1.05970639118995E-16));
#4532=DIRECTION('ref_axis',(-0.837477944266595,-2.46627942039516E-16,-0.546471127203439));
#4533=DIRECTION('',(-7.30893250333549E-17,-1.11022302462515E-16,-1.));
#4534=DIRECTION('center_axis',(5.70668627986722E-16,-1.,1.05970639118995E-16));
#4535=DIRECTION('ref_axis',(-0.707106781186547,-7.85046229341889E-17,0.707106781186547));
#4536=DIRECTION('center_axis',(5.70668627986722E-16,-1.,1.05970639118995E-16));
#4537=DIRECTION('ref_axis',(0.622551400810102,2.25117892496066E-16,0.782578911899228));
#4538=DIRECTION('',(-0.224859506698759,-1.97634992967234E-17,0.97439119569462));
#4539=DIRECTION('center_axis',(-5.70668627986722E-16,1.,-1.05970639118995E-16));
#4540=DIRECTION('ref_axis',(-0.622551400810102,-2.25117892496066E-16,-0.782578911899228));
#4541=DIRECTION('',(-1.,-5.68989300120392E-16,3.70038599428272E-18));
#4542=DIRECTION('center_axis',(-5.70668627986722E-16,1.,-1.05970639118995E-16));
#4543=DIRECTION('ref_axis',(0.707106781186547,7.85046229341889E-17,-0.707106781186547));
#4544=DIRECTION('',(-1.33804646692543E-16,-1.11022302462515E-16,-1.));
#4545=DIRECTION('',(-1.,-5.70668627986722E-16,3.50645081189644E-16));
#4546=DIRECTION('',(-1.,-5.70668627986722E-16,3.50645081189644E-16));
#4547=DIRECTION('center_axis',(-2.22044604925031E-16,1.,-1.11022302462515E-16));
#4548=DIRECTION('ref_axis',(-0.707106781186547,-7.85046229341889E-17,0.707106781186547));
#4549=DIRECTION('',(2.22044604925031E-16,-1.,1.11022302462515E-16));
#4550=DIRECTION('center_axis',(-5.68989300120392E-16,1.,-1.11022302462515E-16));
#4551=DIRECTION('ref_axis',(-0.707106781186547,-7.85046229341889E-17,0.707106781186547));
#4552=DIRECTION('center_axis',(0.97439119569462,2.41322728254722E-16,0.224859506698759));
#4553=DIRECTION('ref_axis',(0.224859506698759,-5.82503137166568E-17,-0.97439119569462));
#4554=DIRECTION('',(2.22044604925031E-16,-1.,1.11022302462515E-16));
#4555=DIRECTION('',(-2.22044604925031E-16,1.,-1.11022302462515E-16));
#4556=DIRECTION('',(0.224859506698759,1.97634992967234E-17,-0.97439119569462));
#4557=DIRECTION('center_axis',(-2.22044604925031E-16,1.,-1.11022302462515E-16));
#4558=DIRECTION('ref_axis',(0.622551400810102,2.25117892496066E-16,0.782578911899228));
#4559=DIRECTION('center_axis',(-5.68989300120392E-16,1.,-1.11022302462515E-16));
#4560=DIRECTION('ref_axis',(0.622551400810102,2.25117892496066E-16,0.782578911899228));
#4561=DIRECTION('center_axis',(3.70038599428267E-18,1.11022302462515E-16,
1.));
#4562=DIRECTION('ref_axis',(1.,2.22044604925031E-16,-3.70038599428267E-18));
#4563=DIRECTION('',(2.22044604925031E-16,-1.,1.11022302462515E-16));
#4564=DIRECTION('',(-2.22044604925031E-16,1.,-1.11022302462515E-16));
#4565=DIRECTION('',(1.,5.68989300120392E-16,-3.70038599428272E-18));
#4566=DIRECTION('center_axis',(-2.22044604925031E-16,1.,-1.11022302462515E-16));
#4567=DIRECTION('ref_axis',(-0.622551400810102,-2.25117892496066E-16,-0.782578911899228));
#4568=DIRECTION('center_axis',(5.68989300120392E-16,-1.,1.11022302462515E-16));
#4569=DIRECTION('ref_axis',(-0.622551400810102,-2.25117892496066E-16,-0.782578911899228));
#4570=DIRECTION('center_axis',(-1.,-2.22044604925031E-16,3.50645081189644E-16));
#4571=DIRECTION('ref_axis',(3.50645081189644E-16,1.11022302462516E-16,1.));
#4572=DIRECTION('',(-2.22044604925031E-16,1.,-1.11022302462515E-16));
#4573=DIRECTION('',(3.50645081189644E-16,1.11022302462516E-16,1.));
#4574=DIRECTION('',(-2.22044604925031E-16,1.,-1.11022302462515E-16));
#4575=DIRECTION('',(-2.22044604925031E-16,1.,-1.11022302462515E-16));
#4576=DIRECTION('center_axis',(-2.22044604925031E-16,1.,-1.11022302462515E-16));
#4577=DIRECTION('ref_axis',(0.707106781186547,7.85046229341889E-17,-0.707106781186547));
#4578=DIRECTION('center_axis',(5.68989300120392E-16,-1.,1.11022302462515E-16));
#4579=DIRECTION('ref_axis',(0.707106781186547,7.85046229341889E-17,-0.707106781186547));
#4580=DIRECTION('center_axis',(5.68989300120392E-16,-1.,1.11022302462515E-16));
#4581=DIRECTION('ref_axis',(-3.50645081189644E-16,-1.11022302462516E-16,
-1.));
#4582=DIRECTION('center_axis',(-5.68989300120392E-16,1.,-1.11022302462515E-16));
#4583=DIRECTION('ref_axis',(-0.837477944266595,-2.46627942039516E-16,-0.546471127203439));
#4584=DIRECTION('',(7.30893250333549E-17,1.11022302462515E-16,1.));
#4585=DIRECTION('center_axis',(-1.,-2.22044604925031E-16,7.30893250333549E-17));
#4586=DIRECTION('ref_axis',(7.30893250333549E-17,1.11022302462515E-16,1.));
#4587=DIRECTION('',(-2.22044604925031E-16,1.,-1.11022302462515E-16));
#4588=DIRECTION('center_axis',(-2.22044604925031E-16,1.,-1.11022302462515E-16));
#4589=DIRECTION('ref_axis',(-0.837477944266595,-2.46627942039516E-16,-0.546471127203439));
#4590=DIRECTION('center_axis',(2.22044604925031E-16,-1.,1.11022302462515E-16));
#4591=DIRECTION('ref_axis',(-0.622551400810102,-2.25117892496066E-16,-0.782578911899228));
#4592=DIRECTION('center_axis',(-3.95516952522712E-16,1.,-1.11022302462515E-16));
#4593=DIRECTION('ref_axis',(-0.622551400810102,-2.25117892496066E-16,-0.782578911899228));
#4594=DIRECTION('',(2.22044604925031E-16,-1.,1.11022302462515E-16));
#4595=DIRECTION('',(-2.22044604925031E-16,1.,-1.11022302462515E-16));
#4596=DIRECTION('center_axis',(-3.70038599428267E-18,-1.11022302462515E-16,
-1.));
#4597=DIRECTION('ref_axis',(1.,2.22044604925031E-16,-3.70038599428267E-18));
#4598=DIRECTION('',(-1.29189588320018E-15,-1.,1.11022302462515E-16));
#4599=DIRECTION('',(1.,-1.24900090270329E-16,-3.70038599428262E-18));
#4600=DIRECTION('center_axis',(-1.29189588320018E-15,-1.,1.11022302462515E-16));
#4601=DIRECTION('ref_axis',(0.707106781186547,-1.88411095042053E-15,-0.707106781186547));
#4602=DIRECTION('center_axis',(-3.95516952522712E-16,1.,-1.11022302462515E-16));
#4603=DIRECTION('ref_axis',(0.707106781186547,-1.88411095042053E-15,-0.707106781186547));
#4604=DIRECTION('center_axis',(-0.97439119569462,-2.41322728254722E-16,
-0.224859506698759));
#4605=DIRECTION('ref_axis',(0.224859506698759,-5.82503137166568E-17,-0.97439119569462));
#4606=DIRECTION('',(-2.22044604925031E-16,1.,-1.11022302462515E-16));
#4607=DIRECTION('',(0.224859506698759,-1.36264126730037E-16,-0.97439119569462));
#4608=DIRECTION('center_axis',(2.22044604925031E-16,-1.,1.11022302462515E-16));
#4609=DIRECTION('ref_axis',(0.622551400810102,2.25117892496066E-16,0.782578911899228));
#4610=DIRECTION('center_axis',(3.95516952522712E-16,-1.,1.11022302462515E-16));
#4611=DIRECTION('ref_axis',(0.622551400810102,2.25117892496066E-16,0.782578911899228));
#4612=DIRECTION('center_axis',(2.22044604925031E-16,-1.,1.11022302462515E-16));
#4613=DIRECTION('ref_axis',(-0.707106781186548,-7.8504622934189E-17,0.707106781186547));
#4614=DIRECTION('center_axis',(3.95516952522712E-16,-1.,1.11022302462515E-16));
#4615=DIRECTION('ref_axis',(-0.707106781186548,-7.8504622934189E-17,0.707106781186547));
#4616=DIRECTION('',(2.22044604925031E-16,-1.,1.11022302462515E-16));
#4617=DIRECTION('center_axis',(1.,2.22044604925031E-16,-7.30893250333549E-17));
#4618=DIRECTION('ref_axis',(7.30893250333549E-17,1.11022302462515E-16,1.));
#4619=DIRECTION('',(-2.22044604925031E-16,1.,-1.11022302462515E-16));
#4620=DIRECTION('',(7.30893250333549E-17,1.11022302462516E-16,1.));
#4621=DIRECTION('center_axis',(-3.95516952522712E-16,1.,-1.11022302462515E-16));
#4622=DIRECTION('ref_axis',(3.50645081189644E-16,1.11022302462516E-16,1.));
#4623=DIRECTION('center_axis',(3.95516952522712E-16,-1.,1.11022302462515E-16));
#4624=DIRECTION('ref_axis',(-0.837477944266595,-2.46627942039515E-16,-0.54647112720344));
#4625=DIRECTION('center_axis',(2.22044604925031E-16,-1.,1.11022302462515E-16));
#4626=DIRECTION('ref_axis',(-0.837477944266595,-2.46627942039515E-16,-0.54647112720344));
#4627=DIRECTION('center_axis',(3.50645081189644E-16,1.11022302462516E-16,
1.));
#4628=DIRECTION('ref_axis',(1.,2.22044604925031E-16,-3.50645081189644E-16));
#4629=DIRECTION('center_axis',(3.50645081189644E-16,1.11022302462516E-16,
1.));
#4630=DIRECTION('ref_axis',(1.,2.22044604925031E-16,-3.50645081189644E-16));
#4631=DIRECTION('center_axis',(3.50645081189644E-16,1.11022302462516E-16,
1.));
#4632=DIRECTION('ref_axis',(1.,2.22044604925031E-16,-3.50645081189644E-16));
#4633=DIRECTION('center_axis',(3.50645081189644E-16,1.11022302462516E-16,
1.));
#4634=DIRECTION('ref_axis',(1.,2.22044604925031E-16,-3.50645081189644E-16));
#4635=DIRECTION('center_axis',(3.50645081189644E-16,1.1102230246252E-16,
1.));
#4636=DIRECTION('ref_axis',(1.,2.22044604925031E-16,-3.50645081189644E-16));
#4637=DIRECTION('center_axis',(-5.59162749724911E-17,-1.11022302462516E-16,
-1.));
#4638=DIRECTION('ref_axis',(1.,5.0844550531823E-32,-5.59162749724911E-17));
#4639=DIRECTION('center_axis',(-5.59162749724911E-17,-1.11022302462516E-16,
-1.));
#4640=DIRECTION('ref_axis',(1.,5.0844550531823E-32,-5.59162749724911E-17));
#4641=DIRECTION('center_axis',(-5.59162749724911E-17,-1.11022302462516E-16,
-1.));
#4642=DIRECTION('ref_axis',(1.,5.0844550531823E-32,-5.59162749724911E-17));
#4643=DIRECTION('center_axis',(5.59162749724911E-17,1.11022302462516E-16,
1.));
#4644=DIRECTION('ref_axis',(1.,6.12303176911189E-17,-5.59162749724911E-17));
#4645=DIRECTION('',(-0.0284450295045267,-1.14460889640613E-16,-0.999595358280783));
#4646=DIRECTION('center_axis',(-5.59162749724911E-17,-1.11022302462516E-16,
-1.));
#4647=DIRECTION('ref_axis',(1.,5.0844550531823E-32,-5.59162749724911E-17));
#4648=DIRECTION('center_axis',(-5.59162749724911E-17,-1.11022302462516E-16,
-1.));
#4649=DIRECTION('ref_axis',(1.,0.,0.));
#4650=DIRECTION('center_axis',(1.22464679914735E-16,1.,-1.11022302462516E-16));
#4651=DIRECTION('ref_axis',(-1.,1.22464679914735E-16,0.));
#4652=DIRECTION('center_axis',(-5.59162749724911E-17,-1.11022302462516E-16,
-1.));
#4653=DIRECTION('ref_axis',(1.,5.0844550531823E-32,-5.59162749724911E-17));
#4654=CARTESIAN_POINT('',(0.,0.,0.));
#4655=CARTESIAN_POINT('Origin',(0.118110236220473,-0.118110236220472,0.));
#4656=CARTESIAN_POINT('',(0.118110236220473,-0.118110236220472,0.113779527559055));
#4657=CARTESIAN_POINT('',(0.0433070866141734,-0.118110236220472,0.113779527559055));
#4658=CARTESIAN_POINT('',(-0.118110236220472,-0.118110236220472,0.113779527559055));
#4659=CARTESIAN_POINT('',(-0.0826771653543308,-0.118110236220473,0.113779527559055));
#4660=CARTESIAN_POINT('',(-0.118110236220472,-0.118110236220472,0.113779527559055));
#4661=CARTESIAN_POINT('',(-0.118110236220472,-0.118110236220472,0.113779527559055));
#4662=CARTESIAN_POINT('',(-0.118110236220472,-0.118110236220472,0.113779527559055));
#4663=CARTESIAN_POINT('',(-0.118110236220472,-0.118110236220472,0.));
#4664=CARTESIAN_POINT('',(-0.118110236220472,-0.118110236220472,0.));
#4665=CARTESIAN_POINT('',(-0.0984251968503937,-0.118110236220472,0.));
#4666=CARTESIAN_POINT('',(-0.118110236220472,-0.118110236220472,0.));
#4667=CARTESIAN_POINT('',(-0.0984251968503937,-0.118110236220472,-0.0149606299212598));
#4668=CARTESIAN_POINT('',(-0.0984251968503937,-0.118110236220472,0.));
#4669=CARTESIAN_POINT('',(-0.052755905511811,-0.118110236220472,-0.0149606299212598));
#4670=CARTESIAN_POINT('',(-0.052755905511811,-0.118110236220472,-0.0149606299212598));
#4671=CARTESIAN_POINT('',(-0.052755905511811,-0.118110236220472,0.));
#4672=CARTESIAN_POINT('',(-0.052755905511811,-0.118110236220472,0.));
#4673=CARTESIAN_POINT('',(-0.00393700787401586,-0.118110236220472,0.));
#4674=CARTESIAN_POINT('',(-0.118110236220472,-0.118110236220472,0.));
#4675=CARTESIAN_POINT('',(0.0433070866141734,-0.118110236220472,0.));
#4676=CARTESIAN_POINT('',(-0.118110236220472,-0.118110236220472,0.));
#4677=CARTESIAN_POINT('',(0.0527559055118112,-0.118110236220473,0.));
#4678=CARTESIAN_POINT('',(-0.118110236220472,-0.118110236220472,0.));
#4679=CARTESIAN_POINT('',(0.0527559055118112,-0.118110236220473,-0.0149606299212598));
#4680=CARTESIAN_POINT('',(0.0527559055118112,-0.118110236220473,0.));
#4681=CARTESIAN_POINT('',(0.118110236220473,-0.118110236220472,-0.0149606299212598));
#4682=CARTESIAN_POINT('',(0.118110236220473,-0.118110236220472,-0.0149606299212598));
#4683=CARTESIAN_POINT('',(0.118110236220473,-0.118110236220472,0.));
#4684=CARTESIAN_POINT('Origin',(0.118110236220473,0.118110236220473,0.));
#4685=CARTESIAN_POINT('',(0.118110236220473,0.118110236220473,0.113779527559055));
#4686=CARTESIAN_POINT('',(0.118110236220473,-0.118110236220472,0.113779527559055));
#4687=CARTESIAN_POINT('',(0.118110236220473,0.118110236220473,-0.0149606299212598));
#4688=CARTESIAN_POINT('',(0.118110236220473,0.118110236220473,-0.0149606299212598));
#4689=CARTESIAN_POINT('',(0.118110236220473,0.118110236220473,0.));
#4690=CARTESIAN_POINT('',(0.118110236220473,0.0748031496062991,0.037007874015748));
#4691=CARTESIAN_POINT('',(0.118110236220473,0.102362204724409,0.037007874015748));
#4692=CARTESIAN_POINT('',(0.118110236220473,0.110236220472441,0.037007874015748));
#4693=CARTESIAN_POINT('',(0.118110236220473,0.102362204724409,0.0251968503937008));
#4694=CARTESIAN_POINT('',(0.118110236220473,0.102362204724409,0.0155511811023622));
#4695=CARTESIAN_POINT('',(0.118110236220473,0.0748031496062991,0.0251968503937008));
#4696=CARTESIAN_POINT('',(0.118110236220473,0.110236220472441,0.0251968503937008));
#4697=CARTESIAN_POINT('',(0.118110236220473,0.0748031496062991,0.0155511811023622));
#4698=CARTESIAN_POINT('',(0.118110236220473,-0.102362204724409,0.037007874015748));
#4699=CARTESIAN_POINT('',(0.118110236220473,-0.0748031496062991,0.037007874015748));
#4700=CARTESIAN_POINT('',(0.118110236220473,0.00787401574803157,0.037007874015748));
#4701=CARTESIAN_POINT('',(0.118110236220473,-0.0748031496062991,0.0251968503937008));
#4702=CARTESIAN_POINT('',(0.118110236220473,-0.0748031496062991,0.0155511811023622));
#4703=CARTESIAN_POINT('',(0.118110236220473,-0.102362204724409,0.0251968503937008));
#4704=CARTESIAN_POINT('',(0.118110236220473,0.00787401574803158,0.0251968503937008));
#4705=CARTESIAN_POINT('',(0.118110236220473,-0.102362204724409,0.0155511811023622));
#4706=CARTESIAN_POINT('Origin',(-0.118110236220472,0.118110236220472,0.));
#4707=CARTESIAN_POINT('',(-0.118110236220472,0.118110236220472,0.113779527559055));
#4708=CARTESIAN_POINT('',(-0.0826771653543309,0.118110236220472,0.113779527559055));
#4709=CARTESIAN_POINT('',(0.118110236220473,0.118110236220473,0.113779527559055));
#4710=CARTESIAN_POINT('',(0.0433070866141732,0.118110236220472,0.113779527559055));
#4711=CARTESIAN_POINT('',(0.118110236220473,0.118110236220473,0.113779527559055));
#4712=CARTESIAN_POINT('',(0.118110236220473,0.118110236220473,0.113779527559055));
#4713=CARTESIAN_POINT('',(0.0527559055118112,0.118110236220473,-0.0149606299212598));
#4714=CARTESIAN_POINT('',(0.0527559055118112,0.118110236220473,-0.0149606299212598));
#4715=CARTESIAN_POINT('',(0.0527559055118112,0.118110236220473,0.));
#4716=CARTESIAN_POINT('',(0.0527559055118112,0.118110236220473,0.));
#4717=CARTESIAN_POINT('',(0.0433070866141732,0.118110236220473,0.));
#4718=CARTESIAN_POINT('',(0.118110236220473,0.118110236220473,0.));
#4719=CARTESIAN_POINT('',(-0.00393700787401593,0.118110236220473,0.));
#4720=CARTESIAN_POINT('',(0.118110236220473,0.118110236220473,0.));
#4721=CARTESIAN_POINT('',(-0.0527559055118105,0.118110236220473,0.));
#4722=CARTESIAN_POINT('',(0.118110236220473,0.118110236220473,0.));
#4723=CARTESIAN_POINT('',(-0.0527559055118105,0.118110236220473,-0.0149606299212598));
#4724=CARTESIAN_POINT('',(-0.0527559055118105,0.118110236220473,0.));
#4725=CARTESIAN_POINT('',(-0.0984251968503932,0.118110236220473,-0.0149606299212598));
#4726=CARTESIAN_POINT('',(-0.0984251968503932,0.118110236220473,-0.0149606299212598));
#4727=CARTESIAN_POINT('',(-0.0984251968503932,0.118110236220473,0.));
#4728=CARTESIAN_POINT('',(-0.0984251968503932,0.118110236220473,0.));
#4729=CARTESIAN_POINT('',(-0.118110236220472,0.118110236220472,0.));
#4730=CARTESIAN_POINT('',(0.118110236220473,0.118110236220473,0.));
#4731=CARTESIAN_POINT('',(-0.118110236220472,0.118110236220472,0.));
#4732=CARTESIAN_POINT('Origin',(-0.118110236220472,-0.118110236220472,0.));
#4733=CARTESIAN_POINT('',(-0.118110236220472,0.118110236220472,0.113779527559055));
#4734=CARTESIAN_POINT('',(-0.118110236220472,0.056692913385827,0.));
#4735=CARTESIAN_POINT('',(-0.118110236220472,0.118110236220472,0.));
#4736=CARTESIAN_POINT('',(-0.118110236220472,0.056692913385827,-0.0149606299212598));
#4737=CARTESIAN_POINT('',(-0.118110236220472,0.056692913385827,0.));
#4738=CARTESIAN_POINT('',(-0.118110236220472,-0.0574803149606297,-0.0149606299212598));
#4739=CARTESIAN_POINT('',(-0.118110236220472,-0.0574803149606297,-0.0149606299212598));
#4740=CARTESIAN_POINT('',(-0.118110236220472,-0.0574803149606297,0.));
#4741=CARTESIAN_POINT('',(-0.118110236220472,-0.0574803149606297,0.));
#4742=CARTESIAN_POINT('',(-0.118110236220472,0.118110236220472,0.));
#4743=CARTESIAN_POINT('',(-0.118110236220472,0.10236220472441,0.0370078740157482));
#4744=CARTESIAN_POINT('',(-0.118110236220472,0.0748031496062994,0.0370078740157482));
#4745=CARTESIAN_POINT('',(-0.118110236220472,-0.00787401574803137,0.0370078740157482));
#4746=CARTESIAN_POINT('',(-0.118110236220472,0.0748031496062994,0.025196850393701));
#4747=CARTESIAN_POINT('',(-0.118110236220472,0.0748031496062994,0.0155511811023623));
#4748=CARTESIAN_POINT('',(-0.118110236220472,0.10236220472441,0.025196850393701));
#4749=CARTESIAN_POINT('',(-0.118110236220472,-0.00787401574803138,0.025196850393701));
#4750=CARTESIAN_POINT('',(-0.118110236220472,0.10236220472441,0.0155511811023623));
#4751=CARTESIAN_POINT('',(-0.118110236220472,-0.0748031496062989,0.0370078740157482));
#4752=CARTESIAN_POINT('',(-0.118110236220472,-0.102362204724409,0.0370078740157482));
#4753=CARTESIAN_POINT('',(-0.118110236220472,-0.110236220472441,0.0370078740157482));
#4754=CARTESIAN_POINT('',(-0.118110236220472,-0.102362204724409,0.025196850393701));
#4755=CARTESIAN_POINT('',(-0.118110236220472,-0.102362204724409,0.0155511811023623));
#4756=CARTESIAN_POINT('',(-0.118110236220472,-0.0748031496062989,0.025196850393701));
#4757=CARTESIAN_POINT('',(-0.118110236220472,-0.110236220472441,0.025196850393701));
#4758=CARTESIAN_POINT('',(-0.118110236220472,-0.0748031496062989,0.0155511811023623));
#4759=CARTESIAN_POINT('Origin',(1.31128703695885E-16,5.6623758414132E-17,
0.));
#4760=CARTESIAN_POINT('',(-0.0984251968503933,0.056692913385827,0.));
#4761=CARTESIAN_POINT('',(-0.0492125984251966,0.056692913385827,0.));
#4762=CARTESIAN_POINT('',(-0.0984251968503934,0.0283464566929136,0.));
#4763=CARTESIAN_POINT('Origin',(1.31128703695885E-16,5.6623758414132E-17,
0.));
#4764=CARTESIAN_POINT('',(-0.0984251968503935,-0.0574803149606297,0.));
#4765=CARTESIAN_POINT('',(-0.059055118110236,-0.0574803149606297,0.));
#4766=CARTESIAN_POINT('',(-0.0984251968503934,0.0283464566929136,0.));
#4767=CARTESIAN_POINT('Origin',(-0.118110236220472,-0.0574803149606297,
0.));
#4768=CARTESIAN_POINT('',(-0.0984251968503935,-0.0574803149606297,-0.0149606299212598));
#4769=CARTESIAN_POINT('',(-0.0984251968503935,-0.0574803149606297,-0.0149606299212598));
#4770=CARTESIAN_POINT('',(-0.0984251968503935,-0.0574803149606297,0.));
#4771=CARTESIAN_POINT('Origin',(-0.0984251968503933,0.056692913385827,0.));
#4772=CARTESIAN_POINT('',(-0.0984251968503933,0.056692913385827,-0.0149606299212598));
#4773=CARTESIAN_POINT('',(-0.118110236220472,0.056692913385827,-0.0149606299212598));
#4774=CARTESIAN_POINT('',(-0.0984251968503933,0.056692913385827,0.));
#4775=CARTESIAN_POINT('Origin',(-0.0984251968503933,0.056692913385827,0.));
#4776=CARTESIAN_POINT('',(-0.0984251968503937,-0.118110236220472,-0.0149606299212598));
#4777=CARTESIAN_POINT('Origin',(-0.0984251968503933,0.056692913385827,0.));
#4778=CARTESIAN_POINT('',(-0.0984251968503937,-0.118110236220472,-0.0149606299212598));
#4779=CARTESIAN_POINT('Origin',(0.108267716535433,-0.000393700787401532,
-0.0149606299212598));
#4780=CARTESIAN_POINT('',(0.0968503937007876,0.0200787401574802,-0.0149606299212598));
#4781=CARTESIAN_POINT('',(0.0527559055118112,0.0200787401574802,-0.0149606299212598));
#4782=CARTESIAN_POINT('',(0.00531496062992146,0.0200787401574802,-0.0149606299212598));
#4783=CARTESIAN_POINT('',(0.0527559055118112,-0.118110236220473,-0.0149606299212598));
#4784=CARTESIAN_POINT('',(0.0527559055118112,-0.0192913385826773,-0.0149606299212598));
#4785=CARTESIAN_POINT('',(0.0527559055118112,-0.118110236220473,-0.0149606299212598));
#4786=CARTESIAN_POINT('',(0.0968503937007876,-0.0192913385826773,-0.0149606299212598));
#4787=CARTESIAN_POINT('',(0.10255905511811,-0.0192913385826773,-0.0149606299212598));
#4788=CARTESIAN_POINT('',(0.0968503937007876,0.00984251968503933,-0.0149606299212598));
#4789=CARTESIAN_POINT('Origin',(0.0527559055118112,0.118110236220473,0.));
#4790=CARTESIAN_POINT('',(0.0527559055118112,0.0200787401574802,0.));
#4791=CARTESIAN_POINT('',(0.0527559055118112,0.0200787401574802,-0.00748031496062992));
#4792=CARTESIAN_POINT('',(0.0527559055118112,0.0590551181102363,0.));
#4793=CARTESIAN_POINT('Origin',(-0.052755905511811,-0.118110236220472,0.));
#4794=CARTESIAN_POINT('',(-0.0527559055118107,0.0200787401574802,0.));
#4795=CARTESIAN_POINT('',(-0.0527559055118107,0.0200787401574802,-0.0149606299212598));
#4796=CARTESIAN_POINT('',(-0.0527559055118107,0.0200787401574802,-0.00748031496062992));
#4797=CARTESIAN_POINT('',(-0.0527559055118105,0.118110236220473,-0.0149606299212598));
#4798=CARTESIAN_POINT('',(-0.0527559055118108,-0.0590551181102361,0.));
#4799=CARTESIAN_POINT('Origin',(-0.052755905511811,-0.118110236220472,0.));
#4800=CARTESIAN_POINT('',(-0.0527559055118108,-0.0192913385826773,-0.0149606299212598));
#4801=CARTESIAN_POINT('',(-0.0527559055118108,-0.0192913385826773,0.));
#4802=CARTESIAN_POINT('',(-0.0527559055118108,-0.0192913385826773,-0.00748031496062992));
#4803=CARTESIAN_POINT('',(-0.0527559055118108,-0.0590551181102361,0.));
#4804=CARTESIAN_POINT('',(-0.0527559055118105,0.118110236220473,-0.0149606299212598));
#4805=CARTESIAN_POINT('Origin',(1.31128703695885E-16,5.6623758414132E-17,
0.));
#4806=CARTESIAN_POINT('',(0.043307086614173,0.0866141732283465,6.55643518479423E-17));
#4807=CARTESIAN_POINT('',(0.0433070866141732,0.0698818897637796,0.));
#4808=CARTESIAN_POINT('',(-0.0488188976377951,0.0200787401574802,0.));
#4809=CARTESIAN_POINT('',(-0.00393700787401593,0.0866141732283465,8.74191357972564E-17));
#4810=CARTESIAN_POINT('',(-0.00393700787401594,0.0620078740157481,0.));
#4811=CARTESIAN_POINT('',(-0.00196850393700789,0.0866141732283465,0.));
#4812=CARTESIAN_POINT('Origin',(-0.108267716535433,-0.000393700787401357,
-0.0149606299212598));
#4813=CARTESIAN_POINT('',(-0.0976377952755903,0.0200787401574802,-0.0149606299212598));
#4814=CARTESIAN_POINT('',(-0.102952755905512,0.0200787401574802,-0.0149606299212598));
#4815=CARTESIAN_POINT('',(-0.0976377952755903,-0.0192913385826773,-0.0149606299212598));
#4816=CARTESIAN_POINT('',(-0.0976377952755903,-0.00984251968503933,-0.0149606299212598));
#4817=CARTESIAN_POINT('',(-0.0057086614173226,-0.0192913385826773,-0.0149606299212598));
#4818=CARTESIAN_POINT('Origin',(0.0527559055118112,0.118110236220473,0.));
#4819=CARTESIAN_POINT('',(0.0527559055118112,-0.0192913385826773,0.));
#4820=CARTESIAN_POINT('',(0.0527559055118112,-0.0192913385826773,-0.00748031496062992));
#4821=CARTESIAN_POINT('',(0.0527559055118112,0.0590551181102363,0.));
#4822=CARTESIAN_POINT('Origin',(-0.000393700787401357,0.000393700787401443,
0.00275590551181102));
#4823=CARTESIAN_POINT('',(0.0755905511811026,0.0200787401574802,0.00275590551181102));
#4824=CARTESIAN_POINT('',(0.0755905511811026,-0.0192913385826773,0.00275590551181102));
#4825=CARTESIAN_POINT('',(0.0755905511811026,-0.00944881889763793,0.00275590551181102));
#4826=CARTESIAN_POINT('',(0.0102362204724412,-0.0192913385826773,0.00275590551181102));
#4827=CARTESIAN_POINT('',(0.0968503937007876,-0.0192913385826773,0.00275590551181102));
#4828=CARTESIAN_POINT('',(0.0102362204724412,0.0200787401574802,0.00275590551181102));
#4829=CARTESIAN_POINT('',(0.0102362204724412,0.0102362204724408,0.00275590551181102));
#4830=CARTESIAN_POINT('',(-0.0976377952755903,0.0200787401574802,0.00275590551181102));
#4831=CARTESIAN_POINT('Origin',(0.0968503937007876,-0.0192913385826773,
-0.0149606299212598));
#4832=CARTESIAN_POINT('',(0.0484251968503938,-0.0192913385826773,0.));
#4833=CARTESIAN_POINT('',(-0.0976377952755903,-0.0192913385826773,0.018503937007874));
#4834=CARTESIAN_POINT('',(-0.0976377952755903,-0.0192913385826773,-0.0149606299212598));
#4835=CARTESIAN_POINT('',(-0.0763779527559053,-0.0192913385826773,0.018503937007874));
#4836=CARTESIAN_POINT('',(-0.0763779527559053,-0.0192913385826773,0.018503937007874));
#4837=CARTESIAN_POINT('',(-0.0763779527559053,-0.0192913385826773,0.00275590551181102));
#4838=CARTESIAN_POINT('',(-0.0763779527559053,-0.0192913385826773,0.00275590551181102));
#4839=CARTESIAN_POINT('',(-0.0110236220472438,-0.0192913385826773,0.00275590551181102));
#4840=CARTESIAN_POINT('',(0.0968503937007876,-0.0192913385826773,0.00275590551181102));
#4841=CARTESIAN_POINT('',(-0.0110236220472438,-0.0192913385826773,0.018503937007874));
#4842=CARTESIAN_POINT('',(-0.0110236220472438,-0.0192913385826773,0.00275590551181102));
#4843=CARTESIAN_POINT('',(0.0102362204724412,-0.0192913385826773,0.018503937007874));
#4844=CARTESIAN_POINT('',(-0.0110236220472438,-0.0192913385826773,0.018503937007874));
#4845=CARTESIAN_POINT('',(0.0102362204724412,-0.0192913385826773,0.00275590551181102));
#4846=CARTESIAN_POINT('',(0.0755905511811026,-0.0192913385826773,0.018503937007874));
#4847=CARTESIAN_POINT('',(0.0755905511811026,-0.0192913385826773,0.00275590551181102));
#4848=CARTESIAN_POINT('',(0.0968503937007876,-0.0192913385826773,0.018503937007874));
#4849=CARTESIAN_POINT('',(0.0968503937007876,-0.0192913385826773,0.018503937007874));
#4850=CARTESIAN_POINT('',(0.0968503937007876,-0.0192913385826773,-0.0149606299212598));
#4851=CARTESIAN_POINT('Origin',(0.0968503937007876,0.0200787401574802,-0.0149606299212598));
#4852=CARTESIAN_POINT('',(0.0968503937007876,0.0200787401574802,0.018503937007874));
#4853=CARTESIAN_POINT('',(0.0968503937007876,0.0200787401574802,-0.0149606299212598));
#4854=CARTESIAN_POINT('',(0.0968503937007876,0.0200787401574802,0.018503937007874));
#4855=CARTESIAN_POINT('Origin',(-0.0976377952755903,-0.0192913385826773,
-0.0149606299212598));
#4856=CARTESIAN_POINT('',(-0.0976377952755903,0.0200787401574802,0.018503937007874));
#4857=CARTESIAN_POINT('',(-0.0976377952755903,0.0200787401574802,-0.0149606299212598));
#4858=CARTESIAN_POINT('',(-0.0976377952755903,-0.0192913385826773,0.018503937007874));
#4859=CARTESIAN_POINT('Origin',(-0.0976377952755903,0.0200787401574802,
-0.0149606299212598));
#4860=CARTESIAN_POINT('',(0.0755905511811026,0.0200787401574802,0.018503937007874));
#4861=CARTESIAN_POINT('',(0.0755905511811026,0.0200787401574802,0.018503937007874));
#4862=CARTESIAN_POINT('',(0.0755905511811026,0.0200787401574802,0.00275590551181102));
#4863=CARTESIAN_POINT('',(0.0102362204724412,0.0200787401574802,0.018503937007874));
#4864=CARTESIAN_POINT('',(0.0102362204724412,0.0200787401574802,0.00275590551181102));
#4865=CARTESIAN_POINT('',(-0.0110236220472438,0.0200787401574802,0.018503937007874));
#4866=CARTESIAN_POINT('',(0.0102362204724412,0.0200787401574802,0.018503937007874));
#4867=CARTESIAN_POINT('',(-0.0110236220472438,0.0200787401574802,0.00275590551181102));
#4868=CARTESIAN_POINT('',(-0.0110236220472438,0.0200787401574802,0.00275590551181102));
#4869=CARTESIAN_POINT('',(-0.0763779527559053,0.0200787401574802,0.00275590551181102));
#4870=CARTESIAN_POINT('',(-0.0976377952755903,0.0200787401574802,0.00275590551181102));
#4871=CARTESIAN_POINT('',(-0.0763779527559053,0.0200787401574802,0.018503937007874));
#4872=CARTESIAN_POINT('',(-0.0763779527559053,0.0200787401574802,0.00275590551181102));
#4873=CARTESIAN_POINT('',(-0.0976377952755903,0.0200787401574802,0.018503937007874));
#4874=CARTESIAN_POINT('Origin',(-0.000393700787401357,0.000393700787401443,
0.00275590551181102));
#4875=CARTESIAN_POINT('',(-0.0763779527559053,0.0102362204724408,0.00275590551181102));
#4876=CARTESIAN_POINT('',(-0.0110236220472438,-0.00944881889763793,0.00275590551181102));
#4877=CARTESIAN_POINT('Origin',(-0.000393700787401269,0.000393700787401444,
0.018503937007874));
#4878=CARTESIAN_POINT('',(0.0102362204724412,-0.0192913385826773,0.018503937007874));
#4879=CARTESIAN_POINT('',(-0.0110236220472438,0.0200787401574802,0.018503937007874));
#4880=CARTESIAN_POINT('Origin',(-0.0110236220472438,-0.0192913385826773,
0.00275590551181102));
#4881=CARTESIAN_POINT('Origin',(0.0102362204724412,0.0200787401574802,0.00275590551181102));
#4882=CARTESIAN_POINT('Origin',(-0.0870078740157478,0.000393700787401444,
0.018503937007874));
#4883=CARTESIAN_POINT('',(-0.0763779527559053,0.0200787401574802,0.018503937007874));
#4884=CARTESIAN_POINT('Origin',(-0.0763779527559053,0.0200787401574802,
0.00275590551181102));
#4885=CARTESIAN_POINT('Origin',(0.0862204724409451,0.000393700787401444,
0.018503937007874));
#4886=CARTESIAN_POINT('',(0.0755905511811026,-0.0192913385826773,0.018503937007874));
#4887=CARTESIAN_POINT('Origin',(0.0755905511811026,-0.0192913385826773,
0.00275590551181102));
#4888=CARTESIAN_POINT('Origin',(0.124015748031496,-0.0748031496062991,0.0311023622047244));
#4889=CARTESIAN_POINT('',(0.12992125984252,-0.0748031496062991,0.0251968503937008));
#4890=CARTESIAN_POINT('',(0.12992125984252,-0.0748031496062991,0.0251968503937008));
#4891=CARTESIAN_POINT('',(0.12992125984252,-0.0748031496062991,0.037007874015748));
#4892=CARTESIAN_POINT('',(0.118110236220473,-0.0748031496062991,0.037007874015748));
#4893=CARTESIAN_POINT('',(0.12992125984252,-0.0748031496062991,0.037007874015748));
#4894=CARTESIAN_POINT('Origin',(0.124015748031496,-0.102362204724409,0.0311023622047244));
#4895=CARTESIAN_POINT('',(0.12992125984252,-0.102362204724409,0.0251968503937008));
#4896=CARTESIAN_POINT('',(0.12992125984252,-0.102362204724409,0.0251968503937008));
#4897=CARTESIAN_POINT('',(0.12992125984252,-0.102362204724409,0.037007874015748));
#4898=CARTESIAN_POINT('',(0.12992125984252,-0.102362204724409,0.037007874015748));
#4899=CARTESIAN_POINT('',(0.118110236220473,-0.102362204724409,0.037007874015748));
#4900=CARTESIAN_POINT('Origin',(0.12992125984252,-0.102362204724409,0.037007874015748));
#4901=CARTESIAN_POINT('',(0.12992125984252,-0.102362204724409,0.037007874015748));
#4902=CARTESIAN_POINT('Origin',(0.12992125984252,-0.102362204724409,0.0251968503937008));
#4903=CARTESIAN_POINT('',(0.12992125984252,-0.102362204724409,0.0251968503937008));
#4904=CARTESIAN_POINT('Origin',(0.118110236220473,-0.102362204724409,0.0251968503937008));
#4905=CARTESIAN_POINT('Origin',(0.124015748031496,0.0748031496062991,0.0311023622047244));
#4906=CARTESIAN_POINT('',(0.12992125984252,0.0748031496062991,0.0251968503937008));
#4907=CARTESIAN_POINT('',(0.12992125984252,0.0748031496062991,0.0251968503937008));
#4908=CARTESIAN_POINT('',(0.12992125984252,0.0748031496062991,0.037007874015748));
#4909=CARTESIAN_POINT('',(0.12992125984252,0.0748031496062991,0.037007874015748));
#4910=CARTESIAN_POINT('',(0.118110236220473,0.0748031496062991,0.037007874015748));
#4911=CARTESIAN_POINT('Origin',(0.124015748031496,0.102362204724409,0.0311023622047244));
#4912=CARTESIAN_POINT('',(0.12992125984252,0.102362204724409,0.037007874015748));
#4913=CARTESIAN_POINT('',(0.118110236220473,0.102362204724409,0.037007874015748));
#4914=CARTESIAN_POINT('',(0.12992125984252,0.102362204724409,0.0251968503937008));
#4915=CARTESIAN_POINT('',(0.12992125984252,0.102362204724409,0.037007874015748));
#4916=CARTESIAN_POINT('',(0.12992125984252,0.102362204724409,0.0251968503937008));
#4917=CARTESIAN_POINT('Origin',(0.12992125984252,0.102362204724409,0.037007874015748));
#4918=CARTESIAN_POINT('',(0.12992125984252,0.102362204724409,0.037007874015748));
#4919=CARTESIAN_POINT('Origin',(0.12992125984252,0.102362204724409,0.0251968503937008));
#4920=CARTESIAN_POINT('',(0.12992125984252,0.102362204724409,0.0251968503937008));
#4921=CARTESIAN_POINT('Origin',(0.118110236220473,0.102362204724409,0.0251968503937008));
#4922=CARTESIAN_POINT('Origin',(-0.124015748031496,-0.0748031496062989,
0.0311023622047246));
#4923=CARTESIAN_POINT('',(-0.263779527559055,-0.0748031496062987,0.0251968503937012));
#4924=CARTESIAN_POINT('',(-0.263779527559055,-0.0748031496062987,0.0370078740157484));
#4925=CARTESIAN_POINT('',(-0.263779527559054,-0.0748031496062986,0.0340551181102367));
#4926=CARTESIAN_POINT('',(-0.12992125984252,-0.0748031496062989,0.0370078740157482));
#4927=CARTESIAN_POINT('',(-0.12992125984252,-0.0748031496062989,0.025196850393701));
#4928=CARTESIAN_POINT('Origin',(-0.124015748031496,0.10236220472441,0.0311023622047246));
#4929=CARTESIAN_POINT('',(-0.263779527559055,0.10236220472441,0.0251968503937012));
#4930=CARTESIAN_POINT('',(-0.263779527559055,0.10236220472441,0.0370078740157484));
#4931=CARTESIAN_POINT('',(-0.263779527559054,0.10236220472441,0.0340551181102367));
#4932=CARTESIAN_POINT('',(-0.118110236220472,0.10236220472441,0.0370078740157482));
#4933=CARTESIAN_POINT('',(-0.129921259842519,0.10236220472441,0.025196850393701));
#4934=CARTESIAN_POINT('Origin',(-0.129921259842519,0.10236220472441,0.0370078740157482));
#4935=CARTESIAN_POINT('',(-0.303149606299212,0.0807086614173233,0.0370078740157485));
#4936=CARTESIAN_POINT('',(-0.263779527559055,0.0748031496062996,0.0370078740157484));
#4937=CARTESIAN_POINT('',(-0.200344608513178,0.0652879117494179,0.0370078740157484));
#4938=CARTESIAN_POINT('',(-0.118110236220472,0.0748031496062994,0.0370078740157482));
#4939=CARTESIAN_POINT('',(-0.303149606299212,0.0964566929133863,0.0370078740157485));
#4940=CARTESIAN_POINT('',(-0.218008201297576,0.109227903663632,0.0370078740157484));
#4941=CARTESIAN_POINT('',(-0.303149606299212,0.0748031496062998,0.0370078740157485));
#4942=CARTESIAN_POINT('Origin',(-0.303149606299213,-0.0885826771653536,
0.0311023622047249));
#4943=CARTESIAN_POINT('',(-0.303149606299213,-0.0807086614173222,0.0370078740157485));
#4944=CARTESIAN_POINT('',(-0.303149606299213,-0.0807086614173223,0.0251968503937013));
#4945=CARTESIAN_POINT('',(-0.303149606299213,-0.0807086614173223,0.0340551181102367));
#4946=CARTESIAN_POINT('',(-0.303149606299213,-0.0964566929133852,0.0251968503937013));
#4947=CARTESIAN_POINT('',(-0.303149606299213,-0.0748031496062985,0.0251968503937013));
#4948=CARTESIAN_POINT('',(-0.303149606299213,-0.0964566929133853,0.0370078740157485));
#4949=CARTESIAN_POINT('',(-0.303149606299213,-0.0964566929133852,0.0340551181102367));
#4950=CARTESIAN_POINT('',(-0.303149606299213,-0.102362204724409,0.0370078740157485));
#4951=CARTESIAN_POINT('Origin',(-0.303149606299212,0.0885826771653549,0.0311023622047249));
#4952=CARTESIAN_POINT('',(-0.303149606299212,0.0807086614173233,0.0251968503937013));
#4953=CARTESIAN_POINT('',(-0.303149606299212,0.0807086614173233,0.0340551181102367));
#4954=CARTESIAN_POINT('',(-0.303149606299212,0.0964566929133863,0.0251968503937013));
#4955=CARTESIAN_POINT('',(-0.303149606299212,0.0964566929133863,0.0340551181102367));
#4956=CARTESIAN_POINT('',(-0.303149606299212,0.10236220472441,0.0251968503937013));
#4957=CARTESIAN_POINT('Origin',(-0.118110236220472,0.10236220472441,0.025196850393701));
#4958=CARTESIAN_POINT('',(-0.263779527559055,0.0748031496062996,0.0251968503937012));
#4959=CARTESIAN_POINT('',(-0.194569046839805,0.064421577498412,0.0251968503937011));
#4960=CARTESIAN_POINT('',(-0.212232639624203,0.110094237914638,0.0251968503937011));
#4961=CARTESIAN_POINT('',(-0.129921259842519,0.0748031496062994,0.025196850393701));
#4962=CARTESIAN_POINT('Origin',(-0.118110236220472,-0.102362204724409,0.025196850393701));
#4963=CARTESIAN_POINT('',(-0.214254086209884,-0.0673743334039231,0.0251968503937011));
#4964=CARTESIAN_POINT('',(-0.263779527559055,-0.102362204724409,0.0251968503937012));
#4965=CARTESIAN_POINT('',(-0.12992125984252,-0.102362204724409,0.025196850393701));
#4966=CARTESIAN_POINT('',(-0.192547600254125,-0.113046993820149,0.0251968503937011));
#4967=CARTESIAN_POINT('Origin',(-0.12992125984252,-0.102362204724409,0.0370078740157482));
#4968=CARTESIAN_POINT('',(-0.220029647883257,-0.068240667654929,0.0370078740157484));
#4969=CARTESIAN_POINT('',(-0.263779527559055,-0.102362204724409,0.0370078740157484));
#4970=CARTESIAN_POINT('',(-0.198323161927497,-0.112180659569143,0.0370078740157483));
#4971=CARTESIAN_POINT('',(-0.118110236220472,-0.102362204724409,0.0370078740157482));
#4972=CARTESIAN_POINT('Origin',(-0.124015748031496,-0.102362204724409,0.0311023622047246));
#4973=CARTESIAN_POINT('',(-0.263779527559056,-0.102362204724409,0.0340551181102367));
#4974=CARTESIAN_POINT('Origin',(-0.124015748031496,0.0748031496062994,0.0311023622047246));
#4975=CARTESIAN_POINT('',(-0.263779527559055,0.0748031496062997,0.0340551181102367));
#4976=CARTESIAN_POINT('Origin',(-0.303149606299212,0.0964566929133863,0.0370078740157485));
#4977=CARTESIAN_POINT('Origin',(-0.263779527559055,-0.102362204724409,0.0370078740157484));
#4978=CARTESIAN_POINT('Origin',(-0.263779527559055,0.0748031496062996,0.0370078740157484));
#4979=CARTESIAN_POINT('Origin',(-0.303149606299213,-0.0807086614173222,
0.0370078740157485));
#4980=CARTESIAN_POINT('Ctrl Pts',(0.0866141732283466,0.0866141732283465,
0.145275590551181));
#4981=CARTESIAN_POINT('Ctrl Pts',(0.0866141732283466,0.0866141732283465,
0.145275590551181));
#4982=CARTESIAN_POINT('Ctrl Pts',(0.0866141732283466,0.0866141732283465,
0.145275590551181));
#4983=CARTESIAN_POINT('Ctrl Pts',(0.0866141732283466,0.0866141732283465,
0.145275590551181));
#4984=CARTESIAN_POINT('Ctrl Pts',(0.0866141732283466,0.0866141732283465,
0.145275590551181));
#4985=CARTESIAN_POINT('Ctrl Pts',(0.0866141732283466,0.0866141732283465,
0.145275590551181));
#4986=CARTESIAN_POINT('Ctrl Pts',(0.0866141732283466,0.0866141732283465,
0.145275590551181));
#4987=CARTESIAN_POINT('Ctrl Pts',(0.0866141732283466,0.0866141732283465,
0.145275590551181));
#4988=CARTESIAN_POINT('Ctrl Pts',(0.0866141732283466,0.0866141732283465,
0.145275590551181));
#4989=CARTESIAN_POINT('Ctrl Pts',(0.10165976393543,0.0866141732283465,0.143202451001767));
#4990=CARTESIAN_POINT('Ctrl Pts',(0.10165976393543,0.0715685825212629,0.143202451001767));
#4991=CARTESIAN_POINT('Ctrl Pts',(0.0866141732283466,0.0715685825212629,
0.143202451001767));
#4992=CARTESIAN_POINT('Ctrl Pts',(0.071568582521263,0.0715685825212629,
0.143202451001767));
#4993=CARTESIAN_POINT('Ctrl Pts',(0.071568582521263,0.0866141732283465,
0.143202451001767));
#4994=CARTESIAN_POINT('Ctrl Pts',(0.071568582521263,0.10165976393543,0.143202451001767));
#4995=CARTESIAN_POINT('Ctrl Pts',(0.0866141732283466,0.10165976393543,0.143202451001767));
#4996=CARTESIAN_POINT('Ctrl Pts',(0.10165976393543,0.10165976393543,0.143202451001767));
#4997=CARTESIAN_POINT('Ctrl Pts',(0.10165976393543,0.0866141732283465,0.143202451001767));
#4998=CARTESIAN_POINT('Ctrl Pts',(0.108267716535433,0.0866141732283465,
0.129527559055118));
#4999=CARTESIAN_POINT('Ctrl Pts',(0.108267716535433,0.0649606299212599,
0.129527559055118));
#5000=CARTESIAN_POINT('Ctrl Pts',(0.0866141732283466,0.0649606299212599,
0.129527559055118));
#5001=CARTESIAN_POINT('Ctrl Pts',(0.0649606299212599,0.0649606299212599,
0.129527559055118));
#5002=CARTESIAN_POINT('Ctrl Pts',(0.0649606299212599,0.0866141732283465,
0.129527559055118));
#5003=CARTESIAN_POINT('Ctrl Pts',(0.0649606299212599,0.108267716535433,
0.129527559055118));
#5004=CARTESIAN_POINT('Ctrl Pts',(0.0866141732283466,0.108267716535433,
0.129527559055118));
#5005=CARTESIAN_POINT('Ctrl Pts',(0.108267716535433,0.108267716535433,0.129527559055118));
#5006=CARTESIAN_POINT('Ctrl Pts',(0.108267716535433,0.0866141732283465,
0.129527559055118));
#5007=CARTESIAN_POINT('',(0.0649606299212599,0.0866141732283465,0.129527559055118));
#5008=CARTESIAN_POINT('',(0.108267716535433,0.0866141732283465,0.129527559055118));
#5009=CARTESIAN_POINT('Origin',(0.0866141732283466,0.0866141732283465,0.129527559055118));
#5010=CARTESIAN_POINT('Origin',(0.0866141732283466,0.0866141732283465,0.129527559055118));
#5011=CARTESIAN_POINT('',(0.0866141732283466,0.0866141732283465,0.145275590551181));
#5012=CARTESIAN_POINT('Origin',(0.0827448597420874,0.0866141732283465,0.117194457735921));
#5013=CARTESIAN_POINT('Ctrl Pts',(-0.0866141732283464,0.0866141732283465,
0.145275590551181));
#5014=CARTESIAN_POINT('Ctrl Pts',(-0.0866141732283464,0.0866141732283465,
0.145275590551181));
#5015=CARTESIAN_POINT('Ctrl Pts',(-0.0866141732283464,0.0866141732283465,
0.145275590551181));
#5016=CARTESIAN_POINT('Ctrl Pts',(-0.0866141732283464,0.0866141732283465,
0.145275590551181));
#5017=CARTESIAN_POINT('Ctrl Pts',(-0.0866141732283464,0.0866141732283465,
0.145275590551181));
#5018=CARTESIAN_POINT('Ctrl Pts',(-0.0866141732283464,0.0866141732283465,
0.145275590551181));
#5019=CARTESIAN_POINT('Ctrl Pts',(-0.0866141732283464,0.0866141732283465,
0.145275590551181));
#5020=CARTESIAN_POINT('Ctrl Pts',(-0.0866141732283464,0.0866141732283465,
0.145275590551181));
#5021=CARTESIAN_POINT('Ctrl Pts',(-0.0866141732283464,0.0866141732283465,
0.145275590551181));
#5022=CARTESIAN_POINT('Ctrl Pts',(-0.0715685825212629,0.0866141732283465,
0.143202451001767));
#5023=CARTESIAN_POINT('Ctrl Pts',(-0.0715685825212629,0.071568582521263,
0.143202451001767));
#5024=CARTESIAN_POINT('Ctrl Pts',(-0.0866141732283464,0.071568582521263,
0.143202451001767));
#5025=CARTESIAN_POINT('Ctrl Pts',(-0.10165976393543,0.071568582521263,0.143202451001767));
#5026=CARTESIAN_POINT('Ctrl Pts',(-0.10165976393543,0.0866141732283465,
0.143202451001767));
#5027=CARTESIAN_POINT('Ctrl Pts',(-0.10165976393543,0.10165976393543,0.143202451001767));
#5028=CARTESIAN_POINT('Ctrl Pts',(-0.0866141732283464,0.10165976393543,
0.143202451001767));
#5029=CARTESIAN_POINT('Ctrl Pts',(-0.0715685825212629,0.10165976393543,
0.143202451001767));
#5030=CARTESIAN_POINT('Ctrl Pts',(-0.0715685825212629,0.0866141732283465,
0.143202451001767));
#5031=CARTESIAN_POINT('Ctrl Pts',(-0.0649606299212598,0.0866141732283465,
0.129527559055118));
#5032=CARTESIAN_POINT('Ctrl Pts',(-0.0649606299212598,0.0649606299212599,
0.129527559055118));
#5033=CARTESIAN_POINT('Ctrl Pts',(-0.0866141732283464,0.0649606299212599,
0.129527559055118));
#5034=CARTESIAN_POINT('Ctrl Pts',(-0.108267716535433,0.0649606299212599,
0.129527559055118));
#5035=CARTESIAN_POINT('Ctrl Pts',(-0.108267716535433,0.0866141732283465,
0.129527559055118));
#5036=CARTESIAN_POINT('Ctrl Pts',(-0.108267716535433,0.108267716535433,
0.129527559055118));
#5037=CARTESIAN_POINT('Ctrl Pts',(-0.0866141732283464,0.108267716535433,
0.129527559055118));
#5038=CARTESIAN_POINT('Ctrl Pts',(-0.0649606299212598,0.108267716535433,
0.129527559055118));
#5039=CARTESIAN_POINT('Ctrl Pts',(-0.0649606299212598,0.0866141732283465,
0.129527559055118));
#5040=CARTESIAN_POINT('',(-0.108267716535433,0.0866141732283465,0.129527559055118));
#5041=CARTESIAN_POINT('',(-0.0649606299212598,0.0866141732283465,0.129527559055118));
#5042=CARTESIAN_POINT('Origin',(-0.0866141732283464,0.0866141732283465,
0.129527559055118));
#5043=CARTESIAN_POINT('Origin',(-0.0866141732283464,0.0866141732283465,
0.129527559055118));
#5044=CARTESIAN_POINT('',(-0.0866141732283464,0.0866141732283465,0.145275590551181));
#5045=CARTESIAN_POINT('Origin',(-0.0904834867146056,0.0866141732283465,
0.117194457735921));
#5046=CARTESIAN_POINT('Ctrl Pts',(0.0649606299212597,-0.0866141732283465,
0.129527559055118));
#5047=CARTESIAN_POINT('Ctrl Pts',(0.0649606299212597,-0.108267716535433,
0.129527559055118));
#5048=CARTESIAN_POINT('Ctrl Pts',(0.0866141732283463,-0.108267716535433,
0.129527559055118));
#5049=CARTESIAN_POINT('Ctrl Pts',(0.108267716535433,-0.108267716535433,
0.129527559055118));
#5050=CARTESIAN_POINT('Ctrl Pts',(0.108267716535433,-0.0866141732283465,
0.129527559055118));
#5051=CARTESIAN_POINT('Ctrl Pts',(0.108267716535433,-0.0649606299212599,
0.129527559055118));
#5052=CARTESIAN_POINT('Ctrl Pts',(0.0866141732283463,-0.0649606299212599,
0.129527559055118));
#5053=CARTESIAN_POINT('Ctrl Pts',(0.0649606299212597,-0.0649606299212599,
0.129527559055118));
#5054=CARTESIAN_POINT('Ctrl Pts',(0.0649606299212597,-0.0866141732283465,
0.129527559055118));
#5055=CARTESIAN_POINT('Ctrl Pts',(0.0715685825212627,-0.0866141732283465,
0.143202451001767));
#5056=CARTESIAN_POINT('Ctrl Pts',(0.0715685825212627,-0.10165976393543,
0.143202451001767));
#5057=CARTESIAN_POINT('Ctrl Pts',(0.0866141732283463,-0.10165976393543,
0.143202451001767));
#5058=CARTESIAN_POINT('Ctrl Pts',(0.10165976393543,-0.10165976393543,0.143202451001767));
#5059=CARTESIAN_POINT('Ctrl Pts',(0.10165976393543,-0.0866141732283465,
0.143202451001767));
#5060=CARTESIAN_POINT('Ctrl Pts',(0.10165976393543,-0.0715685825212629,
0.143202451001767));
#5061=CARTESIAN_POINT('Ctrl Pts',(0.0866141732283463,-0.0715685825212629,
0.143202451001767));
#5062=CARTESIAN_POINT('Ctrl Pts',(0.0715685825212627,-0.0715685825212629,
0.143202451001767));
#5063=CARTESIAN_POINT('Ctrl Pts',(0.0715685825212627,-0.0866141732283465,
0.143202451001767));
#5064=CARTESIAN_POINT('Ctrl Pts',(0.0866141732283463,-0.0866141732283465,
0.145275590551181));
#5065=CARTESIAN_POINT('Ctrl Pts',(0.0866141732283463,-0.0866141732283465,
0.145275590551181));
#5066=CARTESIAN_POINT('Ctrl Pts',(0.0866141732283463,-0.0866141732283465,
0.145275590551181));
#5067=CARTESIAN_POINT('Ctrl Pts',(0.0866141732283463,-0.0866141732283465,
0.145275590551181));
#5068=CARTESIAN_POINT('Ctrl Pts',(0.0866141732283463,-0.0866141732283465,
0.145275590551181));
#5069=CARTESIAN_POINT('Ctrl Pts',(0.0866141732283463,-0.0866141732283465,
0.145275590551181));
#5070=CARTESIAN_POINT('Ctrl Pts',(0.0866141732283463,-0.0866141732283465,
0.145275590551181));
#5071=CARTESIAN_POINT('Ctrl Pts',(0.0866141732283463,-0.0866141732283465,
0.145275590551181));
#5072=CARTESIAN_POINT('Ctrl Pts',(0.0866141732283463,-0.0866141732283465,
0.145275590551181));
#5073=CARTESIAN_POINT('',(0.0866141732283463,-0.0866141732283465,0.145275590551181));
#5074=CARTESIAN_POINT('',(0.0649606299212597,-0.0866141732283465,0.129527559055118));
#5075=CARTESIAN_POINT('Origin',(0.0904834867146054,-0.0866141732283465,
0.117194457735921));
#5076=CARTESIAN_POINT('',(0.108267716535433,-0.0866141732283465,0.129527559055118));
#5077=CARTESIAN_POINT('Origin',(0.0866141732283463,-0.0866141732283465,
0.129527559055118));
#5078=CARTESIAN_POINT('Origin',(0.0866141732283463,-0.0866141732283465,
0.129527559055118));
#5079=CARTESIAN_POINT('Ctrl Pts',(-0.108267716535433,-0.0866141732283465,
0.129527559055118));
#5080=CARTESIAN_POINT('Ctrl Pts',(-0.108267716535433,-0.108267716535433,
0.129527559055118));
#5081=CARTESIAN_POINT('Ctrl Pts',(-0.0866141732283467,-0.108267716535433,
0.129527559055118));
#5082=CARTESIAN_POINT('Ctrl Pts',(-0.0649606299212601,-0.108267716535433,
0.129527559055118));
#5083=CARTESIAN_POINT('Ctrl Pts',(-0.0649606299212601,-0.0866141732283465,
0.129527559055118));
#5084=CARTESIAN_POINT('Ctrl Pts',(-0.0649606299212601,-0.0649606299212599,
0.129527559055118));
#5085=CARTESIAN_POINT('Ctrl Pts',(-0.0866141732283467,-0.0649606299212599,
0.129527559055118));
#5086=CARTESIAN_POINT('Ctrl Pts',(-0.108267716535433,-0.0649606299212599,
0.129527559055118));
#5087=CARTESIAN_POINT('Ctrl Pts',(-0.108267716535433,-0.0866141732283465,
0.129527559055118));
#5088=CARTESIAN_POINT('Ctrl Pts',(-0.10165976393543,-0.0866141732283465,
0.143202451001767));
#5089=CARTESIAN_POINT('Ctrl Pts',(-0.10165976393543,-0.10165976393543,0.143202451001767));
#5090=CARTESIAN_POINT('Ctrl Pts',(-0.0866141732283467,-0.10165976393543,
0.143202451001767));
#5091=CARTESIAN_POINT('Ctrl Pts',(-0.0715685825212631,-0.10165976393543,
0.143202451001767));
#5092=CARTESIAN_POINT('Ctrl Pts',(-0.0715685825212631,-0.0866141732283465,
0.143202451001767));
#5093=CARTESIAN_POINT('Ctrl Pts',(-0.0715685825212631,-0.0715685825212629,
0.143202451001767));
#5094=CARTESIAN_POINT('Ctrl Pts',(-0.0866141732283467,-0.0715685825212629,
0.143202451001767));
#5095=CARTESIAN_POINT('Ctrl Pts',(-0.10165976393543,-0.0715685825212629,
0.143202451001767));
#5096=CARTESIAN_POINT('Ctrl Pts',(-0.10165976393543,-0.0866141732283465,
0.143202451001767));
#5097=CARTESIAN_POINT('Ctrl Pts',(-0.0866141732283467,-0.0866141732283465,
0.145275590551181));
#5098=CARTESIAN_POINT('Ctrl Pts',(-0.0866141732283467,-0.0866141732283465,
0.145275590551181));
#5099=CARTESIAN_POINT('Ctrl Pts',(-0.0866141732283467,-0.0866141732283465,
0.145275590551181));
#5100=CARTESIAN_POINT('Ctrl Pts',(-0.0866141732283467,-0.0866141732283465,
0.145275590551181));
#5101=CARTESIAN_POINT('Ctrl Pts',(-0.0866141732283467,-0.0866141732283465,
0.145275590551181));
#5102=CARTESIAN_POINT('Ctrl Pts',(-0.0866141732283467,-0.0866141732283465,
0.145275590551181));
#5103=CARTESIAN_POINT('Ctrl Pts',(-0.0866141732283467,-0.0866141732283465,
0.145275590551181));
#5104=CARTESIAN_POINT('Ctrl Pts',(-0.0866141732283467,-0.0866141732283465,
0.145275590551181));
#5105=CARTESIAN_POINT('Ctrl Pts',(-0.0866141732283467,-0.0866141732283465,
0.145275590551181));
#5106=CARTESIAN_POINT('',(-0.0866141732283467,-0.0866141732283465,0.145275590551181));
#5107=CARTESIAN_POINT('',(-0.108267716535433,-0.0866141732283465,0.129527559055118));
#5108=CARTESIAN_POINT('Origin',(-0.0827448597420875,-0.0866141732283465,
0.117194457735921));
#5109=CARTESIAN_POINT('',(-0.06496062992126,-0.0866141732283465,0.129527559055118));
#5110=CARTESIAN_POINT('Origin',(-0.0866141732283467,-0.0866141732283465,
0.129527559055118));
#5111=CARTESIAN_POINT('Origin',(-0.0866141732283467,-0.0866141732283465,
0.129527559055118));
#5112=CARTESIAN_POINT('Origin',(1.31128703695885E-16,5.6623758414132E-17,
0.));
#5113=CARTESIAN_POINT('',(0.0433070866141731,-0.0866141732283465,8.74191357972564E-17));
#5114=CARTESIAN_POINT('',(0.0433070866141733,-0.0590551181102362,0.));
#5115=CARTESIAN_POINT('',(-0.00393700787401589,-0.0866141732283465,1.09273919746571E-16));
#5116=CARTESIAN_POINT('',(-0.00196850393700785,-0.0866141732283465,0.));
#5117=CARTESIAN_POINT('',(-0.00393700787401591,-0.062007874015748,0.));
#5118=CARTESIAN_POINT('Origin',(-0.14763779527559,-0.118110236220473,0.113779527559055));
#5119=CARTESIAN_POINT('',(-0.14763779527559,-0.118110236220473,0.129527559055118));
#5120=CARTESIAN_POINT('',(-0.147637795275591,0.118110236220472,0.129527559055118));
#5121=CARTESIAN_POINT('',(-0.14763779527559,-0.118110236220473,0.129527559055118));
#5122=CARTESIAN_POINT('',(-0.147637795275591,0.118110236220472,0.113779527559055));
#5123=CARTESIAN_POINT('',(-0.147637795275591,0.118110236220472,0.113779527559055));
#5124=CARTESIAN_POINT('',(-0.14763779527559,-0.118110236220473,0.113779527559055));
#5125=CARTESIAN_POINT('',(-0.14763779527559,-0.118110236220473,0.113779527559055));
#5126=CARTESIAN_POINT('',(-0.14763779527559,-0.118110236220473,0.113779527559055));
#5127=CARTESIAN_POINT('Origin',(-0.0826771653543308,-0.118110236220473,
0.113779527559055));
#5128=CARTESIAN_POINT('',(-0.0826771653543308,-0.118110236220473,0.129527559055118));
#5129=CARTESIAN_POINT('',(-0.0826771653543308,-0.118110236220473,0.129527559055118));
#5130=CARTESIAN_POINT('',(-0.0826771653543308,-0.118110236220473,0.113779527559055));
#5131=CARTESIAN_POINT('',(-0.0826771653543308,-0.118110236220473,0.113779527559055));
#5132=CARTESIAN_POINT('Origin',(0.118110236220473,-0.118110236220472,0.113779527559055));
#5133=CARTESIAN_POINT('',(0.118110236220473,-0.118110236220472,0.129527559055118));
#5134=CARTESIAN_POINT('',(0.0433070866141734,-0.118110236220472,0.129527559055118));
#5135=CARTESIAN_POINT('',(0.118110236220473,-0.118110236220472,0.129527559055118));
#5136=CARTESIAN_POINT('',(0.0433070866141734,-0.118110236220472,0.113779527559055));
#5137=CARTESIAN_POINT('',(0.118110236220473,-0.118110236220472,0.113779527559055));
#5138=CARTESIAN_POINT('Origin',(0.118110236220472,0.118110236220472,0.113779527559055));
#5139=CARTESIAN_POINT('',(0.118110236220472,0.118110236220472,0.129527559055118));
#5140=CARTESIAN_POINT('',(0.118110236220472,0.118110236220472,0.129527559055118));
#5141=CARTESIAN_POINT('',(0.118110236220472,0.118110236220472,0.113779527559055));
#5142=CARTESIAN_POINT('Origin',(0.0433070866141732,0.118110236220472,0.113779527559055));
#5143=CARTESIAN_POINT('',(0.0433070866141732,0.118110236220472,0.129527559055118));
#5144=CARTESIAN_POINT('',(0.0433070866141732,0.118110236220472,0.129527559055118));
#5145=CARTESIAN_POINT('',(0.0433070866141732,0.118110236220472,0.113779527559055));
#5146=CARTESIAN_POINT('Origin',(-0.147637795275591,0.118110236220472,0.113779527559055));
#5147=CARTESIAN_POINT('',(-0.0826771653543309,0.118110236220472,0.129527559055118));
#5148=CARTESIAN_POINT('',(-0.147637795275591,0.118110236220472,0.129527559055118));
#5149=CARTESIAN_POINT('',(-0.0826771653543309,0.118110236220472,0.113779527559055));
#5150=CARTESIAN_POINT('',(-0.147637795275591,0.118110236220472,0.113779527559055));
#5151=CARTESIAN_POINT('Origin',(1.40244095477899E-33,1.40244095477899E-33,
0.113779527559055));
#5152=CARTESIAN_POINT('',(0.0688976377952756,6.94824074083732E-18,0.114566929133858));
#5153=CARTESIAN_POINT('Origin',(2.7609848912566E-19,8.74191357972432E-20,
0.114566929133858));
#5154=CARTESIAN_POINT('',(0.0688976377952756,2.54842586399448E-17,0.129527559055118));
#5155=CARTESIAN_POINT('',(0.0688976377952756,2.37358759239997E-17,0.113779527559055));
#5156=CARTESIAN_POINT('Origin',(5.52196978251408E-18,1.74838271594513E-18,
0.129527559055118));
#5157=CARTESIAN_POINT('Origin',(-0.0236220472440946,-0.139763779527559,
-0.0870078740157479));
#5158=CARTESIAN_POINT('',(-0.0236220472440946,-0.124015748031496,-0.0870078740157479));
#5159=CARTESIAN_POINT('',(-0.0236220472440946,-0.124015748031496,-0.00629921259842511));
#5160=CARTESIAN_POINT('',(-0.0236220472440946,-0.124015748031496,-0.00629921259842511));
#5161=CARTESIAN_POINT('',(-0.0236220472440946,-0.139763779527559,-0.00629921259842511));
#5162=CARTESIAN_POINT('',(-0.0236220472440946,-0.139763779527559,-0.00629921259842511));
#5163=CARTESIAN_POINT('',(-0.0236220472440946,-0.139763779527559,-0.0870078740157479));
#5164=CARTESIAN_POINT('',(-0.0236220472440946,-0.139763779527559,-0.00629921259842511));
#5165=CARTESIAN_POINT('',(-0.0236220472440946,-0.139763779527559,-0.0870078740157479));
#5166=CARTESIAN_POINT('Origin',(-0.0629921259842521,-0.139763779527559,
-0.126377952755905));
#5167=CARTESIAN_POINT('',(-0.0629921259842521,-0.124015748031496,-0.126377952755905));
#5168=CARTESIAN_POINT('',(-0.0236220472440946,-0.124015748031496,-0.0870078740157479));
#5169=CARTESIAN_POINT('',(-0.0629921259842521,-0.139763779527559,-0.126377952755905));
#5170=CARTESIAN_POINT('',(-0.0236220472440946,-0.139763779527559,-0.0870078740157479));
#5171=CARTESIAN_POINT('',(-0.0629921259842521,-0.139763779527559,-0.126377952755905));
#5172=CARTESIAN_POINT('Origin',(-0.151574803149606,-0.139763779527559,-0.126377952755905));
#5173=CARTESIAN_POINT('',(-0.151574803149606,-0.124015748031496,-0.126377952755905));
#5174=CARTESIAN_POINT('',(-0.0629921259842521,-0.124015748031496,-0.126377952755905));
#5175=CARTESIAN_POINT('',(-0.151574803149606,-0.139763779527559,-0.126377952755905));
#5176=CARTESIAN_POINT('',(-0.0629921259842521,-0.139763779527559,-0.126377952755905));
#5177=CARTESIAN_POINT('',(-0.151574803149606,-0.139763779527559,-0.126377952755905));
#5178=CARTESIAN_POINT('Origin',(-0.151574803149606,-0.139763779527559,-0.120472440944882));
#5179=CARTESIAN_POINT('',(-0.15748031496063,-0.124015748031496,-0.120472440944882));
#5180=CARTESIAN_POINT('Origin',(-0.151574803149606,-0.124015748031496,-0.120472440944882));
#5181=CARTESIAN_POINT('',(-0.15748031496063,-0.139763779527559,-0.120472440944882));
#5182=CARTESIAN_POINT('Origin',(-0.151574803149606,-0.139763779527559,-0.120472440944882));
#5183=CARTESIAN_POINT('',(-0.15748031496063,-0.139763779527559,-0.120472440944882));
#5184=CARTESIAN_POINT('Origin',(-0.15748031496063,-0.139763779527559,-0.108661417322835));
#5185=CARTESIAN_POINT('',(-0.15748031496063,-0.124015748031496,-0.108661417322835));
#5186=CARTESIAN_POINT('',(-0.15748031496063,-0.124015748031496,-0.120472440944882));
#5187=CARTESIAN_POINT('',(-0.15748031496063,-0.139763779527559,-0.108661417322835));
#5188=CARTESIAN_POINT('',(-0.15748031496063,-0.139763779527559,-0.120472440944882));
#5189=CARTESIAN_POINT('',(-0.15748031496063,-0.139763779527559,-0.108661417322835));
#5190=CARTESIAN_POINT('Origin',(-0.151574803149606,-0.139763779527559,-0.108661417322835));
#5191=CARTESIAN_POINT('',(-0.151574803149606,-0.124015748031496,-0.102755905511811));
#5192=CARTESIAN_POINT('Origin',(-0.151574803149606,-0.124015748031496,-0.108661417322835));
#5193=CARTESIAN_POINT('',(-0.151574803149606,-0.139763779527559,-0.102755905511811));
#5194=CARTESIAN_POINT('Origin',(-0.151574803149606,-0.139763779527559,-0.108661417322835));
#5195=CARTESIAN_POINT('',(-0.151574803149606,-0.139763779527559,-0.102755905511811));
#5196=CARTESIAN_POINT('Origin',(-0.143700787401575,-0.139763779527559,-0.102755905511811));
#5197=CARTESIAN_POINT('',(-0.143700787401575,-0.124015748031496,-0.102755905511811));
#5198=CARTESIAN_POINT('',(-0.151574803149606,-0.124015748031496,-0.102755905511811));
#5199=CARTESIAN_POINT('',(-0.143700787401575,-0.139763779527559,-0.102755905511811));
#5200=CARTESIAN_POINT('',(-0.151574803149606,-0.139763779527559,-0.102755905511811));
#5201=CARTESIAN_POINT('',(-0.143700787401575,-0.139763779527559,-0.102755905511811));
#5202=CARTESIAN_POINT('Origin',(-0.143700787401575,-0.139763779527559,-0.0968503937007873));
#5203=CARTESIAN_POINT('',(-0.137795275590551,-0.124015748031496,-0.0968503937007872));
#5204=CARTESIAN_POINT('Origin',(-0.143700787401575,-0.124015748031496,-0.0968503937007873));
#5205=CARTESIAN_POINT('',(-0.137795275590551,-0.139763779527559,-0.0968503937007872));
#5206=CARTESIAN_POINT('Origin',(-0.143700787401575,-0.139763779527559,-0.0968503937007873));
#5207=CARTESIAN_POINT('',(-0.137795275590551,-0.139763779527559,-0.0968503937007872));
#5208=CARTESIAN_POINT('Origin',(-0.137795275590551,-0.139763779527559,-0.0929133858267715));
#5209=CARTESIAN_POINT('',(-0.137795275590551,-0.124015748031496,-0.0929133858267715));
#5210=CARTESIAN_POINT('',(-0.137795275590551,-0.124015748031496,-0.0968503937007872));
#5211=CARTESIAN_POINT('',(-0.137795275590551,-0.139763779527559,-0.0929133858267715));
#5212=CARTESIAN_POINT('',(-0.137795275590551,-0.139763779527559,-0.0968503937007872));
#5213=CARTESIAN_POINT('',(-0.137795275590551,-0.139763779527559,-0.0929133858267715));
#5214=CARTESIAN_POINT('Origin',(-0.143700787401575,-0.139763779527559,-0.0929133858267715));
#5215=CARTESIAN_POINT('',(-0.143700787401575,-0.124015748031496,-0.0870078740157479));
#5216=CARTESIAN_POINT('Origin',(-0.143700787401575,-0.124015748031496,-0.0929133858267716));
#5217=CARTESIAN_POINT('',(-0.143700787401575,-0.139763779527559,-0.0870078740157479));
#5218=CARTESIAN_POINT('Origin',(-0.143700787401575,-0.139763779527559,-0.0929133858267715));
#5219=CARTESIAN_POINT('',(-0.143700787401575,-0.139763779527559,-0.0870078740157479));
#5220=CARTESIAN_POINT('Origin',(-0.188976377952756,-0.139763779527559,-0.0870078740157479));
#5221=CARTESIAN_POINT('',(-0.285433070866142,-0.129958929133858,-0.0870078740157478));
#5222=CARTESIAN_POINT('',(-0.285433070866142,-0.145706960629921,-0.0870078740157478));
#5223=CARTESIAN_POINT('',(-0.285433070866142,-0.14273537007874,-0.0870078740157478));
#5224=CARTESIAN_POINT('',(-0.272153423983105,-0.129958929133858,-0.0870078740157478));
#5225=CARTESIAN_POINT('',(-0.295275590551181,-0.129958929133858,-0.0870078740157478));
#5226=CARTESIAN_POINT('',(-0.22998687664042,-0.149285934420812,-0.0870078740157479));
#5227=CARTESIAN_POINT('',(-0.272153423983105,-0.129958929133858,-0.0870078740157478));
#5228=CARTESIAN_POINT('',(-0.225910996614686,-0.148800270379595,-0.0870078740157479));
#5229=CARTESIAN_POINT('Origin',(-0.228346456692914,-0.145706960629921,-0.0870078740157479));
#5230=CARTESIAN_POINT('',(-0.198718218265665,-0.127390540528867,-0.0870078740157479));
#5231=CARTESIAN_POINT('',(-0.225910996614686,-0.148800270379595,-0.0870078740157479));
#5232=CARTESIAN_POINT('',(-0.188976377952756,-0.124015748031496,-0.0870078740157479));
#5233=CARTESIAN_POINT('Origin',(-0.188976377952756,-0.139763779527559,-0.0870078740157479));
#5234=CARTESIAN_POINT('',(-0.143700787401575,-0.124015748031496,-0.0870078740157479));
#5235=CARTESIAN_POINT('',(-0.188976377952756,-0.139763779527559,-0.0870078740157479));
#5236=CARTESIAN_POINT('',(-0.143700787401575,-0.139763779527559,-0.0870078740157479));
#5237=CARTESIAN_POINT('',(-0.216169156301777,-0.161173509378287,-0.0870078740157479));
#5238=CARTESIAN_POINT('',(-0.188976377952756,-0.139763779527559,-0.0870078740157479));
#5239=CARTESIAN_POINT('',(-0.236548556430446,-0.163601829584376,-0.0870078740157479));
#5240=CARTESIAN_POINT('Origin',(-0.228346456692914,-0.145706960629921,-0.0870078740157479));
#5241=CARTESIAN_POINT('',(-0.275590551181103,-0.145706960629921,-0.0870078740157478));
#5242=CARTESIAN_POINT('',(-0.236548556430446,-0.163601829584376,-0.0870078740157479));
#5243=CARTESIAN_POINT('',(-0.275590551181103,-0.145706960629921,-0.0870078740157478));
#5244=CARTESIAN_POINT('Origin',(-0.143700787401575,-0.139763779527559,-0.0476377952755904));
#5245=CARTESIAN_POINT('',(-0.285433070866142,-0.145706960629921,-0.0476377952755904));
#5246=CARTESIAN_POINT('',(-0.285433070866142,-0.129958929133858,-0.0476377952755904));
#5247=CARTESIAN_POINT('',(-0.285433070866142,-0.14273537007874,-0.0476377952755904));
#5248=CARTESIAN_POINT('',(-0.275590551181102,-0.145706960629921,-0.0476377952755903));
#5249=CARTESIAN_POINT('',(-0.275590551181102,-0.145706960629921,-0.0476377952755904));
#5250=CARTESIAN_POINT('',(-0.236548556430446,-0.163601829584376,-0.0476377952755903));
#5251=CARTESIAN_POINT('',(-0.236548556430446,-0.163601829584376,-0.0476377952755904));
#5252=CARTESIAN_POINT('',(-0.216169156301777,-0.161173509378287,-0.0476377952755904));
#5253=CARTESIAN_POINT('Origin',(-0.228346456692914,-0.145706960629921,-0.0476377952755904));
#5254=CARTESIAN_POINT('',(-0.188976377952756,-0.139763779527559,-0.0476377952755904));
#5255=CARTESIAN_POINT('',(-0.188976377952756,-0.139763779527559,-0.0476377952755904));
#5256=CARTESIAN_POINT('',(-0.143700787401575,-0.139763779527559,-0.0476377952755904));
#5257=CARTESIAN_POINT('',(-0.188976377952756,-0.139763779527559,-0.0476377952755904));
#5258=CARTESIAN_POINT('',(-0.143700787401575,-0.124015748031496,-0.0476377952755904));
#5259=CARTESIAN_POINT('',(-0.143700787401575,-0.139763779527559,-0.0476377952755904));
#5260=CARTESIAN_POINT('',(-0.188976377952756,-0.124015748031496,-0.0476377952755904));
#5261=CARTESIAN_POINT('',(-0.188976377952756,-0.124015748031496,-0.0476377952755904));
#5262=CARTESIAN_POINT('',(-0.198718218265665,-0.127390540528867,-0.0476377952755904));
#5263=CARTESIAN_POINT('Origin',(-0.188976377952756,-0.139763779527559,-0.0476377952755904));
#5264=CARTESIAN_POINT('',(-0.225910996614686,-0.148800270379595,-0.0476377952755904));
#5265=CARTESIAN_POINT('',(-0.225910996614686,-0.148800270379595,-0.0476377952755904));
#5266=CARTESIAN_POINT('',(-0.22998687664042,-0.149285934420812,-0.0476377952755904));
#5267=CARTESIAN_POINT('Origin',(-0.228346456692914,-0.145706960629921,-0.0476377952755904));
#5268=CARTESIAN_POINT('',(-0.272153423983105,-0.129958929133858,-0.0476377952755903));
#5269=CARTESIAN_POINT('',(-0.272153423983105,-0.129958929133858,-0.0476377952755904));
#5270=CARTESIAN_POINT('',(-0.295275590551181,-0.129958929133858,-0.0476377952755904));
#5271=CARTESIAN_POINT('Origin',(-0.143700787401575,-0.139763779527559,-0.0417322834645668));
#5272=CARTESIAN_POINT('',(-0.137795275590551,-0.124015748031496,-0.0417322834645668));
#5273=CARTESIAN_POINT('Origin',(-0.143700787401575,-0.124015748031496,-0.0417322834645668));
#5274=CARTESIAN_POINT('',(-0.137795275590551,-0.139763779527559,-0.0417322834645668));
#5275=CARTESIAN_POINT('Origin',(-0.143700787401575,-0.139763779527559,-0.0417322834645668));
#5276=CARTESIAN_POINT('',(-0.137795275590551,-0.139763779527559,-0.0417322834645668));
#5277=CARTESIAN_POINT('Origin',(-0.137795275590551,-0.139763779527559,0.0107134644328752));
#5278=CARTESIAN_POINT('',(-0.137795275590551,-0.124015748031496,0.0107134644328752));
#5279=CARTESIAN_POINT('',(-0.137795275590551,-0.124015748031496,-0.0417322834645668));
#5280=CARTESIAN_POINT('',(-0.137795275590551,-0.139763779527559,0.0107134644328752));
#5281=CARTESIAN_POINT('',(-0.137795275590551,-0.139763779527559,-0.0417322834645668));
#5282=CARTESIAN_POINT('',(-0.137795275590551,-0.139763779527559,0.0107134644328752));
#5283=CARTESIAN_POINT('Origin',(-0.143700787401574,-0.139763779527559,0.0107134644328752));
#5284=CARTESIAN_POINT('',(-0.141322409758271,-0.124015748031496,0.0161188681676553));
#5285=CARTESIAN_POINT('Origin',(-0.143700787401574,-0.124015748031496,0.0107134644328752));
#5286=CARTESIAN_POINT('',(-0.141322409758271,-0.139763779527559,0.0161188681676553));
#5287=CARTESIAN_POINT('Origin',(-0.143700787401574,-0.139763779527559,0.0107134644328752));
#5288=CARTESIAN_POINT('',(-0.141322409758271,-0.139763779527559,0.0161188681676553));
#5289=CARTESIAN_POINT('Origin',(-0.15748031496063,-0.139763779527559,0.023228346456693));
#5290=CARTESIAN_POINT('',(-0.148074623846709,-0.124015748031496,0.0190898423665679));
#5291=CARTESIAN_POINT('',(-0.148074623846709,-0.139763779527559,0.0190898423665679));
#5292=CARTESIAN_POINT('',(-0.148074623846709,-0.139763779527559,0.0190898423665679));
#5293=CARTESIAN_POINT('',(-0.141322409758271,-0.124015748031496,0.0161188681676553));
#5294=CARTESIAN_POINT('',(-0.141322409758271,-0.139763779527559,0.0161188681676553));
#5295=CARTESIAN_POINT('Origin',(-0.125984251968504,-0.139763779527559,0.101968503937008));
#5296=CARTESIAN_POINT('',(-0.138512009768778,-0.124015748031496,0.101968503937008));
#5297=CARTESIAN_POINT('',(-0.138512009768778,-0.139763779527559,0.101968503937008));
#5298=CARTESIAN_POINT('',(-0.138512009768778,-0.139763779527559,0.101968503937008));
#5299=CARTESIAN_POINT('',(-0.141732283464567,-0.124015748031496,0.101968503937008));
#5300=CARTESIAN_POINT('',(-0.15748031496063,-0.124015748031496,0.101968503937008));
#5301=CARTESIAN_POINT('',(-0.141732283464567,-0.139763779527559,0.101968503937008));
#5302=CARTESIAN_POINT('',(-0.141732283464567,-0.139763779527559,0.101968503937008));
#5303=CARTESIAN_POINT('',(-0.15748031496063,-0.139763779527559,0.101968503937008));
#5304=CARTESIAN_POINT('Origin',(-0.0039370078740159,-0.0866141732283465,
-0.0157480314960629));
#5305=CARTESIAN_POINT('',(0.0433070866141731,-0.0866141732283465,-0.0157480314960629));
#5306=CARTESIAN_POINT('',(0.0433070866141731,-0.0866141732283465,-0.0157480314960629));
#5307=CARTESIAN_POINT('',(-0.0039370078740159,-0.0866141732283465,-0.0157480314960629));
#5308=CARTESIAN_POINT('',(-0.0039370078740159,-0.0866141732283465,-0.0157480314960629));
#5309=CARTESIAN_POINT('',(-0.0039370078740159,-0.0866141732283465,-0.0157480314960629));
#5310=CARTESIAN_POINT('Origin',(-0.00393700787401587,-0.124015748031496,
-0.0157480314960629));
#5311=CARTESIAN_POINT('',(-0.00393700787401586,-0.124015748031496,1.09273919746571E-16));
#5312=CARTESIAN_POINT('',(-0.00393700787401586,-0.124015748031496,1.09273919746571E-16));
#5313=CARTESIAN_POINT('',(-0.00393700787401587,-0.124015748031496,-0.0157480314960629));
#5314=CARTESIAN_POINT('',(-0.00393700787401587,-0.124015748031496,-0.0157480314960629));
#5315=CARTESIAN_POINT('',(-0.00393700787401587,-0.124015748031496,-0.0157480314960629));
#5316=CARTESIAN_POINT('Origin',(0.0433070866141731,-0.124015748031496,-0.0157480314960629));
#5317=CARTESIAN_POINT('',(0.0118110236220471,-0.124015748031496,-0.00629921259842514));
#5318=CARTESIAN_POINT('',(0.0118110236220471,-0.124015748031496,-0.0157480314960629));
#5319=CARTESIAN_POINT('',(0.0118110236220471,-0.124015748031496,-0.0157480314960629));
#5320=CARTESIAN_POINT('',(0.0106533392478842,-0.124015748031496,8.74191357972564E-17));
#5321=CARTESIAN_POINT('Origin',(-0.00590551181102374,-0.124015748031496,
-0.00629921259842514));
#5322=CARTESIAN_POINT('',(0.0433070866141731,-0.124015748031496,8.74191357972564E-17));
#5323=CARTESIAN_POINT('',(0.0433070866141731,-0.124015748031496,-0.0157480314960629));
#5324=CARTESIAN_POINT('Origin',(-0.00590551181102374,-0.139763779527559,
-0.00629921259842514));
#5325=CARTESIAN_POINT('',(0.0118066486286644,-0.139763779527559,-0.00590551181102352));
#5326=CARTESIAN_POINT('',(0.0118110236220471,-0.139755902359683,-0.00629921259842511));
#5327=CARTESIAN_POINT('Ctrl Pts',(0.0118066486286644,-0.139763779527559,
-0.00590551181102352));
#5328=CARTESIAN_POINT('Ctrl Pts',(0.0118095505502116,-0.139763779527559,
-0.0060360660330923));
#5329=CARTESIAN_POINT('Ctrl Pts',(0.0118110236220471,-0.139761180227995,
-0.00616737149023797));
#5330=CARTESIAN_POINT('Ctrl Pts',(0.0118110236220471,-0.139755902359683,
-0.00629921259842511));
#5331=CARTESIAN_POINT('Origin',(-0.00590551181102374,-0.139763779527559,
-0.00629921259842514));
#5332=CARTESIAN_POINT('Origin',(-0.00590551181102374,-0.124015748031496,
-0.00629921259842514));
#5333=CARTESIAN_POINT('',(0.0118110236220471,-0.139763779527559,-0.00629921259842511));
#5334=CARTESIAN_POINT('Origin',(0.0118110236220471,-0.139763779527559,-0.00629921259842511));
#5335=CARTESIAN_POINT('',(0.0118110236220471,-0.12992125984252,-0.0157480314960629));
#5336=CARTESIAN_POINT('Origin',(0.0118110236220471,-0.12992125984252,-0.00590551181102354));
#5337=CARTESIAN_POINT('',(0.0118110236220471,-0.139763779527559,-0.0157480314960629));
#5338=CARTESIAN_POINT('Origin',(0.0118110236220471,-0.139763779527559,-0.0157480314960629));
#5339=CARTESIAN_POINT('',(0.0433070866141731,-0.12992125984252,-0.0157480314960629));
#5340=CARTESIAN_POINT('',(0.0275590551181102,-0.12992125984252,-0.0157480314960629));
#5341=CARTESIAN_POINT('',(0.0433070866141731,-0.139763779527559,-0.0157480314960629));
#5342=CARTESIAN_POINT('Origin',(0.0275590551181102,-0.12992125984252,-0.00590551181102354));
#5343=CARTESIAN_POINT('',(0.0433070866141731,-0.139763779527559,-0.00590551181102354));
#5344=CARTESIAN_POINT('Origin',(0.0433070866141734,-0.12992125984252,-0.00590551181102354));
#5345=CARTESIAN_POINT('',(0.0275590551181103,-0.139763779527559,-0.00590551181102354));
#5346=CARTESIAN_POINT('Origin',(-0.188976377952756,-0.139763779527559,-0.0870078740157479));
#5347=CARTESIAN_POINT('',(-0.216169156301777,-0.161173509378287,-0.0870078740157479));
#5348=CARTESIAN_POINT('',(-0.188976377952756,-0.139763779527559,-0.0870078740157479));
#5349=CARTESIAN_POINT('Origin',(-0.188976377952756,-0.139763779527559,-0.0870078740157479));
#5350=CARTESIAN_POINT('',(-0.188976377952756,-0.124015748031496,-0.0870078740157479));
#5351=CARTESIAN_POINT('',(-0.198718218265665,-0.127390540528867,-0.0870078740157479));
#5352=CARTESIAN_POINT('Origin',(-0.225910996614686,-0.148800270379595,-0.0870078740157479));
#5353=CARTESIAN_POINT('',(-0.225910996614686,-0.148800270379595,-0.0870078740157479));
#5354=CARTESIAN_POINT('Origin',(-0.228346456692914,-0.145706960629921,-0.0870078740157479));
#5355=CARTESIAN_POINT('',(-0.22998687664042,-0.149285934420812,-0.0870078740157479));
#5356=CARTESIAN_POINT('Origin',(-0.272153423983105,-0.129958929133858,-0.0870078740157478));
#5357=CARTESIAN_POINT('',(-0.272153423983105,-0.129958929133858,-0.0870078740157478));
#5358=CARTESIAN_POINT('Origin',(-0.295275590551181,-0.129958929133858,-0.0870078740157478));
#5359=CARTESIAN_POINT('',(-0.295275590551181,-0.129958929133858,-0.0574803149606298));
#5360=CARTESIAN_POINT('Origin',(-0.285433070866142,-0.129958929133858,-0.0574803149606298));
#5361=CARTESIAN_POINT('',(-0.295275590551181,-0.129958929133858,-0.0771653543307085));
#5362=CARTESIAN_POINT('Origin',(-0.285433070866142,-0.129958929133858,-0.0771653543307085));
#5363=CARTESIAN_POINT('',(-0.295275590551181,-0.129958929133858,-0.0870078740157478));
#5364=CARTESIAN_POINT('Origin',(-0.236548556430446,-0.163601829584376,-0.0870078740157479));
#5365=CARTESIAN_POINT('',(-0.275590551181103,-0.145706960629921,-0.0870078740157478));
#5366=CARTESIAN_POINT('',(-0.236548556430446,-0.163601829584376,-0.0870078740157479));
#5367=CARTESIAN_POINT('Origin',(-0.228346456692914,-0.145706960629921,-0.0870078740157479));
#5368=CARTESIAN_POINT('Origin',(-0.285433070866142,-0.14273537007874,-0.0771653543307085));
#5369=CARTESIAN_POINT('',(-0.295275590551181,-0.145706960629921,-0.0771653543307085));
#5370=CARTESIAN_POINT('Origin',(-0.285433070866142,-0.145706960629921,-0.0771653543307085));
#5371=CARTESIAN_POINT('',(-0.295275590551181,-0.14273537007874,-0.0771653543307085));
#5372=CARTESIAN_POINT('Origin',(-0.295275590551181,-0.145706960629921,-0.0870078740157478));
#5373=CARTESIAN_POINT('',(-0.295275590551181,-0.145706960629921,-0.0574803149606298));
#5374=CARTESIAN_POINT('',(-0.295275590551181,-0.14273537007874,-0.0574803149606298));
#5375=CARTESIAN_POINT('',(-0.295275590551181,-0.145706960629921,-0.0870078740157478));
#5376=CARTESIAN_POINT('Origin',(-0.275590551181103,-0.145706960629921,-0.0870078740157478));
#5377=CARTESIAN_POINT('Origin',(-0.285433070866142,-0.145706960629921,-0.0574803149606298));
#5378=CARTESIAN_POINT('Origin',(-0.285433070866142,-0.14273537007874,-0.0574803149606298));
#5379=CARTESIAN_POINT('Origin',(-0.0826771653543309,0.118110236220472,0.113779527559055));
#5380=CARTESIAN_POINT('',(-0.0826771653543309,0.124015748031496,0.0665354330708662));
#5381=CARTESIAN_POINT('',(-0.0826771653543309,0.139763779527559,0.0665354330708662));
#5382=CARTESIAN_POINT('',(-0.0826771653543309,0.128937007874016,0.0665354330708662));
#5383=CARTESIAN_POINT('',(-0.0826771653543309,0.124015748031496,0.113779527559055));
#5384=CARTESIAN_POINT('',(-0.0826771653543309,0.124015748031496,0.0507874015748032));
#5385=CARTESIAN_POINT('',(-0.0826771653543309,0.118110236220472,0.113779527559055));
#5386=CARTESIAN_POINT('',(-0.0826771653543308,0.12992125984252,0.129527559055118));
#5387=CARTESIAN_POINT('',(-0.0826771653543308,0.139763779527559,0.129527559055118));
#5388=CARTESIAN_POINT('',(-0.0826771653543309,0.139763779527559,0.119685039370079));
#5389=CARTESIAN_POINT('Origin',(-0.0826771653543309,0.12992125984252,0.119685039370079));
#5390=CARTESIAN_POINT('',(-0.0826771653543309,0.139763779527559,0.0507874015748032));
#5391=CARTESIAN_POINT('Origin',(-0.0766551939212071,0.124015748031496,0.00217747020728338));
#5392=CARTESIAN_POINT('',(-0.148074623846709,0.124015748031496,0.0190898423665678));
#5393=CARTESIAN_POINT('',(-0.15748031496063,0.124015748031496,0.0335042523259816));
#5394=CARTESIAN_POINT('Origin',(-0.141732283464567,0.124015748031496,0.0335042523259816));
#5395=CARTESIAN_POINT('',(-0.141322409758271,0.124015748031496,0.0161188681676553));
#5396=CARTESIAN_POINT('',(-0.141322409758271,0.124015748031496,0.0161188681676553));
#5397=CARTESIAN_POINT('',(-0.137795275590551,0.124015748031496,0.0107134644328751));
#5398=CARTESIAN_POINT('Origin',(-0.143700787401574,0.124015748031496,0.0107134644328752));
#5399=CARTESIAN_POINT('',(-0.137795275590551,0.124015748031496,-0.0417322834645669));
#5400=CARTESIAN_POINT('',(-0.137795275590551,0.124015748031496,-0.0417322834645669));
#5401=CARTESIAN_POINT('',(-0.143700787401575,0.124015748031496,-0.0476377952755904));
#5402=CARTESIAN_POINT('Origin',(-0.143700787401575,0.124015748031496,-0.0417322834645668));
#5403=CARTESIAN_POINT('',(-0.188976377952756,0.124015748031496,-0.0476377952755905));
#5404=CARTESIAN_POINT('',(-0.188976377952756,0.124015748031496,-0.0476377952755905));
#5405=CARTESIAN_POINT('',(-0.188976377952756,0.124015748031496,-0.0870078740157479));
#5406=CARTESIAN_POINT('',(-0.188976377952756,0.124015748031496,-0.0870078740157479));
#5407=CARTESIAN_POINT('',(-0.143700787401575,0.124015748031496,-0.0870078740157479));
#5408=CARTESIAN_POINT('',(-0.143700787401575,0.124015748031496,-0.0870078740157479));
#5409=CARTESIAN_POINT('',(-0.137795275590551,0.124015748031496,-0.0929133858267715));
#5410=CARTESIAN_POINT('Origin',(-0.143700787401575,0.124015748031496,-0.0929133858267716));
#5411=CARTESIAN_POINT('',(-0.137795275590551,0.124015748031496,-0.0968503937007872));
#5412=CARTESIAN_POINT('',(-0.137795275590551,0.124015748031496,-0.0968503937007872));
#5413=CARTESIAN_POINT('',(-0.143700787401575,0.124015748031496,-0.102755905511811));
#5414=CARTESIAN_POINT('Origin',(-0.143700787401575,0.124015748031496,-0.0968503937007873));
#5415=CARTESIAN_POINT('',(-0.151574803149606,0.124015748031496,-0.102755905511811));
#5416=CARTESIAN_POINT('',(-0.151574803149606,0.124015748031496,-0.102755905511811));
#5417=CARTESIAN_POINT('',(-0.15748031496063,0.124015748031496,-0.108661417322835));
#5418=CARTESIAN_POINT('Origin',(-0.151574803149606,0.124015748031496,-0.108661417322835));
#5419=CARTESIAN_POINT('',(-0.15748031496063,0.124015748031496,-0.120472440944882));
#5420=CARTESIAN_POINT('',(-0.15748031496063,0.124015748031496,-0.120472440944882));
#5421=CARTESIAN_POINT('',(-0.151574803149606,0.124015748031496,-0.126377952755905));
#5422=CARTESIAN_POINT('Origin',(-0.151574803149606,0.124015748031496,-0.120472440944882));
#5423=CARTESIAN_POINT('',(-0.0629921259842522,0.124015748031496,-0.126377952755905));
#5424=CARTESIAN_POINT('',(-0.0629921259842522,0.124015748031496,-0.126377952755905));
#5425=CARTESIAN_POINT('',(-0.0236220472440947,0.124015748031496,-0.0870078740157479));
#5426=CARTESIAN_POINT('',(-0.0236220472440947,0.124015748031496,-0.0870078740157479));
#5427=CARTESIAN_POINT('',(-0.0236220472440947,0.124015748031496,-0.00629921259842514));
#5428=CARTESIAN_POINT('',(-0.0236220472440947,0.124015748031496,-0.00629921259842514));
#5429=CARTESIAN_POINT('',(0.0106533392478841,0.124015748031496,6.55643518479423E-17));
#5430=CARTESIAN_POINT('Origin',(-0.00590551181102379,0.124015748031496,
-0.00629921259842518));
#5431=CARTESIAN_POINT('',(0.0433070866141731,0.124015748031496,6.55643518479423E-17));
#5432=CARTESIAN_POINT('',(-0.0284850772755643,0.124015748031496,8.74191357972564E-17));
#5433=CARTESIAN_POINT('',(0.0433070866141733,0.124015748031496,0.113779527559055));
#5434=CARTESIAN_POINT('',(0.0433070866141733,0.124015748031496,0.113779527559055));
#5435=CARTESIAN_POINT('',(-0.0459049158156022,0.124015748031496,0.113779527559055));
#5436=CARTESIAN_POINT('',(-0.0984251968503939,0.124015748031496,0.0507874015748032));
#5437=CARTESIAN_POINT('Origin',(-0.0984251968503939,0.124015748031496,0.0665354330708662));
#5438=CARTESIAN_POINT('',(-0.101645470546183,0.124015748031496,0.0507874015748032));
#5439=CARTESIAN_POINT('',(-0.114173228346457,0.124015748031496,0.0507874015748032));
#5440=CARTESIAN_POINT('',(-0.116990213785468,0.124015748031496,0.062994338477185));
#5441=CARTESIAN_POINT('Origin',(-0.101645470546183,0.124015748031496,0.0665354330708662));
#5442=CARTESIAN_POINT('',(-0.123167266529493,0.124015748031496,0.0897615670346262));
#5443=CARTESIAN_POINT('',(-0.125984251968504,0.124015748031496,0.101968503937008));
#5444=CARTESIAN_POINT('',(-0.138512009768778,0.124015748031496,0.101968503937008));
#5445=CARTESIAN_POINT('Origin',(-0.138512009768778,0.124015748031496,0.086220472440945));
#5446=CARTESIAN_POINT('',(-0.141732283464567,0.124015748031496,0.101968503937008));
#5447=CARTESIAN_POINT('',(-0.15748031496063,0.124015748031496,0.101968503937008));
#5448=CARTESIAN_POINT('',(-0.15748031496063,0.124015748031496,0.086220472440945));
#5449=CARTESIAN_POINT('Origin',(-0.141732283464567,0.124015748031496,0.086220472440945));
#5450=CARTESIAN_POINT('',(-0.15748031496063,0.124015748031496,0.023228346456693));
#5451=CARTESIAN_POINT('Origin',(0.0118110236220471,0.139763779527559,-0.0157480314960629));
#5452=CARTESIAN_POINT('',(0.0433070866141731,0.12992125984252,-0.0157480314960629));
#5453=CARTESIAN_POINT('',(0.0118110236220471,0.12992125984252,-0.0157480314960629));
#5454=CARTESIAN_POINT('',(-0.0354330708661419,0.12992125984252,-0.0157480314960629));
#5455=CARTESIAN_POINT('',(0.043307086614173,0.0866141732283465,-0.0157480314960629));
#5456=CARTESIAN_POINT('',(0.0433070866141731,0.139763779527559,-0.0157480314960629));
#5457=CARTESIAN_POINT('',(-0.00393700787401594,0.0866141732283465,-0.0157480314960629));
#5458=CARTESIAN_POINT('',(-0.00393700787401594,0.0866141732283465,-0.0157480314960629));
#5459=CARTESIAN_POINT('',(-0.00393700787401592,0.124015748031496,-0.0157480314960629));
#5460=CARTESIAN_POINT('',(-0.00393700787401592,0.124015748031496,-0.0157480314960629));
#5461=CARTESIAN_POINT('',(0.0118110236220471,0.124015748031496,-0.0157480314960629));
#5462=CARTESIAN_POINT('',(0.0433070866141731,0.124015748031496,-0.0157480314960629));
#5463=CARTESIAN_POINT('',(0.0118110236220471,0.139763779527559,-0.0157480314960629));
#5464=CARTESIAN_POINT('Origin',(0.0118110236220471,0.139763779527559,-0.00629921259842516));
#5465=CARTESIAN_POINT('',(0.0118110236220471,0.139755902359682,-0.00629921259842516));
#5466=CARTESIAN_POINT('Origin',(0.0118110236220471,0.12992125984252,-0.00590551181102356));
#5467=CARTESIAN_POINT('',(0.0118110236220471,0.124015748031496,-0.00629921259842516));
#5468=CARTESIAN_POINT('',(0.0118110236220471,0.124015748031496,-0.0157480314960629));
#5469=CARTESIAN_POINT('',(0.0118110236220471,0.139763779527559,-0.00629921259842516));
#5470=CARTESIAN_POINT('Origin',(-0.0236220472440947,0.139763779527559,-0.0870078740157479));
#5471=CARTESIAN_POINT('',(-0.0236220472440947,0.139763779527559,-0.0870078740157479));
#5472=CARTESIAN_POINT('',(-0.0236220472440947,0.139763779527559,-0.0870078740157479));
#5473=CARTESIAN_POINT('',(-0.0236220472440947,0.139763779527559,-0.00629921259842514));
#5474=CARTESIAN_POINT('',(-0.0236220472440947,0.139763779527559,-0.00629921259842514));
#5475=CARTESIAN_POINT('',(-0.0236220472440947,0.139763779527559,-0.00629921259842514));
#5476=CARTESIAN_POINT('Origin',(-0.0629921259842522,0.139763779527559,-0.126377952755905));
#5477=CARTESIAN_POINT('',(-0.0629921259842522,0.139763779527559,-0.126377952755905));
#5478=CARTESIAN_POINT('',(-0.0629921259842522,0.139763779527559,-0.126377952755905));
#5479=CARTESIAN_POINT('',(-0.0236220472440947,0.139763779527559,-0.0870078740157479));
#5480=CARTESIAN_POINT('Origin',(-0.151574803149606,0.139763779527559,-0.126377952755905));
#5481=CARTESIAN_POINT('',(-0.151574803149606,0.139763779527559,-0.126377952755905));
#5482=CARTESIAN_POINT('',(-0.151574803149606,0.139763779527559,-0.126377952755905));
#5483=CARTESIAN_POINT('',(-0.0629921259842522,0.139763779527559,-0.126377952755905));
#5484=CARTESIAN_POINT('Origin',(-0.151574803149606,0.139763779527559,-0.120472440944882));
#5485=CARTESIAN_POINT('',(-0.15748031496063,0.139763779527559,-0.120472440944882));
#5486=CARTESIAN_POINT('',(-0.15748031496063,0.139763779527559,-0.120472440944882));
#5487=CARTESIAN_POINT('Origin',(-0.151574803149606,0.139763779527559,-0.120472440944882));
#5488=CARTESIAN_POINT('Origin',(-0.15748031496063,0.139763779527559,-0.108661417322835));
#5489=CARTESIAN_POINT('',(-0.15748031496063,0.139763779527559,-0.108661417322835));
#5490=CARTESIAN_POINT('',(-0.15748031496063,0.139763779527559,-0.108661417322835));
#5491=CARTESIAN_POINT('',(-0.15748031496063,0.139763779527559,-0.120472440944882));
#5492=CARTESIAN_POINT('Origin',(-0.151574803149606,0.139763779527559,-0.108661417322835));
#5493=CARTESIAN_POINT('',(-0.151574803149606,0.139763779527559,-0.102755905511811));
#5494=CARTESIAN_POINT('',(-0.151574803149606,0.139763779527559,-0.102755905511811));
#5495=CARTESIAN_POINT('Origin',(-0.151574803149606,0.139763779527559,-0.108661417322835));
#5496=CARTESIAN_POINT('Origin',(-0.143700787401575,0.139763779527559,-0.102755905511811));
#5497=CARTESIAN_POINT('',(-0.143700787401575,0.139763779527559,-0.102755905511811));
#5498=CARTESIAN_POINT('',(-0.143700787401575,0.139763779527559,-0.102755905511811));
#5499=CARTESIAN_POINT('',(-0.151574803149606,0.139763779527559,-0.102755905511811));
#5500=CARTESIAN_POINT('Origin',(-0.143700787401575,0.139763779527559,-0.0968503937007873));
#5501=CARTESIAN_POINT('',(-0.137795275590551,0.139763779527559,-0.0968503937007872));
#5502=CARTESIAN_POINT('',(-0.137795275590551,0.139763779527559,-0.0968503937007872));
#5503=CARTESIAN_POINT('Origin',(-0.143700787401575,0.139763779527559,-0.0968503937007873));
#5504=CARTESIAN_POINT('Origin',(-0.137795275590551,0.139763779527559,-0.0929133858267715));
#5505=CARTESIAN_POINT('',(-0.137795275590551,0.139763779527559,-0.0929133858267715));
#5506=CARTESIAN_POINT('',(-0.137795275590551,0.139763779527559,-0.0929133858267715));
#5507=CARTESIAN_POINT('',(-0.137795275590551,0.139763779527559,-0.0968503937007872));
#5508=CARTESIAN_POINT('Origin',(-0.143700787401575,0.139763779527559,-0.0929133858267716));
#5509=CARTESIAN_POINT('',(-0.143700787401575,0.139763779527559,-0.0870078740157479));
#5510=CARTESIAN_POINT('',(-0.143700787401575,0.139763779527559,-0.0870078740157479));
#5511=CARTESIAN_POINT('Origin',(-0.143700787401575,0.139763779527559,-0.0929133858267716));
#5512=CARTESIAN_POINT('Origin',(-0.143700787401575,0.139763779527559,-0.0476377952755904));
#5513=CARTESIAN_POINT('',(-0.285433070866142,0.129958929133858,-0.0476377952755904));
#5514=CARTESIAN_POINT('',(-0.285433070866142,0.145706960629921,-0.0476377952755904));
#5515=CARTESIAN_POINT('',(-0.285433070866142,0.14273537007874,-0.0476377952755905));
#5516=CARTESIAN_POINT('',(-0.272153423983105,0.129958929133858,-0.0476377952755904));
#5517=CARTESIAN_POINT('',(-0.295275590551181,0.129958929133858,-0.0476377952755904));
#5518=CARTESIAN_POINT('',(-0.22998687664042,0.149285934420812,-0.0476377952755904));
#5519=CARTESIAN_POINT('',(-0.272153423983105,0.129958929133858,-0.0476377952755904));
#5520=CARTESIAN_POINT('',(-0.225910996614686,0.148800270379594,-0.0476377952755904));
#5521=CARTESIAN_POINT('Origin',(-0.228346456692914,0.145706960629921,-0.0476377952755904));
#5522=CARTESIAN_POINT('',(-0.198718218265665,0.127390540528867,-0.0476377952755904));
#5523=CARTESIAN_POINT('',(-0.225910996614686,0.148800270379594,-0.0476377952755904));
#5524=CARTESIAN_POINT('Origin',(-0.188976377952756,0.139763779527559,-0.0476377952755905));
#5525=CARTESIAN_POINT('',(-0.143700787401575,0.139763779527559,-0.0476377952755904));
#5526=CARTESIAN_POINT('',(-0.143700787401575,0.139763779527559,-0.0476377952755904));
#5527=CARTESIAN_POINT('',(-0.188976377952756,0.139763779527559,-0.0476377952755905));
#5528=CARTESIAN_POINT('',(-0.188976377952756,0.139763779527559,-0.0476377952755905));
#5529=CARTESIAN_POINT('',(-0.216169156301777,0.161173509378287,-0.0476377952755904));
#5530=CARTESIAN_POINT('',(-0.188976377952756,0.139763779527559,-0.0476377952755905));
#5531=CARTESIAN_POINT('',(-0.236548556430446,0.163601829584376,-0.0476377952755904));
#5532=CARTESIAN_POINT('Origin',(-0.228346456692914,0.145706960629921,-0.0476377952755904));
#5533=CARTESIAN_POINT('',(-0.275590551181103,0.145706960629921,-0.0476377952755904));
#5534=CARTESIAN_POINT('',(-0.236548556430446,0.163601829584376,-0.0476377952755904));
#5535=CARTESIAN_POINT('',(-0.275590551181103,0.145706960629921,-0.0476377952755904));
#5536=CARTESIAN_POINT('Origin',(-0.143700787401575,0.139763779527559,-0.0417322834645668));
#5537=CARTESIAN_POINT('',(-0.137795275590551,0.139763779527559,-0.0417322834645669));
#5538=CARTESIAN_POINT('',(-0.137795275590551,0.139763779527559,-0.0417322834645669));
#5539=CARTESIAN_POINT('Origin',(-0.143700787401575,0.139763779527559,-0.0417322834645668));
#5540=CARTESIAN_POINT('Origin',(-0.137795275590551,0.139763779527559,0.0107134644328751));
#5541=CARTESIAN_POINT('',(-0.137795275590551,0.139763779527559,0.0107134644328751));
#5542=CARTESIAN_POINT('',(-0.137795275590551,0.139763779527559,0.0107134644328751));
#5543=CARTESIAN_POINT('',(-0.137795275590551,0.139763779527559,-0.0417322834645669));
#5544=CARTESIAN_POINT('Origin',(-0.143700787401574,0.139763779527559,0.0107134644328752));
#5545=CARTESIAN_POINT('',(-0.141322409758271,0.139763779527559,0.0161188681676553));
#5546=CARTESIAN_POINT('',(-0.141322409758271,0.139763779527559,0.0161188681676553));
#5547=CARTESIAN_POINT('Origin',(-0.143700787401574,0.139763779527559,0.0107134644328752));
#5548=CARTESIAN_POINT('Origin',(-0.15748031496063,0.139763779527559,0.023228346456693));
#5549=CARTESIAN_POINT('',(-0.148074623846709,0.139763779527559,0.0190898423665678));
#5550=CARTESIAN_POINT('',(-0.148074623846709,0.139763779527559,0.0190898423665678));
#5551=CARTESIAN_POINT('',(-0.141322409758271,0.139763779527559,0.0161188681676553));
#5552=CARTESIAN_POINT('Origin',(-0.125984251968504,0.139763779527559,0.101968503937008));
#5553=CARTESIAN_POINT('',(-0.141732283464567,0.139763779527559,0.101968503937008));
#5554=CARTESIAN_POINT('',(-0.141732283464567,0.139763779527559,0.101968503937008));
#5555=CARTESIAN_POINT('',(-0.138512009768778,0.139763779527559,0.101968503937008));
#5556=CARTESIAN_POINT('',(-0.138512009768778,0.139763779527559,0.101968503937008));
#5557=CARTESIAN_POINT('',(-0.15748031496063,0.139763779527559,0.101968503937008));
#5558=CARTESIAN_POINT('Origin',(0.0196850393700786,0.105314960629921,6.55643518479423E-17));
#5559=CARTESIAN_POINT('',(0.043307086614173,0.0866141732283465,6.55643518479423E-17));
#5560=CARTESIAN_POINT('',(-0.00393700787401592,0.124015748031496,6.55643518479423E-17));
#5561=CARTESIAN_POINT('',(0.0433070866141731,0.124015748031496,6.55643518479423E-17));
#5562=CARTESIAN_POINT('',(-0.00393700787401592,0.124015748031496,6.55643518479423E-17));
#5563=CARTESIAN_POINT('Origin',(0.0433070866141731,0.124015748031496,-0.0157480314960629));
#5564=CARTESIAN_POINT('',(-0.00393700787401592,0.124015748031496,-0.0157480314960629));
#5565=CARTESIAN_POINT('Origin',(-0.00590551181102379,0.124015748031496,
-0.00629921259842518));
#5566=CARTESIAN_POINT('Origin',(-0.00393700787401594,0.0866141732283465,
-0.0157480314960629));
#5567=CARTESIAN_POINT('',(-0.00393700787401594,0.0866141732283465,-0.0157480314960629));
#5568=CARTESIAN_POINT('',(0.043307086614173,0.0866141732283465,-0.0157480314960629));
#5569=CARTESIAN_POINT('Origin',(-0.00393700787401592,0.124015748031496,
-0.0157480314960629));
#5570=CARTESIAN_POINT('Origin',(-0.0059055118110238,0.139763779527559,-0.00629921259842518));
#5571=CARTESIAN_POINT('',(0.0118066486286644,0.139763779527559,-0.00590551181102356));
#5572=CARTESIAN_POINT('Ctrl Pts',(0.0118110236220471,0.139755902359682,
-0.00629921259842516));
#5573=CARTESIAN_POINT('Ctrl Pts',(0.0118110236220471,0.139761180227995,
-0.00616737149023801));
#5574=CARTESIAN_POINT('Ctrl Pts',(0.0118095505502116,0.139763779527559,
-0.00603606603309237));
#5575=CARTESIAN_POINT('Ctrl Pts',(0.0118066486286644,0.139763779527559,
-0.00590551181102356));
#5576=CARTESIAN_POINT('Origin',(-0.0059055118110238,0.139763779527559,-0.00629921259842518));
#5577=CARTESIAN_POINT('Origin',(-0.0354330708661419,0.12992125984252,-0.00590551181102354));
#5578=CARTESIAN_POINT('',(0.0433070866141731,0.139763779527559,-0.00590551181102356));
#5579=CARTESIAN_POINT('Origin',(0.0433070866141732,0.12992125984252,-0.00590551181102356));
#5580=CARTESIAN_POINT('',(-0.0354330708661419,0.139763779527559,-0.00590551181102354));
#5581=CARTESIAN_POINT('Origin',(-0.188976377952756,0.139763779527559,-0.0870078740157479));
#5582=CARTESIAN_POINT('',(-0.188976377952756,0.139763779527559,-0.0870078740157479));
#5583=CARTESIAN_POINT('',(-0.188976377952756,0.139763779527559,-0.0870078740157479));
#5584=CARTESIAN_POINT('',(-0.216169156301777,0.161173509378287,-0.0870078740157479));
#5585=CARTESIAN_POINT('',(-0.188976377952756,0.139763779527559,-0.0870078740157479));
#5586=CARTESIAN_POINT('',(-0.216169156301777,0.161173509378287,-0.0870078740157479));
#5587=CARTESIAN_POINT('Origin',(-0.188976377952756,0.139763779527559,-0.0870078740157479));
#5588=CARTESIAN_POINT('',(-0.198718218265665,0.127390540528867,-0.0870078740157479));
#5589=CARTESIAN_POINT('',(-0.198718218265665,0.127390540528867,-0.0870078740157479));
#5590=CARTESIAN_POINT('Origin',(-0.188976377952756,0.139763779527559,-0.0870078740157479));
#5591=CARTESIAN_POINT('Origin',(-0.225910996614686,0.148800270379594,-0.0870078740157479));
#5592=CARTESIAN_POINT('',(-0.225910996614686,0.148800270379594,-0.0870078740157479));
#5593=CARTESIAN_POINT('',(-0.225910996614686,0.148800270379594,-0.0870078740157479));
#5594=CARTESIAN_POINT('',(-0.225910996614686,0.148800270379594,-0.0870078740157479));
#5595=CARTESIAN_POINT('Origin',(-0.228346456692914,0.145706960629921,-0.0870078740157479));
#5596=CARTESIAN_POINT('',(-0.22998687664042,0.149285934420812,-0.0870078740157479));
#5597=CARTESIAN_POINT('',(-0.22998687664042,0.149285934420812,-0.0870078740157479));
#5598=CARTESIAN_POINT('Origin',(-0.228346456692914,0.145706960629921,-0.0870078740157479));
#5599=CARTESIAN_POINT('Origin',(-0.272153423983105,0.129958929133858,-0.0870078740157479));
#5600=CARTESIAN_POINT('',(-0.272153423983105,0.129958929133858,-0.0870078740157479));
#5601=CARTESIAN_POINT('',(-0.272153423983105,0.129958929133858,-0.0870078740157479));
#5602=CARTESIAN_POINT('',(-0.272153423983105,0.129958929133858,-0.0870078740157479));
#5603=CARTESIAN_POINT('Origin',(-0.295275590551181,0.129958929133858,-0.0870078740157479));
#5604=CARTESIAN_POINT('',(-0.295275590551181,0.129958929133858,-0.0574803149606299));
#5605=CARTESIAN_POINT('Origin',(-0.285433070866142,0.129958929133858,-0.0574803149606299));
#5606=CARTESIAN_POINT('',(-0.295275590551181,0.129958929133858,-0.0771653543307085));
#5607=CARTESIAN_POINT('',(-0.295275590551181,0.129958929133858,-0.0870078740157479));
#5608=CARTESIAN_POINT('',(-0.285433070866142,0.129958929133858,-0.0870078740157479));
#5609=CARTESIAN_POINT('Origin',(-0.285433070866142,0.129958929133858,-0.0771653543307085));
#5610=CARTESIAN_POINT('',(-0.295275590551181,0.129958929133858,-0.0870078740157479));
#5611=CARTESIAN_POINT('Origin',(-0.236548556430446,0.163601829584376,-0.0870078740157479));
#5612=CARTESIAN_POINT('',(-0.236548556430446,0.163601829584376,-0.0870078740157479));
#5613=CARTESIAN_POINT('',(-0.236548556430446,0.163601829584376,-0.0870078740157479));
#5614=CARTESIAN_POINT('',(-0.275590551181103,0.145706960629921,-0.0870078740157479));
#5615=CARTESIAN_POINT('',(-0.236548556430446,0.163601829584376,-0.0870078740157479));
#5616=CARTESIAN_POINT('',(-0.275590551181103,0.145706960629921,-0.0870078740157479));
#5617=CARTESIAN_POINT('Origin',(-0.228346456692914,0.145706960629921,-0.0870078740157479));
#5618=CARTESIAN_POINT('Origin',(-0.228346456692914,0.145706960629921,-0.0870078740157479));
#5619=CARTESIAN_POINT('Origin',(-0.188976377952756,0.139763779527559,-0.0870078740157479));
#5620=CARTESIAN_POINT('',(-0.285433070866142,0.145706960629921,-0.0870078740157479));
#5621=CARTESIAN_POINT('',(-0.285433070866142,0.14273537007874,-0.0870078740157479));
#5622=CARTESIAN_POINT('',(-0.275590551181103,0.145706960629921,-0.0870078740157479));
#5623=CARTESIAN_POINT('',(-0.143700787401575,0.139763779527559,-0.0870078740157479));
#5624=CARTESIAN_POINT('Origin',(-0.285433070866142,0.14273537007874,-0.0771653543307085));
#5625=CARTESIAN_POINT('',(-0.295275590551181,0.145706960629921,-0.0771653543307085));
#5626=CARTESIAN_POINT('',(-0.295275590551181,0.14273537007874,-0.0771653543307085));
#5627=CARTESIAN_POINT('Origin',(-0.285433070866142,0.145706960629921,-0.0771653543307085));
#5628=CARTESIAN_POINT('Origin',(-0.275590551181103,0.145706960629921,-0.0870078740157479));
#5629=CARTESIAN_POINT('',(-0.295275590551181,0.145706960629921,-0.0574803149606299));
#5630=CARTESIAN_POINT('Origin',(-0.285433070866142,0.145706960629921,-0.0574803149606299));
#5631=CARTESIAN_POINT('',(-0.295275590551181,0.145706960629921,-0.0870078740157479));
#5632=CARTESIAN_POINT('Origin',(-0.295275590551181,0.145706960629921,-0.0870078740157479));
#5633=CARTESIAN_POINT('',(-0.295275590551181,0.14273537007874,-0.0574803149606299));
#5634=CARTESIAN_POINT('Origin',(-0.285433070866142,0.14273537007874,-0.0574803149606299));
#5635=CARTESIAN_POINT('Origin',(0.0433070866141732,0.139763779527559,0.113779527559055));
#5636=CARTESIAN_POINT('',(0.0433070866141732,0.12992125984252,0.129527559055118));
#5637=CARTESIAN_POINT('',(0.0433070866141734,0.139763779527559,0.119685039370079));
#5638=CARTESIAN_POINT('Origin',(0.0433070866141732,0.12992125984252,0.119685039370079));
#5639=CARTESIAN_POINT('',(0.0433070866141732,0.139763779527559,0.129527559055118));
#5640=CARTESIAN_POINT('',(0.0433070866141732,0.139763779527559,0.113779527559055));
#5641=CARTESIAN_POINT('',(0.0433070866141733,0.139763779527559,0.113779527559055));
#5642=CARTESIAN_POINT('Origin',(-0.0489159015321642,0.12992125984252,0.119685039370079));
#5643=CARTESIAN_POINT('',(-0.0489159015321642,0.12992125984252,0.129527559055118));
#5644=CARTESIAN_POINT('',(-0.0489159015321642,0.139763779527559,0.119685039370079));
#5645=CARTESIAN_POINT('Origin',(0.0433070866141734,-0.118110236220472,0.113779527559055));
#5646=CARTESIAN_POINT('',(0.0433070866141734,-0.139763779527559,0.119685039370079));
#5647=CARTESIAN_POINT('',(0.0433070866141734,-0.12992125984252,0.129527559055118));
#5648=CARTESIAN_POINT('Origin',(0.0433070866141734,-0.12992125984252,0.119685039370079));
#5649=CARTESIAN_POINT('',(0.0433070866141734,-0.139763779527559,0.113779527559055));
#5650=CARTESIAN_POINT('',(0.0433070866141731,-0.124015748031496,8.74191357972564E-17));
#5651=CARTESIAN_POINT('',(0.0433070866141731,-0.0866141732283465,8.74191357972564E-17));
#5652=CARTESIAN_POINT('',(0.0433070866141734,-0.124015748031496,0.113779527559055));
#5653=CARTESIAN_POINT('',(0.0433070866141734,-0.124015748031496,0.113779527559055));
#5654=CARTESIAN_POINT('',(0.0433070866141734,-0.118110236220472,0.113779527559055));
#5655=CARTESIAN_POINT('',(0.0433070866141734,-0.118110236220472,0.129527559055118));
#5656=CARTESIAN_POINT('Origin',(0.014076224452088,-0.12992125984252,0.119685039370079));
#5657=CARTESIAN_POINT('',(-0.0826771653543308,-0.12992125984252,0.129527559055118));
#5658=CARTESIAN_POINT('',(0.014076224452088,-0.12992125984252,0.129527559055118));
#5659=CARTESIAN_POINT('',(-0.0826771653543308,-0.139763779527559,0.119685039370079));
#5660=CARTESIAN_POINT('Origin',(-0.0826771653543308,-0.12992125984252,0.119685039370079));
#5661=CARTESIAN_POINT('',(0.014076224452088,-0.139763779527559,0.119685039370079));
#5662=CARTESIAN_POINT('Origin',(-0.0766551939212071,-0.124015748031496,
0.0021774702072834));
#5663=CARTESIAN_POINT('',(-0.15748031496063,-0.124015748031496,0.0335042523259816));
#5664=CARTESIAN_POINT('Origin',(-0.141732283464567,-0.124015748031496,0.0335042523259816));
#5665=CARTESIAN_POINT('',(-0.15748031496063,-0.124015748031496,0.086220472440945));
#5666=CARTESIAN_POINT('',(-0.15748031496063,-0.124015748031496,0.023228346456693));
#5667=CARTESIAN_POINT('Origin',(-0.141732283464567,-0.124015748031496,0.086220472440945));
#5668=CARTESIAN_POINT('',(-0.123167266529493,-0.124015748031496,0.0897615670346263));
#5669=CARTESIAN_POINT('Origin',(-0.138512009768778,-0.124015748031496,0.086220472440945));
#5670=CARTESIAN_POINT('',(-0.116990213785468,-0.124015748031496,0.062994338477185));
#5671=CARTESIAN_POINT('',(-0.125984251968504,-0.124015748031496,0.101968503937008));
#5672=CARTESIAN_POINT('',(-0.101645470546183,-0.124015748031496,0.0507874015748033));
#5673=CARTESIAN_POINT('Origin',(-0.101645470546183,-0.124015748031496,0.0665354330708662));
#5674=CARTESIAN_POINT('',(-0.0984251968503938,-0.124015748031496,0.0507874015748032));
#5675=CARTESIAN_POINT('',(-0.114173228346457,-0.124015748031496,0.0507874015748033));
#5676=CARTESIAN_POINT('',(-0.0826771653543308,-0.124015748031496,0.0665354330708662));
#5677=CARTESIAN_POINT('Origin',(-0.0984251968503938,-0.124015748031496,
0.0665354330708662));
#5678=CARTESIAN_POINT('',(-0.0826771653543308,-0.124015748031496,0.113779527559055));
#5679=CARTESIAN_POINT('',(-0.0826771653543308,-0.124015748031496,0.0507874015748033));
#5680=CARTESIAN_POINT('',(-0.0459049158156022,-0.124015748031496,0.113779527559055));
#5681=CARTESIAN_POINT('',(-0.0284850772755642,-0.124015748031496,1.09273919746571E-16));
#5682=CARTESIAN_POINT('Origin',(-0.141732283464567,-0.139763779527559,0.086220472440945));
#5683=CARTESIAN_POINT('',(-0.15748031496063,-0.139763779527559,0.086220472440945));
#5684=CARTESIAN_POINT('',(-0.15748031496063,-0.139763779527559,0.086220472440945));
#5685=CARTESIAN_POINT('Origin',(-0.141732283464567,-0.139763779527559,0.086220472440945));
#5686=CARTESIAN_POINT('Origin',(-0.114173228346457,-0.139763779527559,0.0507874015748033));
#5687=CARTESIAN_POINT('',(-0.116990213785468,-0.139763779527559,0.062994338477185));
#5688=CARTESIAN_POINT('',(-0.116990213785468,-0.139763779527559,0.062994338477185));
#5689=CARTESIAN_POINT('',(-0.123167266529493,-0.139763779527559,0.0897615670346263));
#5690=CARTESIAN_POINT('',(-0.123167266529493,-0.139763779527559,0.0897615670346263));
#5691=CARTESIAN_POINT('',(-0.125984251968504,-0.139763779527559,0.101968503937008));
#5692=CARTESIAN_POINT('Origin',(-0.138512009768778,-0.139763779527559,0.086220472440945));
#5693=CARTESIAN_POINT('Origin',(-0.138512009768778,-0.139763779527559,0.086220472440945));
#5694=CARTESIAN_POINT('Origin',(-0.0826771653543308,-0.139763779527559,
0.0507874015748033));
#5695=CARTESIAN_POINT('',(-0.0984251968503938,-0.139763779527559,0.0507874015748033));
#5696=CARTESIAN_POINT('',(-0.0984251968503938,-0.139763779527559,0.0507874015748033));
#5697=CARTESIAN_POINT('',(-0.101645470546183,-0.139763779527559,0.0507874015748033));
#5698=CARTESIAN_POINT('',(-0.101645470546183,-0.139763779527559,0.0507874015748033));
#5699=CARTESIAN_POINT('',(-0.114173228346457,-0.139763779527559,0.0507874015748033));
#5700=CARTESIAN_POINT('Origin',(-0.101645470546183,-0.139763779527559,0.0665354330708662));
#5701=CARTESIAN_POINT('Origin',(-0.101645470546183,-0.139763779527559,0.0665354330708662));
#5702=CARTESIAN_POINT('Origin',(-0.0826771653543308,-0.139763779527559,
0.113779527559055));
#5703=CARTESIAN_POINT('',(-0.0826771653543309,-0.139763779527559,0.0665354330708662));
#5704=CARTESIAN_POINT('',(-0.0826771653543308,-0.139763779527559,0.0665354330708662));
#5705=CARTESIAN_POINT('',(-0.0826771653543308,-0.139763779527559,0.113779527559055));
#5706=CARTESIAN_POINT('',(-0.0826771653543308,-0.139763779527559,0.129527559055118));
#5707=CARTESIAN_POINT('',(-0.0826771653543308,-0.139763779527559,0.113779527559055));
#5708=CARTESIAN_POINT('Origin',(-0.0984251968503938,-0.139763779527559,
0.0665354330708662));
#5709=CARTESIAN_POINT('Origin',(-0.0984251968503938,-0.139763779527559,
0.0665354330708662));
#5710=CARTESIAN_POINT('Origin',(0.0433070866141734,-0.139763779527559,0.113779527559055));
#5711=CARTESIAN_POINT('',(-0.15748031496063,-0.139763779527559,0.0335042523259816));
#5712=CARTESIAN_POINT('Origin',(-0.141732283464567,-0.139763779527559,0.0335042523259816));
#5713=CARTESIAN_POINT('',(-0.15748031496063,-0.139763779527559,0.023228346456693));
#5714=CARTESIAN_POINT('Origin',(-0.15748031496063,-0.139763779527559,0.101968503937008));
#5715=CARTESIAN_POINT('',(-0.15748031496063,-0.139763779527559,0.0335042523259816));
#5716=CARTESIAN_POINT('Origin',(-0.141732283464567,-0.139763779527559,0.0335042523259816));
#5717=CARTESIAN_POINT('Origin',(-0.101645470546183,0.139763779527559,0.0665354330708662));
#5718=CARTESIAN_POINT('',(-0.101645470546183,0.139763779527559,0.0507874015748032));
#5719=CARTESIAN_POINT('',(-0.116990213785468,0.139763779527559,0.062994338477185));
#5720=CARTESIAN_POINT('Origin',(-0.101645470546183,0.139763779527559,0.0665354330708662));
#5721=CARTESIAN_POINT('',(-0.116990213785468,0.139763779527559,0.062994338477185));
#5722=CARTESIAN_POINT('',(-0.101645470546183,0.139763779527559,0.0507874015748032));
#5723=CARTESIAN_POINT('Origin',(-0.0826771653543309,0.139763779527559,0.0507874015748032));
#5724=CARTESIAN_POINT('',(-0.0984251968503939,0.139763779527559,0.0507874015748032));
#5725=CARTESIAN_POINT('',(-0.0984251968503939,0.128937007874016,0.0507874015748032));
#5726=CARTESIAN_POINT('',(-0.114173228346457,0.139763779527559,0.0507874015748032));
#5727=CARTESIAN_POINT('Origin',(-0.0984251968503939,0.128937007874016,0.0665354330708662));
#5728=CARTESIAN_POINT('Origin',(-0.0984251968503939,0.139763779527559,0.0665354330708662));
#5729=CARTESIAN_POINT('Origin',(-0.114173228346457,0.139763779527559,0.0507874015748032));
#5730=CARTESIAN_POINT('',(-0.123167266529493,0.139763779527559,0.0897615670346262));
#5731=CARTESIAN_POINT('',(-0.123167266529493,0.139763779527559,0.0897615670346262));
#5732=CARTESIAN_POINT('',(-0.125984251968504,0.139763779527559,0.101968503937008));
#5733=CARTESIAN_POINT('Origin',(-0.138512009768778,0.139763779527559,0.086220472440945));
#5734=CARTESIAN_POINT('Origin',(-0.138512009768778,0.139763779527559,0.086220472440945));
#5735=CARTESIAN_POINT('Origin',(-0.141732283464567,0.139763779527559,0.086220472440945));
#5736=CARTESIAN_POINT('',(-0.15748031496063,0.139763779527559,0.086220472440945));
#5737=CARTESIAN_POINT('Origin',(-0.141732283464567,0.139763779527559,0.086220472440945));
#5738=CARTESIAN_POINT('',(-0.15748031496063,0.139763779527559,0.086220472440945));
#5739=CARTESIAN_POINT('Origin',(-0.15748031496063,0.139763779527559,0.101968503937008));
#5740=CARTESIAN_POINT('',(-0.15748031496063,0.139763779527559,0.0335042523259816));
#5741=CARTESIAN_POINT('',(-0.15748031496063,0.139763779527559,0.0335042523259816));
#5742=CARTESIAN_POINT('',(-0.15748031496063,0.139763779527559,0.023228346456693));
#5743=CARTESIAN_POINT('Origin',(-0.0826771653543309,0.139763779527559,0.113779527559055));
#5744=CARTESIAN_POINT('Origin',(-0.141732283464567,0.139763779527559,0.0335042523259816));
#5745=CARTESIAN_POINT('Origin',(-0.141732283464567,0.139763779527559,0.0335042523259816));
#5746=CARTESIAN_POINT('Origin',(-0.0151546377099974,-6.44491266814313E-17,
0.129527559055118));
#5747=CARTESIAN_POINT('Origin',(-0.0151546377099974,-6.34656614037122E-17,
0.113779527559055));
#5748=CARTESIAN_POINT('Origin',(-0.0151546377099974,-6.34656614037122E-17,
0.113779527559055));
#5749=CARTESIAN_POINT('Origin',(-0.0151546377099974,-6.34656614037122E-17,
0.113779527559055));
#5750=CARTESIAN_POINT('Origin',(0.0196850393700786,-0.105314960629921,8.74191357972564E-17));
#5751=CARTESIAN_POINT('Origin',(1.49917256914435E-17,2.97662157389658E-17,
0.360629921259842));
#5752=CARTESIAN_POINT('',(-0.0545808802950392,3.64502250196181E-17,0.360629921259842));
#5753=CARTESIAN_POINT('Origin',(1.49917256914435E-17,2.97662157389658E-17,
0.360629921259842));
#5754=CARTESIAN_POINT('Origin',(1.23279976317303E-18,2.44773580232318E-18,
0.114566929133858));
#5755=CARTESIAN_POINT('',(-0.0604840024896108,1.43154032690368E-17,0.354892391906523));
#5756=CARTESIAN_POINT('Origin',(1.46709044224605E-17,2.54257673320447E-17,
0.354892391906523));
#5757=CARTESIAN_POINT('',(-0.0673228346456693,-5.79666130411881E-18,0.114566929133858));
#5758=CARTESIAN_POINT('',(-0.0673228346456693,-5.79693359351137E-18,0.114566929133858));
#5759=CARTESIAN_POINT('Origin',(1.23279976317303E-18,2.44773580232318E-18,
0.114566929133858));
#5760=CARTESIAN_POINT('Origin',(1.4661511469165E-17,2.91105722204864E-17,
0.354724409448819));
#5761=CARTESIAN_POINT('Origin',(-0.0545808802950392,3.57948022552828E-17,
0.354724409448819));
#5762=CARTESIAN_POINT('Origin',(1.23279976317303E-18,2.44773580232318E-18,
0.114566929133858));
#5763=UNCERTAINTY_MEASURE_WITH_UNIT(LENGTH_MEASURE(0.000393700787401575),
#5768,'DISTANCE_ACCURACY_VALUE',
'Maximum model space distance between geometric entities at asserted c
onnectivities');
#5764=UNCERTAINTY_MEASURE_WITH_UNIT(LENGTH_MEASURE(0.000393700787401575),
#5768,'DISTANCE_ACCURACY_VALUE',
'Maximum model space distance between geometric entities at asserted c
onnectivities');
#5765=(
GEOMETRIC_REPRESENTATION_CONTEXT(3)
GLOBAL_UNCERTAINTY_ASSIGNED_CONTEXT((#5763))
GLOBAL_UNIT_ASSIGNED_CONTEXT((#5768,#5772,#5773))
REPRESENTATION_CONTEXT('','3D')
);
#5766=(
GEOMETRIC_REPRESENTATION_CONTEXT(3)
GLOBAL_UNCERTAINTY_ASSIGNED_CONTEXT((#5764))
GLOBAL_UNIT_ASSIGNED_CONTEXT((#5768,#5772,#5773))
REPRESENTATION_CONTEXT('','3D')
);
#5767=DIMENSIONAL_EXPONENTS(1.,0.,0.,0.,0.,0.,0.);
#5768=(
CONVERSION_BASED_UNIT('inch',#5771)
LENGTH_UNIT()
NAMED_UNIT(#5767)
);
#5769=(
LENGTH_UNIT()
NAMED_UNIT(*)
SI_UNIT(.MILLI.,.METRE.)
);
#5770=(
LENGTH_UNIT()
NAMED_UNIT(*)
SI_UNIT(.CENTI.,.METRE.)
);
#5771=LENGTH_MEASURE_WITH_UNIT(LENGTH_MEASURE(25.4),#5769);
#5772=(
NAMED_UNIT(*)
PLANE_ANGLE_UNIT()
SI_UNIT($,.RADIAN.)
);
#5773=(
NAMED_UNIT(*)
SI_UNIT($,.STERADIAN.)
SOLID_ANGLE_UNIT()
);
#5774=SHAPE_DEFINITION_REPRESENTATION(#5775,#5776);
#5775=PRODUCT_DEFINITION_SHAPE('',$,#5778);
#5776=SHAPE_REPRESENTATION('',(#3456),#5765);
#5777=PRODUCT_DEFINITION_CONTEXT('part definition',#5782,'design');
#5778=PRODUCT_DEFINITION('P020307_Shrinkwrap_1','P020307_Shrinkwrap_1',
#5779,#5777);
#5779=PRODUCT_DEFINITION_FORMATION('',$,#5784);
#5780=PRODUCT_RELATED_PRODUCT_CATEGORY('P020307_Shrinkwrap_1',
'P020307_Shrinkwrap_1',(#5784));
#5781=APPLICATION_PROTOCOL_DEFINITION('international standard',
'automotive_design',2009,#5782);
#5782=APPLICATION_CONTEXT(
'Core Data for Automotive Mechanical Design Process');
#5783=PRODUCT_CONTEXT('part definition',#5782,'mechanical');
#5784=PRODUCT('P020307_Shrinkwrap_1','P020307_Shrinkwrap_1',$,(#5783));
#5785=PRESENTATION_STYLE_ASSIGNMENT((#5786));
#5786=SURFACE_STYLE_USAGE(.BOTH.,#5789);
#5787=SURFACE_STYLE_RENDERING_WITH_PROPERTIES($,#5793,(#5788));
#5788=SURFACE_STYLE_TRANSPARENT(0.);
#5789=SURFACE_SIDE_STYLE('',(#5790,#5787));
#5790=SURFACE_STYLE_FILL_AREA(#5791);
#5791=FILL_AREA_STYLE('',(#5792));
#5792=FILL_AREA_STYLE_COLOUR('',#5793);
#5793=COLOUR_RGB('',0.749019607843137,0.749019607843137,0.749019607843137);
ENDSEC;
END-ISO-10303-21;
